0.16793537139892578,0.08147183060646057,0.0070454576052725315,0.013898135162889957,0.060684267431497574,0.09507082402706146,0.03314576297998428,0.007894812151789665,0.008679226972162724,0.07060271501541138,0.10491617769002914,0.0900626927614212,0.023697132244706154,0.020638762041926384,0.0584457665681839,0.07366310805082321,0.02609606273472309,0.01682833954691887,0.00991600751876831,0.036301203072071075
0.013066252693533897,0.08014905452728271,0.04386776685714722,0.013768689706921577,0.06093232333660126,0.053496766835451126,0.03245754912495613,0.0037542509380728006,0.008664246648550034,0.07081078737974167,0.03411435708403587,0.0888080820441246,0.055764030665159225,0.02071884088218212,0.0585600920021534,0.03090307116508484,0.025593535974621773,0.04831795021891594,0.010108230635523796,0.03640967607498169
0.012877714820206165,0.08006305992603302,0.007248001638799906,0.03799474984407425,0.060937438160181046,0.05346075817942619,0.03246914967894554,0.007846779190003872,0.05547936633229256,0.07075097411870956,0.0340459831058979,0.08872035890817642,0.024525029584765434,0.06924548000097275,0.05849763751029968,0.030867774039506912,0.025564903393387794,0.017785441130399704,0.044347863644361496,0.03635266795754433
0.0127944340929389,0.0799461156129837,0.007233819458633661,0.013742221519351006,0.08108432590961456,0.05344144627451897,0.03244292736053467,0.007840321399271488,0.008654876612126827,0.011666622944176197,0.034049827605485916,0.0886683538556099,0.024469081312417984,0.020737260580062866,0.03730694577097893,0.03087555803358555,0.02553892880678177,0.017744800075888634,0.010120742954313755,0.08858124911785126
0.06578228622674942,0.08063255250453949,0.007339999545365572,0.009980274364352226,0.048922788351774216,0.07681281119585037,0.03263482451438904,0.007915091700851917,0.00806372705847025,0.04378148168325424,0.056936804205179214,0.08936592191457748,0.024634355679154396,0.020068109035491943,0.03275858610868454,0.05599305406212807,0.025754986330866814,0.017768213525414467,0.010455223731696606,0.028245672583580017
0.012862863950431347,0.2678728997707367,0.007183701265603304,0.010077607817947865,0.04890945926308632,0.0532928891479969,0.10666047036647797,0.007919750176370144,0.008061183616518974,0.04369861260056496,0.03443915396928787,0.2705988585948944,0.024445153772830963,0.0201158057898283,0.03263811022043228,0.030998792499303818,0.08827511966228485,0.01768277958035469,0.010357399471104145,0.028385328128933907
0.16626088321208954,0.0777314081788063,0.007749467622488737,0.013354124501347542,0.060425110161304474,0.0934494137763977,0.03172539174556732,0.008084870874881744,0.008088058792054653,0.07219038903713226,0.10569225996732712,0.08609748631715775,0.025649424642324448,0.020732562988996506,0.06025993824005127,0.07405287772417068,0.024872342124581337,0.01829651929438114,0.010084409266710281,0.03636613488197327
0.013312692753970623,0.0763111338019371,0.04427223280072212,0.013222528621554375,0.06073709949851036,0.05521967634558678,0.030997637659311295,0.003635661443695426,0.008113282732665539,0.07263901084661484,0.034698743373155594,0.08475496619939804,0.053788941353559494,0.020845448598265648,0.06058568134903908,0.031292904168367386,0.024341804906725883,0.04677404463291168,0.010260228998959064,0.03654899820685387
0.013296196237206459,0.07626164704561234,0.007908036932349205,0.03749066963791847,0.06077784672379494,0.05525391176342964,0.03100743144750595,0.008019884116947651,0.056717149913311005,0.0726315826177597,0.03463020920753479,0.08469944447278976,0.02649727091193199,0.06940266489982605,0.060548797249794006,0.03125057369470596,0.024319175630807877,0.01927971839904785,0.04471522569656372,0.03651981055736542
0.013281650841236115,0.07624112814664841,0.00790873821824789,0.013200654648244381,0.08086904138326645,0.05524954944849014,0.031023923307657242,0.008036092855036259,0.008099978789687157,0.013466980308294296,0.03462923690676689,0.08474691957235336,0.026469625532627106,0.020855581387877464,0.03906864672899246,0.031237725168466568,0.024318521842360497,0.01925799623131752,0.010260164737701416,0.08846461027860641
0.06377065926790237,0.07701613754034042,0.008021990768611431,0.0099222082644701,0.048193152993917465,0.07735032588243484,0.03130193427205086,0.008125066757202148,0.008353269658982754,0.04393291100859642,0.05726681649684906,0.08554866164922714,0.026712099090218544,0.02033403515815735,0.03329363465309143,0.05619177222251892,0.02457170933485031,0.019347406923770905,0.01063372753560543,0.02794395200908184
0.013315889053046703,0.2615116536617279,0.007858872413635254,0.010030297562479973,0.04820140823721886,0.055311255156993866,0.10418114811182022,0.00812898762524128,0.008352014236152172,0.04386970400810242,0.03504674509167671,0.2641597390174866,0.026516204699873924,0.02038373239338398,0.03320035710930824,0.031451545655727386,0.08613842725753784,0.019254302605986595,0.010541577823460102,0.02810560166835785
0.01687227003276348,0.30446234345436096,0.01032078918069601,0.010904891416430473,0.05759131908416748,0.06597936898469925,0.12823015451431274,0.009419387206435204,0.007388736121356487,0.0773281529545784,0.04001340642571449,0.30280637741088867,0.03425004333257675,0.02015477418899536,0.06652700155973434,0.03554484248161316,0.09986407309770584,0.025034604594111443,0.010085269808769226,0.03618988022208214
0.017104629427194595,0.0648123100399971,0.04599004611372948,0.010776778683066368,0.05754926800727844,0.06625690311193466,0.026599878445267677,0.0029948398005217314,0.007462386507540941,0.0780009776353836,0.039692629128694534,0.07258738577365875,0.046406399458646774,0.02010914497077465,0.06713191419839859,0.03537607565522194,0.020545510575175285,0.04105442017316818,0.010200686752796173,0.035857271403074265
0.01712787337601185,0.06474048644304276,0.01047715824097395,0.03502180799841881,0.05756543576717377,0.06627517938613892,0.026593418791890144,0.009406049735844135,0.06081156060099602,0.07798288762569427,0.03962577506899834,0.07248816639184952,0.034481145441532135,0.06876767426729202,0.06710417568683624,0.03532513231039047,0.02052302099764347,0.025222621858119965,0.04555337131023407,0.03581235557794571
0.017092149704694748,0.06471994519233704,0.010478773154318333,0.01076037809252739,0.07758613675832748,0.06624571233987808,0.026585673913359642,0.009415068663656712,0.007456562481820583,0.021693643182516098,0.039654772728681564,0.07254943996667862,0.034442175179719925,0.020108193159103394,0.046059735119342804,0.03532432019710541,0.020507333800196648,0.02521710842847824,0.010192431509494781,0.08686494827270508
0.05262599140405655,0.06539923697710037,0.010630780830979347,0.009203382767736912,0.04369230940937996,0.08178691565990448,0.026841066777706146,0.009528842754662037,0.008868418633937836,0.04498140886425972,0.05935371294617653,0.07323133200407028,0.03483470901846886,0.019947195425629616,0.036449216306209564,0.057449813932180405,0.020741013810038567,0.02541516162455082,0.0104855140671134,0.026027876883745193
0.017164425924420357,0.22702598571777344,0.01046773511916399,0.009282858110964298,0.043714724481105804,0.06670553982257843,0.09053390473127365,0.009518512524664402,0.008896458894014359,0.044984787702560425,0.040133796632289886,0.22993075847625732,0.034639161080121994,0.020013894885778427,0.03641875088214874,0.0356641560792923,0.07453735917806625,0.025333141908049583,0.010429616086184978,0.02625298500061035
0.16723404824733734,0.07991965115070343,0.0071831364184618,0.014045861549675465,0.05880247801542282,0.09434127062559128,0.03255363926291466,0.00785964634269476,0.008631794713437557,0.06923601776361465,0.10547549277544022,0.08842542767524719,0.02404959313571453,0.02119155414402485,0.05757233127951622,0.07398615777492523,0.025594444945454597,0.017082272097468376,0.010230835527181625,0.035289354622364044
0.013037596829235554,0.07853353768587112,0.04395347088575363,0.013907956890761852,0.05913727357983589,0.054123446345329285,0.03187308460474014,0.0037621494848281145,0.008646760135889053,0.06971903145313263,0.034465838223695755,0.08713401108980179,0.05530250817537308,0.021308379247784615,0.05792659521102905,0.031146755442023277,0.02506754919886589,0.04793465510010719,0.010409626178443432,0.03548697009682655
0.012973500415682793,0.0783870592713356,0.00737300980836153,0.03815809637308121,0.059170592576265335,0.05416012927889824,0.03181499242782593,0.007817834615707397,0.055894527584314346,0.06967873126268387,0.034389790147542953,0.08699610084295273,0.02488868497312069,0.06984038650989532,0.057875435799360275,0.031113676726818085,0.025006616488099098,0.018065044656395912,0.04458543658256531,0.035453058779239655
0.012945162132382393,0.07836800813674927,0.007381891831755638,0.013878577388823032,0.07932158559560776,0.05421023815870285,0.03182968124747276,0.0078096636570990086,0.008651170879602432,0.012731537222862244,0.03437983617186546,0.08702542632818222,0.02486271597445011,0.0213251244276762,0.03772227466106415,0.031117135658860207,0.025006327778100967,0.018042830750346184,0.010427854023873806,0.08760367333889008
0.06439864635467529,0.07905261218547821,0.007476154249161482,0.010257045738399029,0.04733626917004585,0.0767022967338562,0.032080262899398804,0.007892060093581676,0.008335201069712639,0.04284992814064026,0.056875258684158325,0.08773328363895416,0.025059886276721954,0.02070428989827633,0.032357923686504364,0.05587061122059822,0.025224853307008743,0.018086940050125122,0.010784851387143135,0.02741607464849949
0.013012968003749847,0.26240336894989014,0.007313468959182501,0.010362877510488033,0.04734756425023079,0.05417428910732269,0.10458339750766754,0.007894913665950298,0.008341447450220585,0.042813800275325775,0.03477675840258598,0.2652183473110199,0.02486281283199787,0.020760182291269302,0.03226717188954353,0.03126934915781021,0.08641112595796585,0.018004724755883217,0.010678849183022976,0.027562910690903664
0.1618991643190384,0.06490641832351685,0.010346188209950924,0.011190388351678848,0.05815151706337929,0.08985218405723572,0.02653091959655285,0.008964753709733486,0.0078020342625677586,0.07707644999027252,0.10854769498109818,0.07208874076604843,0.03348202630877495,0.020994285121560097,0.06617190688848495,0.07611967623233795,0.020710069686174393,0.024169839918613434,0.01030485425144434,0.03601758927106857
0.015726624056696892,0.3016113340854645,0.010358025319874287,0.011260539293289185,0.058502838015556335,0.06188633292913437,0.12697792053222656,0.008986133150756359,0.007779857609421015,0.07702528685331345,0.037821631878614426,0.29958683252334595,0.0340847373008728,0.021115344017744064,0.0660124272108078,0.03366488218307495,0.09899527579545975,0.024963658303022385,0.010327020660042763,0.03655117005109787
0.015786997973918915,0.06401863694190979,0.04592355340719223,0.011107858270406723,0.05849601700901985,0.06213267147541046,0.026049109175801277,0.0031387757044285536,0.00789833813905716,0.07767637819051743,0.037474095821380615,0.07117615640163422,0.04639715701341629,0.021086905151605606,0.06660304218530655,0.03347980976104736,0.020383073017001152,0.04103090241551399,0.01047030370682478,0.036248430609703064
0.015823502093553543,0.06393539160490036,0.010499304160475731,0.01107778400182724,0.07852539420127869,0.062120094895362854,0.026037421077489853,0.008976771496236324,0.007894232869148254,0.0206316988915205,0.037416864186525345,0.07115282118320465,0.034283995628356934,0.02107415348291397,0.04524502530694008,0.033415138721466064,0.02035459317266941,0.025153668597340584,0.01046246849000454,0.0873311311006546
0.06430185586214066,0.0646618977189064,0.010684056207537651,0.009037981741130352,0.042100854218006134,0.08339487761259079,0.026283051818609238,0.009072994813323021,0.009818813763558865,0.0393541045486927,0.06146205589175224,0.0718609094619751,0.034679051488637924,0.02080700919032097,0.030726028606295586,0.060031913220882416,0.02058444358408451,0.025356624275445938,0.010785046964883804,0.024841083213686943
0.015837470069527626,0.25960400700569153,0.010480958968400955,0.009145508520305157,0.04214613512158394,0.06238613650202751,0.10347948223352432,0.0090728048235178,0.009817157872021198,0.03931548073887825,0.03787905350327492,0.26092150807380676,0.034406423568725586,0.020873134955763817,0.030652636662125587,0.033688951283693314,0.08560840040445328,0.025207286700606346,0.010730103589594364,0.025058729574084282
0.16872040927410126,0.08171425014734268,0.006666162516921759,0.014223462902009487,0.05983719974756241,0.09542257338762283,0.03339289873838425,0.007619129493832588,0.008679378777742386,0.06889493763446808,0.10526205599308014,0.09062031656503677,0.02249632216989994,0.02093474008142948,0.05712555721402168,0.07384492456912994,0.026141120120882988,0.015944842249155045,0.010211342014372349,0.0359332449734211
0.013352317735552788,0.3190017342567444,0.006760275457054377,0.014292487874627113,0.06017495319247246,0.052580248564481735,0.1339813619852066,0.00760800251737237,0.00853937491774559,0.06888588517904282,0.034409284591674805,0.318153440952301,0.023140206933021545,0.021084368228912354,0.057003382593393326,0.03111157938838005,0.10461524873971939,0.016733631491661072,0.010180221870541573,0.03631284832954407
0.012753013521432877,0.08007422834634781,0.006868357304483652,0.038365308195352554,0.06021812930703163,0.05283627659082413,0.03260568901896477,0.007588530890643597,0.05549962446093559,0.0693955048918724,0.034085411578416824,0.08910692483186722,0.023346440866589546,0.06957820802927017,0.05745316669344902,0.030939292162656784,0.025512225925922394,0.01690913364291191,0.044644664973020554,0.036092448979616165
0.012721380218863487,0.0799977108836174,0.006894142832607031,0.014064714312553406,0.08039423078298569,0.05285259336233139,0.0326107032597065,0.007574607152491808,0.008652468211948872,0.012058167718350887,0.03405412286520004,0.0891072005033493,0.02332940511405468,0.02108284831047058,0.03730336204171181,0.03091750666499138,0.02548452839255333,0.016907701268792152,0.010395028628408909,0.08840321004390717
0.07058124989271164,0.080611452460289,0.00698287645354867,0.010080729611217976,0.047534599900245667,0.07864508032798767,0.03278723359107971,0.007655690424144268,0.008386428467929363,0.04110237956047058,0.05843180790543556,0.08970105648040771,0.023444516584277153,0.020366445183753967,0.03039615787565708,0.05758829787373543,0.025679705664515495,0.01687333732843399,0.010766135528683662,0.027599185705184937
0.012734141200780869,0.27854058146476746,0.006800481583923101,0.010178700089454651,0.04753582179546356,0.052622780203819275,0.11113425344228745,0.007641909644007683,0.008339472115039825,0.04103215038776398,0.03440864011645317,0.28109246492385864,0.023266881704330444,0.020410526543855667,0.03029029257595539,0.031014686450362206,0.09178958088159561,0.01678655669093132,0.010695724748075008,0.027715405449271202
0.1616579294204712,0.059653960168361664,0.010509372688829899,0.010315153747797012,0.05649406835436821,0.08979176729917526,0.02484678477048874,0.00842207483947277,0.009009299799799919,0.07981780916452408,0.11093679815530777,0.06727663427591324,0.0336453802883625,0.02156107872724533,0.06967037916183472,0.07820621877908707,0.018863242119550705,0.02438894845545292,0.010963570326566696,0.03586558252573013
0.01656477525830269,0.296034574508667,0.01051337830722332,0.01038145087659359,0.05685214325785637,0.065507672727108,0.12485810369253159,0.00846441276371479,0.009033391252160072,0.0797991007566452,0.04019898548722267,0.29426100850105286,0.03426780924201012,0.02165791392326355,0.06953465938568115,0.035822343081235886,0.09704142063856125,0.02522001788020134,0.01100462768226862,0.03646864742040634
0.0166579931974411,0.05891861394047737,0.04595253989100456,0.01026819832623005,0.056821197271347046,0.06575174629688263,0.024446893483400345,0.0034088212996721268,0.00905868411064148,0.08049143105745316,0.03981725126504898,0.06648796796798706,0.04610248655080795,0.021617760881781578,0.0701448917388916,0.035574521869421005,0.018574565649032593,0.040704160928726196,0.011103025637567043,0.03608071431517601
0.01662028580904007,0.0588085912168026,0.01066780649125576,0.034470707178115845,0.056841347366571426,0.06572610139846802,0.024375276640057564,0.008431664668023586,0.0637829452753067,0.08047673106193542,0.039789892733097076,0.0663241297006607,0.034456878900527954,0.07029912620782852,0.0701393261551857,0.03551376610994339,0.018553538247942924,0.025387335568666458,0.046476803719997406,0.03604679927229881
0.0166626013815403,0.05875364691019058,0.010655879974365234,0.01024558488279581,0.07687404006719589,0.06576672941446304,0.024392900988459587,0.00843202043324709,0.00909140333533287,0.025354614481329918,0.039793893694877625,0.06636185944080353,0.0344686396420002,0.02161230891942978,0.049393877387046814,0.035505328327417374,0.018509088084101677,0.025409318506717682,0.011103952303528786,0.08672574162483215
0.016667718067765236,0.2231236845254898,0.010679579339921474,0.009376514703035355,0.041471756994724274,0.0662027969956398,0.08901991695165634,0.008521301671862602,0.01051985565572977,0.043540842831134796,0.04027457907795906,0.2258083075284958,0.034645408391952515,0.021647989749908447,0.03596852719783783,0.03585457429289818,0.07324055582284927,0.025533853098750114,0.011301998980343342,0.025429461151361465
0.17290319502353668,0.08092247694730759,0.005656703840941191,0.013649292290210724,0.062564417719841,0.09884755313396454,0.033585075289011,0.005829216446727514,0.007648838683962822,0.0708894357085228,0.1058177649974823,0.09099564701318741,0.01866011880338192,0.02109287865459919,0.059643715620040894,0.07470862567424774,0.025660859420895576,0.013302946463227272,0.010780827142298222,0.03847523406147957
0.014449955895543098,0.3181298077106476,0.005753984209150076,0.013714693486690521,0.06297234445810318,0.051057521253824234,0.13375839591026306,0.005829716566950083,0.007540657185018063,0.07084503024816513,0.0348924919962883,0.31806278228759766,0.019359983503818512,0.021232465282082558,0.05948588252067566,0.03181225806474686,0.10412287712097168,0.01413488108664751,0.01079857349395752,0.038889460265636444
0.013571156188845634,0.07954076677560806,0.042853597551584244,0.01355196163058281,0.0629626214504242,0.051299504935741425,0.03293972834944725,0.005296952556818724,0.007647357415407896,0.07143121212720871,0.034603625535964966,0.08975681662559509,0.060135360807180405,0.02120259217917919,0.060023777186870575,0.031711991876363754,0.02512342482805252,0.051494427025318146,0.010962214320898056,0.038678914308547974
0.01343515794724226,0.07945626229047775,0.005847914144396782,0.037835706025362015,0.06299901753664017,0.051253680139780045,0.032901883125305176,0.005808935035020113,0.05755145847797394,0.07139500230550766,0.03453734144568443,0.08967582881450653,0.019520601257681847,0.06977727264165878,0.05998698249459267,0.031662680208683014,0.02509782835841179,0.014307019300758839,0.04571594297885895,0.03862779587507248
0.013394474983215332,0.07943538576364517,0.00584272388368845,0.013522505760192871,0.08315235376358032,0.051287464797496796,0.03293861448764801,0.005825268570333719,0.0076017193496227264,0.013710284605622292,0.03456816077232361,0.08971123397350311,0.01949370466172695,0.021229514852166176,0.04010233283042908,0.03164453059434891,0.025084005668759346,0.01427749264985323,0.010950655676424503,0.0911160260438919
0.0812344178557396,0.08007275313138962,0.005986555013805628,0.010114188306033611,0.04734473675489426,0.0830383226275444,0.033156536519527435,0.005878763739019632,0.009099191054701805,0.03663147985935211,0.06156597286462784,0.09036912024021149,0.01960999146103859,0.020617978647351265,0.02643747255206108,0.061007991433143616,0.02530006505548954,0.014225048013031483,0.011440346948802471,0.028490779921412468
0.16300120949745178,0.06951431930065155,0.010005333460867405,0.011448627337813377,0.058818768709897995,0.09057057648897171,0.028435833752155304,0.008932198397815228,0.007489392068237066,0.07611935585737228,0.1076028048992157,0.07722877711057663,0.03251059353351593,0.020562713965773582,0.06506332755088806,0.07536008954048157,0.022172877565026283,0.02343144081532955,0.010123626329004765,0.03626729175448418
0.014916596002876759,0.30639034509658813,0.010023526847362518,0.011516964994370937,0.05918889492750168,0.05958566814661026,0.12891799211502075,0.008932001888751984,0.007457143627107143,0.07615599781274796,0.03681958094239235,0.3046991527080536,0.033122844994068146,0.020700914785265923,0.0649789348244667,0.03286760672926903,0.10052911937236786,0.02421860210597515,0.010126777924597263,0.036774855107069016
0.014947135001420975,0.06851387768983841,0.045710183680057526,0.011374547146260738,0.059179652482271194,0.05982854589819908,0.0278854388743639,0.0031720222905278206,0.007571691647171974,0.07679268717765808,0.03649226203560829,0.07623247802257538,0.047297652810811996,0.020677104592323303,0.06556352972984314,0.03265012428164482,0.0218086875975132,0.04173335060477257,0.010288887657225132,0.03649589791893959
0.014957234263420105,0.06844054162502289,0.0101741598919034,0.011355006136000156,0.07925593852996826,0.05986487865447998,0.027877314016222954,0.00892073754221201,0.007567637134343386,0.01935383677482605,0.036413777619600296,0.07621334493160248,0.033352963626384735,0.02067500166594982,0.04423675686120987,0.03257429599761963,0.02177606150507927,0.02444126084446907,0.010279390029609203,0.08777731657028198
0.06433893740177155,0.06914195418357849,0.010342838242650032,0.009103838354349136,0.043459415435791016,0.08141685277223587,0.02812809683382511,0.009025352075695992,0.009316659532487392,0.04019191116094589,0.06023583188652992,0.0769037976861,0.033681612461805344,0.02035006694495678,0.031216144561767578,0.058874137699604034,0.022021062672138214,0.024595016613602638,0.010616181418299675,0.02562372013926506
0.014972134493291378,0.26204851269721985,0.010132351890206337,0.009198403917253017,0.04351885989308357,0.06011715158820152,0.10447155684232712,0.009015180170536041,0.009313873946666718,0.0402163602411747,0.03686615824699402,0.26381346583366394,0.033433131873607635,0.02042054943740368,0.031179780140519142,0.03282669931650162,0.08637365698814392,0.024456104263663292,0.0105486661195755,0.025827866047620773
0.16237100958824158,0.05914974585175514,0.010590055957436562,0.010318530723452568,0.05819959565997124,0.09119084477424622,0.024638574570417404,0.008414551615715027,0.009215821512043476,0.08206430077552795,0.1101340651512146,0.0668027475476265,0.03523943945765495,0.021465515717864037,0.07144075632095337,0.0772402212023735,0.018694810569286346,0.02654029242694378,0.011043962091207504,0.0370560884475708
0.016068216413259506,0.29512953758239746,0.010641093365848064,0.010204071179032326,0.05872420594096184,0.06406372040510178,0.1245046854019165,0.008395086042582989,0.008996885269880295,0.08068438619375229,0.039566755294799805,0.29335495829582214,0.034576185047626495,0.021344676613807678,0.07024575024843216,0.0353020578622818,0.09675668179988861,0.02549210749566555,0.010908406227827072,0.03761047124862671
0.016089044511318207,0.05820125341415405,0.046039316803216934,0.010087045840919018,0.05870887637138367,0.06426224857568741,0.024180246517062187,0.003446178510785103,0.00904001109302044,0.08142673224210739,0.03920935466885567,0.065769262611866,0.04578026011586189,0.021303417161107063,0.07091236859560013,0.035053983330726624,0.0183476023375988,0.04044947773218155,0.011022639460861683,0.037251539528369904
0.016049707308411598,0.05811191350221634,0.010799351148307323,0.03426255285739899,0.058722905814647675,0.06427120417356491,0.024127477779984474,0.008377757854759693,0.06386212259531021,0.08140861988067627,0.03915161266922951,0.06561268866062164,0.03480042889714241,0.06999427080154419,0.07088543474674225,0.035007838159799576,0.018302224576473236,0.025673681870102882,0.04649566486477852,0.03720049560070038
0.016089987009763718,0.05803779140114784,0.01079612784087658,0.010067638009786606,0.07871904969215393,0.06428968906402588,0.02414790354669094,0.008385260589420795,0.009042424149811268,0.025374047458171844,0.03914966806769371,0.06564345210790634,0.034843266010284424,0.02129857800900936,0.04975579306483269,0.0350070558488369,0.018278371542692184,0.02568979002535343,0.011006398126482964,0.08800790458917618
0.016084564849734306,0.2170202136039734,0.010818371549248695,0.009293872863054276,0.04368838295340538,0.06469249725341797,0.0865824818611145,0.00846126675605774,0.010371972806751728,0.045244451612234116,0.03963316231966019,0.21988524496555328,0.03500370681285858,0.021353445947170258,0.03742033243179321,0.035331856459379196,0.07119352370500565,0.025817565619945526,0.011207284405827522,0.026883386075496674
0.17183837294578552,0.0814272090792656,0.006156539544463158,0.014559001661837101,0.059366121888160706,0.09817154705524445,0.03339216113090515,0.0073921349830925465,0.0087124677374959,0.06777478754520416,0.10445363819599152,0.09065567702054977,0.020870354026556015,0.02156388759613037,0.05628731846809387,0.07342203706502914,0.025977980345487595,0.014717571437358856,0.010547475889325142,0.03582935407757759
0.013572877272963524,0.3185371160507202,0.00623014522716403,0.014618001878261566,0.0597166046500206,0.04944806545972824,0.13382576406002045,0.007364598102867603,0.008596479892730713,0.06769400089979172,0.03343671187758446,0.3179226219654083,0.021517347544431686,0.02170875482261181,0.05612330511212349,0.030453408136963844,0.10440009087324142,0.015513207763433456,0.010547012090682983,0.036200933158397675
0.012679362669587135,0.07977548241615295,0.0063400063663721085,0.0387021005153656,0.05976710841059685,0.04971237853169441,0.03265466168522835,0.007347196340560913,0.05572303384542465,0.0681871771812439,0.033155135810375214,0.08913515508174896,0.021724216639995575,0.07018794119358063,0.05656295642256737,0.030305733904242516,0.025344178080558777,0.015701234340667725,0.04491358995437622,0.03598425164818764
0.012614712119102478,0.07978366315364838,0.006342819891870022,0.014391569420695305,0.07995614409446716,0.049696698784828186,0.032680265605449677,0.007350602652877569,0.00869816541671753,0.012355891056358814,0.03311825171113014,0.08920962363481522,0.021676376461982727,0.02170083113014698,0.03730018436908722,0.030302993953227997,0.025342363864183426,0.01567232422530651,0.010772917419672012,0.08840610086917877
0.07473641633987427,0.08022730052471161,0.006430665031075478,0.010299709625542164,0.04671996831893921,0.07831016182899475,0.03280676156282425,0.007387904915958643,0.008701000362634659,0.03932450711727142,0.058116838335990906,0.08964169025421143,0.021746492013335228,0.020927278324961662,0.028890138491988182,0.057490378618240356,0.02548336610198021,0.015607661567628384,0.011144657619297504,0.02733997255563736
0.01273681316524744,0.2826578617095947,0.006243484560400248,0.010408329777419567,0.04674462974071503,0.049374472349882126,0.11286401003599167,0.007391710299998522,0.008700757287442684,0.03926894813776016,0.03337647020816803,0.2853107154369354,0.021590229123830795,0.02097335271537304,0.028780188411474228,0.030315566807985306,0.09308915585279465,0.01555691659450531,0.011080903001129627,0.027465317398309708
0.01608378067612648,0.30285462737083435,0.01075916737318039,0.01057716179639101,0.05981946736574173,0.06343504786491394,0.12760664522647858,0.00972083117812872,0.00726179126650095,0.07918240129947662,0.03866065666079521,0.30108776688575745,0.035653166472911835,0.01975238509476185,0.06790929287672043,0.0343799814581871,0.09932456910610199,0.026052383705973625,0.009870322421193123,0.03744026646018028
0.016320085152983665,0.06339460611343384,0.04630063474178314,0.010463791899383068,0.0597807876765728,0.06374016404151917,0.02605362981557846,0.0029028495773673058,0.007328664883971214,0.07989180833101273,0.038367778062820435,0.07106859236955643,0.04510039836168289,0.019712328910827637,0.0685492530465126,0.034210238605737686,0.020082231611013412,0.040040239691734314,0.009986106306314468,0.03709351271390915
0.01635572500526905,0.06334451586008072,0.010918175801634789,0.034704502671957016,0.059797342866659164,0.06381351500749588,0.026068327948451042,0.009680123999714851,0.06084175035357475,0.07988982647657394,0.03830442577600479,0.07101304084062576,0.035877909511327744,0.068349689245224,0.06854918599128723,0.03418584540486336,0.020066790282726288,0.026256708428263664,0.0454367995262146,0.037054065614938736
0.016328876838088036,0.06326822936534882,0.010926377028226852,0.010439054109156132,0.07979468256235123,0.06376244127750397,0.026058973744511604,0.009692677296698093,0.0073518455028533936,0.021963832899928093,0.03828246518969536,0.07100243121385574,0.03586285561323166,0.019711660221219063,0.046535003930330276,0.03420012816786766,0.020035795867443085,0.02625887282192707,0.009973043575882912,0.08809269219636917
0.05315952003002167,0.06396438181400299,0.011097009293735027,0.008946416899561882,0.04576175659894943,0.07977227866649628,0.026269786059856415,0.009818644262850285,0.008765658363699913,0.046545177698135376,0.05815022066235542,0.07168776541948318,0.036275867372751236,0.019542459398508072,0.037512801587581635,0.05639609321951866,0.020267663523554802,0.02648758329451084,0.01027583982795477,0.027180425822734833
0.016380559653043747,0.22552654147148132,0.010914623737335205,0.009041836485266685,0.045801565051078796,0.06422733515501022,0.08993502706289291,0.009801331907510757,0.008779622614383698,0.046573102474212646,0.03877842798829079,0.22835151851177216,0.036044683307409286,0.019605649635195732,0.03749615699052811,0.03452463820576668,0.07406342029571533,0.02635897323489189,0.010200169868767262,0.027424808591604233
0.17113882303237915,0.07663266360759735,0.006012452766299248,0.013125740922987461,0.06279490888118744,0.09733886271715164,0.03175456449389458,0.006187668070197105,0.0074927243404090405,0.07299761474132538,0.10684660077095032,0.08612033724784851,0.019880693405866623,0.021111462265253067,0.06165439262986183,0.07548707723617554,0.024295352399349213,0.014176920987665653,0.010797868482768536,0.03861064836382866
0.0143363606184721,0.313805490732193,0.006107309367507696,0.013191750273108482,0.06319806724786758,0.05355415865778923,0.132029190659523,0.0061606187373399734,0.0074073756113648415,0.07301175594329834,0.035988278687000275,0.3133182227611542,0.02055390737950802,0.02124691754579544,0.06154418736696243,0.03270328417420387,0.10275164991617203,0.014990588650107384,0.010804682038724422,0.03907766565680504
0.013569501228630543,0.07533486187458038,0.04310274124145508,0.013040939345955849,0.06321653723716736,0.05381132662296295,0.031158151105046272,0.005013863556087017,0.007511909585446119,0.07367172092199326,0.035718001425266266,0.0849362388253212,0.059036169201135635,0.021228810772299767,0.06215495616197586,0.03260379284620285,0.023810068145394325,0.05065722018480301,0.01095312088727951,0.03884744644165039
0.013473683968186378,0.07528796792030334,0.006202345713973045,0.037310075014829636,0.06322319805622101,0.053786057978868484,0.03115168958902359,0.006148187443614006,0.05842387303709984,0.0736292228102684,0.035653550177812576,0.08485695719718933,0.020709045231342316,0.06978817284107208,0.06208338215947151,0.03252623230218887,0.023784276098012924,0.015162245370447636,0.04579884558916092,0.03878859058022499
0.013403696939349174,0.07528761774301529,0.006207746919244528,0.013013205491006374,0.08334824442863464,0.05379108712077141,0.031164757907390594,0.006145160645246506,0.007468468975275755,0.014980805106461048,0.03564993292093277,0.0849248394370079,0.020725220441818237,0.02124323695898056,0.041349925100803375,0.032528121024370193,0.023799164220690727,0.015154772438108921,0.010957799851894379,0.0910363495349884
0.08053790777921677,0.07591744512319565,0.006362187676131725,0.009895804338157177,0.04675589129328728,0.08448553830385208,0.031374502927064896,0.006216484121978283,0.009390420280396938,0.03678964450955391,0.06288512796163559,0.08556190133094788,0.020828314125537872,0.02070818655192852,0.026732534170150757,0.06217048317193985,0.023989373818039894,0.015122815035283566,0.011408435180783272,0.02802574634552002
0.16669267416000366,0.07730362564325333,0.008001336827874184,0.013180853798985481,0.060411639511585236,0.0936378613114357,0.03153685852885246,0.008258880116045475,0.007925216108560562,0.07170244306325912,0.10573340207338333,0.08571916818618774,0.02647310122847557,0.02046298235654831,0.05998522415757179,0.07406964898109436,0.024706579744815826,0.0188787542283535,0.009999720379710197,0.036508169025182724
0.013217607513070107,0.07612118124961853,0.04442129656672478,0.013063238002359867,0.06077060475945473,0.0547073595225811,0.03096802346408367,0.003480028361082077,0.007946204394102097,0.07236649096012115,0.03458772599697113,0.08458605408668518,0.052946992218494415,0.020582962781190872,0.06045522913336754,0.031237345188856125,0.024272333830595016,0.046140044927597046,0.010156659409403801,0.036710020154714584
0.013130084611475468,0.07599484920501709,0.00814906693994999,0.03733571246266365,0.06082001328468323,0.0546993687748909,0.030898787081241608,0.008280491456389427,0.056722287088632584,0.07236213237047195,0.03453420475125313,0.0844644233584404,0.027325093746185303,0.06912855058908463,0.06043997406959534,0.031213263049721718,0.02423158660531044,0.019876327365636826,0.044696297496557236,0.03670475259423256
0.01311381347477436,0.0759909525513649,0.008151407353579998,0.013045849278569221,0.080914705991745,0.054736506193876266,0.030913254246115685,0.008275349624454975,0.007929591462016106,0.013776242733001709,0.03450891375541687,0.08449903130531311,0.02729959972202778,0.020602712407708168,0.039401255548000336,0.031165961176156998,0.024218443781137466,0.019864413887262344,0.010168846696615219,0.08868258446455002
0.06354130059480667,0.07674570381641388,0.008281270042061806,0.009878654964268208,0.048269934952259064,0.07665245980024338,0.03118513897061348,0.008394928649067879,0.00818704068660736,0.04363538697361946,0.05695488676428795,0.08528251945972443,0.027570733800530434,0.02008875273168087,0.03317329287528992,0.055863216519355774,0.02446717396378517,0.01996874250471592,0.010533610358834267,0.02817218005657196
0.013192271813750267,0.25843745470046997,0.008119278587400913,0.00998047273606062,0.048288390040397644,0.05480681732296944,0.1029970794916153,0.008382936008274555,0.008189499378204346,0.04362267255783081,0.03496329486370087,0.26116153597831726,0.027369391173124313,0.020139850676059723,0.03312140330672264,0.03137149289250374,0.08511245250701904,0.019875410944223404,0.010438904166221619,0.028324129059910774
0.16581855714321136,0.07947398722171783,0.007730321492999792,0.013514352031052113,0.05913330614566803,0.09280165284872055,0.03238248452544212,0.008285127580165863,0.008219687268137932,0.07066397368907928,0.10637369751930237,0.08795417100191116,0.02570301666855812,0.020511522889137268,0.05893264338374138,0.07451124489307404,0.025449322536587715,0.018279898911714554,0.009958681650459766,0.03555651381611824
0.013634632341563702,0.07793763279914856,0.04429253935813904,0.013391243293881416,0.05946461483836174,0.05615340173244476,0.0316450297832489,0.0034852628596127033,0.008226146921515465,0.07121244072914124,0.035228535532951355,0.08652205020189285,0.05368642881512642,0.020631076768040657,0.05933346226811409,0.03171919286251068,0.024854086339473724,0.04671836644411087,0.010137630626559258,0.03575144335627556
0.013551626354455948,0.07784987986087799,0.007884686812758446,0.03765488788485527,0.05949224531650543,0.05620008707046509,0.03161407634615898,0.008265703916549683,0.056114502251148224,0.0711904913187027,0.0351637527346611,0.08644934743642807,0.026561573147773743,0.06915232539176941,0.0592959001660347,0.03166741877794266,0.024832874536514282,0.019276252016425133,0.04454827308654785,0.035723552107810974
0.013587520457804203,0.07781945168972015,0.007885550148785114,0.013367261737585068,0.07961111515760422,0.056258805096149445,0.03163157030940056,0.008254781365394592,0.008220874704420567,0.013403876684606075,0.035149071365594864,0.08646097034215927,0.026536261662840843,0.020645320415496826,0.03861117735505104,0.03167213872075081,0.024814477190375328,0.019260145723819733,0.010141650214791298,0.0876910388469696
0.06135988235473633,0.07861004024744034,0.007998309098184109,0.010054326616227627,0.04765104129910469,0.07682232558727264,0.031893040984869,0.008330955170094967,0.008012157864868641,0.04406287521123886,0.056962765753269196,0.08725597709417343,0.026771044358611107,0.020104404538869858,0.03358519822359085,0.0557609461247921,0.025082748383283615,0.019329650327563286,0.010493013076484203,0.027617910876870155
0.013616321608424187,0.2560732960700989,0.007840418256819248,0.010149451903998852,0.04765263572335243,0.056300871074199677,0.10203032195568085,0.00833943858742714,0.007999101653695107,0.044072024524211884,0.03558407723903656,0.25903958082199097,0.026576727628707886,0.020149899646639824,0.03354574739933014,0.03188685327768326,0.0843142494559288,0.01925809681415558,0.010403983294963837,0.027770239859819412
0.16984716057777405,0.08034975081682205,0.006470162887126207,0.014429195784032345,0.06074773892760277,0.09630049020051956,0.03283087909221649,0.007340146228671074,0.008880509063601494,0.06890876591205597,0.10476437956094742,0.08908210694789886,0.02159220166504383,0.021219907328486443,0.056905701756477356,0.07347425818443298,0.025697136297822,0.015291077084839344,0.010299109853804111,0.03639671206474304
0.013267247006297112,0.3174947202205658,0.006492855492979288,0.014505064114928246,0.06110798567533493,0.05113063380122185,0.1333782821893692,0.007309533189982176,0.008723902516067028,0.0689331591129303,0.033843740820884705,0.3165574073791504,0.0222422257065773,0.021394282579421997,0.05679415911436081,0.03065667115151882,0.10414808988571167,0.01607275754213333,0.01027844101190567,0.03677494451403618
0.012582233175635338,0.07875094562768936,0.006602864246815443,0.038569677621126175,0.06114133819937706,0.05133935064077377,0.032060664147138596,0.0072997440584003925,0.05532136186957359,0.06944558769464493,0.03349490836262703,0.08757542073726654,0.022424835711717606,0.06984474509954453,0.057266321033239365,0.030503563582897186,0.02509302832186222,0.016252251341938972,0.04457637295126915,0.03655010461807251
0.01245507039129734,0.07867668569087982,0.0065972465090453625,0.014275074936449528,0.08129589259624481,0.05129920691251755,0.032047390937805176,0.007299862336367369,0.008831477724015713,0.011298180557787418,0.03348438814282417,0.08757515251636505,0.022413333877921104,0.021381791681051254,0.03682100400328636,0.030480625107884407,0.025050882250070572,0.016244428232312202,0.01048975344747305,0.08893754333257675
0.07171846926212311,0.07926435768604279,0.006713237147778273,0.010164731182157993,0.0486593060195446,0.07796189934015274,0.03223595768213272,0.007372660096734762,0.008455932140350342,0.04173830524086952,0.05804627016186714,0.08815573900938034,0.02251315675675869,0.02063368633389473,0.030663955956697464,0.057264722883701324,0.025262102484703064,0.01620030589401722,0.010866913944482803,0.02823839709162712
0.012642649933695793,0.27752092480659485,0.006530812941491604,0.010265582241117954,0.04866820201277733,0.051183778792619705,0.11069303750991821,0.007350184954702854,0.008448758162558079,0.04168935865163803,0.03383689373731613,0.27993544936180115,0.02235693857073784,0.020692313089966774,0.030584212392568588,0.03056221641600132,0.09146445989608765,0.01615040749311447,0.010791207663714886,0.02835737355053425
0.014648725278675556,0.3054276406764984,0.009918175637722015,0.010842452757060528,0.06174629554152489,0.05953969433903694,0.1286475956439972,0.008775276131927967,0.007498805411159992,0.0795009657740593,0.03715098649263382,0.3039388656616211,0.03279845789074898,0.020279251039028168,0.06817396730184555,0.03318733721971512,0.10014448314905167,0.024002142250537872,0.01028993260115385,0.038700345903635025
0.01466782670468092,0.06580901145935059,0.04565878584980965,0.010710672475397587,0.06173382326960564,0.059843648225069046,0.02712284028530121,0.0032520145177841187,0.007574533112347126,0.0802604928612709,0.036833278834819794,0.07392095029354095,0.047629259526729584,0.020234502851963043,0.06885875016450882,0.03305566683411598,0.020831285044550896,0.041977398097515106,0.010394412092864513,0.038365043699741364
0.01467578113079071,0.06583628803491592,0.01007793191820383,0.03493453934788704,0.06173015758395195,0.059864334762096405,0.027137506753206253,0.008778597228229046,0.061283912509679794,0.08023467659950256,0.03679274767637253,0.07391058653593063,0.03303173556923866,0.0688573569059372,0.06881672143936157,0.033012982457876205,0.020841151475906372,0.024223975837230682,0.04579383134841919,0.03833683580160141
0.014725004322826862,0.06578768789768219,0.010082906112074852,0.010697007179260254,0.08172626793384552,0.059858519583940506,0.02713858149945736,0.008766849525272846,0.0075690182857215405,0.021678034216165543,0.036798007786273956,0.07396169006824493,0.03300410881638527,0.020243888720870018,0.046722300350666046,0.03301125764846802,0.020803917199373245,0.024197746068239212,0.010399541817605495,0.08960956335067749
0.05412144586443901,0.06648831069469452,0.010221563279628754,0.009313809685409069,0.04787663370370865,0.07663653045892715,0.027384037151932716,0.008874986320734024,0.009021934121847153,0.04736699163913727,0.05628320202231407,0.07466699182987213,0.033374663442373276,0.02009649947285652,0.03817632049322128,0.054760996252298355,0.02103419415652752,0.02439003437757492,0.010701363906264305,0.028689252212643623
0.014761368744075298,0.22478005290031433,0.010100568644702435,0.009391733445227146,0.04794551432132721,0.06018063426017761,0.0896792933344841,0.008865236304700375,0.00902632623910904,0.047397810965776443,0.03725278750061989,0.22807933390140533,0.03317230939865112,0.020160339772701263,0.03815546631813049,0.03330721706151962,0.07376595586538315,0.02431679703295231,0.010633830912411213,0.02891935408115387
0.01613648422062397,0.3032742440700531,0.010766834951937199,0.010553695261478424,0.06001348793506622,0.06354699283838272,0.1277751922607422,0.009550487622618675,0.00739634595811367,0.0791410580277443,0.03866211324930191,0.30150771141052246,0.03554696589708328,0.019878892228007317,0.06805797666311264,0.03435194119811058,0.09946871548891068,0.026029204949736595,0.010039884597063065,0.03774913772940636
0.016363458707928658,0.0633486956357956,0.046276696026325226,0.010427950881421566,0.05997538939118385,0.06384588032960892,0.026036206632852554,0.002957950346171856,0.0074570938013494015,0.07984662801027298,0.03836614638566971,0.07102688401937485,0.045163482427597046,0.019844690337777138,0.06870611011981964,0.03424141928553581,0.02006533183157444,0.04008237272500992,0.010147362016141415,0.03737484663724899
0.016359254717826843,0.06329678744077682,0.010919135063886642,0.03463856503367424,0.059982892125844955,0.06383100897073746,0.026049571111798286,0.009528606198728085,0.061198968440294266,0.07983449846506119,0.038289666175842285,0.07097867131233215,0.03577985242009163,0.06846253573894501,0.06867609918117523,0.03419416770339012,0.02004494145512581,0.026214921846985817,0.045619890093803406,0.03734421357512474
0.016373690217733383,0.06326030194759369,0.01092929020524025,0.010423603467643261,0.07998460531234741,0.06386484205722809,0.02604704722762108,0.009520273655653,0.0074599976651370525,0.02230820618569851,0.03830592334270477,0.0710124596953392,0.03576772287487984,0.019839616492390633,0.04700911417603493,0.03417866677045822,0.020029239356517792,0.026219548657536507,0.010138879530131817,0.08850181847810745
0.05268540605902672,0.06389588862657547,0.011079436168074608,0.00902907270938158,0.045846905559301376,0.07956373691558838,0.02626459114253521,0.009649376384913921,0.008895683102309704,0.04620467126369476,0.05798625200986862,0.07162806391716003,0.03615102544426918,0.01969408430159092,0.037399131804704666,0.05621357262134552,0.02024458535015583,0.026414286345243454,0.010424231179058552,0.027442408725619316
0.016379201784729958,0.2240728884935379,0.010919764637947083,0.009120190516114235,0.04589642211794853,0.0642121359705925,0.0893746018409729,0.009654716588556767,0.008911971002817154,0.046243563294410706,0.038792409002780914,0.22697363793849945,0.03597457334399223,0.019763529300689697,0.037398625165224075,0.03452780842781067,0.07358463108539581,0.026345446705818176,0.010383564978837967,0.027686171233654022
0.17151042819023132,0.08363331109285355,0.005486106965690851,0.014923173002898693,0.05997537821531296,0.09793872386217117,0.03436887264251709,0.006670140661299229,0.009046182967722416,0.06666115671396255,0.10497887432575226,0.09324478358030319,0.01856820657849312,0.021325673907995224,0.055042434483766556,0.07393351942300797,0.026670614257454872,0.013078845106065273,0.010517466813325882,0.03610800951719284
0.013844679109752178,0.3211757242679596,0.00556486751884222,0.01498973648995161,0.06035411357879639,0.050565533339977264,0.13491258025169373,0.006649333983659744,0.008887829259037971,0.06669458746910095,0.034132421016693115,0.3207937777042389,0.019244709983468056,0.02149096131324768,0.05495588853955269,0.031073153018951416,0.10522640496492386,0.013871368952095509,0.01049390621483326,0.03647831082344055
0.012955759651958942,0.08204315602779388,0.005658589769154787,0.03906781226396561,0.06035232171416283,0.05076420307159424,0.0336206778883934,0.006631365977227688,0.05489271879196167,0.06719034910202026,0.033821940422058105,0.09178295731544495,0.01940612867474556,0.06994166225194931,0.05540712550282478,0.030930694192647934,0.026063989847898483,0.014029090292751789,0.04479629173874855,0.036246031522750854
0.012886710464954376,0.08201351016759872,0.005657813511788845,0.014762545935809612,0.08060968667268753,0.05081617832183838,0.03362115100026131,0.006626077927649021,0.008965112268924713,0.011622282676398754,0.03384312242269516,0.09181945025920868,0.01938505843281746,0.021492384374141693,0.03645055741071701,0.030932962894439697,0.026030153036117554,0.014006932266056538,0.010712355375289917,0.0889178141951561
0.07314108312129974,0.08247420191764832,0.005742685403674841,0.010531467385590076,0.04815317317843437,0.07813254743814468,0.03379303961992264,0.006666901055723429,0.008266977965831757,0.040259454399347305,0.0581652857363224,0.09226112067699432,0.019415028393268585,0.020679647102952003,0.029497215524315834,0.05745641514658928,0.026192549616098404,0.013927708379924297,0.011092112399637699,0.028206653892993927
0.01301611214876175,0.2798064053058624,0.0055726985447108746,0.010635145008563995,0.04816582053899765,0.05048202723264694,0.11171980947256088,0.006647785659879446,0.008281723596155643,0.04022656008601189,0.03408101201057434,0.2829304337501526,0.019294748082756996,0.02074720524251461,0.029418524354696274,0.03092888742685318,0.09212212264537811,0.013906583189964294,0.011022558435797691,0.02833494544029236
0.1655999720096588,0.0811687707901001,0.008019554428756237,0.013485565781593323,0.05872197449207306,0.0927550196647644,0.0329941064119339,0.008429276756942272,0.008290134370326996,0.0702720507979393,0.1059027910232544,0.08963728696107864,0.026531122624874115,0.02042478695511818,0.058608584105968475,0.07411752641201019,0.026015954092144966,0.018902499228715897,0.009860496036708355,0.035313550382852554
0.013493859209120274,0.07951295375823975,0.04445924609899521,0.01336737908422947,0.05906273424625397,0.05562777817249298,0.03223557397723198,0.003425318980589509,0.008288541808724403,0.0708145946264267,0.034784819930791855,0.08810754865407944,0.05289868265390396,0.020557254552841187,0.05900386720895767,0.03131140395998955,0.025403151288628578,0.046115078032016754,0.01003353577107191,0.035506151616573334
0.013438030146062374,0.07939738780260086,0.008154556155204773,0.03760455176234245,0.05910847336053848,0.05565663054585457,0.03217456862330437,0.008388446643948555,0.055942684412002563,0.07080557942390442,0.03472943231463432,0.08799605816602707,0.02737441100180149,0.06905265897512436,0.058963920921087265,0.03128192573785782,0.025362525135278702,0.01989562064409256,0.044387947767972946,0.03547905012965202
0.013459327630698681,0.07939020544290543,0.008151067420840263,0.01333316694945097,0.07923489063978195,0.05569583177566528,0.032201748341321945,0.008378952741622925,0.00828262884169817,0.013456816785037518,0.034685831516981125,0.08803439885377884,0.027347203344106674,0.020559042692184448,0.03852330893278122,0.03127046674489975,0.02536655403673649,0.019876569509506226,0.010037261992692947,0.08749524503946304
0.05989697948098183,0.08013825118541718,0.008267841301858425,0.010031516663730145,0.04752892255783081,0.07573914527893066,0.03246622160077095,0.00846875924617052,0.007912550121545792,0.04430852085351944,0.05603082478046417,0.08879145979881287,0.027573490515351295,0.02000018022954464,0.03388020396232605,0.054840803146362305,0.02559751085937023,0.019958559423685074,0.010368498973548412,0.027545051649212837
0.013493356294929981,0.2542739510536194,0.008111403323709965,0.010130314156413078,0.04755808040499687,0.05572812259197235,0.10134357959032059,0.008443260565400124,0.007903271354734898,0.04434646666049957,0.03509390354156494,0.2573361098766327,0.027401642873883247,0.020072655752301216,0.03385394066572189,0.031432412564754486,0.08371898531913757,0.019861949607729912,0.010273278690874577,0.02771724760532379
0.015283090062439442,0.3070043623447418,0.009462418965995312,0.01114586554467678,0.0602986104786396,0.06167411804199219,0.1292450726032257,0.008767480030655861,0.007207099813967943,0.07800023257732391,0.03833124041557312,0.30556735396385193,0.03143573924899101,0.02013554237782955,0.06663164496421814,0.034236256033182144,0.10068536549806595,0.022972390055656433,0.010061612352728844,0.03756323829293251
0.015302905812859535,0.06754213571548462,0.045374687761068344,0.011030001565814018,0.06025730445981026,0.06196718290448189,0.027722777798771858,0.0032515195198357105,0.0072998772375285625,0.0786776915192604,0.038040973246097565,0.07567725330591202,0.04893752932548523,0.020107947289943695,0.06725046783685684,0.034102872014045715,0.02141014114022255,0.04300368204712868,0.010191508568823338,0.03723118454217911
0.01529113482683897,0.06752142310142517,0.009602121077477932,0.03526096045970917,0.060284681618213654,0.061933908611536026,0.0277460515499115,0.008744492195546627,0.06026875600218773,0.07868150621652603,0.03796904906630516,0.07562197744846344,0.031657274812459946,0.06869729608297348,0.06723280996084213,0.034048303961753845,0.021394291892647743,0.023169320076704025,0.04544065147638321,0.03719256445765495
0.015267102047801018,0.06744161993265152,0.009588045999407768,0.010997164063155651,0.08029254525899887,0.06196219474077225,0.027718279510736465,0.008738731034100056,0.007324605248868465,0.02051563188433647,0.03798356652259827,0.07561568915843964,0.031615208834409714,0.020093224942684174,0.045374564826488495,0.0340476892888546,0.021383266896009445,0.02315199188888073,0.010186170227825642,0.08845670521259308
0.057934463024139404,0.06815088540315628,0.009752018377184868,0.009221469052135944,0.04590771719813347,0.08011200278997421,0.02796946093440056,0.008844989351928234,0.008809713646769524,0.044846683740615845,0.05904281884431839,0.07631811499595642,0.031965941190719604,0.019890395924448967,0.035616811364889145,0.05745012313127518,0.02160288393497467,0.02329627238214016,0.01050783321261406,0.027192750945687294
0.015371851623058319,0.23923547565937042,0.009594691917300224,0.009316997602581978,0.04598909616470337,0.06228756159543991,0.09541651606559753,0.008834085427224636,0.008823533542454243,0.04487793147563934,0.03844960406422615,0.2421049326658249,0.031774964183568954,0.01994488760828972,0.03560815006494522,0.034319065511226654,0.07861315459012985,0.02322092466056347,0.010439758189022541,0.0274321511387825
0.16282552480697632,0.06165967881679535,0.01031582709401846,0.010204922407865524,0.06035313382744789,0.09059178829193115,0.025605950504541397,0.008732200600206852,0.008243846707046032,0.08154992014169693,0.10951326042413712,0.06948617100715637,0.0332486629486084,0.02051570452749729,0.07059086114168167,0.07709917426109314,0.019508589059114456,0.024041594937443733,0.010509573854506016,0.037852730602025986
0.015682633966207504,0.29819437861442566,0.010311156511306763,0.010267981328070164,0.06075890362262726,0.06265679746866226,0.12573698163032532,0.00874719861894846,0.008274625986814499,0.08151378482580185,0.038826920092105865,0.2965763807296753,0.03387431055307388,0.02063237503170967,0.07045529037714005,0.03463289886713028,0.09774769842624664,0.024870645254850388,0.010535887442529202,0.03845914825797081
0.01570439524948597,0.06086207553744316,0.04588929936289787,0.010160901583731174,0.06072011590003967,0.0628724992275238,0.025230005383491516,0.003252618247643113,0.008314795792102814,0.08224255591630936,0.03845878690481186,0.06868227571249008,0.04652339965105057,0.02058618888258934,0.07109741866588593,0.03439745679497719,0.019214699044823647,0.04108492657542229,0.010651684366166592,0.03809099271893501
0.015689479187130928,0.060870032757520676,0.01047209557145834,0.034348879009485245,0.06074279174208641,0.06290274113416672,0.025227297097444534,0.008720914833247662,0.06284947693347931,0.08221809566020966,0.03839823231101036,0.06863224506378174,0.034076154232025146,0.06923884153366089,0.07106498628854752,0.03437260910868645,0.01919771544635296,0.025042930617928505,0.04615376144647598,0.038073115050792694
0.056744534522295,0.06137321889400482,0.010615452192723751,0.009058883413672447,0.0450892299413681,0.08049637824296951,0.025398902595043182,0.008834147825837135,0.009803730994462967,0.04500466585159302,0.05907849594950676,0.06917477399110794,0.034431882202625275,0.020532188937067986,0.03651626035571098,0.05742933228611946,0.019366778433322906,0.025217330083251,0.01091005839407444,0.027119509875774384
0.015737175941467285,0.22928035259246826,0.01045614667236805,0.009146863594651222,0.0451594702899456,0.06326630711555481,0.09149753302335739,0.008830956183373928,0.00980738177895546,0.04503990337252617,0.038857266306877136,0.2319994866847992,0.03423001244664192,0.020575670525431633,0.03648331016302109,0.03467923030257225,0.07527925819158554,0.025136277079582214,0.010848823934793472,0.02739490009844303
0.1608428806066513,0.05788404494524002,0.010796384885907173,0.01027742400765419,0.057360902428627014,0.08921615034341812,0.024047963321208954,0.008618181571364403,0.008895805105566978,0.08020119369029999,0.11086323112249374,0.06517676264047623,0.03457031399011612,0.02138143591582775,0.0698646605014801,0.07806294411420822,0.018307628110051155,0.025067143142223358,0.010864123702049255,0.03632893040776253
0.016486311331391335,0.2930411398410797,0.009709455072879791,0.009569312445819378,0.055876556783914566,0.06291703134775162,0.12751322984695435,0.007835712283849716,0.009807190857827663,0.08063575625419617,0.037235863506793976,0.28981325030326843,0.0334225669503212,0.020532244816422462,0.06780126690864563,0.03447235748171806,0.09587172418832779,0.025268910452723503,0.010692778043448925,0.037256304174661636
0.0170585960149765,0.05721186473965645,0.04616900905966759,0.010216484777629375,0.05770247057080269,0.06617492437362671,0.02366158552467823,0.0032971722539514303,0.008951736614108086,0.08085453510284424,0.03978264704346657,0.06445722281932831,0.045273080468177795,0.02145114541053772,0.07036442309617996,0.03545958176255226,0.018056169152259827,0.040076062083244324,0.011003967374563217,0.036551591008901596
0.017026880756020546,0.057083941996097565,0.010948354378342628,0.03438527509570122,0.05772089213132858,0.06611861288547516,0.023617204278707504,0.008642539381980896,0.06358763575553894,0.0808471217751503,0.03970856964588165,0.0642704889178276,0.03537975624203682,0.07008416950702667,0.07034731656312943,0.03540574759244919,0.01801425963640213,0.026063833385705948,0.04634132608771324,0.0365169420838356
0.01706077717244625,0.057076986879110336,0.01094779372215271,0.010202949866652489,0.07772544026374817,0.06615755707025528,0.02364516071975231,0.008635795675218105,0.008960257284343243,0.025207510218024254,0.03970608487725258,0.06435610353946686,0.03538215905427933,0.021435508504509926,0.049385007470846176,0.03539467602968216,0.018004268407821655,0.026067594066262245,0.010994048789143562,0.08729040622711182
0.01704525016248226,0.2214955985546112,0.010945486836135387,0.009312240406870842,0.04233584180474281,0.06658264994621277,0.08836131542921066,0.008738232776522636,0.010400958359241486,0.04392453655600548,0.04021410644054413,0.2239239662885666,0.035574160516262054,0.021467776969075203,0.03617169335484505,0.03576098755002022,0.07273270934820175,0.02620876021683216,0.011196800507605076,0.025914864614605904
0.16209112107753754,0.06392072141170502,0.01020419504493475,0.011003101244568825,0.05911807343363762,0.08992303907871246,0.02613053098320961,0.008810648694634438,0.00775630958378315,0.07825224846601486,0.10920646041631699,0.07102271169424057,0.03293142467737198,0.02080198936164379,0.06717198342084885,0.07670579850673676,0.020389677956700325,0.023790212348103523,0.010244709439575672,0.036653950810432434
0.015875225886702538,0.3002881705760956,0.010176695883274078,0.011063546873629093,0.05949894338846207,0.06264093518257141,0.12645725905895233,0.00881267711520195,0.0077393245883286,0.07813529670238495,0.03837069496512413,0.2982417345046997,0.033543456345796585,0.02093534916639328,0.06696593761444092,0.034187886863946915,0.09859707951545715,0.02458498254418373,0.010275681503117085,0.037207067012786865
0.015962013974785805,0.06301242113113403,0.04580891504883766,0.01092430017888546,0.0594596341252327,0.06288856267929077,0.025659877806901932,0.003222203580662608,0.007818929851055145,0.07876674830913544,0.03801373764872551,0.07009153068065643,0.04685506224632263,0.02088872343301773,0.06753462553024292,0.03396173566579819,0.020051471889019012,0.04137198254466057,0.010427041910588741,0.036862973123788834
0.0160101018846035,0.06290499120950699,0.010332274250686169,0.010898339562118053,0.07947905361652374,0.06292867660522461,0.02565102092921734,0.008793847635388374,0.007844153791666031,0.021107813343405724,0.037960801273584366,0.07003989070653915,0.03374219685792923,0.020879892632365227,0.04585652053356171,0.03388688340783119,0.02001221291720867,0.024780048057436943,0.010422414168715477,0.08797542005777359
0.06079329922795296,0.06349842995405197,0.010512036271393299,0.009083646349608898,0.043785952031612396,0.0824003741145134,0.025799866765737534,0.008898293599486351,0.00960377138108015,0.04188305512070656,0.06056918203830719,0.0705866739153862,0.03411135450005531,0.020671265199780464,0.033072590827941895,0.059054452925920486,0.020199282094836235,0.024945005774497986,0.01073349080979824,0.025947052985429764
0.0160048920661211,0.2470780313014984,0.010302049107849598,0.009185095317661762,0.0438525527715683,0.06324689835309982,0.09844513982534409,0.008909598924219608,0.009618081152439117,0.041869085282087326,0.03841250762343407,0.24874818325042725,0.033876683562994,0.02073564939200878,0.033000245690345764,0.03417343273758888,0.08140616863965988,0.024836884811520576,0.010663104243576527,0.026179494336247444
0.1633530855178833,0.0629163309931755,0.009939969517290592,0.010688531212508678,0.06005454808473587,0.09093321859836578,0.026053911074995995,0.008471050299704075,0.00793188251554966,0.07963810861110687,0.10938422381877899,0.07067114114761353,0.031996093690395355,0.02071094699203968,0.06870748102664948,0.07696671783924103,0.019945882260799408,0.023106548935174942,0.01049041748046875,0.03751065209507942
0.015516554936766624,0.29934999346733093,0.009933849796652794,0.010750405490398407,0.06043791025876999,0.0620872862637043,0.12617598474025726,0.008508789353072643,0.00795203261077404,0.07963864505290985,0.03855475038290024,0.297714501619339,0.03265269845724106,0.020823340862989426,0.0685846209526062,0.03446896746754646,0.09814826399087906,0.02395053766667843,0.010522793978452682,0.03808172792196274
0.01541951484978199,0.06207335740327835,0.045610081404447556,0.010627971030771732,0.060403116047382355,0.062311455607414246,0.025637924671173096,0.0033839119132608175,0.008019003085792065,0.0803176760673523,0.03822195529937744,0.0698203593492508,0.047651637345552444,0.020794838666915894,0.06921330094337463,0.03425798565149307,0.01962904818356037,0.04195474833250046,0.010644692927598953,0.03773849830031395
0.015390525572001934,0.062046751379966736,0.010079941712319851,0.03483707085251808,0.06043468043208122,0.06224611774086952,0.025618454441428185,0.008478988893330097,0.061998024582862854,0.08028664439916611,0.038158442825078964,0.06976641714572906,0.0328495167195797,0.06941451132297516,0.0691811814904213,0.03420314937829971,0.01961727812886238,0.024138331413269043,0.04595782980322838,0.03770126774907112
0.056214846670627594,0.0625600591301918,0.010221417061984539,0.009280890226364136,0.045634884387254715,0.07974567264318466,0.025794243440032005,0.008574805222451687,0.009575629606842995,0.045185454189777374,0.058500271290540695,0.07031232118606567,0.03316540643572807,0.020679429173469543,0.036489713937044144,0.056931909173727036,0.0197856854647398,0.02428804337978363,0.010932334698736668,0.027396153658628464
0.015493119135499,0.2278127670288086,0.010065463371574879,0.009378104470670223,0.04570299759507179,0.0626203790307045,0.09090486168861389,0.008578909561038017,0.009592677466571331,0.04518137127161026,0.03860792517662048,0.23060822486877441,0.03298921138048172,0.020748768001794815,0.03644023463129997,0.034493330866098404,0.07483381032943726,0.024211416020989418,0.010886432603001595,0.027648596093058586
0.014927174896001816,0.305873304605484,0.010065630078315735,0.011042349971830845,0.06131031736731529,0.05989181995391846,0.12882527709007263,0.009524641558527946,0.007139080669730902,0.07895104587078094,0.0370216891169548,0.3043004870414734,0.033557046204805374,0.019899588078260422,0.06727202981710434,0.033044420182704926,0.10033650696277618,0.02447475865483284,0.00991731509566307,0.03807011991739273
0.015009359456598759,0.06630731374025345,0.045845404267311096,0.010909348726272583,0.061279572546482086,0.06022531911730766,0.02719324454665184,0.0029482075478881598,0.007221094332635403,0.07963836938142776,0.03674011304974556,0.07420674711465836,0.04699695110321045,0.01986977644264698,0.06791285425424576,0.032891254872083664,0.021034665405750275,0.04155491292476654,0.010050315409898758,0.037753403186798096
0.015037471428513527,0.06630835682153702,0.01022503711283207,0.035144366323947906,0.0613417886197567,0.06028266251087189,0.027210094034671783,0.009517161175608635,0.06014573201537132,0.07965325564146042,0.03668401017785072,0.0741940587759018,0.033804167062044144,0.06846023350954056,0.06789331138134003,0.03288593143224716,0.021028202027082443,0.024697085842490196,0.04532812163233757,0.03773736581206322
0.015030024573206902,0.06623765826225281,0.010227291844785213,0.0108849061653018,0.08130527287721634,0.06025120988488197,0.027219271287322044,0.009515104815363884,0.007224924396723509,0.020520994439721107,0.036682140082120895,0.07420869171619415,0.03381563723087311,0.019869519397616386,0.045429330319166183,0.03286879137158394,0.020997483283281326,0.024694016203284264,0.010037348605692387,0.08895386755466461
0.05545260012149811,0.0669487789273262,0.010370424017310143,0.009169445373117924,0.04748854041099548,0.07760506123304367,0.027446433901786804,0.009599264711141586,0.008614201098680496,0.047002650797367096,0.0569969117641449,0.07489505410194397,0.03414925932884216,0.019669663161039352,0.037388525903224945,0.055486515164375305,0.021244239062070847,0.024862943217158318,0.010350000113248825,0.028062915429472923
0.015074491500854492,0.23182359337806702,0.010224586352705956,0.009256169199943542,0.04752160981297493,0.060560233891010284,0.09246568381786346,0.009614759124815464,0.008619137108325958,0.04699086770415306,0.03713824227452278,0.23473453521728516,0.03396999090909958,0.019716287031769753,0.03734217956662178,0.03314821422100067,0.07616064697504044,0.02477898821234703,0.01027814019471407,0.028270987793803215
0.16186685860157013,0.06028328835964203,0.010526644997298717,0.010339063592255116,0.05879371985793114,0.0900048241019249,0.024991292506456375,0.008915946818888187,0.008296013809740543,0.08043260872364044,0.11007389426231384,0.06780361384153366,0.033907435834407806,0.020815318450331688,0.06971859931945801,0.07750769704580307,0.019071584567427635,0.024504732340574265,0.010553770698606968,0.03692259266972542
0.016215071082115173,0.2965793311595917,0.010511686094105244,0.010405338369309902,0.05917777121067047,0.06411638110876083,0.12506058812141418,0.008944245986640453,0.008335618302226067,0.08043496310710907,0.03934672474861145,0.29483267664909363,0.03452137112617493,0.020932460203766823,0.06961245089769363,0.035067129880189896,0.09722650796175003,0.025311769917607307,0.010577196255326271,0.037506330758333206
0.016287852078676224,0.059491418302059174,0.04603099450469017,0.010286896489560604,0.059154342859983444,0.06431896239519119,0.02460857667028904,0.003169691190123558,0.008367827162146568,0.08113840967416763,0.03900184854865074,0.06697496771812439,0.04593880847096443,0.020894501358270645,0.07021567970514297,0.03483085334300995,0.01880989409983158,0.04064822196960449,0.010695921257138252,0.037157800048589706
0.01624986343085766,0.05945784971117973,0.010661203414201736,0.034480173140764236,0.05916524678468704,0.0643002912402153,0.024562805891036987,0.0089228181168437,0.06272498518228531,0.08109594881534576,0.038941580802202225,0.0668954849243164,0.034742482006549835,0.06950434297323227,0.0701790526509285,0.03478209674358368,0.0187655221670866,0.025524144992232323,0.0460677407681942,0.037121862173080444
0.05717502534389496,0.05998048558831215,0.010816887952387333,0.009104837663471699,0.043312352150678635,0.08199210464954376,0.02476896159350872,0.009034479968249798,0.009947561658918858,0.04342145100235939,0.06003454327583313,0.06747914105653763,0.035089924931526184,0.02080656960606575,0.03521879017353058,0.05835258588194847,0.01894199289381504,0.025704069063067436,0.010981487110257149,0.026021771132946014
0.016388604417443275,0.23134468495845795,0.010664073750376701,0.009191718883812428,0.04339121654629707,0.0647750273346901,0.09232048690319061,0.009022700600326061,0.009945790283381939,0.04341227188706398,0.0393933430314064,0.23374103009700775,0.0349043570458889,0.02086867019534111,0.0351676307618618,0.0350857712328434,0.07603251188993454,0.02563224546611309,0.010924079455435276,0.026299085468053818
0.17063701152801514,0.07749244570732117,0.00657974649220705,0.013195890001952648,0.06224113330245018,0.09707003831863403,0.03209265321493149,0.006309209391474724,0.007584317121654749,0.07247840613126755,0.10583885759115219,0.0870032012462616,0.021398110315203667,0.021289486438035965,0.06121879070997238,0.07453764975070953,0.024590661749243736,0.015329171903431416,0.010806210339069366,0.03827089071273804
0.013889911584556103,0.3145278990268707,0.006608033552765846,0.013269557617604733,0.06263799220323563,0.05231375992298126,0.13230657577514648,0.006291630212217569,0.0075065563432872295,0.07250519841909409,0.03493983671069145,0.3141007125377655,0.022085443139076233,0.02143610082566738,0.06112557277083397,0.03173036128282547,0.10300002992153168,0.01614745706319809,0.010833784937858582,0.03872941434383392
0.013135735876858234,0.0760546624660492,0.043406352400779724,0.013102072291076183,0.06263043731451035,0.05252540856599808,0.031427398324012756,0.004938346799463034,0.007593004498630762,0.0731535255908966,0.034676358103752136,0.08570334315299988,0.057551972568035126,0.021407589316368103,0.061709366738796234,0.03159916773438454,0.024060195311903954,0.04951697587966919,0.010975977405905724,0.03849846124649048
0.013040410354733467,0.0760120302438736,0.006726715713739395,0.037358351051807404,0.06266804784536362,0.05252024903893471,0.031427543610334396,0.00628287810832262,0.05834530293941498,0.07312433421611786,0.034588564187288284,0.08563602715730667,0.022269640117883682,0.06994233280420303,0.06168673187494278,0.03155271336436272,0.024023981764912605,0.016316434368491173,0.045682236552238464,0.0384582057595253
0.012972308322787285,0.0760439932346344,0.006711937487125397,0.013079982250928879,0.08279060572385788,0.05254965275526047,0.03146025538444519,0.006267630495131016,0.007586788386106491,0.015021217055618763,0.034574899822473526,0.08572126179933548,0.02222723327577114,0.02143201045691967,0.04126599058508873,0.03152327239513397,0.02403881587088108,0.01630471646785736,0.010985573753714561,0.09074914455413818
0.0769316554069519,0.07673951983451843,0.00687855388969183,0.010038849897682667,0.04696517810225487,0.08168930560350418,0.03169399872422218,0.006350343115627766,0.009301739744842052,0.037790410220623016,0.06075957790017128,0.08643051236867905,0.022401288151741028,0.020914088934659958,0.027849769219756126,0.06004813313484192,0.02427162416279316,0.016316400840878487,0.011429669335484505,0.02813788317143917
0.17061270773410797,0.07930946350097656,0.006293981336057186,0.0132724205031991,0.06206310912966728,0.09698346257209778,0.03279713913798332,0.006406309548765421,0.0075395237654447556,0.07178708165884018,0.10636168718338013,0.0889720618724823,0.020638247951865196,0.020859839394688606,0.06044424697756767,0.0750378668308258,0.025188615545630455,0.014732861891388893,0.010593087412416935,0.03806295618414879
0.014091365970671177,0.31665709614753723,0.006330416072160006,0.013354840688407421,0.062470484524965286,0.05311015993356705,0.1331450194120407,0.0063859280198812485,0.007443317677825689,0.07186349481344223,0.035510096698999405,0.3163086771965027,0.021337568759918213,0.02101990394294262,0.060405854135751724,0.032244328409433365,0.10371732711791992,0.01555517315864563,0.01060937624424696,0.038507383316755295
0.01335629541426897,0.07815945893526077,0.04326973482966423,0.01319675613194704,0.062483444809913635,0.05332596227526665,0.032214775681495667,0.004826448392122984,0.007542100269347429,0.0725417360663414,0.03524261713027954,0.08791618049144745,0.058289021253585815,0.02098829671740532,0.06101981922984123,0.03210631385445595,0.024741122499108315,0.05010981857776642,0.010754150338470936,0.03831072524189949
0.013233469799160957,0.07796632498502731,0.006440379656851292,0.03742945194244385,0.06251408904790878,0.0533115454018116,0.0321718193590641,0.006392990238964558,0.05769742280244827,0.07249411195516586,0.035185325890779495,0.08772175014019012,0.02151007018983364,0.06951598078012466,0.06097425892949104,0.03207968547940254,0.02467450127005577,0.01571919396519661,0.045483753085136414,0.03826598823070526
0.013209485448896885,0.0779431015253067,0.006437037605792284,0.013162849470973015,0.08264230191707611,0.05329859256744385,0.032160449773073196,0.006378806196153164,0.007518285419791937,0.014454626478254795,0.03516482934355736,0.08773346990346909,0.021494748070836067,0.021008258685469627,0.040663011372089386,0.03207609802484512,0.02466549724340439,0.015714464709162712,0.01075527910143137,0.09058196097612381
0.07804372161626816,0.0786648765206337,0.006578653585165739,0.009904885664582253,0.04696259647607803,0.08281302452087402,0.03242935240268707,0.006444647442549467,0.00900409184396267,0.0376536101102829,0.06163947656750679,0.08849308639764786,0.02163904346525669,0.020462706685066223,0.02755185216665268,0.06090444698929787,0.024888809770345688,0.015699561685323715,0.011197780258953571,0.028053298592567444
0.16095185279846191,0.065105140209198,0.010702920146286488,0.011259610764682293,0.0577765628695488,0.08896712958812714,0.026579422876238823,0.009455501101911068,0.007539382204413414,0.0765460804104805,0.10846535861492157,0.07231232523918152,0.03473725542426109,0.020597608759999275,0.06549616903066635,0.07596820592880249,0.020775839686393738,0.02505982480943203,0.010054263286292553,0.03563406318426132
0.016076156869530678,0.3018034100532532,0.010694366879761219,0.011323473416268826,0.05814020335674286,0.06226324290037155,0.12706072628498077,0.00949754286557436,0.007510021328926086,0.07658535242080688,0.03774287924170494,0.299794465303421,0.035334911197423935,0.02070719003677368,0.06541786342859268,0.03351208567619324,0.09909135103225708,0.025861063972115517,0.010043485090136528,0.03617040812969208
0.016288207843899727,0.06432830542325974,0.046215079724788666,0.011173984967172146,0.05813699960708618,0.06255239248275757,0.026163864880800247,0.0029744296334683895,0.007626384496688843,0.07726824283599854,0.037365879863500595,0.0715167447924614,0.04526364430785179,0.020684435963630676,0.0660213828086853,0.033334244042634964,0.02049303613603115,0.04016926512122154,0.010197478346526623,0.03586689382791519
0.016343766823410988,0.06428474187850952,0.010861706919968128,0.011146706528961658,0.07818230241537094,0.06255140900611877,0.02617417648434639,0.009468956850469112,0.007638268172740936,0.02012273110449314,0.03728506714105606,0.07151676714420319,0.03557039424777031,0.020675869658589363,0.044675953686237335,0.033245742321014404,0.020462824031710625,0.026064157485961914,0.010198019444942474,0.08695854246616364
0.061664238572120667,0.06498012691736221,0.011028090491890907,0.008992637507617474,0.04259404167532921,0.08243066817522049,0.026387786492705345,0.009593973867595196,0.00936383567750454,0.040824856609106064,0.06066209450364113,0.07218815386295319,0.0359538309276104,0.020401131361722946,0.031946536153554916,0.05915871635079384,0.02069932036101818,0.0262597743421793,0.010516882874071598,0.024993611499667168
0.016331616789102554,0.253853440284729,0.010824969038367271,0.009096240624785423,0.04261782392859459,0.0628131702542305,0.10116521269083023,0.009585987776517868,0.00935389008373022,0.040802255272865295,0.03775102645158768,0.255392462015152,0.03570111095905304,0.020463967695832253,0.03188709169626236,0.03353782743215561,0.08367950469255447,0.026116114109754562,0.010440841317176819,0.025197120383381844
0.014981868676841259,0.30681049823760986,0.009749947115778923,0.01136372797191143,0.06000596284866333,0.06017162278294563,0.12917378544807434,0.008937965147197247,0.007307634223252535,0.07702606171369553,0.03734435886144638,0.3052964210510254,0.032337676733732224,0.020419878885149956,0.06580381095409393,0.03336361050605774,0.10065747052431107,0.023641131818294525,0.010181466117501259,0.037431731820106506
0.014964940957725048,0.06716153770685196,0.04557787626981735,0.011217818595468998,0.059991538524627686,0.060403261333703995,0.027545427903532982,0.0031679796520620584,0.007406026124954224,0.07773592323064804,0.037090200930833817,0.07519014179706573,0.048059530556201935,0.02040211297571659,0.06645933538675308,0.033255837857723236,0.021301835775375366,0.04234962910413742,0.010315592400729656,0.03712942451238632
0.014939039945602417,0.06712619960308075,0.009895565919578075,0.03543630614876747,0.06000467762351036,0.06036332622170448,0.0275432039052248,0.008916291408240795,0.060180649161338806,0.077704519033432,0.037025075405836105,0.07514334470033646,0.032575711607933044,0.06895244121551514,0.06642691045999527,0.033202413469552994,0.021296748891472816,0.023846259340643883,0.04542972892522812,0.037085529416799545
0.014936505816876888,0.06712687760591507,0.009883228689432144,0.011186527088284492,0.08005527406930923,0.060397472232580185,0.02755211852490902,0.008912371471524239,0.007408129516988993,0.020041968673467636,0.037017811089754105,0.07519295811653137,0.03256170451641083,0.020390445366501808,0.045034896582365036,0.033204782754182816,0.021280108019709587,0.023837042972445488,0.010315396822988987,0.08848342299461365
0.05535218492150307,0.06781904399394989,0.010045372880995274,0.009441521018743515,0.046450089663267136,0.07767574489116669,0.027804885059595108,0.009004528634250164,0.008809319697320461,0.04563579708337784,0.0571298748254776,0.07591810077428818,0.03289695829153061,0.020192794501781464,0.03648433834314346,0.05556190386414528,0.021521104499697685,0.02400539442896843,0.010631737299263477,0.027648257091641426
0.015018093399703503,0.2308940589427948,0.009882130660116673,0.009526392444968224,0.046511970460414886,0.06074197590351105,0.09208180010318756,0.009025370702147484,0.008826492354273796,0.045695677399635315,0.03746596723794937,0.23394952714443207,0.0327061302959919,0.02025393396615982,0.03646997734904289,0.03348954766988754,0.07585006207227707,0.023913482204079628,0.010559088550508022,0.027872150763869286
0.1711960732936859,0.07758098840713501,0.007059898227453232,0.013319263234734535,0.062163859605789185,0.09757902473211288,0.032151494175195694,0.006830720230937004,0.007573695387691259,0.0709642767906189,0.1052069365978241,0.08717145025730133,0.02305677905678749,0.02075129561126232,0.0597417950630188,0.07411287724971771,0.02461051382124424,0.016506066545844078,0.010485983453691006,0.03820456564426422
0.013813382014632225,0.31469348073005676,0.007089358754456043,0.013383397832512856,0.0625382661819458,0.05107723921537399,0.1323915719985962,0.006890865508466959,0.007483919616788626,0.07099250704050064,0.03433253616094589,0.31429752707481384,0.023747172206640244,0.020899571478366852,0.059640392661094666,0.031234489753842354,0.10305205732584,0.017334287986159325,0.010502508841454983,0.03861827030777931
0.013039880432188511,0.07617262750864029,0.04374300688505173,0.013216804713010788,0.06256146728992462,0.05135193094611168,0.03147907927632332,0.004477162379771471,0.007572019472718239,0.07164420932531357,0.03406175225973129,0.08589889854192734,0.05602705851197243,0.02086782641708851,0.06024934723973274,0.03111976385116577,0.024085838347673416,0.04840276762843132,0.010651541873812675,0.0384129136800766
0.012877234257757664,0.07613623887300491,0.007215345744043589,0.037469394505023956,0.0625864639878273,0.05129950866103172,0.03148128092288971,0.006837642751634121,0.05741545930504799,0.07161518931388855,0.034006137400865555,0.08583137392997742,0.023929938673973083,0.06937386095523834,0.06020349636673927,0.031043875962495804,0.024062931537628174,0.017529837787151337,0.04535073786973953,0.03837383911013603
0.012838841415941715,0.07611314952373505,0.007213719189167023,0.013198692351579666,0.08275038748979568,0.05132540687918663,0.0314885638654232,0.006855931598693132,0.0075622196309268475,0.014074630104005337,0.03400580212473869,0.08589541912078857,0.0239108856767416,0.020885290578007698,0.040339916944503784,0.031082358211278915,0.024049971252679825,0.017492204904556274,0.01066060271114111,0.09082986414432526
0.0785662829875946,0.07667038589715958,0.007345224730670452,0.009818362072110176,0.04708241671323776,0.0815887525677681,0.0316958948969841,0.006922793574631214,0.008910562843084335,0.0370497964322567,0.06067737564444542,0.08644383400678635,0.024037973955273628,0.020280741155147552,0.026957359164953232,0.06003512069582939,0.02422717772424221,0.017475487664341927,0.011106559075415134,0.02826899290084839
0.16755732893943787,0.07870986312627792,0.0073736137710511684,0.013561783358454704,0.05920669436454773,0.09441380202770233,0.032192032784223557,0.007720885798335075,0.008122722618281841,0.0703023225069046,0.1058678925037384,0.08745505660772324,0.024373671039938927,0.021041901782155037,0.05885651335120201,0.0743224173784256,0.025146329775452614,0.017364727333188057,0.010288964956998825,0.03583749756217003
0.013194398954510689,0.07742755860090256,0.04401277005672455,0.01345771923661232,0.059595465660095215,0.054442647844552994,0.03157540783286095,0.0038170514162629843,0.008144150488078594,0.07096687704324722,0.03478710725903511,0.08625347167253494,0.05487043410539627,0.021182795986533165,0.05934348702430725,0.0314999483525753,0.024667128920555115,0.04759955406188965,0.010457356460392475,0.03605446591973305
0.013085451908409595,0.07735532522201538,0.007499693427234888,0.037701234221458435,0.05962970480322838,0.054414913058280945,0.03154945746064186,0.007722166366875172,0.056674569845199585,0.07095106691122055,0.03472895920276642,0.08616068959236145,0.025206832215189934,0.06966407597064972,0.05932220071554184,0.03145642951130867,0.024617817252874374,0.018344517797231674,0.04478150233626366,0.03601785749197006
0.013023728504776955,0.07732196152210236,0.007502700202167034,0.01343108993023634,0.07978588342666626,0.05440531298518181,0.03151737153530121,0.007717946544289589,0.008117026649415493,0.0138784721493721,0.034735217690467834,0.08617488294839859,0.025220565497875214,0.021197853609919548,0.03914130479097366,0.03142779693007469,0.02461005374789238,0.01833902671933174,0.010465598665177822,0.08811352401971817
0.06541117280721664,0.07811342924833298,0.0076262857764959335,0.010140232741832733,0.04707927629351616,0.07729387283325195,0.031833890825510025,0.007796296384185553,0.008451073430478573,0.04225341975688934,0.057493072003126144,0.0869872123003006,0.02539989911019802,0.020663103088736534,0.03206177055835724,0.05648424103856087,0.024874532595276833,0.01838468201458454,0.010850607417523861,0.02750941552221775
0.01318418700248003,0.26240482926368713,0.007472576107829809,0.010235979221761227,0.04706770181655884,0.054461002349853516,0.1046123281121254,0.0077904281206429005,0.008441656827926636,0.04224490746855736,0.03512410447001457,0.26532265543937683,0.025245115160942078,0.02070683054625988,0.031997475773096085,0.03162391483783722,0.08641955256462097,0.01832311972975731,0.010762758553028107,0.02765670232474804
0.16074763238430023,0.05636434257030487,0.011259997263550758,0.010142133571207523,0.05703483894467354,0.08888740837574005,0.02338905818760395,0.008975174278020859,0.008922676555812359,0.0802311822772026,0.11070644110441208,0.06344403326511383,0.03605644404888153,0.02136869728565216,0.06993698328733444,0.07790307700634003,0.01782829873263836,0.026153268292546272,0.010775894857943058,0.03615415468811989
0.01691218465566635,0.29245248436927795,0.011244898661971092,0.01019319612532854,0.05741790309548378,0.06575106084346771,0.1234080046415329,0.008996729739010334,0.00897341687232256,0.08024728298187256,0.03995829075574875,0.29034197330474854,0.03665195405483246,0.021482717245817184,0.06984464824199677,0.035519592463970184,0.09595043212175369,0.026990648359060287,0.010808718390762806,0.03675844892859459
0.017094410955905914,0.05566871911287308,0.046504031866788864,0.01008182018995285,0.05739143118262291,0.06597801297903061,0.02303866483271122,0.003146031405776739,0.00902051292359829,0.08099276572465897,0.03959672152996063,0.06270842999219894,0.043945543467998505,0.021443070843815804,0.07051166146993637,0.035253144800662994,0.01757742092013359,0.039051733911037445,0.010919618420302868,0.03638612851500511
0.017138326540589333,0.055602479726076126,0.01141530741006136,0.034237515181303024,0.05739256367087364,0.06596609950065613,0.02297600544989109,0.008973241783678532,0.06362501531839371,0.08096640557050705,0.03950075805187225,0.06255653500556946,0.0368661992251873,0.0700528621673584,0.07048063725233078,0.03518621250987053,0.017548559233546257,0.02716909348964691,0.046193741261959076,0.03633744642138481
0.017181403934955597,0.0555587001144886,0.011406663805246353,0.010059196501970291,0.07741837203502655,0.06602255254983902,0.022973017767071724,0.008968635462224483,0.009019354358315468,0.025466714054346085,0.039493363350629807,0.06262022256851196,0.03687562420964241,0.021434597671031952,0.049557268619537354,0.03517823666334152,0.01753256656229496,0.027177104726433754,0.01091767568141222,0.0870509147644043
0.01712195947766304,0.2149684727191925,0.011425557546317577,0.009229726158082485,0.042404551059007645,0.06643979996442795,0.085759237408638,0.009078655391931534,0.010406526736915112,0.044888369739055634,0.04003263637423515,0.21738111972808838,0.03708132356405258,0.021482665091753006,0.03712623193860054,0.03554599732160568,0.07056674361228943,0.02729986235499382,0.011111373081803322,0.025983117520809174
0.01488342322409153,0.3062019944190979,0.01038716547191143,0.01098609995096922,0.06081196665763855,0.059500470757484436,0.12891575694084167,0.009646228514611721,0.007185305468738079,0.07862478494644165,0.036726899445056915,0.3045874238014221,0.03454141691327095,0.01996486447751522,0.0670928955078125,0.032766193151474,0.10045730322599411,0.02521623857319355,0.00987774133682251,0.037847891449928284
0.014950445853173733,0.06666159629821777,0.0460624136030674,0.010857717134058475,0.060744840651750565,0.05982035771012306,0.02725551649928093,0.002932289382442832,0.007274188566952944,0.07924137264490128,0.036396242678165436,0.07446934282779694,0.04610353708267212,0.01993214152753353,0.06765609234571457,0.03261589631438255,0.021155506372451782,0.04085303097963333,0.01000470295548439,0.037497635930776596
0.01495337300002575,0.06662383675575256,0.010542547330260277,0.035059478133916855,0.06076757237315178,0.0598159022629261,0.02726784348487854,0.009612488560378551,0.060193974524736404,0.07922092080116272,0.036376047879457474,0.07444222271442413,0.034781232476234436,0.0684954822063446,0.06763128191232681,0.032587919384241104,0.02115521766245365,0.025442583486437798,0.04522532969713211,0.03747430071234703
0.014923620037734509,0.06663277000188828,0.0105524817481637,0.010823642835021019,0.08078115433454514,0.05980959162116051,0.027305157855153084,0.009621832519769669,0.007286036852747202,0.020589986816048622,0.036390889436006546,0.07450184226036072,0.034772492945194244,0.019921327009797096,0.045499224215745926,0.03256377577781677,0.021159714087843895,0.025423331186175346,0.009998690336942673,0.08873924612998962
0.056274596601724625,0.06733870506286621,0.010701581835746765,0.009074375033378601,0.046655457466840744,0.07760601490736008,0.027546996250748634,0.009736694395542145,0.008717474527657032,0.04590819031000137,0.0570635087788105,0.07522297650575638,0.03515905514359474,0.01972053200006485,0.03651193901896477,0.05556633323431015,0.021384628489613533,0.025613903999328613,0.010319528169929981,0.027615664526820183
0.015035446733236313,0.2352260798215866,0.010546267032623291,0.009176164865493774,0.046709004789590836,0.06012678146362305,0.09379132837057114,0.009742558002471924,0.008733870461583138,0.04590573534369469,0.03680415078997612,0.23799069225788116,0.03494030982255936,0.019775092601776123,0.03646557778120041,0.0328640416264534,0.07733417302370071,0.02552347257733345,0.010262294672429562,0.027852356433868408
0.1702479124069214,0.07979478687047958,0.00610412796959281,0.014362194575369358,0.05919000506401062,0.0966583862900734,0.032719798386096954,0.006748788524419069,0.008567501790821552,0.06794118881225586,0.10585620254278183,0.08883190900087357,0.020425381138920784,0.02167171984910965,0.05659092217683792,0.07458122074604034,0.02546759322285652,0.014490939676761627,0.010602740570902824,0.03584084287285805
0.01384484302252531,0.3170674443244934,0.006205505691468716,0.014441829174757004,0.059577398002147675,0.05260743200778961,0.13323305547237396,0.006737187970429659,0.00844472087919712,0.0679907575249672,0.03503156453371048,0.3163163661956787,0.021108655259013176,0.021832216531038284,0.05651533603668213,0.031786076724529266,0.1039532870054245,0.015318367630243301,0.010602619498968124,0.03622959181666374
0.013034774921834469,0.07820002734661102,0.0062872846610844135,0.038488537073135376,0.05959288030862808,0.05281901732087135,0.03195491060614586,0.006707492750138044,0.056048572063446045,0.06849513202905655,0.03471475839614868,0.08732106536626816,0.021250223740935326,0.07025959342718124,0.056962281465530396,0.03162728250026703,0.024862084537744522,0.015459904447197914,0.04488002508878708,0.035999149084091187
0.013021780177950859,0.0781291127204895,0.00631151394918561,0.014223884791135788,0.07978653162717819,0.052870627492666245,0.031955987215042114,0.006727922707796097,0.00856867153197527,0.012893946841359138,0.03471645712852478,0.0873185470700264,0.02128070779144764,0.02182668261229992,0.037877824157476425,0.03162632882595062,0.02483506128191948,0.015469441190361977,0.010808784514665604,0.08841518312692642
0.07375378161668777,0.07884342223405838,0.006409832276403904,0.010291566140949726,0.04646766185760498,0.08016497641801834,0.03220648318529129,0.006772521883249283,0.008841722272336483,0.039153072983026505,0.059706997126340866,0.08802537620067596,0.021381625905632973,0.02113928645849228,0.02884235605597496,0.05892200767993927,0.025057952851057053,0.015445714816451073,0.011201499961316586,0.027278700843453407
0.013175052590668201,0.280614972114563,0.006244942080229521,0.010408720932900906,0.0464671328663826,0.052777454257011414,0.11196456104516983,0.0067850141786038876,0.008845878764986992,0.03909000754356384,0.035090479999780655,0.2831578254699707,0.021261781454086304,0.021196646615862846,0.028768837451934814,0.031734541058540344,0.09245451539754868,0.015421531163156033,0.011140340939164162,0.027387060225009918
0.16769500076770782,0.08083246648311615,0.007254801224917173,0.014124791137874126,0.05995452404022217,0.09454566240310669,0.03292066231369972,0.00785807054489851,0.008646353147923946,0.06939108669757843,0.10461124777793884,0.08937598019838333,0.024095866829156876,0.02107558585703373,0.05749643221497536,0.07319114357233047,0.025901298969984055,0.017138171941041946,0.010189967229962349,0.035973258316516876
0.012667657807469368,0.07922328263521194,0.04397600144147873,0.013992449268698692,0.060333944857120514,0.05244193971157074,0.032119933515787125,0.0037376482505351305,0.008664052002131939,0.06998566538095474,0.033478062599897385,0.08787772804498672,0.055122412741184235,0.021211199462413788,0.057944416999816895,0.030280826613307,0.025284456089138985,0.047806866466999054,0.010370522737503052,0.036175064742565155
0.012593627907335758,0.0791781023144722,0.007402092218399048,0.03821476921439171,0.06035558134317398,0.05246260017156601,0.03211880102753639,0.00782720372080803,0.055576711893081665,0.06994502991437912,0.033430181443691254,0.08783472329378128,0.024964019656181335,0.0696665421128273,0.057892318814992905,0.03027087077498436,0.025267332792282104,0.018125666305422783,0.04445473849773407,0.036135245114564896
0.012585562653839588,0.07917371392250061,0.0074014910496771336,0.013974969275295734,0.080518938601017,0.052473124116659164,0.032127730548381805,0.007854945957660675,0.008658182807266712,0.012111353687942028,0.03339352458715439,0.08787304162979126,0.024953436106443405,0.021230394020676613,0.037492215633392334,0.03024035319685936,0.025284886360168457,0.018120937049388885,0.01038696151226759,0.08841598778963089
0.060609929263591766,0.07994800806045532,0.007502786815166473,0.010517723858356476,0.04944057762622833,0.07329495251178741,0.03239576891064644,0.007930470630526543,0.008016950450837612,0.0450989305973053,0.05443773418664932,0.0886698067188263,0.025135107338428497,0.02064736746251583,0.03423379361629486,0.053418904542922974,0.0255300123244524,0.018162382766604424,0.010718337260186672,0.02871476486325264
0.012671293690800667,0.2508052587509155,0.007366101257503033,0.010630618780851364,0.04947058856487274,0.05247899144887924,0.09989551454782486,0.00792158953845501,0.008020669221878052,0.04511577636003494,0.03377733752131462,0.254044771194458,0.024987589567899704,0.02070504240691662,0.03417474403977394,0.030425727367401123,0.08254923671483994,0.0180971696972847,0.010630117729306221,0.02889864519238472
0.1617685705423355,0.06672803312540054,0.010267396457493305,0.011297113262116909,0.057851895689964294,0.08950300514698029,0.027302928268909454,0.009069899097084999,0.007529206108301878,0.07639169692993164,0.10881991684436798,0.07420406490564346,0.033298932015895844,0.020632857456803322,0.06543193757534027,0.07632902264595032,0.02128797397017479,0.024028586223721504,0.01011594571173191,0.03577575087547302
0.015900779515504837,0.3033309578895569,0.010276103392243385,0.011364033445715904,0.058190230280160904,0.06229864060878754,0.12771090865135193,0.009076811373233795,0.0074960957281291485,0.07636430859565735,0.03804612159729004,0.30152833461761475,0.03392724320292473,0.020750025287270546,0.06529941409826279,0.033860884606838226,0.09956511110067368,0.024841612204909325,0.010137824341654778,0.03628142923116684
0.016011694446206093,0.06566537916660309,0.04589545354247093,0.011228235438466072,0.0581875704228878,0.06254125386476517,0.026728907600045204,0.0031149922870099545,0.00759844109416008,0.07703570276498795,0.037687934935092926,0.0731322169303894,0.046525876969099045,0.02071784995496273,0.06591211259365082,0.03362228721380234,0.020895767956972122,0.04115012660622597,0.010279498994350433,0.03599109128117561
0.016021782532334328,0.06557610630989075,0.010417133569717407,0.011193963699042797,0.07820912450551987,0.06254793703556061,0.026750855147838593,0.009056879207491875,0.007615338545292616,0.020184626802802086,0.037617143243551254,0.07306481897830963,0.03411844000220299,0.020710747689008713,0.04476918280124664,0.033579643815755844,0.020854638889431953,0.02504037320613861,0.01027420349419117,0.08716952055692673
0.06358934938907623,0.06629455089569092,0.010592881590127945,0.009041944518685341,0.04222496598958969,0.08332448452711105,0.02699636109173298,0.009164751507341862,0.009420264512300491,0.039703503251075745,0.061502642929553986,0.07379920035600662,0.03451661020517349,0.02043461613357067,0.030965222045779228,0.06001940742135048,0.021098904311656952,0.02521444670855999,0.010610360652208328,0.024881603196263313
0.01609429344534874,0.25930342078208923,0.01037365198135376,0.009138946421444416,0.04227384552359581,0.06285841763019562,0.10336242616176605,0.00916814524680376,0.009426319040358067,0.03968941792845726,0.03810623660683632,0.26092591881752014,0.034262388944625854,0.020500924438238144,0.030907560139894485,0.03387536108493805,0.0854722186923027,0.025088079273700714,0.010556208901107311,0.025087106972932816
0.1685459315776825,0.07859356701374054,0.007218983955681324,0.0137880127876997,0.060119226574897766,0.09511616826057434,0.032066721469163895,0.007666904479265213,0.008349580690264702,0.07021545618772507,0.10531439632177353,0.08706846833229065,0.023898672312498093,0.021104777231812477,0.0584428645670414,0.07385081797838211,0.025167191401124,0.01701189950108528,0.010223332792520523,0.03624147176742554
0.013354727998375893,0.31568804383277893,0.007229389622807503,0.013842436484992504,0.060497961938381195,0.052671853452920914,0.13261985778808594,0.007652779575437307,0.008236061781644821,0.07024072855710983,0.034417491406202316,0.3145420551300049,0.024552544578909874,0.021263599395751953,0.05836161598563194,0.031094441190361977,0.10359364002943039,0.017819203436374664,0.010210542939603329,0.036652274429798126
0.012780271470546722,0.07698497176170349,0.007352758664637804,0.03789866343140602,0.060526393353939056,0.0529172457754612,0.03128574416041374,0.00763419084250927,0.05621517822146416,0.07077945023775101,0.03406628221273422,0.08554650098085403,0.02473527565598488,0.06968563795089722,0.05883578211069107,0.030932826921343803,0.024549663066864014,0.01799628511071205,0.044594958424568176,0.036417342722415924
0.012748301960527897,0.07693532109260559,0.007356418762356043,0.01363345142453909,0.08068791031837463,0.05293258652091026,0.03128446638584137,0.007647127378731966,0.008346798829734325,0.012857533991336823,0.03407033532857895,0.08558339625597,0.02473403513431549,0.021267220377922058,0.03838111460208893,0.03090621903538704,0.02451581507921219,0.01798391528427601,0.010408901609480381,0.08861859142780304
0.06823502480983734,0.0776374414563179,0.0074699935503304005,0.010047093033790588,0.047853387892246246,0.07746049016714096,0.031527210026979446,0.007727034855633974,0.008499444462358952,0.04213354364037514,0.05767987668514252,0.0862869992852211,0.024904364719986916,0.020647676661610603,0.03153468295931816,0.05677026882767677,0.024753037840127945,0.018011027947068214,0.010791000910103321,0.027880407869815826
0.01282484456896782,0.26834696531295776,0.007310749031603336,0.010156896896660328,0.047889746725559235,0.05289741978049278,0.10696109384298325,0.0077245659194886684,0.00849982351064682,0.042128775268793106,0.03447111323475838,0.2708466053009033,0.02474932000041008,0.020726777613162994,0.031471189111471176,0.031069183722138405,0.08842659741640091,0.017954446375370026,0.010703223757445812,0.028037115931510925
0.016202006489038467,0.30273374915122986,0.010738575831055641,0.010617527179419994,0.060001298785209656,0.06326447427272797,0.12749674916267395,0.00991869531571865,0.007265070453286171,0.07959423214197159,0.03842908516526222,0.3008945882320404,0.03570051118731499,0.019803734496235847,0.06812434643507004,0.03414860740303993,0.09932773560285568,0.026080261915922165,0.009851893410086632,0.037481941282749176
0.01644405536353588,0.06336367875337601,0.04633472487330437,0.010492510162293911,0.059959642589092255,0.06354078650474548,0.025988459587097168,0.00286441040225327,0.007336098235100508,0.08030597120523453,0.03807670995593071,0.07091254740953445,0.045069411396980286,0.019775239750742912,0.06877451390028,0.03396932780742645,0.02011030539870262,0.04005451500415802,0.009972242638468742,0.03711257502436638
0.016418391838669777,0.06344500184059143,0.010897654108703136,0.03469344601035118,0.05998128280043602,0.06352592259645462,0.02600204572081566,0.009885238483548164,0.060686998069286346,0.08030025660991669,0.03802737593650818,0.07096071541309357,0.035922370851039886,0.06833035498857498,0.06876333802938461,0.033930156379938126,0.02011895179748535,0.026264620944857597,0.04527277499437332,0.03708469867706299
0.016455044969916344,0.06338883936405182,0.010898341424763203,0.010475467890501022,0.07995640486478806,0.0635853186249733,0.0260144155472517,0.00989188626408577,0.007326353807002306,0.021980732679367065,0.03803596645593643,0.07098089158535004,0.03593951091170311,0.019769620150327682,0.04648994654417038,0.033927347511053085,0.02009361796081066,0.026279272511601448,0.009948181919753551,0.08809833228588104
0.05419669672846794,0.06405103951692581,0.011049501597881317,0.008917507715523243,0.045640308409929276,0.07999621331691742,0.026235202327370644,0.010016951709985733,0.008794224821031094,0.046333350241184235,0.05839762091636658,0.071622833609581,0.03633412718772888,0.019600680097937584,0.037150971591472626,0.05669490247964859,0.02031632885336876,0.026491377502679825,0.010247020050883293,0.026991477236151695
0.01650293916463852,0.22941571474075317,0.010893825441598892,0.009001873433589935,0.04569602385163307,0.06392904371023178,0.09144061803817749,0.010021342895925045,0.008810588158667088,0.04635195806622505,0.038508690893650055,0.23203612864017487,0.03611050173640251,0.019648928195238113,0.037119824439287186,0.034237273037433624,0.07540633529424667,0.026374906301498413,0.01018119603395462,0.02724461816251278
0.1689319908618927,0.07726223021745682,0.006614158861339092,0.014075363986194134,0.059174794703722,0.09552644193172455,0.03163576126098633,0.007105768192559481,0.008409930393099785,0.06945832818746567,0.10578794032335281,0.08588766306638718,0.02191159687936306,0.021894773468375206,0.058015674352645874,0.0744091272354126,0.02467377483844757,0.015580530278384686,0.01068848930299282,0.03579569607973099
0.013614797033369541,0.31440332531929016,0.006639913655817509,0.01415363047271967,0.05954810604453087,0.05327072739601135,0.13215453922748566,0.00709777045994997,0.008306935429573059,0.0694732517004013,0.034987010061740875,0.313385933637619,0.022577837109565735,0.022062594071030617,0.05792226269841194,0.031648650765419006,0.10311335325241089,0.01637478545308113,0.010680965147912502,0.03622257709503174
0.012951083481311798,0.07576500624418259,0.0067445579916238785,0.038212329149246216,0.05957309901714325,0.05347779020667076,0.030913880094885826,0.00708159850910306,0.05669330805540085,0.07001488655805588,0.03465008735656738,0.08449367433786392,0.022746805101633072,0.07047796994447708,0.05839917063713074,0.03146105632185936,0.024106577038764954,0.01654893532395363,0.04495660960674286,0.0359739325940609
0.01292216032743454,0.07573118060827255,0.006754662375897169,0.013937017880380154,0.0797463059425354,0.053491491824388504,0.030923204496502876,0.00705424789339304,0.008431329391896725,0.01342713925987482,0.0346527099609375,0.08450732380151749,0.022739773616194725,0.022041495889425278,0.03860992193222046,0.03145355358719826,0.024084016680717468,0.016526423394680023,0.010876042768359184,0.08819623291492462
0.07078367471694946,0.07649248093366623,0.006880662869662046,0.01031519379466772,0.0464325025677681,0.0792006328701973,0.0311900544911623,0.0071679954417049885,0.009018423035740852,0.04031877964735031,0.05899159237742424,0.0852915421128273,0.022913925349712372,0.021446768194437027,0.030077027156949043,0.05810389667749405,0.024344466626644135,0.01656997762620449,0.011281575076282024,0.027142537757754326
0.013067285530269146,0.2728433310985565,0.006708378437906504,0.010432036593556404,0.04646028205752373,0.05352994427084923,0.10877575725317001,0.007161978166550398,0.009022685699164867,0.040304191410541534,0.0350533202290535,0.27525100111961365,0.02277395687997341,0.02149399369955063,0.03001520410180092,0.031632017344236374,0.08989354968070984,0.016522832214832306,0.01119906548410654,0.027297375723719597
0.01558170560747385,0.303187757730484,0.010438061319291592,0.010979963466525078,0.06103460490703583,0.06149790808558464,0.127661794424057,0.009603196755051613,0.007190010976046324,0.07881926000118256,0.03759140893816948,0.3012574315071106,0.03464234992861748,0.019977992400527,0.06716645509004593,0.03347623348236084,0.0995195284485817,0.025307253003120422,0.009853500872850418,0.037918820977211
0.01571068726480007,0.06372032314538956,0.04609687998890877,0.010838375426828861,0.06100672855973244,0.06180587783455849,0.026021067053079605,0.002948916284367442,0.00727302860468626,0.07955630868673325,0.03727225214242935,0.071134552359581,0.04601474106311798,0.01994074136018753,0.06784848123788834,0.03330967575311661,0.020240381360054016,0.04079488292336464,0.00999435130506754,0.03758757933974266
0.015736564993858337,0.06373071670532227,0.010578514076769352,0.03504358232021332,0.06103167682886124,0.06180083379149437,0.02604624256491661,0.009586160071194172,0.06013965606689453,0.07952290773391724,0.03723771497607231,0.07110588252544403,0.03487773239612579,0.06848443299531937,0.06780917197465897,0.03325625881552696,0.02024366892874241,0.025510607287287712,0.0451543815433979,0.03755214810371399
0.01575220189988613,0.06368890404701233,0.010600299574434757,0.010816415771842003,0.08104410022497177,0.061816755682229996,0.026055708527565002,0.009592166170477867,0.007304124068468809,0.020588062703609467,0.03722044453024864,0.0711512491106987,0.03488469123840332,0.019933834671974182,0.045455992221832275,0.03326120972633362,0.020226849243044853,0.025522125884890556,0.009980462491512299,0.08880680799484253
0.055378496646881104,0.06437046080827713,0.010744938626885414,0.00905643217265606,0.04697167128324509,0.0789438858628273,0.026318766176700592,0.0096827931702137,0.00872171763330698,0.04636656120419502,0.05789186432957649,0.07183238118886948,0.03524742275476456,0.019725162535905838,0.03681742399930954,0.05626698210835457,0.020455293357372284,0.025703180581331253,0.010298702865839005,0.0277303047478199
0.015823882073163986,0.23160788416862488,0.01057972852140665,0.009142635390162468,0.04702489823102951,0.06215880811214447,0.09229563921689987,0.00969382282346487,0.008718809112906456,0.04637427255511284,0.03769588842988014,0.23403523862361908,0.035028912127017975,0.019789056852459908,0.03677789866924286,0.03356078267097473,0.07616334408521652,0.025603685528039932,0.010223174467682838,0.027970800176262856
0.16140992939472198,0.06646359711885452,0.01047530211508274,0.01096551213413477,0.058924488723278046,0.08935592323541641,0.027019403874874115,0.00891366321593523,0.007780426647514105,0.07815999537706375,0.10815448313951492,0.07347693294286728,0.033820170909166336,0.020882058888673782,0.0670282319188118,0.07580219954252243,0.021271882578730583,0.02445339970290661,0.010191374458372593,0.036506667733192444
0.015817780047655106,0.30314722657203674,0.010479068383574486,0.01103353500366211,0.05929163098335266,0.06157667934894562,0.12756888568401337,0.008948619477450848,0.007761306595057249,0.07815150916576385,0.0374455600976944,0.3010270893573761,0.03443019837141037,0.021000763401389122,0.06691984087228775,0.033296532928943634,0.09958486258983612,0.025256143882870674,0.010213370434939861,0.03704465925693512
0.01601901836693287,0.06538257747888565,0.046008188277482986,0.010877473279833794,0.0592644177377224,0.06190737336874008,0.02644919604063034,0.003151033306494355,0.007883157581090927,0.07883039861917496,0.03710942342877388,0.07239481061697006,0.04606444016098976,0.02096451446413994,0.06753412634134293,0.03308546915650368,0.020875703543424606,0.0407533161342144,0.010356346145272255,0.036724597215652466
0.016060786321759224,0.06533687561750412,0.010631735436618328,0.010853470303118229,0.07929305732250214,0.06188138946890831,0.026462214067578316,0.008921202272176743,0.007877380587160587,0.021190239116549492,0.03703482449054718,0.07240596413612366,0.03463974967598915,0.0209580659866333,0.04583814740180969,0.0330398827791214,0.020857183262705803,0.02544677071273327,0.010343014262616634,0.08782222121953964
0.060881949961185455,0.06594441086053848,0.010787585750222206,0.008980674669146538,0.043370090425014496,0.08142901211977005,0.02665030211210251,0.009017420932650566,0.009667834267020226,0.041551195085048676,0.05998094379901886,0.07299063354730606,0.034958913922309875,0.020709604024887085,0.03269697725772858,0.05846834182739258,0.02106342650949955,0.025587918236851692,0.010636845603585243,0.0256265290081501
0.016059409826993942,0.25179222226142883,0.010582128539681435,0.009070479311048985,0.043391890823841095,0.062101319432258606,0.10025276988744736,0.009011639282107353,0.009652391076087952,0.041515324264764786,0.037442099303007126,0.25327685475349426,0.034707579761743546,0.020763011649250984,0.03264160454273224,0.03327528387308121,0.08303676545619965,0.025450190529227257,0.010575974360108376,0.025832589715719223
0.16007950901985168,0.06631782650947571,0.010809828527271748,0.011414776556193829,0.057618968188762665,0.0882880836725235,0.026940258219838142,0.009450954385101795,0.00748596852645278,0.07586035132408142,0.10851563513278961,0.07332257181406021,0.035012148320674896,0.020506104454398155,0.06474681943655014,0.075932078063488,0.02124265767633915,0.02527530863881111,0.009916034527122974,0.03545939922332764
0.016598984599113464,0.30292463302612305,0.010804122313857079,0.011474799364805222,0.05795757845044136,0.06298889964818954,0.12747831642627716,0.009476269595324993,0.0074399784207344055,0.07583246380090714,0.03777993470430374,0.3008015751838684,0.03560664877295494,0.020634010434150696,0.06462106108665466,0.03351816162467003,0.09951736032962799,0.02608991414308548,0.009905911050736904,0.03595355153083801
0.016881907358765602,0.06533567607402802,0.04627273976802826,0.011316463351249695,0.05795346945524216,0.06331685185432434,0.02642926014959812,0.0029637955594807863,0.007577680982649326,0.07649100571870804,0.03740798309445381,0.07233881205320358,0.04502278193831444,0.020597200840711594,0.06522480398416519,0.033292949199676514,0.0208603348582983,0.03998829796910286,0.010069523938000202,0.03565873205661774
0.016938820481300354,0.06527907401323318,0.010959976352751255,0.01130678690969944,0.07802493125200272,0.06331226229667664,0.026446040719747543,0.009471227414906025,0.007583420258015394,0.019437342882156372,0.03734877333045006,0.0723377913236618,0.035847049206495285,0.020588887855410576,0.04400443285703659,0.03322222828865051,0.02084226720035076,0.02627824805676937,0.010067770257592201,0.08687690645456314
0.06215646117925644,0.06584668904542923,0.011103164404630661,0.008929007686674595,0.04232722893357277,0.08324141055345535,0.026595374569296837,0.009562908671796322,0.009228951297700405,0.040075913071632385,0.06118527427315712,0.07288258522748947,0.036179352551698685,0.020264267921447754,0.03111543133854866,0.05967332050204277,0.021041497588157654,0.026442397385835648,0.01037471555173397,0.02476421184837818
0.016874736174941063,0.2588905394077301,0.01089295744895935,0.009025605395436287,0.042337652295827866,0.06351599842309952,0.1030832976102829,0.009550011716783047,0.00923977605998516,0.040061529725790024,0.037802375853061676,0.2601207494735718,0.03589509055018425,0.02030063606798649,0.031054124236106873,0.03349434211850166,0.0854252502322197,0.02628164179623127,0.010311597026884556,0.024949217215180397
0.1638994961977005,0.06292780488729477,0.009940875694155693,0.010593384504318237,0.06126963347196579,0.09121100604534149,0.02604842185974121,0.008271214552223682,0.007972681894898415,0.08041399717330933,0.10864560306072235,0.07068326324224472,0.03196726739406586,0.020694812759757042,0.06931192427873611,0.07640127837657928,0.019949788227677345,0.023143572732806206,0.010473317466676235,0.03825262933969498
0.015215130522847176,0.29936718940734863,0.009958012029528618,0.010644364170730114,0.06167662888765335,0.06068278104066849,0.12616337835788727,0.008300588466227055,0.007975972257554531,0.08043691515922546,0.03784579783678055,0.2977270781993866,0.032600875943899155,0.020799174904823303,0.06920135766267776,0.03388877213001251,0.09817942976951599,0.02396235242486,0.010511511005461216,0.03883630409836769
0.015084403567016125,0.06200489401817322,0.04560326039791107,0.010528641752898693,0.061644311994314194,0.0609138198196888,0.025596540421247482,0.003493762342259288,0.00804580096155405,0.08116410672664642,0.037488922476768494,0.06974168866872787,0.04767110198736191,0.020773906260728836,0.06985168904066086,0.03367108479142189,0.01961589604616165,0.041968561708927155,0.010627700947225094,0.03849390149116516
0.015022085048258305,0.06201763451099396,0.010115659795701504,0.03471241146326065,0.06167784333229065,0.060883063822984695,0.02559637650847435,0.008294210769236088,0.06207533925771713,0.08115614205598831,0.03746483474969864,0.06971696019172668,0.03282461315393448,0.06933683902025223,0.06983735412359238,0.03362101688981056,0.019607296213507652,0.024150576442480087,0.04588416963815689,0.038462184369564056
0.05804557725787163,0.06261630356311798,0.010238396003842354,0.009208324365317822,0.0463734045624733,0.07929285615682602,0.02584282122552395,0.008386282250285149,0.009641220793128014,0.04495542496442795,0.058442238718271255,0.07038462162017822,0.03315093740820885,0.020656390115618706,0.036069244146347046,0.05694514513015747,0.019810229539871216,0.02432207390666008,0.010915271937847137,0.02785184234380722
0.015126795507967472,0.23198989033699036,0.010091236792504787,0.00929330661892891,0.046452153474092484,0.06123264506459236,0.09249942749738693,0.008391600102186203,0.009675957262516022,0.044956739991903305,0.03790599852800369,0.234595388174057,0.03296097740530968,0.020710095763206482,0.03604884818196297,0.0339227169752121,0.07622313499450684,0.024234488606452942,0.010856111533939838,0.028124621137976646
0.16235993802547455,0.061822596937417984,0.010381322354078293,0.010419020429253578,0.059115517884492874,0.090115986764431,0.025626366958022118,0.008531050756573677,0.008113613352179527,0.0797635018825531,0.11011601984500885,0.06954477727413177,0.033355556428432465,0.02068602666258812,0.0691261887550354,0.07754939049482346,0.019594114273786545,0.024156004190444946,0.01049360167235136,0.037161290645599365
0.016148855909705162,0.298125296831131,0.010400444269180298,0.01047335471957922,0.05949221923947334,0.06382109969854355,0.12568961083889008,0.008568085730075836,0.008149861358106136,0.07977824658155441,0.03933745250105858,0.2964661419391632,0.033986546099185944,0.020791325718164444,0.06901886314153671,0.03509748354554176,0.09775977581739426,0.024981055408716202,0.010525841265916824,0.037747759371995926
0.016201414167881012,0.06089792400598526,0.045905862003564835,0.010352293029427528,0.05946899577975273,0.06406896561384201,0.025172293186187744,0.003346281824633479,0.008188720792531967,0.08049509674310684,0.038962338119745255,0.0685906782746315,0.046378184109926224,0.02075861021876335,0.06966983526945114,0.03484439477324486,0.019227348268032074,0.040964122861623764,0.010637745261192322,0.037396106868982315
0.016179092228412628,0.06087193638086319,0.01054715272039175,0.03452472761273384,0.05949746444821358,0.06407415866851807,0.025168387219309807,0.00854356586933136,0.06243487074971199,0.08048637956380844,0.03892165794968605,0.06855180859565735,0.03418973833322525,0.06930852681398392,0.06963274627923965,0.034807272255420685,0.01923418417572975,0.025168318301439285,0.04596579447388649,0.037370748817920685
0.056061215698719025,0.06145211309194565,0.010674498975276947,0.009148566983640194,0.044173140078783035,0.08122625946998596,0.025381963700056076,0.008627014234662056,0.00973325502127409,0.044013701379299164,0.05944106727838516,0.06916444003582001,0.034519366919994354,0.020652322098612785,0.03577515482902527,0.05773650109767914,0.0194051805883646,0.025334758684039116,0.010894541628658772,0.02667391486465931
0.016242779791355133,0.22805331647396088,0.010539613664150238,0.00924308504909277,0.04424748569726944,0.06444717943668365,0.09095410257577896,0.008652722463011742,0.00974718015640974,0.04402358829975128,0.03937869146466255,0.23072996735572815,0.03437117487192154,0.02071455866098404,0.03574376925826073,0.03510010614991188,0.07489699125289917,0.025294197723269463,0.010858063586056232,0.026948491111397743
0.17255385220050812,0.08134516328573227,0.005855611991137266,0.01333910133689642,0.061851292848587036,0.0985192060470581,0.033708520233631134,0.006017198320478201,0.007530181668698788,0.07136329263448715,0.1062207743525505,0.09142843633890152,0.019310394302010536,0.020981473848223686,0.0601838193833828,0.07507015764713287,0.02583302929997444,0.013778472319245338,0.010648812167346478,0.03805912286043167
0.014630002900958061,0.31850630044937134,0.005941453389823437,0.013413912616670132,0.062268007546663284,0.05187944322824478,0.13388676941394806,0.005995067302137613,0.007436990737915039,0.0714157372713089,0.03529531508684158,0.31847357749938965,0.020005127415060997,0.02111603133380413,0.06012316793203354,0.032207880169153214,0.10426370054483414,0.014601203612983227,0.010680700652301311,0.038498587906360626
0.013752014376223087,0.07983080297708511,0.042997363954782486,0.013249321840703487,0.06227235123515129,0.052102718502283096,0.03301847353577614,0.005156253930181265,0.007530820555984974,0.07205972075462341,0.03503294661641121,0.09007801860570908,0.059521645307540894,0.021104227751493454,0.06071286275982857,0.03206735476851463,0.025216445326805115,0.05105135589838028,0.010832861997187138,0.03829127177596092
0.013570431619882584,0.07973245531320572,0.006053838413208723,0.03749039024114609,0.062296781688928604,0.0520535483956337,0.03300013020634651,0.0059892041608691216,0.0577249713242054,0.07203556597232819,0.03499194234609604,0.08997233957052231,0.020182644948363304,0.06957182288169861,0.060657236725091934,0.032059792429208755,0.02519027516245842,0.014777959324419498,0.045494161546230316,0.03824310377240181
0.013508373871445656,0.07967925071716309,0.006032750941812992,0.013227983377873898,0.08247074484825134,0.05205584317445755,0.033032044768333435,0.0059969183057546616,0.0075052655301988125,0.01457760576158762,0.03499937802553177,0.08997146785259247,0.020157698541879654,0.021120231598615646,0.040751054883003235,0.032055001705884933,0.025159642100334167,0.01477643009275198,0.010826981626451015,0.09066322445869446
0.08067883551120758,0.08039498329162598,0.006193625740706921,0.009957581758499146,0.04649292677640915,0.08320360630750656,0.03325654938817024,0.006069841329008341,0.00909182894974947,0.036694567650556564,0.061843253672122955,0.09070714563131332,0.020287591964006424,0.020554469898343086,0.026711486279964447,0.06123730167746544,0.025410419330000877,0.014722872525453568,0.011285826563835144,0.027902480214834213
0.1631166785955429,0.06283669173717499,0.010219878517091274,0.01044052466750145,0.06000802665948868,0.09071502089500427,0.02606799826025963,0.008638610132038593,0.007905584760010242,0.08005120605230331,0.10950442403554916,0.0706866905093193,0.03291334584355354,0.02045385353267193,0.06914076954126358,0.07708677649497986,0.019895942881703377,0.02379823848605156,0.010368631221354008,0.037568461149930954
0.015640003606677055,0.29947811365127563,0.010224929079413414,0.01049543172121048,0.0604102686047554,0.06238932907581329,0.12621092796325684,0.00867827795445919,0.007919126190245152,0.08010491728782654,0.03871207684278488,0.2978908121585846,0.03355112671852112,0.020555341616272926,0.06908410042524338,0.03455818071961403,0.09820132702589035,0.024635257199406624,0.010408430360257626,0.03815992549061775
0.015643320977687836,0.06214376911520958,0.04580763354897499,0.01038389839231968,0.060411397367715836,0.06266986578702927,0.0256553553044796,0.003291941015049815,0.007965601049363613,0.08084068447351456,0.0383574441075325,0.06997412443161011,0.046828579157590866,0.02051563188433647,0.06973984092473984,0.03435836732387543,0.01962544396519661,0.0413396917283535,0.010513459332287312,0.0378357358276844
0.015603212639689445,0.06212406978011131,0.010376517660915852,0.03454338759183884,0.060426805168390274,0.06264566630125046,0.02569398283958435,0.008647450245916843,0.06207144632935524,0.08084985613822937,0.03829498216509819,0.0699448511004448,0.033756230026483536,0.06907544285058975,0.0697346031665802,0.03430426865816116,0.019629744812846184,0.024805625900626183,0.0458454005420208,0.0377890020608902
0.05720053240656853,0.06270090490579605,0.010513183660805225,0.009112559258937836,0.04512506350874901,0.08039309829473495,0.02589741162955761,0.008739928714931011,0.009544620290398598,0.044503841549158096,0.059079233556985855,0.07058528065681458,0.03410278260707855,0.02041850984096527,0.035914260894060135,0.05748184770345688,0.019805997610092163,0.024988921359181404,0.010794495232403278,0.027129383757710457
0.015653420239686966,0.23113711178302765,0.01035889983177185,0.009200706146657467,0.0452001579105854,0.06302979588508606,0.09222052991390228,0.008745547384023666,0.00955177191644907,0.0445113331079483,0.03876446932554245,0.23388075828552246,0.033920858055353165,0.020479384809732437,0.03590001165866852,0.03458639979362488,0.07592222839593887,0.02492159977555275,0.010733185335993767,0.02740297093987465
0.1624748259782791,0.06261768192052841,0.010133634321391582,0.010616290383040905,0.05993267893791199,0.09020454436540604,0.025908002629876137,0.008564419113099575,0.007877795957028866,0.07983916997909546,0.1096104308962822,0.07029827684164047,0.03268568217754364,0.020606830716133118,0.06885659694671631,0.0771397054195404,0.019859742373228073,0.023646280169487,0.010404386557638645,0.03742808476090431
0.01591038703918457,0.299014687538147,0.010143793188035488,0.010663407854735851,0.060315314680337906,0.06297463923692703,0.12602218985557556,0.008565276861190796,0.007903693243861198,0.07984483242034912,0.03880852833390236,0.2973553538322449,0.033289652317762375,0.020704414695501328,0.06875096261501312,0.03462103009223938,0.09806076437234879,0.024444378912448883,0.010436100885272026,0.03800420090556145
0.015942061319947243,0.061685699969530106,0.04576540365815163,0.010547845624387264,0.060294318944215775,0.06320001184940338,0.02542547509074211,0.00333723914809525,0.007955395616590977,0.08057545870542526,0.03847724571824074,0.06936400383710861,0.0470442958176136,0.020673969760537148,0.069391630589962,0.03439582139253616,0.019518671557307243,0.04149387776851654,0.010556726716458797,0.037665389478206635
0.015909643843770027,0.06169791892170906,0.010305321775376797,0.03472087159752846,0.06031759828329086,0.06325022131204605,0.02546057105064392,0.008578588254749775,0.06187896057963371,0.08053828030824661,0.03843577206134796,0.0693449079990387,0.03351077437400818,0.06923177093267441,0.06936080008745193,0.034354835748672485,0.01950904354453087,0.02464427798986435,0.0457913875579834,0.03764152154326439
0.05784435570240021,0.06227385252714157,0.010441411286592484,0.00914893951267004,0.04482698813080788,0.08124511688947678,0.025668222457170486,0.008650201372802258,0.009572729468345642,0.04389583319425583,0.059660203754901886,0.06996102631092072,0.03384979069232941,0.020538223907351494,0.035237159579992294,0.058042436838150024,0.019710587337613106,0.024819953367114067,0.010837442241609097,0.026863768696784973
0.015998778864741325,0.23448948562145233,0.010284042917191982,0.009247618727385998,0.04492781311273575,0.06362488865852356,0.09351083636283875,0.00864443089812994,0.009597563184797764,0.04390642046928406,0.03887832164764404,0.23698806762695312,0.03365717828273773,0.02060783840715885,0.03521436080336571,0.034662023186683655,0.07707444578409195,0.024717194959521294,0.010785061866044998,0.027142079547047615
0.1710508167743683,0.07947467267513275,0.006124930456280708,0.014134882017970085,0.06040700525045395,0.09726107120513916,0.03267371281981468,0.0067437272518873215,0.008270313031971455,0.06915384531021118,0.10545334219932556,0.08867629617452621,0.02048228308558464,0.02159174345433712,0.05771850422024727,0.0742451548576355,0.025331227108836174,0.014542846009135246,0.010660075582563877,0.03668103739619255
0.01381992269307375,0.31661859154701233,0.006212604697793722,0.014208413660526276,0.060782961547374725,0.051506027579307556,0.13307490944862366,0.006724697537720203,0.00815989077091217,0.06919855624437332,0.034552592784166336,0.3160041272640228,0.02115924097597599,0.021746357902884483,0.05764927342534065,0.03139081224799156,0.10376507043838501,0.015361649915575981,0.01064926665276289,0.037114113569259644
0.01298915222287178,0.07788316905498505,0.0063171167857944965,0.038257088512182236,0.060812897980213165,0.05173029378056526,0.03191715478897095,0.00671289162710309,0.0564752072095871,0.0697401836514473,0.03420921415090561,0.08721195161342621,0.02132262848317623,0.0701410323381424,0.05813383683562279,0.03121631033718586,0.024710875004529953,0.01552409864962101,0.045008257031440735,0.0368649922311306
0.012908123433589935,0.07788252085447311,0.00632962491363287,0.013998858630657196,0.08102904260158539,0.05174870416522026,0.03196903318166733,0.006711502093821764,0.008247815072536469,0.012972857803106308,0.03420206531882286,0.08725906163454056,0.021332068368792534,0.021741369739174843,0.03855562210083008,0.03120575286448002,0.024716202169656754,0.015534874983131886,0.010842771269381046,0.08931560814380646
0.07441246509552002,0.07847323268651962,0.006435790099203587,0.010287628509104252,0.04723052307963371,0.07963002473115921,0.03214958310127258,0.006773409433662891,0.008860527537763119,0.03936651721596718,0.05927811563014984,0.08785887807607651,0.021431751549243927,0.021097371354699135,0.029001763090491295,0.05854840576648712,0.024905774742364883,0.015478494577109814,0.011243672110140324,0.02788630872964859
0.013085821643471718,0.2803303003311157,0.00627260934561491,0.010395591147243977,0.04726528748869896,0.051622748374938965,0.11186010390520096,0.006777586415410042,0.008881780318915844,0.03932047635316849,0.03455932438373566,0.28301674127578735,0.021319624036550522,0.021143892779946327,0.028919480741024017,0.03131777420639992,0.09233050793409348,0.015482200309634209,0.011194916442036629,0.02801305241882801
0.16253529489040375,0.061553556472063065,0.010274768806993961,0.010211139917373657,0.059347908943891525,0.09034796804189682,0.025556523352861404,0.008675938472151756,0.008146796375513077,0.08068618178367615,0.11045537889003754,0.06931519508361816,0.03316320851445198,0.020480751991271973,0.06991537660360336,0.07788003981113434,0.01946629211306572,0.02399178221821785,0.010414947755634785,0.037332113832235336
0.016179416328668594,0.29798462986946106,0.01029741670936346,0.01025738101452589,0.05974852293729782,0.06425701826810837,0.1256043165922165,0.0087042935192585,0.00817316398024559,0.08069964498281479,0.03971201181411743,0.2963269054889679,0.033820122480392456,0.020593414083123207,0.06982986629009247,0.03542298078536987,0.09769021719694138,0.024839844554662704,0.010457098484039307,0.0379217229783535
0.016173405572772026,0.06069524213671684,0.045878708362579346,0.01016444992274046,0.05971772223711014,0.06444451957941055,0.025108683854341507,0.003273624461144209,0.00821127463132143,0.0814371407032013,0.03936409950256348,0.06844020634889603,0.04657136648893356,0.020553909242153168,0.07047779858112335,0.03518317639827728,0.01916288025677204,0.041133806109428406,0.01055904570966959,0.037571631371974945
0.016164235770702362,0.06074760481715202,0.010452820919454098,0.034301094710826874,0.059743981808423996,0.06446822732686996,0.02515009231865406,0.008671232499182224,0.0626123771071434,0.08140934258699417,0.03929998353123665,0.06847570836544037,0.03401309251785278,0.06909982115030289,0.07044924795627594,0.03515397384762764,0.019173450767993927,0.025021135807037354,0.04594568908214569,0.03754331171512604
0.057200804352760315,0.06128920614719391,0.010583668947219849,0.009020945057272911,0.04396580904722214,0.08203539997339249,0.02536124177277088,0.008769232779741287,0.009736881591379642,0.04389011487364769,0.06017956882715225,0.06905429810285568,0.034349095076322556,0.020469946786761284,0.03563535585999489,0.05848514661192894,0.019347799941897392,0.025183293968439102,0.010827443562448025,0.026520945131778717
0.016255734488368034,0.23057147860527039,0.010454022325575352,0.009113728068768978,0.04406118765473366,0.06490430235862732,0.09197445213794708,0.008772166445851326,0.009733392857015133,0.04389994964003563,0.039762236177921295,0.23321884870529175,0.03418153524398804,0.0205274298787117,0.035611338913440704,0.03546862676739693,0.07574168592691422,0.025117648765444756,0.010775131173431873,0.02679293230175972
0.016126831993460655,0.3028435707092285,0.01082795299589634,0.010514182969927788,0.060024481266736984,0.06300787627696991,0.12761764228343964,0.010390566661953926,0.007166901137679815,0.07997764647006989,0.0382341668009758,0.3011018931865692,0.03615249693393707,0.019558243453502655,0.06846322864294052,0.034020472317934036,0.09941934049129486,0.026360219344496727,0.009774137288331985,0.037550538778305054
0.016315391287207603,0.06377889961004257,0.04643745347857475,0.010386163368821144,0.060051754117012024,0.06333468854427338,0.02615341916680336,0.002850518561899662,0.007220007479190826,0.08072817325592041,0.03798287734389305,0.07142142206430435,0.04469197615981102,0.01955382339656353,0.06916020065546036,0.03385620936751366,0.020223909988999367,0.039810944348573685,0.009887025691568851,0.03721075877547264
0.016370052471756935,0.06372134387493134,0.010991807095706463,0.034568265080451965,0.06008202210068703,0.06336428225040436,0.02614404819905758,0.010363992303609848,0.060663849115371704,0.08072850108146667,0.0379260815680027,0.07133056968450546,0.036426227539777756,0.06808246672153473,0.06914471089839935,0.033826522529125214,0.020197981968522072,0.02657514251768589,0.04523477703332901,0.037187300622463226
0.01641954854130745,0.06371235847473145,0.01098658051341772,0.010371561162173748,0.0800660103559494,0.06336144357919693,0.026180962100625038,0.01037853304296732,0.007233492564409971,0.022359326481819153,0.03790172562003136,0.0714205801486969,0.03643665090203285,0.019537359476089478,0.04681665450334549,0.03382701799273491,0.02019531838595867,0.026584051549434662,0.009898630902171135,0.08818185329437256
0.05526280775666237,0.06435257196426392,0.011150479316711426,0.00884636864066124,0.045367076992988586,0.08017922937870026,0.02637779712677002,0.010492225177586079,0.008728883229196072,0.0459052138030529,0.05864257737994194,0.07204677909612656,0.03684001788496971,0.01937365159392357,0.036746881902217865,0.0569734163582325,0.020414892584085464,0.02681090496480465,0.010180221870541573,0.026841962710022926
0.01641547679901123,0.2327878177165985,0.01098601520061493,0.008923379704356194,0.045416779816150665,0.06370861828327179,0.09281963855028152,0.010479387827217579,0.008714932017028332,0.04590218514204025,0.03837871178984642,0.23539625108242035,0.03659605607390404,0.019426370039582253,0.03671287000179291,0.034120749682188034,0.07653148472309113,0.02667454443871975,0.010116334073245525,0.02708054892718792
0.17392194271087646,0.08063498884439468,0.005550752859562635,0.013711833395063877,0.06213444843888283,0.09991185367107391,0.03351496532559395,0.005680060479789972,0.007666802499443293,0.07015454024076462,0.1055423766374588,0.09086212515830994,0.01828180067241192,0.02130872942507267,0.059047337621450424,0.0746760219335556,0.025537671521306038,0.013040369376540184,0.010824686847627163,0.038283735513687134
0.015009758993983269,0.31784066557884216,0.005641209427267313,0.013781058602035046,0.06255550682544708,0.050172317773103714,0.13368281722068787,0.005686834454536438,0.007587037049233913,0.07023651897907257,0.034645140171051025,0.31790974736213684,0.01897467114031315,0.021448645740747452,0.058997564017772675,0.031765688210725784,0.10402116179466248,0.013872584328055382,0.010855931788682938,0.03872213140130043
0.014018893241882324,0.07908738404512405,0.042793892323970795,0.013614537194371223,0.06255549192428589,0.050351690500974655,0.032829590141773224,0.0054316166788339615,0.00765862874686718,0.07087687402963638,0.03441496193408966,0.08950013667345047,0.06051540747284889,0.02142701856791973,0.05958719924092293,0.0316338874399662,0.02495202049612999,0.051769863814115524,0.011007411405444145,0.0385112389922142
0.013827166520059109,0.07903728634119034,0.005732276476919651,0.037843335419893265,0.06259215623140335,0.05033305287361145,0.03281340375542641,0.00566814886406064,0.057452719658613205,0.07083210349082947,0.03437111899256706,0.089426189661026,0.019138945266604424,0.06986245512962341,0.05953948572278023,0.03161697834730148,0.024920307099819183,0.014041139744222164,0.04553666710853577,0.03846850246191025
0.013780680485069752,0.07898419350385666,0.0057283188216388226,0.013586926274001598,0.08276019245386124,0.05040162801742554,0.032814715057611465,0.005667318124324083,0.007638138718903065,0.013932092115283012,0.034413617104291916,0.0894438773393631,0.019122440367937088,0.02145116776227951,0.040184613317251205,0.031616948544979095,0.02492315135896206,0.014041467569768429,0.011005478911101818,0.0910738855600357
0.08510473370552063,0.0796767920255661,0.005890887696295977,0.01004344318062067,0.04641217365860939,0.0843944400548935,0.03304680809378624,0.005705655552446842,0.009326237253844738,0.03510427474975586,0.06242455914616585,0.09011432528495789,0.019235918298363686,0.020820947363972664,0.0250084288418293,0.0619969367980957,0.02512488327920437,0.013970754109323025,0.011485624127089977,0.028030263260006905
0.1637856811285019,0.0631987527012825,0.009645282290875912,0.01085294783115387,0.05977148190140724,0.09132321923971176,0.026194151490926743,0.008085925132036209,0.008021404035389423,0.07880046963691711,0.1094045341014862,0.07111164927482605,0.030998732894659042,0.021027253940701485,0.06808322668075562,0.07709209620952606,0.020015370100736618,0.022417277097702026,0.010672278702259064,0.03745504841208458
0.015419699251651764,0.2999398708343506,0.009640650823712349,0.010924111120402813,0.06019417196512222,0.06185990571975708,0.1263926923274994,0.008116996847093105,0.008042321540415287,0.07890846580266953,0.038655027747154236,0.2983931303024292,0.03163120150566101,0.021143276244401932,0.06804870069026947,0.03456658869981766,0.09834881126880646,0.023244023323059082,0.01071706973016262,0.03805028274655342
0.015330064110457897,0.062445688992738724,0.04539615288376808,0.0108033437281847,0.06017076224088669,0.06207238510251045,0.025808662176132202,0.0035859367344528437,0.008106792345643044,0.07964430004358292,0.038317155092954636,0.07032545655965805,0.048574112355709076,0.021108834072947502,0.06871646642684937,0.03435857594013214,0.01974337175488472,0.04267042502760887,0.01081974245607853,0.03771648183465004
0.015310833230614662,0.06249982491135597,0.009798865765333176,0.03499412536621094,0.06021619215607643,0.06212818622589111,0.025852486491203308,0.008086799643933773,0.06206187233328819,0.07964269071817398,0.038228992372751236,0.0703650414943695,0.03186600282788277,0.06966610252857208,0.0686832144856453,0.03431045264005661,0.019741538912057877,0.023445624858140945,0.04601321369409561,0.03769092634320259
0.05969906225800514,0.06307576596736908,0.009928555227816105,0.009389990009367466,0.04458780959248543,0.08104487508535385,0.02605392038822174,0.008196835406124592,0.009803560562431812,0.04265457019209862,0.05977420508861542,0.07098942250013351,0.03215022757649422,0.02097013033926487,0.03423459082841873,0.058238860219717026,0.019928043708205223,0.023568810895085335,0.011121810413897038,0.026878761127591133
0.0153728649020195,0.23708592355251312,0.009772099554538727,0.009482864290475845,0.04466531053185463,0.06241714954376221,0.09457268565893173,0.008191080763936043,0.009814468212425709,0.042671412229537964,0.038708433508872986,0.23968817293643951,0.031961262226104736,0.021038761362433434,0.03420548513531685,0.03459569066762924,0.07792709022760391,0.023501906543970108,0.011065109632909298,0.027142604812979698
0.1604112684726715,0.0684390515089035,0.009793175384402275,0.012145630083978176,0.057203661650419235,0.08847926557064056,0.028032146394252777,0.008879674598574638,0.008152145892381668,0.07643501460552216,0.10670359432697296,0.07617055624723434,0.03187687322497368,0.02236468344926834,0.0654810294508934,0.07437644898891449,0.021823730319738388,0.0229563619941473,0.01113377045840025,0.03537273034453392
0.015894241631031036,0.3051443099975586,0.009790506213903427,0.012210479937493801,0.05751722306013107,0.06006208807229996,0.12843452394008636,0.008889240212738514,0.00815680343657732,0.0764167383313179,0.03588695079088211,0.3034913241863251,0.03245873004198074,0.022497929632663727,0.06535933166742325,0.03183883801102638,0.10014969855546951,0.02372109144926071,0.011158469133079052,0.03587103262543678
0.016166601330041885,0.0673932284116745,0.04559125378727913,0.01205088384449482,0.05751544237136841,0.060422081500291824,0.027467655017971992,0.003190897637978196,0.008233080618083477,0.07708098739385605,0.03558991104364395,0.07511460036039352,0.047558050602674484,0.0224530640989542,0.06595522910356522,0.03166385367512703,0.021431585773825645,0.042221903800964355,0.011304720304906368,0.03559119254350662
0.01624543033540249,0.06731322407722473,0.009936644695699215,0.012046554125845432,0.07760252058506012,0.060431379824876785,0.027501624077558517,0.008874626830220222,0.00825580582022667,0.020466933026909828,0.0355321504175663,0.07511548697948456,0.03266851603984833,0.022455628961324692,0.04488340765237808,0.03161850571632385,0.021410517394542694,0.02391166239976883,0.011302586644887924,0.08670423179864883
0.06115192174911499,0.06796453893184662,0.010107375681400299,0.009940885938704014,0.04171233996748924,0.0804186761379242,0.027675559744238853,0.008984706364572048,0.010228118859231472,0.040036655962467194,0.05909834802150726,0.07572683691978455,0.03300905227661133,0.022183852270245552,0.03136724606156349,0.057737138122320175,0.02161221392452717,0.02410218119621277,0.01165074110031128,0.024507150053977966
0.016235405579209328,0.25871679186820984,0.009899433702230453,0.010038832202553749,0.04174835607409477,0.0606008805334568,0.10314086079597473,0.008982248604297638,0.010241230949759483,0.040024809539318085,0.03591470047831535,0.26062044501304626,0.032763149589300156,0.022253436967730522,0.031306881457567215,0.03186517581343651,0.08526424318552017,0.02392267808318138,0.011587509885430336,0.02470938302576542
0.1696556955575943,0.07991471141576767,0.006745306774973869,0.013834466226398945,0.060711171478033066,0.0960891991853714,0.032778315246105194,0.0073236278258264065,0.008187425322830677,0.07006172835826874,0.10554424673318863,0.08899632096290588,0.02238324098289013,0.02087964303791523,0.05835915729403496,0.07416795194149017,0.025501079857349396,0.015911424532532692,0.010248487815260887,0.03674396127462387
0.013635842129588127,0.317048043012619,0.006756503134965897,0.013897893019020557,0.06109744310379028,0.05243128910660744,0.13321024179458618,0.0073001389391720295,0.008060957305133343,0.07011153548955917,0.0346163809299469,0.31634441018104553,0.023030372336506844,0.02104427106678486,0.05830126628279686,0.031383201479911804,0.10394386947154999,0.016702333465218544,0.010241552256047726,0.03715934604406357
0.012873328290879726,0.07840672880411148,0.006890037562698126,0.03794029355049133,0.061125826090574265,0.052632592618465424,0.03206746280193329,0.007282010745257139,0.056087784469127655,0.07066142559051514,0.034287434071302414,0.08758563548326492,0.02321488782763481,0.06941886246204376,0.05878162756562233,0.031208684667944908,0.02493424341082573,0.01689085364341736,0.044691476970911026,0.036924779415130615
0.01286195870488882,0.0782473161816597,0.006890585180372,0.013681999407708645,0.08131340891122818,0.052658505737781525,0.032029394060373306,0.0072858999483287334,0.008154468610882759,0.012829839251935482,0.03427095711231232,0.08751486241817474,0.023213358595967293,0.021034397184848785,0.03855164349079132,0.031199170276522636,0.02485518716275692,0.01687585934996605,0.010433083400130272,0.0892820656299591
0.07094676792621613,0.07889469712972641,0.006993580609560013,0.0100796427577734,0.048007793724536896,0.07858555018901825,0.03225640580058098,0.007357053924351931,0.008378658443689346,0.041147004812955856,0.058497365564107895,0.0881674662232399,0.023338599130511284,0.02039843425154686,0.030575895681977272,0.05770359933376312,0.025081390514969826,0.016872327774763107,0.010829143226146698,0.028159044682979584
0.012987572699785233,0.2742144763469696,0.006820486392825842,0.010176001116633415,0.04801975563168526,0.05260120704770088,0.10938787460327148,0.007350574247539043,0.008392108604311943,0.04111398011445999,0.034649331122636795,0.2770380675792694,0.02318282425403595,0.020454417914152145,0.030494743958115578,0.03134283050894737,0.09031842648983002,0.016803910955786705,0.010748387314379215,0.02828620932996273
0.1626332700252533,0.06333708763122559,0.010258249938488007,0.010363957844674587,0.059408605098724365,0.09039048850536346,0.02628430724143982,0.008610953576862812,0.007861778140068054,0.07990488409996033,0.1102263331413269,0.07132192701101303,0.03300990164279938,0.02031669206917286,0.06916634738445282,0.07765787839889526,0.02007303573191166,0.023875249549746513,0.010347437113523483,0.03732992708683014
0.01606922224164009,0.299797922372818,0.010237007401883602,0.010427543893456459,0.05980471894145012,0.06380695849657059,0.1263512670993805,0.00865838211029768,0.007904404774308205,0.07993768155574799,0.03943315148353577,0.29829323291778564,0.033615004271268845,0.020429443567991257,0.06907028704881668,0.03519866615533829,0.09831970930099487,0.02470432035624981,0.01038163248449564,0.03790266066789627
0.016056781634688377,0.06240690127015114,0.04583779722452164,0.010308993980288506,0.05977797135710716,0.0639895498752594,0.025800198316574097,0.0032960567623376846,0.007946813479065895,0.08065714687108994,0.0390908345580101,0.07035763561725616,0.046719882637262344,0.020394839346408844,0.06971330940723419,0.034949012100696564,0.019717546179890633,0.04125700518488884,0.01048867218196392,0.03755995258688927
0.01602337323129177,0.06245000287890434,0.010402118787169456,0.03447147458791733,0.059781819581985474,0.06399889290332794,0.025850016623735428,0.008623714558780193,0.06215057522058487,0.08063500374555588,0.03903324529528618,0.07036547362804413,0.033827487379312515,0.06894609332084656,0.06968831270933151,0.03488829359412193,0.019717764109373093,0.02488509751856327,0.04587014392018318,0.03752338886260986
0.058371651917696,0.06303056329488754,0.010558674111962318,0.009052355773746967,0.043940890580415726,0.08217532187700272,0.02605971321463585,0.008742490783333778,0.009544978849589825,0.04298285022377968,0.06036142632365227,0.07103883475065231,0.03419952094554901,0.02027563750743866,0.03469023108482361,0.05870181694626808,0.01989586092531681,0.025066319853067398,0.010755620896816254,0.02647438272833824
0.01617451198399067,0.23616184294223785,0.010389572009444237,0.009118368849158287,0.04400487616658211,0.06446737796068192,0.09420963376760483,0.008742598816752434,0.009555021300911903,0.042986780405044556,0.03948337957262993,0.23885305225849152,0.033980950713157654,0.020340193063020706,0.03465883433818817,0.0352158360183239,0.0776156634092331,0.02498246729373932,0.010717318393290043,0.0267410296946764
0.16661836206912994,0.0778261125087738,0.007899865508079529,0.012923321686685085,0.06047608703374863,0.09354332834482193,0.031788717955350876,0.007840409874916077,0.007707788608968258,0.07265277206897736,0.1064726710319519,0.08631900697946548,0.025935430079698563,0.020443953573703766,0.06089979410171509,0.07470551133155823,0.02488332986831665,0.018560556694865227,0.009962485171854496,0.03666684776544571
0.013521010987460613,0.07627776265144348,0.04435707628726959,0.012806551530957222,0.060846637934446335,0.055855873972177505,0.031018514186143875,0.0037857010029256344,0.007743322290480137,0.07324059307575226,0.03531350567936897,0.08486107736825943,0.05336781591176987,0.020568972453475,0.06135125458240509,0.03185825049877167,0.02430693432688713,0.04645086079835892,0.010130709037184715,0.036874208599328995
0.013476197607815266,0.07619763910770416,0.008053934201598167,0.037021152675151825,0.06087646633386612,0.05586304888129234,0.031015902757644653,0.00780184380710125,0.05702219530940056,0.07324478030204773,0.035198718309402466,0.08480136096477509,0.02680468000471592,0.06900402158498764,0.061332713812589645,0.03180607035756111,0.02428092435002327,0.01956453174352646,0.044594816863536835,0.03684258088469505
0.013463673181831837,0.07616811245679855,0.008037654682993889,0.01278471015393734,0.0810047909617424,0.05586143583059311,0.031026553362607956,0.007794408593326807,0.007738134358078241,0.014621972106397152,0.035179540514945984,0.08479348570108414,0.026753386482596397,0.020587297156453133,0.04022686183452606,0.03179676830768585,0.02426467090845108,0.01951771415770054,0.010127918794751167,0.08884929120540619
0.06253619492053986,0.07691036909818649,0.008179315365850925,0.009828825481235981,0.048261094838380814,0.07710576057434082,0.03129829466342926,0.007892727851867676,0.008205159567296505,0.04416440427303314,0.05722888186573982,0.08558406680822372,0.02703392319381237,0.020111963152885437,0.03377624228596687,0.05607393756508827,0.02451832965016365,0.019645225256681442,0.01049437653273344,0.02823638543486595
0.013537806458771229,0.25529924035072327,0.008023597300052643,0.009924150072038174,0.048295438289642334,0.05603639781475067,0.10172834247350693,0.007881741039454937,0.008214143104851246,0.04415751248598099,0.0356532484292984,0.25831374526023865,0.02684790827333927,0.020177345722913742,0.03373492509126663,0.032036807388067245,0.08405487984418869,0.019560489803552628,0.010413984768092632,0.028418639674782753
0.16331247985363007,0.06228456646203995,0.01002795621752739,0.010675130411982536,0.05894261971116066,0.0908961370587349,0.025777267292141914,0.008317108266055584,0.008105522952973843,0.07903173565864563,0.10978365689516068,0.06995512545108795,0.0322624109685421,0.02101093716919422,0.06833735853433609,0.07732689380645752,0.019740482792258263,0.023341462016105652,0.010562945157289505,0.03697054460644722
0.015715399757027626,0.29862722754478455,0.010039671324193478,0.010739688761532307,0.059338051825761795,0.06272095441818237,0.12587685883045197,0.008359137922525406,0.008123073726892471,0.07907111197710037,0.03894651308655739,0.29694846272468567,0.03287382796406746,0.02113475278019905,0.06825961917638779,0.03480299562215805,0.09795539081096649,0.02416745387017727,0.010597449727356434,0.03755553811788559
0.015639889985322952,0.061397045850753784,0.045655298978090286,0.010611696168780327,0.059305619448423386,0.06293003261089325,0.025327427312731743,0.0034649514127522707,0.008192112669348717,0.07975964993238449,0.03861198201775551,0.06905260682106018,0.04740792140364647,0.02109610103070736,0.0688929483294487,0.03456738591194153,0.01942514441907406,0.04177320376038551,0.01072339154779911,0.037204355001449585
0.015619966201484203,0.061432380229234695,0.010210110805928707,0.03478435426950455,0.05933068320155144,0.06297674775123596,0.02536630444228649,0.008336453698575497,0.062155380845069885,0.07975569367408752,0.038564786314964294,0.06907513737678528,0.03309161216020584,0.06962472200393677,0.06887434422969818,0.03454389423131943,0.019443562254309654,0.024355517700314522,0.04584131017327309,0.03719127178192139
0.05835527926683426,0.06202863156795502,0.010306624695658684,0.009251323528587818,0.04383464530110359,0.08118801563978195,0.025587469339370728,0.008451706729829311,0.009840532205998898,0.043009642511606216,0.05972932651638985,0.0697101354598999,0.033409398049116135,0.020976925268769264,0.0346987284719944,0.05814934894442558,0.019615041092038155,0.0244998000562191,0.010996938683092594,0.026381708681583405
0.015728823840618134,0.23346981406211853,0.01016927044838667,0.009351029992103577,0.04393531382083893,0.06329280138015747,0.09312009066343307,0.008456088602542877,0.009846048429608345,0.04303751885890961,0.038994304835796356,0.2359795719385147,0.033222563564777374,0.021041687577962875,0.034679729491472244,0.03481719642877579,0.07673487067222595,0.024447914212942123,0.010948816314339638,0.026670213788747787
0.16343951225280762,0.06446525454521179,0.009702550247311592,0.010872295126318932,0.05840292572975159,0.09094755351543427,0.02670290507376194,0.00808698683977127,0.008053835481405258,0.07821772247552872,0.1099097728729248,0.07246378809213638,0.031216442584991455,0.021105796098709106,0.06769957393407822,0.07744911313056946,0.020428035408258438,0.022585799917578697,0.010647251270711422,0.03667069971561432
0.015702780336141586,0.3009295165538788,0.009708631783723831,0.010923165827989578,0.05878238007426262,0.06284001469612122,0.1268000453710556,0.008104468695819378,0.008084390312433243,0.07827472686767578,0.03910282254219055,0.29943937063217163,0.031820692121982574,0.021221913397312164,0.06760984659194946,0.03493392467498779,0.09867231547832489,0.023401029407978058,0.010699030943214893,0.03725244849920273
0.01566777378320694,0.06346666067838669,0.0454472117125988,0.01080524642020464,0.058745868504047394,0.06310062110424042,0.026203876361250877,0.003583307843655348,0.008134245872497559,0.07896289229393005,0.03876061737537384,0.07144422829151154,0.048367347568273544,0.021178584545850754,0.06823465973138809,0.03474872559309006,0.02007136680185795,0.042500562965869904,0.0108066750690341,0.03691578283905983
0.01563754864037037,0.06346818804740906,0.009879590943455696,0.03497256338596344,0.058760859072208405,0.0630747601389885,0.02619999833405018,0.008079160004854202,0.062015730887651443,0.07892917096614838,0.038675252348184586,0.07141872495412827,0.03203678876161575,0.06971067935228348,0.06819192320108414,0.034685373306274414,0.020058127120137215,0.0235917866230011,0.04591278359293938,0.03687188774347305
0.05978948995471001,0.0640893280506134,0.00999536458402872,0.009363433346152306,0.0430484302341938,0.08196171373128891,0.026447394862771034,0.0081833116710186,0.009843875654041767,0.041663479059934616,0.06034199893474579,0.07209640741348267,0.032372068613767624,0.0210430771112442,0.03352773189544678,0.058775149285793304,0.02025703340768814,0.023735562339425087,0.011099624447524548,0.025963660329580307
0.015694143250584602,0.23966677486896515,0.00985152181237936,0.009459534659981728,0.0431397408246994,0.0634118914604187,0.09561580419540405,0.008185232058167458,0.009860619902610779,0.04166330769658089,0.039164695888757706,0.24227090179920197,0.03218087553977966,0.021101191639900208,0.03350376337766647,0.034971728920936584,0.07879327982664108,0.023669525980949402,0.011044234037399292,0.026214875280857086
0.1703472137451172,0.07669173181056976,0.006787078455090523,0.01282266341149807,0.061883457005023956,0.09665675461292267,0.03172292560338974,0.006559484172612429,0.007406882010400295,0.07326928526163101,0.1066315546631813,0.08605533838272095,0.022103726863861084,0.021096836775541306,0.06206455081701279,0.07521558552980423,0.024370525032281876,0.015831444412469864,0.010652236640453339,0.03816791623830795
0.014152373187243938,0.31363779306411743,0.006802833639085293,0.012886504642665386,0.06230786070227623,0.05368881672620773,0.13193878531455994,0.006545068230479956,0.007365042809396982,0.07331956177949905,0.035709526389837265,0.3131394684314728,0.022749099880456924,0.021212494000792503,0.06200401857495308,0.03241809457540512,0.10276259481906891,0.01664763130247593,0.010686163790524006,0.03863472491502762
0.013434306718409061,0.07532798498868942,0.043553147464990616,0.012725118547677994,0.06231065094470978,0.05395906791090965,0.031078483909368515,0.004702873062342405,0.007443670649081469,0.07399263978004456,0.03543147072196007,0.08479633182287216,0.05691476911306381,0.021203521639108658,0.06262143701314926,0.03228379786014557,0.023825181648135185,0.049075327813625336,0.01083681546151638,0.03839793801307678
0.013265966437757015,0.07519295066595078,0.006926161702722311,0.036949463188648224,0.06232761591672897,0.053902216255664825,0.031052518635988235,0.00653198454529047,0.05861483886837959,0.0739722028374672,0.03539709374308586,0.08466286957263947,0.022935163229703903,0.06965673714876175,0.06256711483001709,0.03224016726016998,0.02376534231007099,0.016810422763228416,0.04553952440619469,0.0383666455745697
0.01322497334331274,0.075104258954525,0.006918501108884811,0.012710260227322578,0.08245939761400223,0.05391644313931465,0.031028280034661293,0.006521502509713173,0.007443413138389587,0.015986019745469093,0.03538030385971069,0.08464373648166656,0.022936522960662842,0.021204769611358643,0.042098235338926315,0.03222697600722313,0.023755913600325584,0.01682032272219658,0.01083773747086525,0.09056229889392853
0.07706420868635178,0.07583166658878326,0.007069716230034828,0.009836154989898205,0.04617387056350708,0.08278361707925797,0.031259264796972275,0.006602517329156399,0.009288682602345943,0.03743841499090195,0.06159333512187004,0.08538498729467392,0.023096343502402306,0.020741131156682968,0.027696866542100906,0.0608636699616909,0.023989509791135788,0.01682247221469879,0.011252377182245255,0.02769153192639351
0.16015802323818207,0.05647566169500351,0.01126810535788536,0.010026659816503525,0.05721060186624527,0.08862079679965973,0.02341250330209732,0.008872383274137974,0.00878185499459505,0.08036403357982635,0.11120915412902832,0.06359723955392838,0.03601829707622528,0.021124113351106644,0.07004190236330032,0.07831905782222748,0.017877230420708656,0.026147041469812393,0.010638488456606865,0.03628132864832878
0.017361672595143318,0.29275253415107727,0.011254104785621166,0.010091432370245457,0.0576009526848793,0.06696416437625885,0.12350952625274658,0.008883449248969555,0.008816058747470379,0.08044867217540741,0.04048430174589157,0.29068097472190857,0.036608196794986725,0.02122459001839161,0.07000165432691574,0.035963770002126694,0.09606894105672836,0.026971761137247086,0.010687137022614479,0.03690806031227112
0.01760045811533928,0.05596911162137985,0.0464777834713459,0.009977839887142181,0.05756532400846481,0.06716935336589813,0.023143203929066658,0.0031822333112359047,0.008876691572368145,0.08119310438632965,0.04010213166475296,0.0630139410495758,0.04393585026264191,0.021185165271162987,0.07066832482814789,0.03568049892783165,0.017682110890746117,0.03906356543302536,0.010780849494040012,0.03652577102184296
0.017612475901842117,0.055996496230363846,0.011412419378757477,0.034103672951459885,0.057583581656217575,0.06718678772449493,0.02313903160393238,0.008864952251315117,0.0634523332118988,0.0811949372291565,0.04003706946969032,0.06302611529827118,0.03681793063879013,0.06972625106573105,0.0706605389714241,0.035669371485710144,0.017697496339678764,0.027150876820087433,0.04605033993721008,0.03648658096790314
0.017621945589780807,0.05595808103680611,0.01140368077903986,0.009961300529539585,0.07760640978813171,0.0671875923871994,0.023158876225352287,0.00888979434967041,0.008873624727129936,0.025664743036031723,0.040017373859882355,0.06307891756296158,0.03684404492378235,0.021175159141421318,0.04977276548743248,0.03561314567923546,0.01767965964972973,0.027179423719644547,0.010774566791951656,0.08727347105741501
0.017610805109143257,0.21766717731952667,0.011430192738771439,0.009124547243118286,0.04232332482933998,0.0676804780960083,0.08679977804422379,0.008980171754956245,0.010265159420669079,0.04445405676960945,0.040551140904426575,0.22002878785133362,0.037015460431575775,0.021211570128798485,0.03670394793152809,0.03598276153206825,0.0714920163154602,0.027287675067782402,0.010962207801640034,0.025948386639356613
0.17040641605854034,0.08162276446819305,0.006314240861684084,0.014252844266593456,0.060467734932899475,0.09677457064390182,0.033513933420181274,0.007484449539333582,0.008468681946396828,0.06911270320415497,0.10517550259828568,0.09092609584331512,0.02140447311103344,0.020922023802995682,0.05732697993516922,0.07394107431173325,0.026031965389847755,0.015118606388568878,0.010266042314469814,0.036483339965343475
0.013561136089265347,0.3186972439289093,0.006403702311217785,0.01432064175605774,0.060829952359199524,0.05146109685301781,0.13387836515903473,0.007459749933332205,0.008332271128892899,0.06910113990306854,0.0341823510825634,0.3181585371494293,0.02204727940261364,0.021074960008263588,0.057204537093639374,0.031044023111462593,0.10447712242603302,0.015905162319540977,0.010263911448419094,0.03685934469103813
0.01270423922687769,0.0799359679222107,0.006502359174191952,0.038337334990501404,0.060860149562358856,0.0516347661614418,0.032723624259233475,0.00745400320738554,0.05544102191925049,0.06960607320070267,0.03388070687651634,0.08939727395772934,0.022232167422771454,0.06942116469144821,0.057645149528980255,0.03086080402135849,0.025413135066628456,0.016095519065856934,0.04462660104036331,0.03664461523294449
0.012680365703999996,0.07992364466190338,0.006512472406029701,0.01411640178412199,0.08105811476707458,0.05171305686235428,0.03273755684494972,0.0074402508325874805,0.008418980985879898,0.012167034670710564,0.033872850239276886,0.08942993730306625,0.02221338078379631,0.02106747217476368,0.03769458830356598,0.030880052596330643,0.025383811444044113,0.01607770286500454,0.010467659682035446,0.08910338580608368
0.07287195324897766,0.08039559423923492,0.006598029285669327,0.010153885930776596,0.047749679535627365,0.07881041616201401,0.03287384659051895,0.007495105732232332,0.008274254389107227,0.04050120338797569,0.0585743747651577,0.08990596234798431,0.02228359691798687,0.020299574360251427,0.029785070568323135,0.05783664807677269,0.025548743084073067,0.016000820323824883,0.010838073678314686,0.027914999052882195
0.01281711645424366,0.28038451075553894,0.006405736319720745,0.010244689881801605,0.04775000363588333,0.05148402228951454,0.11189109086990356,0.0074882786720991135,0.008288489654660225,0.040446486324071884,0.03415052220225334,0.28320831060409546,0.02211916819214821,0.020356781780719757,0.02968151681125164,0.03088349848985672,0.09234938025474548,0.015947548672556877,0.010777760297060013,0.028039459139108658
0.17100749909877777,0.07636050879955292,0.006500597577542067,0.012720544822514057,0.0620480477809906,0.09711240977048874,0.0316508449614048,0.00623791990801692,0.007429895456880331,0.07390885055065155,0.10696663707494736,0.08591696619987488,0.021153301000595093,0.021283339709043503,0.06280713528394699,0.07555835694074631,0.024214940145611763,0.015157266519963741,0.010871760547161102,0.038391388952732086
0.01432761549949646,0.31329208612442017,0.006538507994264364,0.012792752124369144,0.062450721859931946,0.05382506921887398,0.131786048412323,0.006201883777976036,0.007394520565867424,0.07397304475307465,0.03601832687854767,0.3128848075866699,0.021819503977894783,0.02144334651529789,0.0627463087439537,0.03272165358066559,0.10258939862251282,0.015978017821907997,0.010897686704993248,0.038866374641656876
0.013551805168390274,0.07494162023067474,0.04336791858077049,0.012645494192838669,0.06244150176644325,0.05405448004603386,0.03103480115532875,0.004950736183673143,0.007473511155694723,0.0746590718626976,0.03572561591863632,0.08460898697376251,0.05777246877551079,0.021402502432465553,0.06335986405611038,0.03257889673113823,0.02368004433810711,0.049704037606716156,0.011035755276679993,0.03862237185239792
0.01345458347350359,0.07484126836061478,0.006648543756455183,0.036843039095401764,0.06247821822762489,0.05403107404708862,0.0310111902654171,0.006195473950356245,0.05919034034013748,0.07462561130523682,0.035652101039886475,0.0844934731721878,0.021996326744556427,0.06986060738563538,0.06332701444625854,0.032529067248106,0.023626483976840973,0.0161464624106884,0.045781783759593964,0.038597047328948975
0.013401349075138569,0.07479523122310638,0.006649660412222147,0.012615791521966457,0.08260095864534378,0.05401816591620445,0.031037412583827972,0.0062071350403130054,0.007448047399520874,0.016693731769919395,0.03565792366862297,0.08451343327760696,0.022002412006258965,0.0214223749935627,0.04281068965792656,0.03253400698304176,0.02360074780881405,0.01615157164633274,0.011031636968255043,0.0907350555062294
0.07806165516376495,0.07547608017921448,0.006792949512600899,0.009903854690492153,0.045824840664863586,0.08338647335767746,0.031218096613883972,0.006268647033721209,0.009527616202831268,0.03691370040178299,0.062079694122076035,0.08520055562257767,0.02212659828364849,0.02098081260919571,0.027340704575181007,0.061346281319856644,0.02383020520210266,0.016113150864839554,0.011450654827058315,0.027587536722421646
0.16258762776851654,0.06436248868703842,0.010699177160859108,0.011158592998981476,0.06032988801598549,0.0901755839586258,0.026264790445566177,0.009583860635757446,0.007343903183937073,0.07750580459833145,0.10741834342479706,0.07143212109804153,0.03478553518652916,0.020240657031536102,0.06608060747385025,0.0751996859908104,0.020546752959489822,0.02507367730140686,0.009866391308605671,0.037127748131752014
0.015139542520046234,0.30097678303718567,0.010675063356757164,0.011218316853046417,0.060711584985256195,0.05967264622449875,0.126714825630188,0.009590577334165573,0.007325122132897377,0.07756711542606354,0.03659616783261299,0.2988825738430023,0.03535047546029091,0.020366743206977844,0.06600120663642883,0.03263384848833084,0.09884708374738693,0.025866227224469185,0.009873680770397186,0.03766520321369171
0.015204889699816704,0.06354854255914688,0.046222396194934845,0.011076663620769978,0.06070822477340698,0.059975918382406235,0.02580682560801506,0.002924191066995263,0.007431016769260168,0.07827422022819519,0.03625546395778656,0.0706014409661293,0.04527128487825394,0.020350132137537003,0.0666579008102417,0.032420918345451355,0.02024412900209427,0.04021957516670227,0.010022973641753197,0.03736070543527603
0.015210420824587345,0.06348538398742676,0.010842982679605484,0.011056757532060146,0.08075947314500809,0.05998953431844711,0.025831880047917366,0.009583092294633389,0.007433698046952486,0.019620781764388084,0.036220088601112366,0.07059846818447113,0.03558163717389107,0.02032903954386711,0.04466712847352028,0.03240835294127464,0.02021603472530842,0.026063770055770874,0.010019803419709206,0.08870288729667664
0.06576734781265259,0.06414321064949036,0.01104618888348341,0.008791386149823666,0.04440177232027054,0.0821780189871788,0.02602437511086464,0.009697877801954746,0.009243584237992764,0.040436040610075,0.06077057495713234,0.07123377174139023,0.03599463030695915,0.020015040412545204,0.031052254140377045,0.05951298028230667,0.020452581346035004,0.026286913082003593,0.010345140472054482,0.02612001821398735
0.015301749110221863,0.26180970668792725,0.010803736746311188,0.008905163034796715,0.04444476217031479,0.06019792705774307,0.10428549349308014,0.009690915234386921,0.009250194765627384,0.04039373993873596,0.03663221746683121,0.2629352807998657,0.035678017884492874,0.020080257207155228,0.030988065525889397,0.032607302069664,0.08638434112071991,0.02610008977353573,0.010283433832228184,0.02631191723048687
0.17083019018173218,0.07785558700561523,0.006421835161745548,0.013051263056695461,0.06036817282438278,0.09705763310194016,0.032264769077301025,0.005939831025898457,0.007647277321666479,0.07196733355522156,0.10680067539215088,0.08741354197263718,0.02080879546701908,0.021644320338964462,0.06107444688677788,0.07545475661754608,0.024732768535614014,0.014955825172364712,0.010909629985690117,0.0373232327401638
0.014357262291014194,0.31496602296829224,0.0064658792689442635,0.013119669631123543,0.060817133635282516,0.053654979914426804,0.13245749473571777,0.005942762363702059,0.007587485946714878,0.07204651832580566,0.035926543176174164,0.31458836793899536,0.021499695256352425,0.021808668971061707,0.061057887971401215,0.03262943774461746,0.10317116975784302,0.015779901295900345,0.010943595319986343,0.037800636142492294
0.013578508980572224,0.07648840546607971,0.04330604895949364,0.012968371622264385,0.06083265319466591,0.05390986427664757,0.03159452974796295,0.005219792481511831,0.007669398095458746,0.07271695882081985,0.03564651310443878,0.08616360276937485,0.05806893855333328,0.021794425323605537,0.06166761368513107,0.03249908983707428,0.024180790409445763,0.04992265999317169,0.011086282320320606,0.03758729621767998
0.013458358123898506,0.07634101063013077,0.0066071790643036366,0.037175457924604416,0.06085265427827835,0.05385364592075348,0.03153657168149948,0.005896326154470444,0.0587761327624321,0.07268258184194565,0.03558286651968956,0.08602309972047806,0.021655431017279625,0.07023158669471741,0.061612632125616074,0.032460667192935944,0.02414194494485855,0.01593710109591484,0.04560583084821701,0.03754289075732231
0.013396825641393661,0.07633428275585175,0.006582815200090408,0.012942863628268242,0.08100581914186478,0.05386924743652344,0.03155453875660896,0.005916011054068804,0.007671246770769358,0.01619933359324932,0.0355973094701767,0.08609069138765335,0.02168174833059311,0.021810216829180717,0.041959766298532486,0.03246915340423584,0.024120884016156197,0.015952197834849358,0.011077716015279293,0.08975576609373093
0.07741120457649231,0.07702264189720154,0.006737276446074247,0.010013259947299957,0.04486614093184471,0.08286764472723007,0.03180043026804924,0.005978116765618324,0.009586161002516747,0.03646904230117798,0.06174362823367119,0.08676755428314209,0.021804513409733772,0.021328873932361603,0.027090158313512802,0.060985665768384933,0.024333419278264046,0.015934720635414124,0.01150166429579258,0.026954738423228264
0.1697387993335724,0.0780467763543129,0.006642334163188934,0.014027818106114864,0.059423159807920456,0.0961737111210823,0.03189234808087349,0.0072291153483092785,0.008437621407210827,0.06934957206249237,0.10549865663051605,0.086667001247406,0.02206873521208763,0.021703267470002174,0.05779913812875748,0.07417724281549454,0.024949677288532257,0.015662265941500664,0.010542022995650768,0.035932183265686035
0.013599952682852745,0.31525519490242004,0.0066528720781207085,0.014105147682130337,0.059804994612932205,0.05232347548007965,0.1324387490749359,0.0072540766559541225,0.008298791944980621,0.06942208111286163,0.03458196669816971,0.3142242729663849,0.022712843492627144,0.02187085710465908,0.05775352939963341,0.03133340924978256,0.1034267321228981,0.016464022919535637,0.010513010434806347,0.036354828625917435
0.012849059887230396,0.07676536589860916,0.006781933829188347,0.038129761815071106,0.05986816808581352,0.052564941346645355,0.03126044571399689,0.007261035032570362,0.05640009045600891,0.07002221792936325,0.0342753641307354,0.08544885367155075,0.02291688695549965,0.07025431841611862,0.05828351899981499,0.03117252141237259,0.024450212717056274,0.016649529337882996,0.044674795120954514,0.036132436245679855
0.012817705050110817,0.0766679048538208,0.00678174989297986,0.013886810280382633,0.08004584163427353,0.05259701609611511,0.031222620978951454,0.007248313631862402,0.008439351804554462,0.013159777037799358,0.03426248952746391,0.08541087061166763,0.02290949784219265,0.021882865577936172,0.03843875601887703,0.031182294711470604,0.02441675029695034,0.016638489440083504,0.010718517005443573,0.08840792626142502
0.07353419810533524,0.07734665274620056,0.006912201177328825,0.010083713568747044,0.046324748545885086,0.07984410226345062,0.031455427408218384,0.00732788909226656,0.009002418257296085,0.039681192487478256,0.059427659958601,0.08610864728689194,0.02304578758776188,0.02121603861451149,0.029327362775802612,0.058660827577114105,0.024649376049637794,0.01664685644209385,0.011109721846878529,0.027069076895713806
0.012945943512022495,0.27993252873420715,0.006716148462146521,0.010186424478888512,0.04635895416140556,0.05245160311460495,0.11161819845438004,0.007313483860343695,0.009007487446069717,0.03967038169503212,0.03465843200683594,0.28209739923477173,0.022880341857671738,0.021268056705594063,0.02925868332386017,0.031298115849494934,0.09230514615774155,0.01658344455063343,0.011040179058909416,0.027201183140277863
0.1634444296360016,0.06287626177072525,0.010088521055877209,0.010497821494936943,0.060293443500995636,0.09087520092725754,0.0260634608566761,0.008696377277374268,0.00794435665011406,0.08052105456590652,0.10921933501958847,0.07071678340435028,0.03263433650135994,0.020596856251358986,0.06945371627807617,0.07685169577598572,0.019930951297283173,0.02357962168753147,0.010416911914944649,0.03772052004933357
0.01549895852804184,0.29922738671302795,0.010098869912326336,0.010556250810623169,0.06066938862204552,0.06182601675391197,0.12611360847949982,0.008724655956029892,0.00797654315829277,0.08052282780408859,0.03840966895222664,0.2976346015930176,0.03325866535305977,0.020714594051241875,0.06936202198266983,0.034300338476896286,0.09811997413635254,0.02442033216357231,0.0104570547118783,0.03828560933470726
0.015401179902255535,0.06193685531616211,0.045769914984703064,0.010433856397867203,0.06067432835698128,0.062055960297584534,0.025585398077964783,0.0032678330317139626,0.008020253852009773,0.0812656506896019,0.03808226436376572,0.06973718106746674,0.04710165411233902,0.020667411386966705,0.07002052664756775,0.03409720957279205,0.019567426294088364,0.04157909378409386,0.010567497462034225,0.037963610142469406
0.015416775830090046,0.06194281578063965,0.010263711214065552,0.03459220379590988,0.060694046318531036,0.06208715960383415,0.025562681257724762,0.008708808571100235,0.062096912413835526,0.0812598392367363,0.03802208974957466,0.06973715126514435,0.03348147124052048,0.06918582320213318,0.07000642269849777,0.034067679196596146,0.01958327554166317,0.024588484317064285,0.045811016112565994,0.03793346881866455
0.05725812911987305,0.06253919750452042,0.010405846871435642,0.00916257593780756,0.04537263512611389,0.07993748039007187,0.025821033865213394,0.008813856169581413,0.00959702581167221,0.04493355378508568,0.05877690762281418,0.07038608193397522,0.03383366018533707,0.020566565915942192,0.03622830659151077,0.05721448361873627,0.01976822316646576,0.024770395830273628,0.010846450924873352,0.027224944904446602
0.015554914250969887,0.23065198957920074,0.010242439806461334,0.009248391725122929,0.045464131981134415,0.06247832626104355,0.09198261052370071,0.008800783194601536,0.009630816988646984,0.04495779797434807,0.03843279927968979,0.233381450176239,0.0336366631090641,0.02062910795211792,0.03619944676756859,0.03433533012866974,0.07578549534082413,0.024687550961971283,0.010789856314659119,0.027497226372361183
0.17114807665348053,0.08243843168020248,0.0064939046278595924,0.01435073558241129,0.06012074649333954,0.09741435199975967,0.033770423382520676,0.007542893290519714,0.008678336627781391,0.06803960353136063,0.10462584346532822,0.09165211766958237,0.021734090521931648,0.020964045077562332,0.05633608251810074,0.07351413369178772,0.026343561708927155,0.015380089171230793,0.010235916823148727,0.036271966993808746
0.013518640771508217,0.31957578659057617,0.0064965421333909035,0.01442001573741436,0.06049247086048126,0.05021543428301811,0.13422882556915283,0.007505056913942099,0.008532294072210789,0.06809015572071075,0.03364283964037895,0.3189617395401001,0.02240191027522087,0.02112242951989174,0.05625605583190918,0.030592726543545723,0.10477755218744278,0.016174258664250374,0.010198795236647129,0.036650605499744415
0.012645180337131023,0.08072315901517868,0.006612550001591444,0.03843456506729126,0.060526199638843536,0.050405193120241165,0.032917652279138565,0.007485329173505306,0.05513574182987213,0.06859524548053741,0.033323537558317184,0.09008949249982834,0.02258269488811493,0.06946609914302826,0.05673688277602196,0.030446287244558334,0.02569631300866604,0.016352910548448563,0.04443943127989769,0.03642162308096886
0.01260408665984869,0.08072163164615631,0.006617947947233915,0.014210263267159462,0.08075492084026337,0.05042283982038498,0.032984860241413116,0.007484681438654661,0.008625892922282219,0.012018411420285702,0.033302146941423416,0.09013000130653381,0.02256377413868904,0.021125441417098045,0.03728620335459709,0.030434975400567055,0.02569076046347618,0.016338618472218513,0.010422597639262676,0.08899196237325668
0.07162445783615112,0.08120003342628479,0.00671011907979846,0.010218322277069092,0.04804745316505432,0.0770743191242218,0.033107299357652664,0.007526816800236702,0.008144641295075417,0.04090871661901474,0.05737321823835373,0.0906141847372055,0.02263561263680458,0.02036413364112377,0.0301962923258543,0.05665304511785507,0.02584320306777954,0.01629282347857952,0.010767631232738495,0.028132790699601173
0.01269801426678896,0.2755303978919983,0.006534040905535221,0.010320349596440792,0.04805922880768776,0.05013527721166611,0.10990894585847855,0.007534007076174021,0.00816345401108265,0.04085508733987808,0.03359544277191162,0.2784842848777771,0.02248595468699932,0.020426860079169273,0.03010927326977253,0.030447613447904587,0.0907488465309143,0.016229743137955666,0.010680216364562511,0.028265414759516716
0.1705670952796936,0.0778617188334465,0.00686905812472105,0.012675582431256771,0.06164546683430672,0.09675043076276779,0.0322447195649147,0.00639359513297677,0.007374010048806667,0.07349665462970734,0.10653328150510788,0.08748237788677216,0.022290553897619247,0.021115584298968315,0.06242437660694122,0.07514344155788422,0.024730654433369637,0.015992077067494392,0.010712734423577785,0.03814175724983215
0.014098415151238441,0.3148861229419708,0.00689110578969121,0.012743493542075157,0.06204253435134888,0.053440697491168976,0.1324460208415985,0.006379167549312115,0.007341824937611818,0.07358109205961227,0.03560934215784073,0.31453976035118103,0.02294560894370079,0.02125612087547779,0.06238048896193504,0.03233032673597336,0.10313571244478226,0.016805408522486687,0.010746698826551437,0.03859512880444527
0.013366220518946648,0.07642321288585663,0.0435897596180439,0.012594092637300491,0.06206568330526352,0.05370575189590454,0.03158150613307953,0.004828611388802528,0.007441920693963766,0.07427200675010681,0.03535255417227745,0.0861673653125763,0.056735046207904816,0.021228434517979622,0.06299258768558502,0.032183125615119934,0.02416108548641205,0.048923444002866745,0.010886255651712418,0.03837684541940689
0.013236414641141891,0.07632511109113693,0.007010531146079302,0.03679512441158295,0.062074270099401474,0.05368750914931297,0.031554922461509705,0.006355946883559227,0.058949634432792664,0.07421672344207764,0.03530290722846985,0.08604851365089417,0.023110831156373024,0.06966700404882431,0.06294818967580795,0.032148219645023346,0.024125846102833748,0.016973858699202538,0.04561186209321022,0.038329869508743286
0.013213122263550758,0.07630675286054611,0.007003330625593662,0.01256793737411499,0.08221118897199631,0.05370645225048065,0.031568627804517746,0.006374455522745848,0.007418643217533827,0.016631238162517548,0.03526871278882027,0.08607802540063858,0.023123200982809067,0.02123017981648445,0.042635850608348846,0.03215989097952843,0.024113470688462257,0.01698744297027588,0.010877483524382114,0.0905039981007576
0.07621712982654572,0.0770326778292656,0.007150717545300722,0.00986133050173521,0.04588712751865387,0.08208701759576797,0.031822968274354935,0.00645690131932497,0.009329929947853088,0.0374535508453846,0.06113892048597336,0.08684010058641434,0.02325182780623436,0.020799171179533005,0.027928423136472702,0.06036759167909622,0.024351924657821655,0.016962220892310143,0.011288709007203579,0.027603933587670326
0.16108117997646332,0.06875322759151459,0.00999024324119091,0.012008514255285263,0.05695568770170212,0.08890122175216675,0.027911130338907242,0.009075352922081947,0.007618572562932968,0.07392141968011856,0.1084531843662262,0.07595004886388779,0.0324961394071579,0.020936623215675354,0.06290241330862045,0.07594191282987595,0.02202863059937954,0.023391474038362503,0.010115169920027256,0.03495306149125099
0.01610627770423889,0.30560171604156494,0.009974988177418709,0.012074981816112995,0.05730212479829788,0.062184568494558334,0.12851481139659882,0.009100066497921944,0.007546304725110531,0.07398264110088348,0.03766829892992973,0.3035988509654999,0.03307843953371048,0.021095387637615204,0.06286346167325974,0.03346628695726395,0.1004016324877739,0.024176010861992836,0.010100639425218105,0.03544719144701958
0.01635521836578846,0.06772583723068237,0.045750267803668976,0.011912527494132519,0.057298582047224045,0.06250433623790741,0.027354296296834946,0.0030895546078681946,0.007689862512052059,0.07464922219514847,0.03729759901762009,0.07492005825042725,0.04734143987298012,0.02107258513569832,0.06345369666814804,0.03325309976935387,0.02165433019399643,0.04181401804089546,0.010272784158587456,0.035174183547496796
0.016360050067305565,0.06768319755792618,0.010117942467331886,0.011896256357431412,0.07743379473686218,0.06246039271354675,0.02735181152820587,0.009074895642697811,0.007681566756218672,0.018327731639146805,0.03725427761673927,0.07492951303720474,0.03329335153102875,0.021059773862361908,0.04289598762989044,0.03319818526506424,0.021615564823150635,0.024372735992074013,0.010258015245199203,0.08658933639526367
0.060602277517318726,0.06827686727046967,0.010272136889398098,0.009338399395346642,0.04278882220387459,0.0818241611123085,0.02754872664809227,0.009180031716823578,0.009114970453083515,0.04082109406590462,0.060165029019117355,0.07552410662174225,0.03362864628434181,0.02065691165626049,0.03177102655172348,0.058659717440605164,0.021837815642356873,0.024535220116376877,0.010586070828139782,0.025050997734069824
0.016335491091012955,0.25425976514816284,0.010063711553812027,0.009447168558835983,0.042805880308151245,0.06273198872804642,0.10123235732316971,0.009169175289571285,0.009104946628212929,0.040805160999298096,0.03768867254257202,0.2558765411376953,0.03334301337599754,0.02073894441127777,0.031712569296360016,0.03345774486660957,0.08387808501720428,0.02438465692102909,0.010492115281522274,0.025237135589122772
0.17192724347114563,0.0771775022149086,0.006204514764249325,0.01282323058694601,0.0631224736571312,0.09784378111362457,0.03205424174666405,0.006032744888216257,0.00733294477686286,0.0737394317984581,0.10663460195064545,0.086906298995018,0.020162133499979973,0.0210843775421381,0.06249714270234108,0.07533479481935501,0.024467578157782555,0.014434454031288624,0.010806298814713955,0.03904768452048302
0.014567210339009762,0.31423693895339966,0.006217341870069504,0.012895181775093079,0.06357432156801224,0.052818238735198975,0.13218282163143158,0.0060319011099636555,0.007287937216460705,0.07382869720458984,0.03566429764032364,0.3139393925666809,0.02083132416009903,0.021232346072793007,0.062453608959913254,0.03250429034233093,0.10288594663143158,0.015253081917762756,0.010846839286386967,0.03953103721141815
0.013676201924681664,0.07575497031211853,0.043177567422389984,0.01274768728762865,0.0635681226849556,0.05303898826241493,0.0314011387526989,0.005132716614753008,0.007368516642600298,0.07453031092882156,0.03543056175112724,0.08559305965900421,0.05872783064842224,0.02121117152273655,0.06308779120445251,0.032381996512413025,0.023926232010126114,0.05044940114021301,0.01098584197461605,0.0393037311732769
0.0135214664041996,0.07566983252763748,0.0063291024416685104,0.03695439547300339,0.06361228972673416,0.0530315525829792,0.03137904778122902,0.005981359165161848,0.05883997678756714,0.074501171708107,0.03538540005683899,0.08551153540611267,0.020989853888750076,0.06965377926826477,0.06304922699928284,0.032332926988601685,0.02387487329542637,0.015411571599543095,0.045741476118564606,0.03926548361778259
0.013477697968482971,0.07566117495298386,0.006330217234790325,0.012728170491755009,0.08372429013252258,0.053046535700559616,0.03139064833521843,0.005991927348077297,0.007348205894231796,0.015994835644960403,0.03538734093308449,0.08555147796869278,0.02102268487215042,0.021219540387392044,0.0424327626824379,0.03233775869011879,0.023872563615441322,0.01542660128325224,0.010979090817272663,0.09155160933732986
0.07949154824018478,0.0763925239443779,0.0064663332886993885,0.009923684410750866,0.0469796285033226,0.0832756757736206,0.031620316207408905,0.006061336491256952,0.009341672994196415,0.037090644240379333,0.06197311356663704,0.08630253374576569,0.021109936758875847,0.020772304385900497,0.027247780933976173,0.06129544973373413,0.024116238579154015,0.015376590192317963,0.011419001035392284,0.028373081237077713
0.1613275110721588,0.06287167221307755,0.01086213905364275,0.010898912325501442,0.05916709452867508,0.0891314223408699,0.025744309648871422,0.009519293904304504,0.007613388821482658,0.07861290872097015,0.10821884125471115,0.07001011073589325,0.03520742803812027,0.020599674433469772,0.06733672320842743,0.07581211626529694,0.020041577517986298,0.025417238473892212,0.010109387338161469,0.03661546856164932
0.01590176485478878,0.2994469702243805,0.01083860732614994,0.010976188816130161,0.05953295901417732,0.061681121587753296,0.12610405683517456,0.009542396292090416,0.007624325342476368,0.07868257910013199,0.037423305213451385,0.29742148518562317,0.0357910692691803,0.020731603726744652,0.06728977710008621,0.033264853060245514,0.09833604097366333,0.026229381561279297,0.01012287475168705,0.03715231269598007
0.016122564673423767,0.062149107456207275,0.04631558060646057,0.010834221728146076,0.05953296646475792,0.06197032704949379,0.025330664590001106,0.002951983828097582,0.007692938670516014,0.07940636575222015,0.03704863786697388,0.06924577057361603,0.044861502945423126,0.02069472149014473,0.06794556230306625,0.033041633665561676,0.0197795070707798,0.03988457843661308,0.01025249995291233,0.03684889152646065
0.01611815020442009,0.06204681470990181,0.01099363062530756,0.010813700966536999,0.07955554872751236,0.061970315873622894,0.025352075695991516,0.009525926783680916,0.0077057178132236,0.021385081112384796,0.03700508549809456,0.06921814382076263,0.03600586950778961,0.02068319544196129,0.04597030207514763,0.03299901261925697,0.01973322406411171,0.026409827172756195,0.010245470330119133,0.08789119869470596
0.06299102306365967,0.06271190196275711,0.01119475532323122,0.00889272429049015,0.04309524968266487,0.0825238823890686,0.025535741820931435,0.009653555229306221,0.009569770656526089,0.04092049226164818,0.06083479896187782,0.06984267383813858,0.03643614053726196,0.020450476557016373,0.03196711465716362,0.05943215265870094,0.019946221262216568,0.026623116806149483,0.010568871162831783,0.02536742016673088
0.01620779186487198,0.25451111793518066,0.010967929847538471,0.0089895473793149,0.04315173253417015,0.062274638563394547,0.1013699471950531,0.009639848954975605,0.009587833657860756,0.040914323180913925,0.03746720775961876,0.25589069724082947,0.03614162281155586,0.020523034036159515,0.03190871700644493,0.03327808156609535,0.08390922844409943,0.026464859023690224,0.01049945317208767,0.025600630789995193
0.1698213815689087,0.08082711696624756,0.0064213937148451805,0.014519970864057541,0.05937354266643524,0.096110038459301,0.03309888020157814,0.0074697635136544704,0.00887064915150404,0.06789954751729965,0.10542117804288864,0.08991746604442596,0.021534698083996773,0.021134192124009132,0.05612559989094734,0.07410234957933426,0.025810543447732925,0.015233432874083519,0.010273152962327003,0.035644374787807465
0.013580825179815292,0.31795674562454224,0.006432950962334871,0.014591941609978676,0.05972202122211456,0.05221289023756981,0.13357627391815186,0.007451528683304787,0.008719099685549736,0.06794438511133194,0.03450733795762062,0.31727367639541626,0.022176096215844154,0.021314892917871475,0.05604255199432373,0.03128679096698761,0.10426409542560577,0.016013508662581444,0.010242663323879242,0.03601807355880737
0.012841681018471718,0.0791870579123497,0.00655113160610199,0.03858030214905739,0.059759289026260376,0.05244574695825577,0.03232363611459732,0.007421059999614954,0.05497086048126221,0.06846242398023605,0.034198712557554245,0.08841030299663544,0.022384466603398323,0.06963128596544266,0.05652162805199623,0.0311152171343565,0.02519526705145836,0.016207095235586166,0.04435963183641434,0.03580577298998833
0.012784361839294434,0.07916099578142166,0.006559663452208042,0.014376813545823097,0.07998611032962799,0.052432697266340256,0.03236494958400726,0.007417627610266209,0.008826768957078457,0.011991983279585838,0.03418850898742676,0.08844148367643356,0.022346381098031998,0.02131388708949089,0.03696012496948242,0.03112918883562088,0.02518695406615734,0.016187114641070366,0.010447271168231964,0.08827687799930573
0.0721018984913826,0.07963354140520096,0.006647409405559301,0.010194038972258568,0.04719238728284836,0.07892145961523056,0.03248756751418114,0.007480977568775415,0.008293709717690945,0.04060740768909454,0.05875549092888832,0.08891596645116806,0.02244318090379238,0.02052733488380909,0.0298620518296957,0.05795544013381004,0.025339435786008835,0.01613069698214531,0.010804212652146816,0.02741316333413124
0.01288597472012043,0.2782249450683594,0.006465787999331951,0.010287419892847538,0.04719508811831474,0.05220095440745354,0.11094725877046585,0.007475759834051132,0.008294833824038506,0.04054518789052963,0.03445688262581825,0.28094765543937683,0.02225024253129959,0.020573778077960014,0.029775196686387062,0.031149806454777718,0.0916651263833046,0.016056187450885773,0.010721978731453419,0.027541516348719597
0.1615542769432068,0.061986375600099564,0.010720777325332165,0.010908102616667747,0.057949312031269073,0.08927513659000397,0.025396788492798805,0.009064435958862305,0.008008458651602268,0.0780656710267067,0.1089923307299614,0.0690530389547348,0.03458978980779648,0.021211009472608566,0.06726536154747009,0.07646941393613815,0.019756034016609192,0.025026189163327217,0.010418868623673916,0.03615739941596985
0.01612281985580921,0.2983814775943756,0.010713753290474415,0.010962354950606823,0.05831008404493332,0.06270679831504822,0.1257140040397644,0.009073934517800808,0.00802469439804554,0.07806513458490372,0.038165729492902756,0.2963019013404846,0.03519148752093315,0.02133333869278431,0.06715433299541473,0.03392951935529709,0.09797893464565277,0.025833871215581894,0.010447585955262184,0.0367230623960495
0.01628941297531128,0.0611225925385952,0.04618830233812332,0.010832134634256363,0.058300431817770004,0.06297916918992996,0.024908678606152534,0.0030979786533862352,0.008086728863418102,0.07880163937807083,0.03782454505562782,0.06813159584999084,0.04534454271197319,0.021290458738803864,0.06780815124511719,0.03371836617588997,0.01943380758166313,0.040222834795713425,0.01058516651391983,0.03638758882880211
0.016334574669599533,0.06110633164644241,0.01087622158229351,0.010793846100568771,0.07835982739925385,0.06300652772188187,0.024954931810498238,0.009061538614332676,0.008110418915748596,0.022153222933411598,0.037749242037534714,0.0681806355714798,0.035408854484558105,0.021278774365782738,0.046637214720249176,0.033674705773591995,0.019418390467762947,0.02602892369031906,0.010578138753771782,0.08743230998516083
0.06161642447113991,0.06170877069234848,0.011063957586884499,0.009100276976823807,0.04195406287908554,0.08278641849756241,0.025133656337857246,0.009175935760140419,0.009972257539629936,0.04023750126361847,0.060917723923921585,0.06874899566173553,0.0358060821890831,0.021095160394906998,0.0318584218621254,0.05941913649439812,0.019644321873784065,0.026238948106765747,0.010888300836086273,0.024964207783341408
0.016391562297940254,0.24853909015655518,0.010829616338014603,0.00918258260935545,0.04200645163655281,0.06338709592819214,0.09901121258735657,0.009152338840067387,0.009961921721696854,0.04021511226892471,0.038239262998104095,0.25004178285598755,0.03554375842213631,0.02114894427359104,0.031812943518161774,0.03397214040160179,0.08191579580307007,0.0261091161519289,0.010813729837536812,0.025183452293276787
0.16618582606315613,0.07916630804538727,0.007738959975540638,0.013485676608979702,0.06073158234357834,0.09296099096536636,0.03219810128211975,0.008118347264826298,0.008210113272070885,0.07143386453390121,0.10590897500514984,0.08749453723430634,0.025593286380171776,0.020306434482336044,0.059289637953042984,0.07415983825922012,0.025375453755259514,0.018242746591567993,0.009783921763300896,0.03647148609161377
0.013512007892131805,0.07753163576126099,0.0442805252969265,0.013371272943913937,0.0610811710357666,0.05538627505302429,0.031390219926834106,0.003565412713214755,0.008215796202421188,0.07202119380235672,0.03471139818429947,0.08596242964267731,0.05376368761062622,0.02043701708316803,0.059739481657743454,0.03131384029984474,0.02476223185658455,0.04682430624961853,0.009972036816179752,0.03665971755981445
0.013442046009004116,0.0775105282664299,0.007865778170526028,0.03753937780857086,0.061140045523643494,0.055381499230861664,0.03141046687960625,0.008141153492033482,0.05565512552857399,0.07202224433422089,0.034652236849069595,0.08595774322748184,0.026437969878315926,0.06879819184541702,0.05972030386328697,0.031236063688993454,0.024755310267210007,0.019230250269174576,0.04416411370038986,0.03666060417890549
0.013438580557703972,0.07743877172470093,0.00786240492016077,0.013342602178454399,0.08126992732286453,0.05537494644522667,0.031410761177539825,0.008134578354656696,0.00820530578494072,0.012738392688333988,0.03464457765221596,0.08594051003456116,0.026437193155288696,0.020454470068216324,0.03844815492630005,0.031242867931723595,0.02471557818353176,0.01923196204006672,0.009971528314054012,0.08880264312028885
0.06322053074836731,0.07821348309516907,0.007997752167284489,0.009888873435556889,0.04903089627623558,0.07700666040182114,0.03166726231575012,0.00821531843394041,0.007897588424384594,0.044476523995399475,0.05716601386666298,0.08673984557390213,0.026637796312570572,0.01987723633646965,0.03352785483002663,0.0560535229742527,0.024990491569042206,0.019285298883914948,0.010325729846954346,0.028409061953425407
0.013506065122783184,0.26044008135795593,0.007816734723746777,0.009996947832405567,0.04903840273618698,0.05547869950532913,0.10369574278593063,0.00821342971175909,0.007897919043898582,0.04447624832391739,0.03505357727408409,0.2631590962409973,0.026474479585886,0.019939931109547615,0.03347752243280411,0.03143148869276047,0.085812509059906,0.019215533509850502,0.010234895162284374,0.02856341004371643
0.015699656680226326,0.30291062593460083,0.01066775992512703,0.010742138139903545,0.060802653431892395,0.061475951224565506,0.1275499165058136,0.01021241582930088,0.007175879552960396,0.07969864457845688,0.037482794374227524,0.30098772048950195,0.035613615065813065,0.01984652876853943,0.06797940284013748,0.03339780122041702,0.09944500029087067,0.02595793455839157,0.009765924885869026,0.03783510625362396
0.01579214259982109,0.06370901316404343,0.04630841314792633,0.010592780075967312,0.060771238058805466,0.06173545494675636,0.025973981246352196,0.002855483675375581,0.007270770613104105,0.08045888692140579,0.03718508780002594,0.0710286945104599,0.04520326107740402,0.019814036786556244,0.0686555802822113,0.03323103114962578,0.020259367302060127,0.04023357480764389,0.00988108292222023,0.037501927465200424
0.015835093334317207,0.06369054317474365,0.010833032429218292,0.03475169837474823,0.060795824974775314,0.06178363412618637,0.025968773290514946,0.01018822006881237,0.0602673664689064,0.08045678585767746,0.03716904670000076,0.07097849994897842,0.0358455665409565,0.06827349960803986,0.06863123178482056,0.033205337822437286,0.020258458331227303,0.0261724591255188,0.044990185648202896,0.03745615482330322
0.015825679525732994,0.06368959695100784,0.010815724730491638,0.010576697997748852,0.08079946786165237,0.061781685799360275,0.0259852334856987,0.01021040603518486,0.007273956201970577,0.021454552188515663,0.03713022172451019,0.07105603814125061,0.03586035594344139,0.01979803666472435,0.04608325660228729,0.03317166119813919,0.020243069157004356,0.02619260363280773,0.009889266453683376,0.08858507126569748
0.05449805036187172,0.06444744020700455,0.010993686504662037,0.008944697678089142,0.0467345267534256,0.07849550247192383,0.026268355548381805,0.0103154880926013,0.008691156283020973,0.04717187583446503,0.05740673094987869,0.07180371135473251,0.036251429468393326,0.019609112292528152,0.03761899471282959,0.055851809680461884,0.02051127888262272,0.02639414370059967,0.010176088660955429,0.027574889361858368
0.015884684398770332,0.2288605272769928,0.010803869925439358,0.009022139012813568,0.04677928611636162,0.0621182844042778,0.0911332443356514,0.010315550491213799,0.008688768371939659,0.047166451811790466,0.0375695563852787,0.2313595563173294,0.036052361130714417,0.019677354022860527,0.037592966109514236,0.03346391022205353,0.0752774104475975,0.026276782155036926,0.010104712098836899,0.02780088223516941
0.16191767156124115,0.066705122590065,0.010333980433642864,0.010941940359771252,0.05843168497085571,0.08975520730018616,0.02726386860013008,0.00909879244863987,0.007275963202118874,0.07723302394151688,0.10952525585889816,0.07416032999753952,0.033447809517383575,0.020028382539749146,0.06611920148134232,0.07705798745155334,0.02128957025706768,0.024144457653164864,0.009773730300366879,0.03614071384072304
0.016169317066669464,0.303447425365448,0.01031387597322464,0.010997503995895386,0.05878812447190285,0.0633120983839035,0.1277228146791458,0.00913251843303442,0.007244127336889505,0.07724195718765259,0.03879353031516075,0.3016683757305145,0.03407679498195648,0.020141081884503365,0.0660182535648346,0.03453890606760979,0.09961464256048203,0.024975452572107315,0.00978093221783638,0.03667080029845238
0.01623140648007393,0.0656907930970192,0.04596477746963501,0.010867170058190823,0.05876215919852257,0.06356941163539886,0.02673313394188881,0.003065151860937476,0.007350909523665905,0.07792741805315018,0.03842764347791672,0.07313808053731918,0.046443164348602295,0.02011537365615368,0.06661120802164078,0.03431904315948486,0.020911788567900658,0.04109954088926315,0.009924571961164474,0.03636445105075836
0.01624666154384613,0.06564792990684509,0.010461721569299698,0.010838118381798267,0.07882274687290192,0.0635666772723198,0.026735056191682816,0.00911000370979309,0.00735167320817709,0.020576205104589462,0.03837832063436508,0.0731392428278923,0.034296371042728424,0.020112257450819016,0.045216452330350876,0.03429173678159714,0.02089601755142212,0.025158731266856194,0.0099204545840621,0.08755780011415482
0.06361055374145508,0.06635703146457672,0.01064289826899767,0.008741708472371101,0.042740799486637115,0.08414683490991592,0.026993831619620323,0.009222946129739285,0.00908066239207983,0.04039493203163147,0.062062617391347885,0.07383742928504944,0.034656934440135956,0.019827451556921005,0.03151404857635498,0.06059008836746216,0.021133720874786377,0.025335684418678284,0.010230948217213154,0.025187326595187187
0.01628035493195057,0.2580130696296692,0.010435991920530796,0.008843505755066872,0.04276509955525398,0.0639270469546318,0.1027786135673523,0.00924211461097002,0.009082410484552383,0.04037781432271004,0.0388263501226902,0.2596815228462219,0.03442928567528725,0.019892379641532898,0.031465448439121246,0.03459291160106659,0.08505435287952423,0.025221621617674828,0.010160052217543125,0.02538171410560608
0.17127789556980133,0.07774951308965683,0.0062440489418804646,0.013640441000461578,0.06270836293697357,0.09750804305076599,0.03219800069928169,0.006214159075170755,0.00768736656755209,0.07174224406480789,0.10484764724969864,0.0873805433511734,0.02038935199379921,0.021818535402417183,0.06046685203909874,0.0737721249461174,0.02467801421880722,0.014576226472854614,0.011142758652567863,0.03864314779639244
0.013685519807040691,0.31486502289772034,0.006273077800869942,0.013714165426790714,0.06311741471290588,0.05057317763566971,0.13247621059417725,0.0062018572352826595,0.007598318625241518,0.07182256877422333,0.033882077783346176,0.31454554200172424,0.02108503319323063,0.02196498028934002,0.060411952435970306,0.030857430770993233,0.1031283363699913,0.01540155615657568,0.011162509210407734,0.039101555943489075
0.012880331836640835,0.07635742425918579,0.04323833808302879,0.013558068312704563,0.06310823559761047,0.05081818997859955,0.03154061734676361,0.00499196769669652,0.007690694648772478,0.07249241322278976,0.033647943288087845,0.0861203745007515,0.05854642763733864,0.021955423057079315,0.061014171689748764,0.03074607066810131,0.024134989827871323,0.05033089965581894,0.0113125154748559,0.03886943310499191
0.012780318967998028,0.07622507214546204,0.006383886095136404,0.03773684427142143,0.06316041201353073,0.05082815885543823,0.03153064474463463,0.006188270635902882,0.058163709938526154,0.072447270154953,0.033620141446590424,0.08600705116987228,0.021265828981995583,0.07033072412014008,0.06098175048828125,0.030738504603505135,0.024098165333271027,0.015578584745526314,0.04574653506278992,0.03884143382310867
0.01273930724710226,0.07619446516036987,0.0063894265331327915,0.01353185623884201,0.08333845436573029,0.0508294552564621,0.031559694558382034,0.006172926165163517,0.007664690259844065,0.01451169140636921,0.033577464520931244,0.08603181689977646,0.021218355745077133,0.021970674395561218,0.0409521646797657,0.03069802187383175,0.024080121889710426,0.01554500125348568,0.011322781443595886,0.09136044234037399
0.07902156561613083,0.07689377665519714,0.006527874153107405,0.010329264216125011,0.04721035063266754,0.08145690709352493,0.03180374205112457,0.006250085309147835,0.009519369341433048,0.03688871115446091,0.06047018989920616,0.0867501050233841,0.02137310989201069,0.0213992428034544,0.02677140198647976,0.05989501625299454,0.02431783452630043,0.015531524084508419,0.011775415390729904,0.028471047058701515
0.1639924943447113,0.0623248815536499,0.009778735227882862,0.010466000996530056,0.06081195920705795,0.09132006764411926,0.02590956725180149,0.008387116715312004,0.008046732284128666,0.08085841685533524,0.1093757227063179,0.07030454277992249,0.03154579922556877,0.02067471109330654,0.06980275362730026,0.07712619751691818,0.019719604402780533,0.02279442921280861,0.010551463812589645,0.038101114332675934
0.015451299957931042,0.29895907640457153,0.009787549264729023,0.010541497729718685,0.06124170497059822,0.06183677539229393,0.12603364884853363,0.008438839577138424,0.00807845126837492,0.08094345033168793,0.03861193358898163,0.29746225476264954,0.0321970172226429,0.02078588865697384,0.06977785378694534,0.03457694873213768,0.09802938252687454,0.023641306906938553,0.01058401633054018,0.03871268406510353
0.015314887277781963,0.06159885227680206,0.045552149415016174,0.010413817130029202,0.061206918209791183,0.06205978989601135,0.025506891310214996,0.0034191857557743788,0.008139144629240036,0.08170139789581299,0.0382743664085865,0.06951815634965897,0.0481012761592865,0.020747415721416473,0.07046255469322205,0.0343562476336956,0.019429190084338188,0.042340781539678574,0.010677465237677097,0.03835052624344826
0.015259160660207272,0.06159661337733269,0.009917384013533592,0.034552380442619324,0.061221666634082794,0.06198460981249809,0.025551121681928635,0.008412033319473267,0.06234800070524216,0.08167587965726852,0.03821496292948723,0.06951029598712921,0.032394979149103165,0.06924635171890259,0.07044186443090439,0.034302178770303726,0.019447319209575653,0.023810630664229393,0.04593124985694885,0.038326822221279144
0.06018068641424179,0.06215100362896919,0.010079068131744862,0.00917578674852848,0.04512393847107887,0.08116325736045837,0.02573235146701336,0.008496198803186417,0.009753243997693062,0.04356677085161209,0.059890806674957275,0.07010498642921448,0.032716136425733566,0.020642263814806938,0.03493618592619896,0.05840456485748291,0.019618403166532516,0.02396996133029461,0.010950258001685143,0.027147935703396797
0.015397475101053715,0.23713418841362,0.009918645024299622,0.009256131015717983,0.04521118104457855,0.06239517033100128,0.09458070248365402,0.008513381704688072,0.00977407768368721,0.04358156397938728,0.03868497535586357,0.23972822725772858,0.03253277391195297,0.020696258172392845,0.03490732982754707,0.034599669277668,0.07793556153774261,0.023907728493213654,0.010921523906290531,0.02741510421037674
0.1607360541820526,0.05780312418937683,0.011340126395225525,0.00989950355142355,0.05739069730043411,0.08901103585958481,0.023933028802275658,0.009006923995912075,0.008476710878312588,0.08047125488519669,0.11128389090299606,0.0650123581290245,0.03630561754107475,0.02068324200809002,0.0700242891907692,0.07844194024801254,0.018309935927391052,0.026355355978012085,0.010356497019529343,0.036348313093185425
0.01721610128879547,0.29422226548194885,0.011343047954142094,0.009957845322787762,0.057805292308330536,0.06667906790971756,0.12410363554954529,0.009050740860402584,0.0085106510668993,0.08050782233476639,0.04048287495970726,0.292199969291687,0.03694791719317436,0.020796645432710648,0.06994486600160599,0.03599065542221069,0.09653180092573166,0.027225274592638016,0.010396956466138363,0.03696216642856598
0.017370514571666718,0.057066429406404495,0.04657793417572975,0.009836528450250626,0.05773138627409935,0.06686372309923172,0.02354775369167328,0.0031261760741472244,0.008563874289393425,0.08120368421077728,0.040104761719703674,0.06420068442821503,0.043713536113500595,0.020751861855387688,0.07057877629995346,0.03571968525648117,0.018028875812888145,0.03889228031039238,0.010483006946742535,0.03656553104519844
0.017383797094225883,0.05706541985273361,0.011515425518155098,0.033951740711927414,0.05774259939789772,0.06687851250171661,0.02355503849685192,0.009019823744893074,0.06302883476018906,0.08118688315153122,0.040040407329797745,0.06417614966630936,0.03717901557683945,0.06925304234027863,0.07055477052927017,0.035687681287527084,0.018038801848888397,0.02742019295692444,0.045742880553007126,0.03653428331017494
0.017394138500094414,0.05704500898718834,0.011494808830320835,0.009826227091252804,0.07777762413024902,0.06692376732826233,0.023586837574839592,0.009007657878100872,0.008567043580114841,0.02547506056725979,0.04004974290728569,0.06425020098686218,0.03712910786271095,0.020743895322084427,0.04958963394165039,0.03565968945622444,0.018026823177933693,0.02739621512591839,0.010483969002962112,0.08736592531204224
0.017393695190548897,0.21450288593769073,0.011504367925226688,0.008958534337580204,0.04299526661634445,0.06739774346351624,0.0855209082365036,0.00911718513816595,0.00993124209344387,0.045637764036655426,0.040551893413066864,0.21708928048610687,0.03735284134745598,0.02077515237033367,0.03770093619823456,0.0360591895878315,0.07042619585990906,0.02752874605357647,0.010667320340871811,0.026343563571572304
0.16933812201023102,0.08067275583744049,0.006538713816553354,0.013741301372647285,0.06022106483578682,0.09574741870164871,0.033037811517715454,0.007133373990654945,0.00802090484648943,0.07070121169090271,0.10613308101892471,0.08973768353462219,0.021708110347390175,0.021159248426556587,0.05908292159438133,0.07469039410352707,0.025773759931325912,0.015414854511618614,0.01038807351142168,0.03652825206518173
0.013709647580981255,0.31779953837394714,0.006558858323842287,0.01379843894392252,0.06056501343846321,0.05352713167667389,0.1335509866476059,0.007166912313550711,0.007919485680758953,0.07067158818244934,0.03517826646566391,0.31712427735328674,0.02238081395626068,0.021303314715623856,0.058946240693330765,0.03181241452693939,0.10422588139772415,0.016213268041610718,0.010381139814853668,0.03693884238600731
0.013031469658017159,0.07913883775472641,0.006654876284301281,0.03782298043370247,0.06058964133262634,0.05375318601727486,0.03230053931474686,0.007139207329601049,0.0565168596804142,0.07119088619947433,0.03485822677612305,0.08830612897872925,0.022533748298883438,0.06963479518890381,0.059406813234090805,0.03165879845619202,0.025164345279335976,0.01638171821832657,0.04477836191654205,0.03669453412294388
0.013015715405344963,0.07907684892416,0.006679586600512266,0.013600626960396767,0.08077482134103775,0.05379089340567589,0.03231857717037201,0.007164642680436373,0.008027840405702591,0.013578482903540134,0.034808602184057236,0.08834066987037659,0.02256142348051071,0.021291444078087807,0.03918571025133133,0.03160835802555084,0.02515018731355667,0.01640043780207634,0.010570636950433254,0.08898776024580002
0.06950820237398148,0.0797833651304245,0.006767297629266977,0.01018562726676464,0.04739554598927498,0.07875411957502365,0.03256043419241905,0.007205925416201353,0.008517586626112461,0.041262317448854446,0.05859408527612686,0.08904757350683212,0.02265762910246849,0.02069150097668171,0.030897587537765503,0.05772494897246361,0.025378014892339706,0.016362542286515236,0.010958447121083736,0.027810335159301758
0.013137797825038433,0.2723851203918457,0.006614832207560539,0.010273516178131104,0.047388751059770584,0.053764358162879944,0.10861856490373611,0.007236275356262922,0.008520027622580528,0.04121853783726692,0.035184651613235474,0.27530011534690857,0.022559242323040962,0.020738696679472923,0.030811412259936333,0.03178028017282486,0.08970233052968979,0.016352975741028786,0.010888814926147461,0.027955573052167892
0.17063729465007782,0.07573244720697403,0.006377921439707279,0.012551670894026756,0.06262163072824478,0.0967908576130867,0.03145406395196915,0.006100136786699295,0.007307814434170723,0.07461951673030853,0.10751795023679733,0.08532501012086868,0.02087843418121338,0.02110770344734192,0.06346580386161804,0.07604219019412994,0.02398483082652092,0.014969795010983944,0.010832104831933975,0.038833655416965485
0.014512153342366219,0.31271278858184814,0.006477483082562685,0.012613215483725071,0.06304775923490524,0.05486010015010834,0.13160543143749237,0.006104052532464266,0.007276014890521765,0.07469219714403152,0.036577410995960236,0.3123451769351959,0.02159477397799492,0.021234596148133278,0.06341452151536942,0.03322146460413933,0.10240454226732254,0.015835145488381386,0.01088203676044941,0.03933359682559967
0.01375132892280817,0.07439588010311127,0.0433211624622345,0.01247235294431448,0.06303821504116058,0.055088479071855545,0.03080887533724308,0.005067494232207537,0.007346163038164377,0.07538965344429016,0.036286771297454834,0.08406839519739151,0.05804084986448288,0.021201390773057938,0.0640375092625618,0.033078212291002274,0.023484107106924057,0.04990103095769882,0.011005507782101631,0.03907407075166702
0.01359198521822691,0.07433640956878662,0.006587305571883917,0.03665826469659805,0.06306306272745132,0.05503780022263527,0.0308317132294178,0.006058251019567251,0.059333208948373795,0.07533794641494751,0.036224354058504105,0.08401331305503845,0.0217480156570673,0.06963042169809341,0.0639922171831131,0.03301597014069557,0.023454155772924423,0.015969201922416687,0.045794252306222916,0.039045944809913635
0.013561789877712727,0.07433568686246872,0.00658409483730793,0.012454299256205559,0.08319496363401413,0.05505901202559471,0.030848998576402664,0.006076711229979992,0.007330575492233038,0.01712212897837162,0.03625473752617836,0.08408928662538528,0.02173607237637043,0.021225115284323692,0.04332459717988968,0.03302612528204918,0.023466940969228745,0.01597754843533039,0.010992431081831455,0.09123656898736954
0.07695849984884262,0.07497752457857132,0.006731277331709862,0.009899871423840523,0.04633823409676552,0.08358936011791229,0.031065570190548897,0.006160626653581858,0.009411480277776718,0.03734566271305084,0.06226855888962746,0.08472087234258652,0.02188744954764843,0.020812714472413063,0.027805490419268608,0.061483949422836304,0.023649225011467934,0.015953460708260536,0.01141093485057354,0.027993107214570045
0.16093961894512177,0.05837992951273918,0.010630829259753227,0.01032391656190157,0.05730673670768738,0.08912800997495651,0.024216022342443466,0.008533230051398277,0.008858778513967991,0.08018257468938828,0.11081714928150177,0.06580279767513275,0.0340748056769371,0.02150452323257923,0.06979524344205856,0.07809031009674072,0.018470585346221924,0.024725085124373436,0.010881500318646431,0.03632771223783493
0.01694534718990326,0.29481589794158936,0.010633875615894794,0.010400942526757717,0.057702358812093735,0.06591887772083282,0.12433962523937225,0.008551855571568012,0.008892081677913666,0.08024445921182632,0.04011339321732521,0.2929537892341614,0.03468501940369606,0.021617338061332703,0.06975146383047104,0.03567549213767052,0.09671678394079208,0.025549564510583878,0.010939580388367176,0.03694894164800644
0.017089419066905975,0.05779256671667099,0.04608319327235222,0.010277130641043186,0.057684097439050674,0.06613367795944214,0.02390599623322487,0.003354295389726758,0.008933709934353828,0.08102923631668091,0.039753179997205734,0.06512057781219482,0.045741140842437744,0.021568663418293,0.07044348120689392,0.03542981296777725,0.01824885606765747,0.04046514257788658,0.011027632281184196,0.03657449036836624
0.01709381677210331,0.05776441842317581,0.010769047774374485,0.03436771407723427,0.05769141763448715,0.06613819301128387,0.023886723443865776,0.008546482771635056,0.06342528015375137,0.08099352568387985,0.03964584320783615,0.065085768699646,0.03488945960998535,0.07005614787340164,0.07041435688734055,0.0353567972779274,0.018252305686473846,0.025722527876496315,0.0461355522274971,0.03652644529938698
0.017099851742386818,0.05777179077267647,0.010785291902720928,0.010261613875627518,0.07774436473846436,0.06611614674329758,0.023929117247462273,0.008544527925550938,0.008956500329077244,0.02543346956372261,0.03965012729167938,0.06516893208026886,0.03488767892122269,0.021570760756731033,0.04957040026783943,0.03535018116235733,0.01822853833436966,0.025736570358276367,0.011016839183866978,0.08739914000034332
0.01711098477244377,0.21265380084514618,0.010799520649015903,0.009436306543648243,0.0431705042719841,0.0665905550122261,0.08475733548402786,0.008649327792227268,0.010302052833139896,0.04599379748106003,0.04018613323569298,0.21545104682445526,0.03509237617254257,0.02160792239010334,0.038075029850006104,0.035716667771339417,0.06978597491979599,0.025874268263578415,0.01122086588293314,0.02650938741862774
0.01532596442848444,0.30538153648376465,0.010379750281572342,0.010879180394113064,0.060084834694862366,0.06096359342336655,0.12857894599437714,0.009404140524566174,0.007289786823093891,0.07885626703500748,0.03749009594321251,0.303854763507843,0.034419286996126175,0.020110785961151123,0.06747877597808838,0.03347186744213104,0.1001749038696289,0.02518540434539318,0.009967993013560772,0.037596188485622406
0.015417175367474556,0.06585311144590378,0.046045154333114624,0.010736568830907345,0.06003638729453087,0.06125864014029503,0.02700299210846424,0.0029621475841850042,0.007359891198575497,0.07949255406856537,0.037201277911663055,0.07380226254463196,0.046199046075344086,0.02007482200860977,0.06804906576871872,0.033290524035692215,0.02088990993797779,0.04094256833195686,0.010094249621033669,0.03723518177866936
0.015430332161486149,0.06579705327749252,0.01053598802536726,0.034873899072408676,0.060067616403102875,0.06131429597735405,0.026998084038496017,0.009367180988192558,0.06045591086149216,0.07949486374855042,0.03716537728905678,0.0737285166978836,0.03464820608496666,0.06851021945476532,0.06803160905838013,0.033278290182352066,0.02086690254509449,0.025387834757566452,0.04514897242188454,0.037207283079624176
0.01545504480600357,0.06581345945596695,0.010549665428698063,0.010712419636547565,0.08012594282627106,0.0613052174448967,0.02702837623655796,0.009393933229148388,0.007345667574554682,0.021473856642842293,0.037148673087358475,0.07380376011133194,0.03468305245041847,0.020074747502803802,0.04620535299181938,0.03324640169739723,0.020868266001343727,0.025409778580069542,0.010084685869514942,0.08847568184137344
0.054816462099552155,0.06646300107240677,0.010708927176892757,0.009122448973357677,0.04598833993077278,0.07822633534669876,0.027249833568930626,0.009497110731899738,0.008804932236671448,0.04612225666642189,0.05736136808991432,0.07447279244661331,0.03500768542289734,0.019877489656209946,0.03695805370807648,0.05578562244772911,0.0210826825350523,0.02558247745037079,0.01039002276957035,0.02734271064400673
0.015532226301729679,0.23034869134426117,0.010537786409258842,0.009198823012411594,0.04605129361152649,0.06166086345911026,0.09181665629148483,0.00949943345040083,0.00881720706820488,0.04615877941250801,0.037615712732076645,0.2333386391401291,0.034829869866371155,0.019945628941059113,0.03693411126732826,0.03354853019118309,0.07569250464439392,0.025490092113614082,0.010324085131287575,0.027584893628954887
0.16018760204315186,0.05647458881139755,0.010870328173041344,0.010300666093826294,0.05678529292345047,0.08864615112543106,0.02336733043193817,0.00835619866847992,0.009273666888475418,0.08047138154506683,0.11096768826246262,0.06351125985383987,0.03462078422307968,0.02197098731994629,0.07019837945699692,0.07816863059997559,0.017873670905828476,0.025177085772156715,0.011067191138863564,0.0360872820019722
0.017357835546135902,0.29271161556243896,0.010859946720302105,0.010370517149567604,0.05716707929968834,0.06666667014360428,0.12350641936063766,0.00839050393551588,0.009309052489697933,0.08047705888748169,0.040260858833789825,0.2906281054019928,0.03523410111665726,0.0220797136425972,0.07008962333202362,0.035759471356868744,0.0960642397403717,0.026019331067800522,0.011106036603450775,0.03672346472740173
0.017568079754710197,0.055811215192079544,0.04619984328746796,0.010252433829009533,0.05713142454624176,0.06691571325063705,0.023037800565361977,0.0034437847789376974,0.009338251315057278,0.08120003342628479,0.03987441956996918,0.06278043985366821,0.04520284757018089,0.02203400805592537,0.07072392851114273,0.035485897213220596,0.017647238448262215,0.04003392904996872,0.01120836939662695,0.036323271691799164
0.0175987146794796,0.055788978934288025,0.01101969089359045,0.03432321175932884,0.05713851377367973,0.06696255505084991,0.02300620824098587,0.008358284831047058,0.06390100717544556,0.08119779080152512,0.03983762487769127,0.0627073273062706,0.03543989360332489,0.0705132707953453,0.07071872800588608,0.03545309975743294,0.017637014389038086,0.026177547872066498,0.046223025768995285,0.036276817321777344
0.017663586884737015,0.055720243602991104,0.011023564264178276,0.010233082808554173,0.07717214524745941,0.06700362265110016,0.0229793731123209,0.008352158591151237,0.009361113421618938,0.025974063202738762,0.0397857166826725,0.06273685395717621,0.035427674651145935,0.022024378180503845,0.04998509958386421,0.03543483838438988,0.017600778490304947,0.026195326820015907,0.011199497617781162,0.08706542104482651
0.017645183950662613,0.2143121361732483,0.01102642621845007,0.009448591619729996,0.042095478624105453,0.06741941720247269,0.08539333194494247,0.008463968522846699,0.01072552427649498,0.04491162300109863,0.040312089025974274,0.2166982740163803,0.03564048931002617,0.022088050842285156,0.037224072962999344,0.035788387060165405,0.0703941360116005,0.0263271052390337,0.011386086232960224,0.025878040120005608
0.16245879232883453,0.061658721417188644,0.010355439968407154,0.01057413686066866,0.05954045057296753,0.09024117887020111,0.02549462579190731,0.00885501503944397,0.007901987992227077,0.08012517541646957,0.10965844243764877,0.06928495317697525,0.03343474864959717,0.020649131387472153,0.06911442428827286,0.07718077301979065,0.019546685740351677,0.024173257872462273,0.010362009517848492,0.03722505271434784
0.016023697331547737,0.29800501465797424,0.010352821089327335,0.01063927449285984,0.05990158021450043,0.06316100060939789,0.12562938034534454,0.008927006274461746,0.007896210066974163,0.0800282284617424,0.03880108520388603,0.2963067591190338,0.034084852784872055,0.02075725980103016,0.06890876591205597,0.03461432084441185,0.09776626527309418,0.025016281753778458,0.010382579639554024,0.03779960796236992
0.01611979492008686,0.06078073009848595,0.04596220701932907,0.010519721545279026,0.05987067520618439,0.063437320291996,0.02502581477165222,0.003180737840011716,0.007963595911860466,0.08069352060556412,0.03842407464981079,0.06834995001554489,0.046428270637989044,0.020736655220389366,0.06951580941677094,0.034371111541986465,0.01921401172876358,0.04106563702225685,0.010508534498512745,0.0374368280172348
0.01611926034092903,0.060793548822402954,0.01050000824034214,0.03462829440832138,0.059889860451221466,0.0634128525853157,0.02508259005844593,0.008880256675183773,0.06180990859866142,0.08066702634096146,0.03836836665868759,0.0683620274066925,0.03427818417549133,0.06917443871498108,0.06946174800395966,0.03431854397058487,0.019225582480430603,0.02520005591213703,0.045607518404722214,0.03739534690976143
0.05840402841567993,0.061269961297512054,0.010680856183171272,0.00910649448633194,0.0441257543861866,0.08174856007099152,0.02521081641316414,0.00898416806012392,0.009612096473574638,0.04334104433655739,0.059950605034828186,0.0688377320766449,0.034645598381757736,0.020575035363435745,0.03475701063871384,0.05836747959256172,0.019372956827282906,0.025368336588144302,0.010800816118717194,0.026403503492474556
0.016156457364559174,0.23602138459682465,0.010491905733942986,0.009198276326060295,0.04419979825615883,0.06383612006902695,0.09408324211835861,0.008978888392448425,0.009627534076571465,0.043322350829839706,0.03885350748896599,0.23837634921073914,0.03443366661667824,0.020641932263970375,0.03469866141676903,0.034632716327905655,0.07762117683887482,0.025286756455898285,0.010750274173915386,0.02667297050356865
0.16318199038505554,0.0630408301949501,0.010136086493730545,0.010535183362662792,0.05919315293431282,0.09076433628797531,0.02609262615442276,0.008458231575787067,0.00783488154411316,0.07924684882164001,0.11005928367376328,0.07083499431610107,0.03262169286608696,0.020546983927488327,0.06847166270017624,0.07759950309991837,0.020000344142317772,0.02361464686691761,0.01031170878559351,0.03713364154100418
0.01590358093380928,0.2995280623435974,0.010141379199922085,0.01059488020837307,0.05957688018679619,0.06330650299787521,0.12623311579227448,0.008519095368683338,0.00785311684012413,0.07924724370241165,0.03926292434334755,0.29796144366264343,0.03327693045139313,0.020655257627367973,0.06835569441318512,0.0350874699652195,0.09825753420591354,0.02447901852428913,0.010348276235163212,0.0377076081931591
0.01583605632185936,0.062175437808036804,0.045784980058670044,0.010466119274497032,0.059571877121925354,0.06353466212749481,0.0256293173879385,0.003376343986019492,0.007900673896074295,0.07998683303594589,0.03894900903105736,0.06994311511516571,0.047102805227041245,0.020614545792341232,0.0690198615193367,0.03487200289964676,0.019661670550704002,0.04154568910598755,0.01046719215810299,0.03736587241292
0.01584303006529808,0.06216825544834137,0.010287112556397915,0.03458715230226517,0.0595877468585968,0.06355354189872742,0.025637207552790642,0.008498189970850945,0.06176323443651199,0.07994986325502396,0.038860589265823364,0.06990722566843033,0.033484529703855515,0.0690649002790451,0.06898275017738342,0.03482242301106453,0.01965215615928173,0.02465084008872509,0.045590728521347046,0.03733380138874054
0.058074675500392914,0.06274370104074478,0.010452556423842907,0.009102510288357735,0.04413030296564102,0.08160488307476044,0.025855332612991333,0.008581243455410004,0.009517168626189232,0.043280720710754395,0.05992813780903816,0.07056155800819397,0.03382159024477005,0.02048925682902336,0.03489810228347778,0.0583304762840271,0.019854361191391945,0.024815566837787628,0.010742371901869774,0.02658255212008953
0.015917308628559113,0.23382914066314697,0.0102818813174963,0.009190361946821213,0.044207051396369934,0.0639164075255394,0.09322306513786316,0.008585690520703793,0.009525594301521778,0.04328380152583122,0.03934319689869881,0.23646876215934753,0.03365258872509003,0.020550575107336044,0.034851863980293274,0.03511965647339821,0.07687400281429291,0.024760983884334564,0.010689063929021358,0.02685396932065487
0.1632326990365982,0.06456848233938217,0.009814354591071606,0.010876207612454891,0.05908196419477463,0.09083212167024612,0.026686638593673706,0.008197844959795475,0.007726093288511038,0.07841853052377701,0.10971373319625854,0.07244762033224106,0.031528279185295105,0.02076375111937523,0.06754391640424728,0.07730188965797424,0.0204978808760643,0.022825010120868683,0.010368158109486103,0.03688105195760727
0.015796184539794922,0.3010500967502594,0.009815096855163574,0.01094312034547329,0.059451624751091,0.06273677200078964,0.12687163054943085,0.008223126642405987,0.00775019358843565,0.07840146869421005,0.03888889402151108,0.2995685338973999,0.032193612307310104,0.02086849883198738,0.06744172424077988,0.03475990146398544,0.09876058250665665,0.023680686950683594,0.01039146352559328,0.037444472312927246
0.015771541744470596,0.06362805515527725,0.045538295060396194,0.010811705142259598,0.05942018702626228,0.06299832463264465,0.026189196854829788,0.0035357417073100805,0.007807866204530001,0.07912144809961319,0.038542889058589935,0.07148440927267075,0.0481061190366745,0.020841194316744804,0.06806693971157074,0.03452182188630104,0.02014741860330105,0.042321011424064636,0.01052358653396368,0.037119507789611816
0.01574791595339775,0.0635734423995018,0.009958109818398952,0.034952010959386826,0.059461575001478195,0.06300757080316544,0.026181915774941444,0.008209516294300556,0.06128654628992081,0.07910244911909103,0.038483768701553345,0.07140909880399704,0.032387375831604004,0.0692811980843544,0.06804826110601425,0.034475140273571014,0.02012895606458187,0.023848455399274826,0.04551324248313904,0.037098243832588196
0.05900406092405319,0.06418151408433914,0.010099640116095543,0.009252832271158695,0.04416055977344513,0.08158829063177109,0.026399297639727592,0.008290923200547695,0.009492455050349236,0.042922936379909515,0.05995415896177292,0.07206699997186661,0.03270035982131958,0.020677639171481133,0.03433724120259285,0.05843169614672661,0.02032584883272648,0.02399114891886711,0.010834924876689911,0.026453755795955658
0.015844350680708885,0.23821046948432922,0.009947456419467926,0.00934198871254921,0.04422429949045181,0.06336594372987747,0.09494516253471375,0.008294059894979,0.00951115507632494,0.04291845113039017,0.038955818861722946,0.24078594148159027,0.03252068907022476,0.02073689177632332,0.03429928421974182,0.03478214144706726,0.07833493500947952,0.023937417194247246,0.01076530572026968,0.02670976333320141
0.015640469267964363,0.3049221336841583,0.010368842631578445,0.010995841585099697,0.061000000685453415,0.06112584471702576,0.1283838152885437,0.009658679366111755,0.00717493100091815,0.07930956035852432,0.03718171268701553,0.3031845688819885,0.0344797782599926,0.02003931812942028,0.06752101331949234,0.033120959997177124,0.10010126978158951,0.02519109658896923,0.009878629818558693,0.03789666295051575
0.015801358968019485,0.06530352681875229,0.04605468362569809,0.010864525102078915,0.06095770746469498,0.06150873005390167,0.02665974386036396,0.0029215773101896048,0.0072496249340474606,0.08000435680150986,0.036922261118888855,0.07292549312114716,0.046205200254917145,0.019997725263237953,0.06815946102142334,0.03298436105251312,0.0207590963691473,0.04097248241305351,0.010001476854085922,0.03754711523652077
0.015820808708667755,0.06525707244873047,0.010514587163925171,0.03499521315097809,0.06098043546080589,0.06153339520096779,0.02666589617729187,0.009647319093346596,0.06001574918627739,0.08000405877828598,0.036851342767477036,0.0728503167629242,0.034718580543994904,0.06841817498207092,0.06815604865550995,0.0329410694539547,0.020739298313856125,0.02539416030049324,0.045001376420259476,0.037521567195653915
0.01580727845430374,0.06522158533334732,0.010510098189115524,0.010827873833477497,0.08100131154060364,0.06156599894165993,0.0266690906137228,0.009646056219935417,0.0072573041543364525,0.020919349044561386,0.03687704727053642,0.07288162410259247,0.034728407859802246,0.01999940723180771,0.04567110165953636,0.03295125439763069,0.020706215873360634,0.025402458384633064,0.009998534806072712,0.08878257125616074
0.05440566688776016,0.06594594568014145,0.010680350475013256,0.009114347398281097,0.04704168811440468,0.07824873179197311,0.026933792978525162,0.00975516252219677,0.00867095310240984,0.047085240483284,0.057203732430934906,0.07358165830373764,0.0350857712328434,0.019790085032582283,0.0374319851398468,0.05567026883363724,0.020954225212335587,0.0255882628262043,0.010303658433258533,0.027751125395298004
0.013965392485260963,0.19699224829673767,0.00878697820007801,0.007042224518954754,0.03983301296830177,0.04668967053294182,0.08314824849367142,0.006753634195774794,0.009927612729370594,0.04260612279176712,0.026742666959762573,0.19779880344867706,0.02770674042403698,0.015628397464752197,0.02993025816977024,0.025745833292603493,0.06339773535728455,0.02293570339679718,0.010173131711781025,0.025408942252397537
0.16773119568824768,0.07684055715799332,0.0072743711061775684,0.013456547632813454,0.060073573142290115,0.09444721043109894,0.03142233565449715,0.007348774932324886,0.007988326251506805,0.07140526175498962,0.10617076605558395,0.08536366373300552,0.023893306031823158,0.02124670520424843,0.059753164649009705,0.07464528828859329,0.024553043767809868,0.017084570601582527,0.010326288640499115,0.03643016144633293
0.013351359404623508,0.07538120448589325,0.04393092542886734,0.01332738809287548,0.06041887030005455,0.054925911128520966,0.030702335759997368,0.004095517098903656,0.00802547112107277,0.07198966294527054,0.03504617139697075,0.08403392136096954,0.05529523640871048,0.021360447630286217,0.060200516134500504,0.0317358635365963,0.024001948535442352,0.047932256013154984,0.010508699342608452,0.03661807253956795
0.013227378018200397,0.07531330734491348,0.007424881681799889,0.03750241547822952,0.060450583696365356,0.054929982870817184,0.030705729499459267,0.007296553812921047,0.05687575787305832,0.07197493314743042,0.03495047241449356,0.0839395821094513,0.024743743240833282,0.06971442699432373,0.060161296278238297,0.031683798879384995,0.023992151021957397,0.01808002032339573,0.04464098438620567,0.03658655658364296
0.013222860172390938,0.0752650573849678,0.007408732548356056,0.013311780989170074,0.08062610030174255,0.05495817959308624,0.03067084401845932,0.007320014759898186,0.008004633709788322,0.01407307293266058,0.03496099263429642,0.08396510779857635,0.024750757962465286,0.021376468241214752,0.03964555263519287,0.03168824687600136,0.02396070398390293,0.01807498373091221,0.0105156060308218,0.08876572549343109
0.06506115943193436,0.07608506828546524,0.007551073096692562,0.010162219405174255,0.04776040464639664,0.077567458152771,0.03095065988600254,0.007402435410767794,0.008547564968466759,0.04293262958526611,0.057602111250162125,0.08479366451501846,0.02496996521949768,0.020878255367279053,0.032577358186244965,0.056626591831445694,0.02423403598368168,0.01814909838140011,0.01088948268443346,0.027984993532299995
0.013350146822631359,0.2590257525444031,0.007379505317658186,0.010254653170704842,0.047801245003938675,0.055076390504837036,0.10317282378673553,0.0074162171222269535,0.008562632836401463,0.042885661125183105,0.03542175143957138,0.26192259788513184,0.024836018681526184,0.020938534289598465,0.03249892219901085,0.03190476819872856,0.08530295640230179,0.01808592490851879,0.010809017345309258,0.02815677598118782
0.16138972342014313,0.06289038807153702,0.010320230387151241,0.01181662268936634,0.05783538520336151,0.08922790735960007,0.025734759867191315,0.00920209102332592,0.007826181128621101,0.07573121041059494,0.10794130712747574,0.07006911933422089,0.03347580134868622,0.021637476980686188,0.06489944458007812,0.07559839636087418,0.020047781988978386,0.024147121235728264,0.010680529288947582,0.03586174175143242
0.015915745869278908,0.2993510663509369,0.0103051932528615,0.011886569671332836,0.05819861590862274,0.0613848902285099,0.12611086666584015,0.0092327781021595,0.0078081958927214146,0.0757172629237175,0.037152405828237534,0.29738539457321167,0.03412001207470894,0.021765924990177155,0.06478794664144516,0.03304852172732353,0.09829437732696533,0.024982701987028122,0.010685518383979797,0.03640066087245941
0.01608385145664215,0.06193160638213158,0.045971132814884186,0.011734068393707275,0.05817123129963875,0.06170002371072769,0.025244398042559624,0.003056021174415946,0.007909385487437248,0.07641693949699402,0.03681522607803345,0.0690770223736763,0.04645379260182381,0.021719561889767647,0.06540380418300629,0.03283493220806122,0.019699500873684883,0.04113488644361496,0.010822393000125885,0.0360611192882061
0.01613299921154976,0.061877526342868805,0.01044439896941185,0.011723808012902737,0.0782918632030487,0.061744704842567444,0.025266388431191444,0.009222649969160557,0.007925250567495823,0.019985869526863098,0.03671037033200264,0.06907272338867188,0.03433236479759216,0.02171744406223297,0.04472416639328003,0.032786913216114044,0.019649356603622437,0.025166749954223633,0.010817707516252995,0.0874691754579544
0.06269557029008865,0.06252145767211914,0.010656251572072506,0.009556949138641357,0.04232022911310196,0.08224023878574371,0.02547934092581272,0.009317499585449696,0.009825560264289379,0.039298463612794876,0.06046892702579498,0.0696994736790657,0.0347130224108696,0.021434977650642395,0.03063839115202427,0.05912576988339424,0.019896192476153374,0.025354228913784027,0.011183984577655792,0.02508089877665043
0.01622622460126877,0.25396257638931274,0.010414648801088333,0.009667377918958664,0.04237840697169304,0.06203354895114899,0.10117495805025101,0.00933651439845562,0.009837170131504536,0.03926273435354233,0.03718888387084007,0.25542160868644714,0.03447071462869644,0.021491214632987976,0.030573764815926552,0.03307422250509262,0.08372639119625092,0.025229575112462044,0.01111183688044548,0.02531658485531807
0.16876545548439026,0.07573537528514862,0.007513189222663641,0.012260768562555313,0.0627213791012764,0.09517248719930649,0.03128539398312569,0.00720046553760767,0.007081707939505577,0.07516930997371674,0.10696013271808624,0.08495502918958664,0.024477511644363403,0.020271966233849525,0.06367770582437515,0.07536932826042175,0.024061914533376694,0.017547497525811195,0.010266426019370556,0.03866191953420639
0.014082207344472408,0.3128414750099182,0.007521997205913067,0.012325228191912174,0.0631476417183876,0.055211037397384644,0.13156534731388092,0.007234472781419754,0.007031305227428675,0.07523911446332932,0.03603990375995636,0.31225457787513733,0.025142857804894447,0.020391974598169327,0.06361506879329681,0.03263391926884651,0.10252989828586578,0.01837552711367607,0.010290955193340778,0.03916284814476967
0.01350687351077795,0.07440531253814697,0.04407403990626335,0.012178104370832443,0.06313721090555191,0.055486492812633514,0.030657686293125153,0.004183916375041008,0.007124978117644787,0.07589928060770035,0.035775553435087204,0.0837445929646492,0.054738231003284454,0.020390324294567108,0.06423276662826538,0.032483261078596115,0.0235481858253479,0.0474662110209465,0.010443328879773617,0.038904525339603424
0.013394149951636791,0.0743241235613823,0.007646739017218351,0.036357294768095016,0.06315308064222336,0.055451635271310806,0.030649622902274132,0.007211087271571159,0.058613333851099014,0.07588791102170944,0.03575180098414421,0.08365976810455322,0.025362996384501457,0.06876721978187561,0.06420054286718369,0.03245513513684273,0.023524032905697823,0.01858898624777794,0.04526235908269882,0.038874298334121704
0.01326613686978817,0.07428018003702164,0.007652633357793093,0.012151265516877174,0.08330351859331131,0.055330026894807816,0.030622631311416626,0.007205422502011061,0.00709519675001502,0.016884630545973778,0.03570915386080742,0.08369220793247223,0.025307901203632355,0.020395642146468163,0.04295077547430992,0.0324210450053215,0.023514635860919952,0.01852627471089363,0.01043175719678402,0.0909915491938591
0.0734538808465004,0.07505311816930771,0.007782920729368925,0.00953614804893732,0.04712817817926407,0.08203978836536407,0.030875956639647484,0.007299046963453293,0.008848946541547775,0.03933797776699066,0.06105007603764534,0.08448044210672379,0.025542002171278,0.019986119121313095,0.0294436514377594,0.06020905449986458,0.023751787841320038,0.018588099628686905,0.01084048766642809,0.02818804234266281
0.16155275702476501,0.06349508464336395,0.010579267516732216,0.01126895286142826,0.05820097029209137,0.08935347199440002,0.02587536722421646,0.009408761747181416,0.007626484148204327,0.07704387605190277,0.10839418321847916,0.07047171145677567,0.03431088477373123,0.02088300697505474,0.06584689021110535,0.07599807530641556,0.0202648863196373,0.024749262258410454,0.010115694254636765,0.03592141717672348
0.01595238968729973,0.3002188503742218,0.010561199858784676,0.011340286582708359,0.05859149619936943,0.0619698092341423,0.12641504406929016,0.009438611567020416,0.007583250291645527,0.07710447907447815,0.03762500733137131,0.2981289029121399,0.03495458886027336,0.021007871255278587,0.065796859562397,0.03350038081407547,0.09861845523118973,0.02560078166425228,0.010109282098710537,0.03647453337907791
0.01612054370343685,0.06269138306379318,0.046138614416122437,0.011187572032213211,0.058572813868522644,0.06225378066301346,0.025440307334065437,0.0029688673093914986,0.007697323802858591,0.07779236882925034,0.03729167580604553,0.06964512914419174,0.045711927115917206,0.020984172821044922,0.06641504913568497,0.03328554704785347,0.019973281770944595,0.040547117590904236,0.010270502418279648,0.036155976355075836
0.016169238835573196,0.06261972337961197,0.010696813464164734,0.011156953871250153,0.07863552868366241,0.06229431927204132,0.025441957637667656,0.009401755407452583,0.007695329375565052,0.020363807678222656,0.03724265471100807,0.0696253851056099,0.035154812037944794,0.020972169935703278,0.04494805261492729,0.033236414194107056,0.019957363605499268,0.0257781483232975,0.010263695381581783,0.08731883019208908
0.06312783062458038,0.06333515793085098,0.010901088826358318,0.008995631709694862,0.04262656345963478,0.0828709751367569,0.02567421831190586,0.009513293392956257,0.009550219401717186,0.040514566004276276,0.06099579483270645,0.07031942903995514,0.03551682457327843,0.020681409165263176,0.03156159445643425,0.059602465480566025,0.020204920321702957,0.025956662371754646,0.010598449036478996,0.02502221055328846
0.016232650727033615,0.2551998198032379,0.010678691789507866,0.009108763188123703,0.04267895966768265,0.06257069110870361,0.10159236937761307,0.009523441083729267,0.009536828845739365,0.04050704091787338,0.03767751529812813,0.2564792037010193,0.035284705460071564,0.020744947716593742,0.03149209916591644,0.033512864261865616,0.0841984748840332,0.02583702653646469,0.010504406876862049,0.025248590856790543
0.1658068746328354,0.07826285064220428,0.008176947012543678,0.01327371783554554,0.06014607101678848,0.09278631955385208,0.031770527362823486,0.008189670741558075,0.008075529709458351,0.0714329183101654,0.10591796785593033,0.08643501996994019,0.026890648528933525,0.02043839916586876,0.05954299867153168,0.07414942979812622,0.025111038237810135,0.01922638528048992,0.0098228445276618,0.036276839673519135
0.0136197404935956,0.07671691477298737,0.044547900557518005,0.013148145750164986,0.06050610914826393,0.05567941814661026,0.03102193959057331,0.003515664953738451,0.008070985786616802,0.07203537970781326,0.034701552242040634,0.08499735593795776,0.05254209041595459,0.02058251015841961,0.05999400094151497,0.03129158169031143,0.024530120193958282,0.045858245342969894,0.009996717795729637,0.03647821024060249
0.013564321212470531,0.07657672464847565,0.008326335810124874,0.03729670122265816,0.060556188225746155,0.05571804940700531,0.03097865916788578,0.008192697539925575,0.05605848878622055,0.07204245030879974,0.034629933536052704,0.08483844250440598,0.027754709124565125,0.06889708340167999,0.05996716395020485,0.03125426918268204,0.02447049506008625,0.020246174186468124,0.04413202777504921,0.03645174577832222
0.013546441681683064,0.07655764371156693,0.00831227283924818,0.013121509924530983,0.08070150017738342,0.055718936026096344,0.03098173998296261,0.00821740087121725,0.008061663247644901,0.013547803275287151,0.03463897481560707,0.08486579358577728,0.027737347409129143,0.020587412640452385,0.03909160941839218,0.031228700652718544,0.02447011135518551,0.020226817578077316,0.010002180002629757,0.08861440420150757
0.060562826693058014,0.07724571228027344,0.008431611582636833,0.009917940013110638,0.048595868051052094,0.07601305842399597,0.031213385984301567,0.008291393518447876,0.007944251410663128,0.04468700662255287,0.05623848736286163,0.08557408303022385,0.027966676279902458,0.020041951909661293,0.03404691442847252,0.055138446390628815,0.024685896933078766,0.02030249685049057,0.010312625207006931,0.028305428102612495
0.01361619308590889,0.2527288496494293,0.00826700497418642,0.010021106339991093,0.04862792044878006,0.05581040307879448,0.10058310627937317,0.008288417011499405,0.00795019418001175,0.044670507311820984,0.03503822162747383,0.25554969906806946,0.02777591161429882,0.02010667696595192,0.03398220241069794,0.03140829876065254,0.08325076103210449,0.02020818181335926,0.010229256004095078,0.02846265211701393
0.16147319972515106,0.06910350173711777,0.010217725299298763,0.011720944195985794,0.05859999731183052,0.08922556042671204,0.02807491086423397,0.009186578914523125,0.0073979636654257774,0.07562009245157242,0.10791944712400436,0.07639268040657043,0.03318827971816063,0.020443838089704514,0.06419127434492111,0.07551074028015137,0.022136611863970757,0.02391788922250271,0.009846094995737076,0.03587682172656059
0.015886623412370682,0.3059016764163971,0.010196561925113201,0.011785028502345085,0.05893741548061371,0.06124265491962433,0.12867657840251923,0.00922310445457697,0.0073598697781562805,0.07562661170959473,0.03707951679825783,0.3039908707141876,0.033778272569179535,0.020569434389472008,0.06406809389591217,0.0329555869102478,0.10050471127033234,0.024722645059227943,0.009817948564887047,0.03636189177632332
0.01607305184006691,0.06799349188804626,0.045895833522081375,0.011620067991316319,0.05892498418688774,0.061535727232694626,0.027484817430377007,0.0030594237614423037,0.007483002729713917,0.07623796164989471,0.036714278161525726,0.07527495175600052,0.04673514515161514,0.020559217780828476,0.06465013325214386,0.03277609869837761,0.021719153970479965,0.041362348943948746,0.00999029353260994,0.03607713058590889
0.016104934737086296,0.06789102405309677,0.010333871468901634,0.011608628556132317,0.07905098050832748,0.061531662940979004,0.027481572702527046,0.009206981398165226,0.007476016413420439,0.01838807389140129,0.036643385887145996,0.07523217797279358,0.033993616700172424,0.0205388180911541,0.04322000965476036,0.03271183744072914,0.0216861292719841,0.02490711398422718,0.009994631633162498,0.08751506358385086
0.06287851184606552,0.06853000074625015,0.010506954975426197,0.009023156017065048,0.04378299042582512,0.08211468160152435,0.027643539011478424,0.00929725356400013,0.008952070958912373,0.04111465439200401,0.06043006107211113,0.07586011290550232,0.034332841634750366,0.02015109173953533,0.031658124178647995,0.0590721070766449,0.021899329498410225,0.02508191578090191,0.010313039645552635,0.02554377168416977
0.01608574390411377,0.2609500288963318,0.010298625566065311,0.009126327931880951,0.04380273073911667,0.06173660233616829,0.10388191789388657,0.00927747879177332,0.008954890072345734,0.04109354689717293,0.0370815172791481,0.2624257504940033,0.03405163437128067,0.02020139992237091,0.0316045768558979,0.03294706717133522,0.0861126109957695,0.024915684014558792,0.010215089656412601,0.02571900747716427
0.16820307075977325,0.07969952374696732,0.00684376573190093,0.014197423122823238,0.05981464684009552,0.0948077142238617,0.03246448561549187,0.007475745864212513,0.008664784021675587,0.06908457726240158,0.10564714670181274,0.08830240368843079,0.022737441584467888,0.02113482542335987,0.057205382734537125,0.0741698369383812,0.025507831946015358,0.016160249710083008,0.010191021487116814,0.03595514968037605
0.013563842512667179,0.31677934527397156,0.006872869562357664,0.014280920848250389,0.06018514558672905,0.053529154509305954,0.13305345177650452,0.007463139947503805,0.008498279377818108,0.06912791728973389,0.034708574414253235,0.31580087542533875,0.023426063358783722,0.02131674252450466,0.057137131690979004,0.03134908527135849,0.10397858172655106,0.016981657594442368,0.010166631080210209,0.03635062649846077
0.01298233401030302,0.07797358930110931,0.006982654333114624,0.038228556513786316,0.06020063906908035,0.05381283164024353,0.031684305518865585,0.007451276760548353,0.05529758706688881,0.06967437267303467,0.03440399095416069,0.08671297878026962,0.02359120547771454,0.06957142055034637,0.05761628597974777,0.031214948743581772,0.024869758635759354,0.01714608445763588,0.04422258585691452,0.03610188141465187
0.012943550944328308,0.07793421298265457,0.00698328809812665,0.014048174023628235,0.08041820675134659,0.05379706248641014,0.03165585175156593,0.007466999813914299,0.008631082251667976,0.012220247648656368,0.03438161313533783,0.08670145273208618,0.023577572777867317,0.021306445822119713,0.037540532648563385,0.03120598942041397,0.02484630048274994,0.017148317769169807,0.010375093668699265,0.0885419175028801
0.06947918981313705,0.0786822959780693,0.007110727950930595,0.01012218464165926,0.047716911882162094,0.07879339158535004,0.03191906586289406,0.00753345713019371,0.008359135128557682,0.041594114154577255,0.05858591943979263,0.08746282756328583,0.023764604702591896,0.020610522478818893,0.030788885429501534,0.05772954225540161,0.025093648582696915,0.01716473326086998,0.010751251131296158,0.027724118903279305
0.013077630661427975,0.2740153968334198,0.006923440843820572,0.010216536931693554,0.04768752679228783,0.05378835275769234,0.10917504131793976,0.00753670884296298,0.00835987739264965,0.04156121984124184,0.03477437049150467,0.2764747142791748,0.0235908180475235,0.020657047629356384,0.03070288524031639,0.03133143484592438,0.09033581614494324,0.017106689512729645,0.010659580118954182,0.027844388037919998
0.17157305777072906,0.07808015495538712,0.006224441342055798,0.013270596042275429,0.06249910965561867,0.09756913036108017,0.03230246528983116,0.00615076394751668,0.007484623230993748,0.07217083871364594,0.10614071041345596,0.0876995250582695,0.020329603925347328,0.0212409570813179,0.06083770468831062,0.07488185167312622,0.02480381540954113,0.014538044109940529,0.010729233734309673,0.038498084992170334
0.014205443672835827,0.3152497410774231,0.006290928460657597,0.013348475098609924,0.06292632222175598,0.05235659331083298,0.1325700283050537,0.006145448423922062,0.007424490060657263,0.07226570695638657,0.035172831267118454,0.3149309456348419,0.02103312499821186,0.021381430327892303,0.060792695730924606,0.03199704736471176,0.1032685786485672,0.015387344174087048,0.010766072198748589,0.0389530174434185
0.013428024016320705,0.07663044333457947,0.043220676481723785,0.01318853348493576,0.0629367008805275,0.05263536795973778,0.031627338379621506,0.005034611094743013,0.0075096385553479195,0.0729280337691307,0.03490263596177101,0.08638706058263779,0.05860377848148346,0.021344218403100967,0.06139569357037544,0.031901270151138306,0.02423861436545849,0.05037538707256317,0.010916974395513535,0.03873583301901817
0.013279234990477562,0.07653693109750748,0.006370908580720425,0.0373552180826664,0.06295853853225708,0.05260859429836273,0.03162902593612671,0.006122545804828405,0.05788961425423622,0.07288014888763428,0.0348404198884964,0.0863083079457283,0.02117527648806572,0.06970594823360443,0.0613531656563282,0.03186318278312683,0.024182969704270363,0.015538275241851807,0.04535917937755585,0.03869623318314552
0.013217187486588955,0.07652094215154648,0.00636983010917902,0.013164367526769638,0.08312509953975677,0.05257672816514969,0.031647615134716034,0.006120441015809774,0.007495093159377575,0.01478783693164587,0.034833766520023346,0.08632712811231613,0.02118689939379692,0.021382877603173256,0.04114711657166481,0.03185199946165085,0.024195926263928413,0.015537397004663944,0.010910941287875175,0.09115032106637955
0.0782226026058197,0.07726402580738068,0.0065129161812365055,0.010037131607532501,0.04724538326263428,0.08230473101139069,0.031891994178295135,0.006190165877342224,0.009164463728666306,0.03762948885560036,0.06121039763092995,0.08708244562149048,0.02133403904736042,0.020847801119089127,0.0275556743144989,0.060571249574422836,0.02443733438849449,0.015527936629951,0.011348340660333633,0.02838926948606968
0.16221484541893005,0.061548713594675064,0.010528053157031536,0.010504464618861675,0.059874627739191055,0.08983217179775238,0.025388607755303383,0.008875138126313686,0.00772859388962388,0.07960640639066696,0.10956936329603195,0.06902370601892471,0.033924754709005356,0.02042902447283268,0.0686192661523819,0.07708560675382614,0.019523583352565765,0.024551529437303543,0.010237973183393478,0.03743454068899155
0.01617198809981346,0.29821404814720154,0.010506081394851208,0.010587509721517563,0.0602605827152729,0.06332875788211823,0.1256699115037918,0.008920378983020782,0.007763476110994816,0.07970011979341507,0.0387861430644989,0.2964213490486145,0.03454222530126572,0.020571675151586533,0.06858651340007782,0.034572601318359375,0.0978563129901886,0.025372222065925598,0.010272555984556675,0.03801350295543671
0.016205623745918274,0.06085355579853058,0.04605274274945259,0.01044517569243908,0.06023329496383667,0.06357862800359726,0.02499961294233799,0.003173597389832139,0.00782324094325304,0.080442875623703,0.038456033915281296,0.0682791918516159,0.045966263860464096,0.02052091434597969,0.06926137953996658,0.034396570175886154,0.019273918122053146,0.04071105271577835,0.01037550251930952,0.03767548128962517
0.016193144023418427,0.06084991246461868,0.01067139208316803,0.034572672098875046,0.06026328355073929,0.06358014047145844,0.025011487305164337,0.008898568339645863,0.06159404665231705,0.08043383061885834,0.038396380841732025,0.06825197488069534,0.03475493937730789,0.06893489509820938,0.06924523413181305,0.034333113580942154,0.019274109974503517,0.02557670697569847,0.045465242117643356,0.03764466941356659
0.05589199438691139,0.06145879998803139,0.010817594826221466,0.009088495746254921,0.04521248862147331,0.0807015597820282,0.025233373045921326,0.009031713008880615,0.009402435272932053,0.044733304530382156,0.059014976024627686,0.06892288476228714,0.03514481335878372,0.020394135266542435,0.03602916747331619,0.057393550872802734,0.019465429708361626,0.025774581357836723,0.010669584386050701,0.027137473225593567
0.01632610708475113,0.22856290638446808,0.010662224143743515,0.00917989481240511,0.04528104513883591,0.06396561861038208,0.09105473011732101,0.009018763899803162,0.00940889585763216,0.04471069574356079,0.038852110505104065,0.23102892935276031,0.03493395820260048,0.02045937441289425,0.03598849102854729,0.03464028239250183,0.07513786852359772,0.025668714195489883,0.010607416741549969,0.027407033368945122
0.01577259600162506,0.30436059832572937,0.0099549051374197,0.010761348530650139,0.060827676206827164,0.06260665506124496,0.12818126380443573,0.009218650870025158,0.007320903241634369,0.07975450903177261,0.038503870368003845,0.30286362767219543,0.03307056427001953,0.020060809329152107,0.06834293156862259,0.03435925394296646,0.09986050426959991,0.024180976673960686,0.010124383494257927,0.038169100880622864
0.015857961028814316,0.06472758948802948,0.045763108879327774,0.010626869276165962,0.06078764423727989,0.06287259608507156,0.026609674096107483,0.0030459044501185417,0.007381160743534565,0.08050286769866943,0.038197390735149384,0.07271386682987213,0.047451164573431015,0.02002074383199215,0.06901917606592178,0.034184470772743225,0.020493177697062492,0.041929829865694046,0.010213720612227917,0.03781886026263237
0.015849782153964043,0.06473477929830551,0.010077192448079586,0.03474142402410507,0.060816917568445206,0.06286820024251938,0.026635823771357536,0.009208284318447113,0.06085101515054703,0.08049213141202927,0.03816130757331848,0.07270647585391998,0.03328441083431244,0.06843368709087372,0.06900914758443832,0.034169718623161316,0.020507749170064926,0.024362051859498024,0.045359138399362564,0.03777853399515152
0.015881747007369995,0.06473753601312637,0.010089610703289509,0.010610654018819332,0.08085121214389801,0.06287673115730286,0.026662729680538177,0.009233107790350914,0.0073896911926567554,0.022275183349847794,0.03812139108777046,0.07277357578277588,0.03328821063041687,0.02001103200018406,0.04703519493341446,0.034145306795835495,0.02049729786813259,0.024372905492782593,0.010208574123680592,0.08907075226306915
0.057447489351034164,0.0653710588812828,0.010241489857435226,0.00910971686244011,0.04575292393565178,0.0806155875325203,0.026868874207139015,0.009343614801764488,0.008957156911492348,0.0448889322578907,0.0592520497739315,0.07340706139802933,0.03363245353102684,0.019845588132739067,0.03582299128174782,0.05768347904086113,0.020703937858343124,0.02453080378472805,0.010517201386392117,0.027290230616927147
0.01594223640859127,0.23647645115852356,0.010080534033477306,0.009194486774504185,0.04583018273115158,0.06320773810148239,0.09423083811998367,0.009317340329289436,0.008977783843874931,0.04489366337656975,0.03858083114027977,0.2392777055501938,0.033435676246881485,0.019909456372261047,0.03578685596585274,0.03444796800613403,0.07775473594665527,0.024452967569231987,0.010454114526510239,0.02754240669310093
0.015213711187243462,0.3050695061683655,0.01059348601847887,0.01079080905765295,0.06145169585943222,0.060235489159822464,0.12849196791648865,0.00955704040825367,0.007184330839663744,0.07942017167806625,0.036895498633384705,0.3035016655921936,0.035096120089292526,0.01990898698568344,0.06788091361522675,0.0328933447599411,0.10011600703001022,0.0256846584379673,0.009929448366165161,0.0384257473051548
0.015301337465643883,0.06484047323465347,0.04619761183857918,0.010660865344107151,0.06141791492700577,0.060551054775714874,0.026596825569868088,0.00294471369124949,0.007252649404108524,0.080182746052742,0.03660601004958153,0.07271520793437958,0.04563393071293831,0.019862601533532143,0.06855759769678116,0.03277919813990593,0.020551243796944618,0.040512893348932266,0.010053565725684166,0.03807530924677849
0.015334305353462696,0.06482736021280289,0.010759434662759304,0.03477126359939575,0.06143555790185928,0.06056492403149605,0.026609251275658607,0.009542147628962994,0.06040436774492264,0.08016262203454971,0.03656737878918648,0.07268886268138885,0.03534930199384689,0.06826923787593842,0.06853614747524261,0.03278445452451706,0.020538484677672386,0.025914598256349564,0.04511922597885132,0.03804408758878708
0.01533608976751566,0.06478124856948853,0.010748377069830894,0.010639664717018604,0.08146721869707108,0.060599636286497116,0.026635704562067986,0.009540199302136898,0.007247522473335266,0.021479476243257523,0.03658279404044151,0.07273721694946289,0.0353236198425293,0.019868720322847366,0.04642259329557419,0.032792262732982635,0.020532209426164627,0.025893911719322205,0.010043544694781303,0.08944381028413773
0.055795539170503616,0.0654827356338501,0.0109177865087986,0.00906610582023859,0.0469759963452816,0.07797357439994812,0.02686513401567936,0.009652961045503616,0.008747616782784462,0.04600110650062561,0.057230617851018906,0.0734190121293068,0.035715341567993164,0.01968800462782383,0.036664579063653946,0.05574962496757507,0.020755160599946976,0.02611231617629528,0.010343666188418865,0.027971699833869934
0.015416971407830715,0.23251087963581085,0.010739418677985668,0.009150661528110504,0.04703071713447571,0.06088465824723244,0.0926518514752388,0.009661354124546051,0.008763380348682404,0.04602554067969322,0.03703270107507706,0.23535946011543274,0.03548351675271988,0.019758256152272224,0.03663463518023491,0.033038944005966187,0.07643472403287888,0.025981655344367027,0.010288878343999386,0.02821354568004608
0.01564348116517067,0.3063851594924927,0.010143894702196121,0.010989643633365631,0.06118828430771828,0.06166882812976837,0.12900672852993011,0.009002705104649067,0.007183918263763189,0.07879043370485306,0.03759050369262695,0.3046738803386688,0.03351213037967682,0.020065059885382652,0.0671560987830162,0.03351644426584244,0.10059429705142975,0.02455553226172924,0.009892309084534645,0.03811754286289215
0.015798155218362808,0.06587426364421844,0.045870523899793625,0.010859164409339428,0.061157725751399994,0.06199246272444725,0.026869190856814384,0.0031420872546732426,0.007252550218254328,0.07953634858131409,0.037365637719631195,0.07354149222373962,0.04705642908811569,0.020029468461871147,0.06782709807157516,0.03341326490044594,0.020946159958839417,0.04159020259976387,0.010014316067099571,0.03780093789100647
0.015800170600414276,0.06587556004524231,0.010313749313354492,0.03495938703417778,0.06117192655801773,0.06195800378918648,0.02691824547946453,0.00899038277566433,0.06002066656947136,0.07950607687234879,0.03728729858994484,0.07352124899625778,0.03377196565270424,0.06842102110385895,0.06780168414115906,0.03337900713086128,0.020939046517014503,0.024781178683042526,0.04495323449373245,0.03773711994290352
0.015833141282200813,0.06580082327127457,0.010298977605998516,0.010835079476237297,0.08122465014457703,0.06200150027871132,0.02690073847770691,0.008997182361781597,0.007278135512024164,0.020784063264727592,0.03728395700454712,0.07353128492832184,0.03376312926411629,0.02002081833779812,0.04573412612080574,0.03335552662611008,0.020912207663059235,0.024764934554696083,0.010012258775532246,0.08920157700777054
0.05410533398389816,0.0664920061826706,0.010469486936926842,0.009144805371761322,0.047387197613716125,0.07849932461977005,0.02713380753993988,0.009094424545764923,0.008655115030705929,0.04693528637290001,0.05740141123533249,0.07421699166297913,0.03413598984479904,0.01983182691037655,0.03739319369196892,0.05581821873784065,0.021145787090063095,0.024989573284983635,0.010322059504687786,0.028123661875724792
0.01589040830731392,0.2295551896095276,0.0102861812338233,0.009243530221283436,0.04743317514657974,0.062349140644073486,0.09142391383647919,0.00911177322268486,0.008664802648127079,0.04694009944796562,0.037772659212350845,0.2323591560125351,0.03391025960445404,0.019885342568159103,0.03737403824925423,0.03369024023413658,0.07548514008522034,0.024864593520760536,0.010248069651424885,0.028358208015561104
0.015676619485020638,0.3089265823364258,0.010281356982886791,0.011077661998569965,0.060117825865745544,0.061710651963949203,0.13003839552402496,0.009427777491509914,0.006978020071983337,0.07778363674879074,0.037570420652627945,0.30744898319244385,0.03409512713551521,0.019747938960790634,0.06627000123262405,0.03346983343362808,0.10139433294534683,0.024923276156187057,0.009730864316225052,0.0374392494559288
0.01583893597126007,0.0680048018693924,0.04601217806339264,0.010942968539893627,0.06006766855716705,0.06203606724739075,0.02781468816101551,0.002973677823320031,0.007071415428072214,0.07848787307739258,0.03732309117913246,0.07602332532405853,0.04659515991806984,0.01971554383635521,0.06694106757640839,0.033373307436704636,0.021601075306534767,0.0412711538374424,0.009855088777840137,0.03708714246749878
0.01583060249686241,0.067942775785923,0.010431253351271152,0.03506409376859665,0.06010371819138527,0.06205997243523598,0.027768725529313087,0.009425901807844639,0.059497348964214325,0.07851061224937439,0.03729407489299774,0.07594284415245056,0.03434869647026062,0.06809493899345398,0.06692385673522949,0.033362310379743576,0.021586226299405098,0.02515646256506443,0.04480332136154175,0.03706135228276253
0.01588418520987034,0.06792853772640228,0.010416071861982346,0.010930873453617096,0.08017940074205399,0.06207411736249924,0.02782544493675232,0.00942309945821762,0.007073309272527695,0.020364856347441673,0.03729032725095749,0.07599186152219772,0.03432217240333557,0.019711460918188095,0.045207761228084564,0.03336990252137184,0.021577348932623863,0.025123542174696922,0.00984400138258934,0.08852948248386383
0.05385860428214073,0.06865886598825455,0.010576148517429829,0.009131214581429958,0.04653884842991829,0.07844358682632446,0.028033705428242683,0.009542586281895638,0.008357841521501541,0.046456530690193176,0.057331111282110214,0.07669513672590256,0.034694865345954895,0.019481457769870758,0.03701654449105263,0.055751923471689224,0.021797046065330505,0.02533443458378315,0.01014743372797966,0.02758515626192093
0.01594151183962822,0.2317158281803131,0.010410483926534653,0.009217911399900913,0.046585217118263245,0.06244027242064476,0.09233459085226059,0.009545820765197277,0.008369574323296547,0.04645337536931038,0.03773576393723488,0.23478636145591736,0.03448977693915367,0.019544776529073715,0.036985259503126144,0.03368758037686348,0.0761844664812088,0.02522861957550049,0.010082907974720001,0.027797255665063858
0.1665784865617752,0.0791035965085029,0.0077374265529215,0.0134785752743482,0.0608422495424747,0.0937331467866897,0.0321564078330993,0.0084099406376481,0.0082322871312499,0.0723879411816597,0.1055084913969039,0.0876596868038177,0.0259089916944503,0.0203141216188669,0.0600014328956604,0.0741176828742027,0.0253193043172359,0.0184606984257698,0.009662196971476,0.0365499928593635
0.013711292296648,0.0780682191252708,0.0444082804024219,0.0133333690464496,0.061124499887228,0.0556338652968406,0.0316047854721546,0.0033973876852542,0.0082455491647124,0.0726629495620727,0.0346050597727298,0.0866375863552093,0.0537861995398998,0.0203878376632928,0.0601387210190296,0.0312610380351543,0.024949537590146,0.0469445325434207,0.0098370956256985,0.0366746038198471
0.0135245816782116,0.0780193880200386,0.0079115144908428,0.0373185314238071,0.0611222982406616,0.0555328391492366,0.0315814353525638,0.0084216948598623,0.0552308373153209,0.0725990235805511,0.0344866104423999,0.0866156816482544,0.0267446935176849,0.068474993109703,0.0600757859647274,0.0311806723475456,0.0249264910817146,0.0194389335811138,0.0436208918690681,0.0366310402750968
0.0135834543034434,0.0779735669493675,0.0079264435917139,0.0133149456232786,0.0813482254743576,0.0556788630783557,0.0315807424485683,0.0084271486848592,0.0082050077617168,0.0126884272322058,0.0345877297222614,0.0866231173276901,0.0267147403210401,0.0204030554741621,0.0385172069072723,0.0312516316771507,0.0249156262725591,0.019413923844695,0.0098487669602036,0.0889848247170448
0.0633468776941299,0.0786170661449432,0.0080123636871576,0.009769327007234,0.0487594120204448,0.0772560536861419,0.0317872613668441,0.0085077732801437,0.0078072627075016,0.0446060448884964,0.0572317503392696,0.0872464105486869,0.0269105341285467,0.0197543576359748,0.0335225947201252,0.0561758205294609,0.0251168385148048,0.0194743890315294,0.0101600624620914,0.0281911566853523
0.0135911712422966,0.2627025544643402,0.0078572556376457,0.0098799169063568,0.0487563051283359,0.0555942058563232,0.104482278227806,0.0085196858271956,0.0078087099827826,0.0445553213357925,0.034944899380207,0.2656105458736419,0.0267097353935241,0.0198030211031436,0.0334026180207729,0.0313858352601528,0.0865758657455444,0.0193648543208837,0.0100694075226783,0.028339859098196
0.161536306142807,0.0660314932465553,0.0106615247204899,0.0110842185094952,0.0582643747329711,0.0895649492740631,0.0269387606531381,0.0093036061152815,0.0074013867415487,0.0774489119648933,0.108764536678791,0.0733411759138107,0.0345582328736782,0.0204684548079967,0.066240444779396,0.0763930007815361,0.0210918933153152,0.0249804202467203,0.0098566999658942,0.0361015349626541
0.0162882767617702,0.3028916716575622,0.0106533505022525,0.011132238432765,0.0586010925471782,0.0629205182194709,0.1275214254856109,0.0093484781682491,0.0073774340562522,0.0773761719465255,0.0380505695939064,0.3010619282722473,0.0351453348994255,0.0205761156976223,0.0660718008875846,0.0338637270033359,0.0995132029056549,0.0257852580398321,0.0098406868055462,0.0366183221340179
0.0164385009557008,0.0649529993534088,0.0462442710995674,0.0109871923923492,0.0585847571492195,0.0632389560341835,0.0263574533164501,0.003007341409102,0.0074798827990889,0.0780371502041816,0.0376731343567371,0.0722425207495689,0.045595746487379,0.0205364171415567,0.0666549280285835,0.0336680747568607,0.0207126177847385,0.0404892563819885,0.0100169330835342,0.0363013409078121
0.0166092906147241,0.0649620965123176,0.0108094047755002,0.0109711708500981,0.0787393748760223,0.0633997172117233,0.0263732578605413,0.009333356283605,0.0075010173022747,0.0206992793828248,0.0376217737793922,0.0723078101873397,0.0353860072791576,0.020533824339509,0.0453709587454795,0.0336359031498432,0.0207244455814361,0.0259919166564941,0.0100129656493663,0.0877380967140197
0.0611238181591033,0.0656479224562645,0.0109807820990681,0.008895500563085,0.0428580865263938,0.0827516168355941,0.0266275759786367,0.0094610247761011,0.0091683939099311,0.0411514975130558,0.0607519038021564,0.0729822963476181,0.0357513912022113,0.0202460102736949,0.0322163179516792,0.0592980235815048,0.020939502865076,0.0261785928159952,0.0102962860837578,0.025304440408945
0.0165504552423954,0.2528812289237976,0.010772256180644,0.0089888535439968,0.042899951338768,0.0635640770196914,0.100611075758934,0.0094457948580384,0.0091720856726169,0.041120883077383,0.03810515999794,0.2546174824237823,0.035476941615343,0.0203121360391378,0.0321525298058986,0.0339024923741817,0.083379216492176,0.0260316543281078,0.0102242603898048,0.0255322065204381
0.1616527289152145,0.0664103701710701,0.0100965956225991,0.0115596614778041,0.0583730414509773,0.0896547213196754,0.0270510558038949,0.0090891765430569,0.0074346764013171,0.0764271318912506,0.1086418479681015,0.0736965611577034,0.0328556783497333,0.0207240842282772,0.0650690868496894,0.0763226449489593,0.0212442558258771,0.0236961059272289,0.009945161640644,0.0359528996050357
0.0161783602088689,0.303370863199234,0.0100936852395534,0.011626468040049,0.0587372556328773,0.0626790300011634,0.1277045607566833,0.0091024711728096,0.0073986169882118,0.0764305666089057,0.0379534885287284,0.3014902174472809,0.0334562882781028,0.0208556167781353,0.064939297735691,0.0337987132370471,0.0996779724955558,0.0245045479387044,0.0099425325170159,0.0364619828760623
0.0164205133914947,0.065288558602333,0.0458870455622673,0.01147305034101,0.0587294474244117,0.0630750134587287,0.0264610443264246,0.003094705985859,0.00752570386976,0.0770783871412277,0.0376306548714637,0.0725196823477745,0.0471348650753498,0.020817769691348,0.0655291825532913,0.0336134731769561,0.0208223108202219,0.0416968315839767,0.0101001067087054,0.0361521951854229
0.0164021030068397,0.065311498939991,0.0102502750232815,0.011452211998403,0.0788847878575325,0.0630069151520729,0.0264748595654964,0.0090900333598256,0.0075140348635613,0.0194295179098844,0.0375057309865951,0.0726174935698509,0.0336672998964786,0.0207983627915382,0.0442084558308124,0.0335123091936111,0.0208349637687206,0.024705434218049,0.0100946305319666,0.0876997113227844
0.0600659176707267,0.0659024119377136,0.0103947836905717,0.0091597838327288,0.0438381694257259,0.0821530669927597,0.0266755800694227,0.0091909458860754,0.0090464577078819,0.0422596409916877,0.0602984018623828,0.0731936395168304,0.0340300537645816,0.0204791612923145,0.0329646989703178,0.0588094592094421,0.0210303477942943,0.0248754043132066,0.0104202469810843,0.0257618688046932
0.0164487976580858,0.2496085464954376,0.0102161662653088,0.0092618120834231,0.0438895970582962,0.0634035095572471,0.0993120223283767,0.0091878985986113,0.009050216525793,0.0422428399324417,0.0380155406892299,0.2514319717884063,0.03375980630517,0.020533263683319,0.0329005233943462,0.0338755212724208,0.0823100954294204,0.0247342102229595,0.010332353413105,0.0259764976799488
0.0163396410644054,0.3052530288696289,0.0103998892009258,0.0109289735555648,0.0588217042386531,0.0638141483068466,0.1285895854234695,0.0099651953205466,0.0071227774024009,0.0781851410865783,0.0386849865317344,0.3037544190883636,0.0347762517631053,0.0200262907892465,0.0669282302260398,0.0344386100769043,0.100226491689682,0.0253992117941379,0.0098616816103458,0.0369021631777286
0.0164555292576551,0.0654547810554504,0.0462018400430679,0.010802362114191,0.0587992370128631,0.0639948695898056,0.0267708897590637,0.0028739813715219,0.0071961097419261,0.0789426788687706,0.0383498184382915,0.0732762813568115,0.0461125150322914,0.0199947357177734,0.0675797760486602,0.0342882797122001,0.0207998305559158,0.040959071367979,0.009970873594284,0.0365574993193149
0.0166082978248596,0.065408706665039,0.0105511378496885,0.0348045080900192,0.0588188134133815,0.0642030462622642,0.0267592277377843,0.0099349608644843,0.059904858469963,0.0789386257529258,0.0383836887776851,0.0731942281126976,0.0350060500204563,0.0681931376457214,0.0675787851214408,0.0343176200985908,0.0207592044025659,0.0256018582731485,0.0446767173707485,0.0365282297134399
0.0165374390780925,0.0653112158179283,0.0105433333665132,0.01079523563385,0.0789349153637886,0.0640633776783943,0.0267683304846286,0.009922832250595,0.0072053750045597,0.0216693505644798,0.0382762439548969,0.0731728598475456,0.0349674522876739,0.0199865046888589,0.0462528504431247,0.0341966859996318,0.0207245741039514,0.0255719553679227,0.0099664134904742,0.0879469886422157
0.0533298589289188,0.0659710764884948,0.0107199493795633,0.0091675082221627,0.0449131466448307,0.0801622793078422,0.0270201619714498,0.0100507214665412,0.0085891522467136,0.0459037534892559,0.0583493448793888,0.0738569721579551,0.0353709645569324,0.0197996255010366,0.0368667095899581,0.0566224753856658,0.0209571328014135,0.025785144418478,0.010268454439938,0.0267331320792436
0.0165066216140985,0.2279586344957351,0.0105472635477781,0.0092567214742302,0.0449604988098144,0.0644091740250587,0.0907916575670242,0.0100516211241483,0.0086048962548375,0.0458966791629791,0.03876543790102,0.2309478521347046,0.0351512692868709,0.0198561418801546,0.0368466638028621,0.0345656797289848,0.0749219581484794,0.0256755240261554,0.0101846065372228,0.0269714631140232
0.1621750295162201,0.0601767748594284,0.0105976713821291,0.010264397598803,0.0576786510646343,0.090345412492752,0.0249754060059785,0.0084754647687077,0.0087151899933815,0.0805935785174369,0.1103198230266571,0.0678965970873832,0.0339733585715293,0.0213927198201417,0.0701287612318992,0.0778435468673706,0.0190337654203176,0.0246868748217821,0.0107328370213508,0.0366606526076793
0.0164749883115291,0.2967601418495178,0.0105988448485732,0.010328727774322,0.0580791607499122,0.0646707639098167,0.125185340642929,0.0084840347990393,0.0087810894474387,0.0805875360965728,0.0394373759627342,0.295179545879364,0.0345627777278423,0.0215063821524381,0.0700126141309738,0.0352741032838821,0.0973674207925796,0.0255004242062568,0.0107716843485832,0.0372725315392017
0.0165714472532272,0.0593844056129455,0.0460994876921176,0.010209116153419,0.058046855032444,0.0649681985378265,0.024569870904088,0.003388627199456,0.0087975729256868,0.0813374742865562,0.0391903333365917,0.0670509189367294,0.0459502302110195,0.0214341655373573,0.0706618949770927,0.0351146571338176,0.0187460649758577,0.0406737588346004,0.0108852367848157,0.036886740475893
0.0165663193911314,0.0594383180141449,0.0107618393376469,0.034142330288887,0.0580528564751148,0.0648815035820007,0.0246308464556932,0.0084643671289086,0.0630463659763336,0.0812847912311554,0.0391285717487335,0.0671023055911064,0.0347748957574367,0.0696855336427688,0.0706244334578514,0.035025592893362,0.0187896136194467,0.025682620704174,0.0456551425158977,0.0368609279394149
0.0166338216513395,0.0593190677464008,0.0107465116307139,0.010193021968007,0.0781774520874023,0.0650674775242805,0.0245901364833116,0.008476311340928,0.0088138151913881,0.0256262272596359,0.0391548909246921,0.0670626908540725,0.0347816236317157,0.0214603990316391,0.049908485263586,0.0350551158189773,0.0187289547175169,0.0256982818245887,0.0108710499480366,0.0880114361643791
0.0165653061121702,0.2201391160488128,0.0107611510902643,0.0093351220712065,0.0428806394338607,0.0652942359447479,0.0877603068947792,0.0085499323904514,0.0102103222161531,0.0447782278060913,0.0395742692053318,0.2230777740478515,0.0349517129361629,0.0214818436652421,0.0368913523852825,0.0353454649448394,0.0722691714763641,0.0257977414876222,0.0110553009435534,0.0264068637043237
0.1705609411001205,0.0791322812438011,0.0063724662177264,0.0140433497726917,0.0607057847082614,0.0966764912009239,0.032364085316658,0.0071478523313999,0.0083137592300772,0.0703030228614807,0.1056923493742942,0.088034488260746,0.0214032940566539,0.0213876217603683,0.0583392344415187,0.0743838101625442,0.0252886023372411,0.0152106983587145,0.0102739473804831,0.036720085889101
0.0136662442237138,0.3165392875671386,0.0064502567984163,0.0141127547249197,0.0610653012990951,0.0523531213402748,0.1330356001853943,0.0071255336515605,0.0082052191719412,0.0702427923679351,0.0345810316503047,0.3157947957515716,0.0220554918050766,0.0215217545628547,0.0581628493964672,0.0313966050744056,0.1038740649819374,0.0159996300935745,0.0102585684508085,0.0371184200048446
0.0127937141805887,0.0776857659220695,0.0065650795586407,0.0379565134644508,0.0610905550420284,0.0525455437600612,0.0316173806786537,0.0071269143372774,0.0556147545576095,0.0707603991031646,0.0342330448329448,0.0867038294672966,0.0222435295581817,0.0695677250623703,0.0586342737078666,0.031234199181199,0.024732818827033,0.0161731205880641,0.0440687350928783,0.0368757992982864
0.0129607776179909,0.0774243399500846,0.00656124856323,0.0138919334858655,0.0813679173588752,0.0527277551591396,0.0315960049629211,0.0071205156855285,0.008326293900609,0.0125383483245968,0.0342599935829639,0.0865107998251915,0.0222130566835403,0.0215001609176397,0.0383453629910945,0.03128457441926,0.0246522482484579,0.0161643680185079,0.0104651991277933,0.0894889384508133
0.07038164883852,0.0779872983694076,0.0066413129679858,0.010160475037992,0.0481259301304817,0.0782639235258102,0.0317835360765457,0.0071832365356385,0.0084398156031966,0.0418031141161918,0.0582127943634986,0.0870276242494583,0.022285783663392,0.0207873117178678,0.0309952087700366,0.0574444867670536,0.0248530507087707,0.0161087196320295,0.010824792087078,0.0282148905098438
0.0129612013697624,0.2713509500026703,0.0064971377141773,0.0102905435487627,0.0482310988008976,0.0525041483342647,0.1080882921814918,0.0072016031481325,0.008449045009911,0.0417984053492546,0.0345997884869575,0.2742049098014831,0.0222000088542699,0.0208893008530139,0.0309370495378971,0.031324028968811,0.0894152000546455,0.016098603606224,0.0107427854090929,0.0283733122050762
0.1639415472745895,0.0618609525263309,0.0100760152563452,0.0106937456876039,0.0589638762176036,0.0913218334317207,0.0256999228149652,0.0083431312814354,0.0080082919448614,0.079196035861969,0.1098387315869331,0.0697975531220436,0.0323878563940525,0.0210400484502315,0.0684764236211776,0.0774548202753067,0.0196024049073457,0.0234827138483524,0.0105075193569064,0.0371563993394374
0.0158033650368452,0.2984606027603149,0.0100816646590828,0.0107499351724982,0.0593546256422996,0.0628746226429939,0.1258196979761123,0.0083171827718615,0.008057352155447,0.0791927352547645,0.0389767326414585,0.2970308363437652,0.0329911857843399,0.0211538933217525,0.0683655887842178,0.0348698645830154,0.0979166179895401,0.0243193618953228,0.010537221096456,0.037723634392023
0.0156993195414543,0.060984369367361,0.0457439869642257,0.0106282653287053,0.0593100450932979,0.063072569668293,0.0252228286117315,0.0034820546861737,0.0080940052866935,0.0799062103033065,0.0386286675930023,0.0688889101147651,0.0474168322980403,0.0211225487291812,0.0689977407455444,0.0346548184752464,0.0192667935043573,0.0418424420058727,0.0106593267992138,0.0373713858425617
0.0157878007739782,0.0608645267784595,0.0102479048073291,0.0346060544252395,0.0593574084341526,0.0632102712988853,0.0251945909112691,0.0082842642441391,0.0617784112691879,0.0798933133482933,0.0386242754757404,0.0687367767095565,0.0332043059170246,0.0693295747041702,0.0689833909273147,0.0346413776278495,0.0192264337092638,0.0245144385844469,0.0453585311770439,0.0373426266014575
0.0584558434784412,0.0614514835178852,0.0103633441030979,0.009285744279623,0.043650884181261,0.0814346522092819,0.0254217479377985,0.0083970660343766,0.0097407279536128,0.0426810309290885,0.0597933903336524,0.0693951994180679,0.0335314534604549,0.020973177626729,0.0344267152249813,0.0582678094506263,0.0194199364632368,0.024650327861309,0.0109373833984136,0.0264419466257095
0.0157450437545776,0.2329991310834884,0.0102102868258953,0.0093715768307447,0.0437434501945972,0.0634261816740036,0.0928854793310165,0.0083826929330825,0.0097438571974635,0.0426763705909252,0.0390139073133468,0.2357740402221679,0.0333189070224761,0.0210461858659982,0.0343702770769596,0.0348936840891838,0.0765962824225425,0.0245578400790691,0.010881726630032,0.0267199538648128
0.1626770943403244,0.0659530907869339,0.0099615612998604,0.0115405293181538,0.0587059631943702,0.0902898833155632,0.0269124675542116,0.0089098215103149,0.0075745875947177,0.0770642533898353,0.1081837713718414,0.073341816663742,0.0323809161782264,0.0211266856640577,0.0657439827919006,0.0758887529373169,0.0210709683597087,0.0233829952776432,0.0102019235491752,0.036295399069786
0.0154194543138146,0.3028160631656647,0.0099723003804683,0.0115866102278232,0.0590621381998062,0.0609435252845287,0.1274784505367279,0.0089472169056534,0.0075587984174489,0.0770349502563476,0.0372328907251358,0.3010145723819732,0.0329833142459392,0.0212446618825197,0.0656096339225769,0.0332264080643653,0.0994914844632148,0.0241890661418437,0.0101985512301325,0.0368015840649604
0.0156613830476999,0.0650196224451065,0.0457760505378246,0.0114429108798503,0.0590736083686351,0.0614370144903659,0.0264314208179712,0.0031582559458911,0.0076795131899416,0.0777257233858108,0.0369818992912769,0.0723843500018119,0.0474927984178066,0.0212244726717472,0.0662215575575828,0.0330878682434558,0.0207162220031023,0.0419764705002307,0.0103681413456797,0.036520455032587
0.0157081000506877,0.0649758726358413,0.0101117994636297,0.011423360556364,0.0792164206504821,0.0613942742347717,0.0264354106038808,0.0089294044300913,0.0076604266650974,0.0200823061168193,0.0368813835084438,0.0723824501037597,0.033202901482582,0.0212148111313581,0.044908732175827,0.033005591481924,0.0206993483006954,0.0243797283619642,0.0103491563349962,0.0880184844136238
0.0647737383842468,0.0655084028840065,0.0102981487289071,0.009173815138638,0.0429182052612304,0.0829531177878379,0.0265956986695528,0.0090413494035601,0.0095424195751547,0.0400967039167881,0.0611121207475662,0.0728964805603027,0.0335800871253013,0.0208879206329584,0.030997009947896,0.0598323531448841,0.020865811035037,0.0245485417544841,0.0106914220377802,0.0252969432622194
0.0156882517039775,0.2607569992542267,0.0100670363754034,0.0092751123011112,0.0429617166519165,0.061753399670124,0.1038272231817245,0.0090403398498892,0.0095257339999079,0.0400573164224624,0.0373750925064086,0.2622560262680053,0.0333039537072181,0.0209437422454357,0.0309181436896324,0.0333296060562133,0.0860266610980033,0.024413950741291,0.0106119243428111,0.0254829470068216
0.169114887714386,0.0807185992598533,0.0066573536023497,0.013662033714354,0.0612451583147048,0.0953385680913925,0.0330392830073833,0.0073223789222538,0.0080449432134628,0.071862980723381,0.1056767553091049,0.0898140668869018,0.0223249495029449,0.0208752267062664,0.0596867799758911,0.0742112621665,0.0258033219724893,0.0158771816641092,0.0100819934159517,0.0370071232318878
0.0130413677543401,0.0789445787668228,0.0436725318431854,0.0135498372837901,0.0616471841931343,0.0535163953900337,0.0321788117289543,0.0041244132444262,0.0080524329096078,0.0724978372454643,0.0344284251332283,0.0881479382514953,0.0569418184459209,0.0209979899227619,0.0601430684328079,0.0312868095934391,0.0251407176256179,0.0492603331804275,0.010249194689095,0.0372156836092472
0.0130270356312394,0.0788566544651985,0.0068440190516412,0.0375638976693153,0.0616632662713527,0.0537309423089027,0.0321750976145267,0.0072794393636286,0.0557854622602462,0.0724608078598976,0.0344509519636631,0.0880546793341636,0.0231385789811611,0.0690731629729271,0.0601094029843807,0.031305406242609,0.0250975023955106,0.0168454553931951,0.044046189635992,0.0371793694794178
0.0128738367930054,0.0789020881056785,0.0068476186133921,0.0135175660252571,0.0818888545036315,0.0535985901951789,0.0322091281414032,0.0072772307321429,0.0080290399491786,0.0130566973239183,0.0343242362141609,0.088179312646389,0.0231354553252458,0.0210157260298728,0.0390042625367641,0.0312183294445276,0.0251122470945119,0.0168440360575914,0.0102591542527079,0.0896166563034057
0.068150095641613,0.0796306729316711,0.0069522587582468,0.0100346254184842,0.0486881732940673,0.077965147793293,0.0324790813028812,0.0073376717045903,0.0082001378759741,0.0432029068470001,0.0579976886510849,0.0889380648732185,0.0232817772775888,0.0203790199011564,0.0322526693344116,0.0570910386741161,0.0253504663705825,0.0168490633368492,0.0106200408190488,0.0284183118492364
0.0129929417744278,0.2696191370487213,0.0067992103286087,0.0101398788392543,0.0487144254148006,0.053591351956129,0.1073597818613052,0.0073278988711535,0.0082005225121974,0.0431597754359245,0.0347447805106639,0.2727372050285339,0.0231088809669017,0.0204375870525836,0.0321795120835304,0.0313867852091789,0.0888286903500557,0.0167880486696958,0.0105396993458271,0.0285548772662878
0.1627630442380905,0.0660837367177009,0.0098126837983727,0.0116633614525198,0.057984173297882,0.0903219357132911,0.0269800201058387,0.0085451686754822,0.007518608123064,0.0756008923053741,0.1092018783092498,0.0735185518860817,0.031786523759365,0.0211024563759565,0.0645798295736312,0.0767694115638732,0.0211048200726509,0.0229731574654579,0.0101893218234181,0.0359287746250629
0.0158222373574972,0.3026588261127472,0.0098107662051916,0.0117104025557637,0.058329626917839,0.0623998828232288,0.1274284571409225,0.0085603157058358,0.0075027234852313,0.0755882933735847,0.0382191985845565,0.300900936126709,0.0323752425611019,0.0212170612066984,0.0644667372107505,0.0340905003249645,0.0994177386164665,0.0237768497318029,0.0101923858746886,0.0364421866834163
0.0159393940120935,0.0648969113826751,0.0456215515732765,0.011574812233448,0.058321289718151,0.0627984255552291,0.026422107592225,0.0033296574838459,0.0076053137890994,0.0762702375650405,0.0378754250705242,0.072306789457798,0.0480324774980545,0.0211941245943307,0.0650656819343566,0.0339674614369869,0.0206797402352094,0.0423705205321311,0.0103504313156008,0.0361462347209453
0.0158512983471155,0.0648265480995178,0.0099611561745405,0.0115548837929964,0.078503631055355,0.062747374176979,0.0264247097074985,0.0085317613556981,0.0076233642175793,0.0196713544428348,0.0378236174583435,0.0722901672124862,0.0325709879398345,0.0211831014603376,0.0445078015327453,0.0338449217379093,0.020651651546359,0.0239733904600143,0.0103303045034408,0.0877890661358833
0.0653966441750526,0.0654749125242233,0.0101183494552969,0.0092044211924076,0.0422474183142185,0.084419809281826,0.0266112871468067,0.0086632668972015,0.0094737913459539,0.0388172455132007,0.0622908510267734,0.0729128569364547,0.032930102199316,0.0208471305668354,0.0299525689333677,0.060875728726387,0.020859207957983,0.0241320673376321,0.0106880674138665,0.0250109788030385
0.0159561727195978,0.2618601024150848,0.0099311815574765,0.0093037318438291,0.0422937721014022,0.0629879757761955,0.1042153164744377,0.0086261518299579,0.0094614112749695,0.0387668572366237,0.0383150316774845,0.2634013891220093,0.0326467156410217,0.0209080670028924,0.0298774428665637,0.0341505333781242,0.0863872766494751,0.0239926483482122,0.010588863864541,0.0252193845808506
0.160935565829277,0.0648229494690895,0.0107572460547089,0.0112104518339037,0.0583276413381099,0.0889925211668014,0.0264149848371744,0.009428665973246,0.0073177958838641,0.0769793987274169,0.1089060083031654,0.0719663426280021,0.034917589277029,0.0204398874193429,0.0657432898879051,0.0764267593622207,0.0207165274769067,0.0252532549202442,0.0098294960334897,0.0361180044710636
0.0166267324239015,0.3014444708824157,0.0107541494071483,0.0112459622323513,0.0586974583566188,0.0634732171893119,0.1269281357526779,0.0094538433477282,0.0072914832271635,0.0769945606589317,0.0381548106670379,0.2995450794696808,0.0354933552443981,0.020562794059515,0.0656572058796882,0.0339299887418746,0.0990602821111679,0.0260418020188808,0.0098311975598335,0.036626748740673
0.0166539698839187,0.0637412741780281,0.0463189296424388,0.0111024118959903,0.0586858130991458,0.0635803565382957,0.0258737485855817,0.0029858939815312,0.0074191391468048,0.0776926651597023,0.0377231426537036,0.0708553716540336,0.0451701208949089,0.0205240193754434,0.0662694871425628,0.0336292311549186,0.0203185901045799,0.0401757881045341,0.0099840415641665,0.036342017352581
0.0168478582054376,0.0637410804629325,0.0108938757330179,0.0110948113724589,0.0788339152932167,0.0636453926563263,0.0258761849254369,0.0094220479950308,0.0074304193258285,0.0203692819923162,0.0376603938639164,0.0709322392940521,0.0357259549200534,0.0205236077308654,0.045073103159666,0.0335848927497863,0.0203189309686422,0.0262503884732723,0.0099616330116987,0.0877860784530639
0.0631487667560577,0.0644237995147705,0.0110919512808322,0.0088683385401964,0.0425007529556751,0.084238089621067,0.0261209029704332,0.0095235956832766,0.0091878473758697,0.0399274677038192,0.061869129538536,0.0715848356485366,0.0361334457993507,0.0202051717787981,0.0309366229921579,0.0604023821651935,0.0205372255295515,0.0264618098735809,0.0103049855679273,0.0250675082206726
0.0168153624981641,0.2587475180625915,0.0108780302107334,0.0089671909809112,0.0425390303134918,0.0639801546931266,0.1029634252190589,0.009522546082735,0.0091995010152459,0.0398513972759246,0.0381330475211143,0.260123610496521,0.0358471982181072,0.0202625505626201,0.0308429505676031,0.0338986106216907,0.085417591035366,0.0263020861893892,0.0102328564971685,0.0252679698169231
0.1711602210998535,0.0776859521865844,0.0060174693353474,0.0144745511934161,0.0618310235440731,0.097205214202404,0.0317879095673561,0.0073055448010563,0.0087114488705992,0.0700902566313743,0.1049030944705009,0.0863743126392364,0.0204420536756515,0.021468685939908,0.0576720722019672,0.0737605094909668,0.0248343404382467,0.0144327860325574,0.0103040626272559,0.0371433980762958
0.0135698830708861,0.3148594200611114,0.0060987318865954,0.0145314866676926,0.0622384995222091,0.0508447438478469,0.1323356479406356,0.0072772614657878,0.0085562597960233,0.0701278299093246,0.033876322209835,0.3140276372432709,0.0211195535957813,0.0216141119599342,0.0575976558029651,0.0308127272874116,0.1033350154757499,0.0152247436344623,0.0102755902335047,0.0375525541603565
0.0126554016023874,0.0761178508400917,0.0062149208970367,0.0383577793836593,0.0622748099267482,0.0510301180183887,0.0310353077948093,0.0072733373381197,0.0549583733081817,0.0706865116953849,0.0335135981440544,0.0849461182951927,0.0212969854474067,0.0696431770920753,0.058085236698389,0.0306269712746143,0.024244861677289,0.0154208671301603,0.0439470745623111,0.0373222306370735
0.0126239638775587,0.0759744420647621,0.0062088789418339,0.0143014527857303,0.0825432986021041,0.051250584423542,0.0309695191681385,0.0072847618721425,0.0086674820631742,0.0111435512080788,0.0335302948951721,0.0848429054021835,0.0212785396724939,0.0216230433434247,0.0372568741440773,0.030666122213006,0.0241797175258398,0.0154096772894263,0.010499601252377,0.0899956077337265
0.0745240896940231,0.0765626356005668,0.0063031753525137,0.0101481219753623,0.0491586960852146,0.0792356133460998,0.031177969649434,0.007328188046813,0.0084882965311408,0.0418600104749202,0.0588293708860874,0.0854212194681167,0.0213347617536783,0.0208093877881765,0.0304345395416021,0.0581696517765522,0.0243833772838115,0.0153415547683835,0.0108365565538406,0.0286014769226312
0.0127395838499069,0.2792218029499054,0.0061087505891919,0.0102356681600213,0.0491548180580139,0.0506463907659053,0.1112293601036071,0.0073016718961298,0.0084828892722725,0.0417860895395278,0.0337765961885452,0.2815693318843841,0.0211681108921766,0.0208511035889387,0.030326060950756,0.0306180398911237,0.0920860394835472,0.0152707137167453,0.0107557568699121,0.0287066288292408
0.1721237897872924,0.0810991749167442,0.0054290448315441,0.0137724354863166,0.0608193799853324,0.0980519726872444,0.033639159053564,0.0051553254015743,0.0076366732828319,0.0698616728186607,0.1069929450750351,0.0912625640630722,0.0177164934575557,0.0217633116990327,0.0589384324848651,0.07574412971735,0.0257477313280105,0.0127193946391344,0.0109511511400341,0.0376991815865039
0.0146544864401221,0.3185344934463501,0.005520652513951,0.013839884661138,0.0612554177641868,0.0534503459930419,0.1339180022478103,0.0051734284497797,0.007556649390608,0.0699445381760597,0.0359979681670665,0.3186268806457519,0.0184195432811975,0.0219186935573816,0.0588953644037246,0.03280770778656,0.1043244078755378,0.0135536575689911,0.0109586976468563,0.0381351932883262
0.0137612354010343,0.0796076729893684,0.0427510179579257,0.0136919822543859,0.0612675249576568,0.0537532866001129,0.0329206548631191,0.0058705103583633,0.0076459795236587,0.070617601275444,0.0357270538806915,0.0899507403373718,0.0611087940633297,0.0219023432582616,0.0595162063837051,0.0326930992305278,0.025145148858428,0.052269984036684,0.0111180115491151,0.0379358865320682
0.0136572187766432,0.0792915448546409,0.0056021278724074,0.0376313962042331,0.0611571073532104,0.0536072552204132,0.0328498221933841,0.0051333042792975,0.0573202669620513,0.0705452933907508,0.0355717912316322,0.0896191522479057,0.0184942558407783,0.0698725581169128,0.0593942999839782,0.032603695988655,0.0250741094350814,0.0136613547801971,0.0450632497668266,0.0378496348857879
0.0136956488713622,0.0794855877757072,0.0056154844351112,0.0136521272361278,0.0815963074564933,0.0536488220095634,0.0329269953072071,0.0051702163182199,0.0076164482161402,0.0149010960012674,0.0356717780232429,0.0898923501372337,0.0185708571225404,0.0219174455851316,0.0408460833132267,0.0326192677021026,0.0251156948506832,0.0137148611247539,0.0111116934567689,0.0907416492700576
0.0821771249175071,0.080121524631977,0.0057683642953634,0.0102082500234246,0.04507302865386,0.0852009057998657,0.0331268683075904,0.0051940190605819,0.0094267968088388,0.0345428846776485,0.0633619055151939,0.0905086696147918,0.0186499021947383,0.0212889686226844,0.024790022522211,0.062690295279026,0.0253158900886774,0.0136334020644426,0.0115676550194621,0.0273345001041889
0.1720125079154968,0.0788149386644363,0.0059283599257469,0.0131815830245614,0.0623946599662303,0.0978379249572753,0.0326532125473022,0.0057985316962003,0.0073899012058973,0.0725139379501342,0.1066301316022872,0.0887427553534507,0.0194896217435598,0.021276855841279,0.0611469857394695,0.0753543823957443,0.0250038262456655,0.0139684416353702,0.0106823509559035,0.0385701768100261
0.0143670700490474,0.3163394927978515,0.0060099870897829,0.0132560515776276,0.0628279000520706,0.0530953556299209,0.1330561935901641,0.0057915891520679,0.0073389601893723,0.0726631209254264,0.0356914326548576,0.3162006437778473,0.020148865878582,0.0214169323444366,0.0611420050263404,0.032536432147026,0.103595994412899,0.0147789763286709,0.0107002770528197,0.03900882974267
0.0136108780279755,0.0774846673011779,0.0430921465158462,0.0131023600697517,0.0628394037485122,0.0531053394079208,0.0320064052939415,0.0053300261497497,0.0074340598657727,0.0733386874198913,0.0352942533791065,0.0875035971403122,0.0594323612749576,0.0214036274701356,0.0617838054895401,0.0322947278618812,0.0244931709021329,0.0510367862880229,0.0108540672808885,0.0388020686805248
0.0134991453960537,0.0774343535304069,0.0061320620588958,0.0371369495987892,0.062871016561985,0.0531726963818073,0.0320319756865501,0.0057578985579311,0.0577773749828338,0.0733217075467109,0.0352941527962684,0.0874408856034278,0.0203418862074613,0.0695051699876785,0.0617450922727584,0.0323285795748233,0.0244730953127145,0.014994322322309,0.0449905730783939,0.0387590266764164
0.0134628051891922,0.0773549228906631,0.0061308308504521,0.013071347028017,0.0831136181950569,0.0532739721238613,0.032042384147644,0.0057633779942989,0.0073911733925342,0.0152562400326132,0.0353026613593101,0.0874209776520729,0.0203545968979597,0.0214071795344352,0.0416460074484348,0.0323155112564563,0.0244475100189447,0.0149733768776059,0.0108471605926752,0.0913720726966857
0.0802101492881774,0.0780851244926452,0.0062828958034515,0.0099477507174015,0.0465430468320846,0.0839469581842422,0.032281044870615,0.0058184484951198,0.009238445200026,0.0367888323962688,0.062436606734991,0.0881727039813995,0.0204338785260915,0.0208589881658554,0.0267312228679656,0.0617552660405635,0.0246867779642343,0.0149202179163694,0.0112828966230154,0.0280480403453111
0.1717169135808944,0.0811614841222763,0.0058961221948266,0.0148009173572063,0.0590607933700084,0.0975460335612297,0.0332919284701347,0.0071518057957291,0.0088266106322407,0.0671444162726402,0.1049026772379875,0.0904550999402999,0.020029405131936,0.0218677204102277,0.0555449984967708,0.0737501084804534,0.0259116757661104,0.0141433905810117,0.0105967875570058,0.0357197225093841
0.0134679852053523,0.318664938211441,0.0059689837507903,0.0148791596293449,0.0594440400600433,0.0505285114049911,0.1338997185230255,0.0071566859260201,0.0086758639663457,0.0672633349895477,0.0338459387421608,0.3181548714637756,0.0207031164318323,0.0220475234091281,0.0555316172540187,0.0308081395924091,0.1044951304793357,0.0149313621222972,0.0105506433174014,0.0361067317426204
0.0128383887931704,0.0796475186944007,0.0060734497383236,0.0387052744626998,0.059473916888237,0.0508352033793926,0.0325281135737896,0.0071261120028793,0.0549282170832157,0.0678028911352157,0.0335551872849464,0.0890596583485603,0.0208833273500204,0.0700533464550972,0.0560167245566844,0.0306792575865983,0.0253373309969902,0.0151176825165748,0.0441212095320224,0.0358883515000343
0.0127941612154245,0.0794382467865943,0.0060782763175666,0.0146552575752139,0.0798141062259674,0.0508293211460113,0.0325077399611473,0.0071266707964241,0.0087662329897284,0.0124584222212433,0.0335097014904022,0.0889133810997009,0.0208608750253915,0.0220505483448505,0.0372985228896141,0.0306697990745306,0.0252510663121938,0.0151025559753179,0.0107736531645059,0.0886895805597305
0.0742006376385688,0.0799426361918449,0.0061587640084326,0.0104665216058492,0.046602826565504,0.0788448229432106,0.0326422117650508,0.00717319175601,0.0086425561457872,0.039381917566061,0.0585853308439254,0.0894051343202591,0.0209164209663867,0.0212119463831186,0.0287855081260204,0.0579053573310375,0.0254129339009523,0.015018468722701,0.0111255580559372,0.0273259431123733
0.0128323882818222,0.281423270702362,0.0059987548738718,0.010555506683886,0.0466124527156353,0.0504460781812667,0.1121952608227729,0.0071620899252593,0.0085915466770529,0.0393465757369995,0.0337223336100578,0.2842499911785126,0.0207626242190599,0.0212679207324981,0.0286978762596845,0.030619740486145,0.092730700969696,0.0149729279801249,0.0110352784395217,0.0274323634803295
0.1689364165067672,0.0815401300787925,0.006692660972476,0.014494789764285,0.061667151749134,0.095317393541336,0.0331494882702827,0.0078236106783151,0.00893076043576,0.0695753991603851,0.1043808758258819,0.0901520326733589,0.0226654969155788,0.0209498982876539,0.0570255480706691,0.0730450600385665,0.0261442698538303,0.0160562582314014,0.0100060254335403,0.0369077883660793
0.0124669391661882,0.0797169432044029,0.0437632612884044,0.0143505791202187,0.0620341561734676,0.0515718087553978,0.032261561602354,0.0037835107650607,0.0089005678892135,0.0701512768864631,0.0330422222614288,0.0884749740362167,0.0566808842122554,0.0210899151861667,0.0574679300189018,0.0299802236258983,0.0254762712866067,0.0491347983479499,0.0101776402443647,0.0370992720127105
0.0123828826472163,0.0796157047152519,0.0068935728631913,0.0383505001664161,0.0620750822126865,0.0514800436794757,0.0322594605386257,0.0077762315049767,0.0542186014354229,0.0701430514454841,0.0329297184944152,0.0883908197283744,0.0235249828547239,0.0691200047731399,0.0574378594756126,0.0299252346158027,0.0254343468695878,0.017047194764018,0.0435831733047962,0.0370571799576282
0.0124263986945152,0.0795014053583145,0.0068847276270389,0.014325525611639,0.0823296010494232,0.0515100806951522,0.0322028584778308,0.0077660009264945,0.0088918348774313,0.0107011161744594,0.0329061225056648,0.0882963165640831,0.0234780944883823,0.021108940243721,0.0366616137325763,0.0299160033464431,0.0253824088722467,0.0170097481459379,0.0101895863190293,0.0897950157523155
0.0675421431660652,0.0801817700266838,0.006980103906244,0.0102267041802406,0.050226517021656,0.0760561674833297,0.0324263386428356,0.0078411689028143,0.0078782932832837,0.0438865236937999,0.0565130300819873,0.0890095382928848,0.0236027389764785,0.0203190147876739,0.0322866402566432,0.0556913502514362,0.0256355423480272,0.0170082990080118,0.0105058522894978,0.0291229020804166
0.0125255770981311,0.2700887322425842,0.0068058362230658,0.0103464312851428,0.0502483993768692,0.0514629669487476,0.1074766218662262,0.0078473230823874,0.0079049002379179,0.0438682362437248,0.033277079463005,0.2727956175804138,0.0234532691538333,0.0203908234834671,0.0322077944874763,0.0300350449979305,0.0890339091420173,0.0169428940862417,0.0104154357686638,0.0292465053498744
0.1611683219671249,0.065378300845623,0.0109205935150384,0.0109564112499356,0.0574474409222602,0.0890412479639053,0.0266721565276384,0.0093108993023633,0.007414421532303,0.0770055577158927,0.1093659326434135,0.0726290494203567,0.0353108122944831,0.0204916261136531,0.0660291388630867,0.0767890065908432,0.0208800174295902,0.0255894549190998,0.0098517220467329,0.0357800237834453
0.0166544094681739,0.3020778596401214,0.010909997858107,0.0110182352364063,0.0578048191964626,0.0638386607170105,0.1271743476390838,0.0093374894931912,0.0073902700096368,0.0770287066698074,0.0384764894843101,0.3001790344715118,0.0359044000506401,0.0206153485924005,0.0659457817673683,0.0341943688690662,0.0992399752140045,0.0263949055224657,0.0098506156355142,0.0362959280610084
0.0166984666138887,0.0644166767597198,0.0464012958109378,0.0108699966222047,0.0577754154801368,0.0641209930181503,0.026160018518567,0.0030004223808646,0.0075011905282735,0.0777606815099716,0.0380969271063804,0.0716842040419578,0.0447715744376182,0.0205797012895345,0.0665771290659904,0.0340081937611103,0.0205449592322111,0.0398497581481933,0.0100040324032306,0.0359673127532005
0.0167821925133466,0.0642732307314872,0.0110814813524484,0.0108485417440533,0.0779533237218856,0.0640573129057884,0.0261423029005527,0.0093109086155891,0.0075069358572363,0.0212821848690509,0.0380886495113372,0.0715680122375488,0.0361476652324199,0.0205739997327327,0.0457963719964027,0.0339311584830284,0.0204819906502962,0.0266145654022693,0.0099941221997141,0.0873503908514976
0.0612530186772346,0.064889371395111,0.0112550668418407,0.0088478671386837,0.0418241433799266,0.0834979340434074,0.0263220984488725,0.009435050189495,0.0092723844572901,0.0401935540139675,0.0612743534147739,0.0721623972058296,0.0365528054535388,0.0203059259802103,0.0316019281744957,0.0597529113292694,0.0206857956945896,0.026811383664608,0.010302166454494,0.0247906818985939
0.0168943088501691,0.2528157532215118,0.0110423555597662,0.0089365364983677,0.0418652258813381,0.0644047558307647,0.1006194502115249,0.0093846898525953,0.0092523777857422,0.0401821173727512,0.0384848192334175,0.254490464925766,0.0362472385168075,0.0203561596572399,0.0315349549055099,0.0341808572411537,0.0833592936396598,0.0266443453729152,0.0102237407118082,0.0250030513852834
0.1620714515447616,0.0604076199233531,0.0105769354850053,0.0106020430102944,0.0591469593346118,0.0898638069629669,0.0249626301229,0.0089165652170777,0.0079945717006921,0.0797897428274154,0.1098042652010917,0.0678790211677551,0.0341789610683918,0.0209674928337335,0.0689191222190857,0.0772032886743545,0.0191700756549835,0.0247647631913423,0.0104495901614427,0.0372127704322338
0.0163030810654163,0.2967499792575836,0.0105670914053916,0.0106650004163384,0.059550117701292,0.0638509914278984,0.1251217871904373,0.0089346030727028,0.008026466704905,0.0797866284847259,0.0388548001646995,0.2949847280979156,0.0347591303288936,0.0210787076503038,0.0688081830739975,0.0346265397965908,0.0973929986357688,0.0255774073302745,0.0104778790846467,0.0377954728901386
0.0164589937776327,0.0594183318316936,0.0461581423878669,0.0105471266433596,0.0595126710832119,0.064126580953598,0.0244695972651243,0.0031464574858546,0.0080745825543999,0.080557532608509,0.0384963601827621,0.066818006336689,0.0457889027893543,0.021039891988039,0.0694726482033729,0.0343872532248497,0.0188155602663755,0.0406051389873027,0.0105962455272674,0.0374176800251007
0.0165171567350626,0.0594507530331611,0.0107449116185307,0.03448436409235,0.0595113486051559,0.0640973970293998,0.0244994033128023,0.0089330086484551,0.0617549456655979,0.0805168747901916,0.0384568274021148,0.06683299690485,0.0349857024848461,0.069197341799736,0.0694411322474479,0.0343432463705539,0.0188144855201244,0.0257804449647665,0.0452642366290092,0.0373847223818302
0.0563097968697547,0.0598782077431678,0.0108877513557672,0.0092241680249571,0.0439496003091335,0.0813205018639564,0.0246362909674644,0.0090342229232192,0.0096903257071971,0.0435459204018116,0.0594298765063285,0.0673280656337738,0.0353715121746063,0.0209048278629779,0.0351341143250465,0.0578230656683445,0.0189720261842012,0.0259650740772485,0.0108690112829208,0.0265211667865514
0.0165105480700731,0.2295775115489959,0.0107234874740242,0.009322065860033,0.0440602004528045,0.0644385069608688,0.0914710760116577,0.0090283621102571,0.0097123580053448,0.0435853898525238,0.0388720855116844,0.2319913506507873,0.0351651236414909,0.0209760162979364,0.0351191684603691,0.0346346832811832,0.0754880905151367,0.02587665989995,0.0108073381707072,0.0268087219446897
0.1693525910377502,0.0803222134709358,0.0068796784617006,0.0141049791127443,0.0613823384046554,0.0956998616456985,0.032817143946886,0.0075632035732269,0.008231732994318,0.0701647922396659,0.1044397577643394,0.0892664268612861,0.0229492932558059,0.0213089864701032,0.0582169257104396,0.0731708332896232,0.0256880428642034,0.0163187459111213,0.010356793180108,0.0372217819094657
0.0130819464102387,0.317517340183258,0.0068860314786434,0.0141847040504217,0.0617749840021133,0.0512054078280925,0.133394718170166,0.0075257564894855,0.0081092221662402,0.0701998174190521,0.0334057249128818,0.3168078660964966,0.0235608629882335,0.0214568991214036,0.0581211075186729,0.0302442088723182,0.1041897609829902,0.0170910768210887,0.0103420307859778,0.0376265160739421
0.0125318923965096,0.0785670131444931,0.0070059658028185,0.0380150377750396,0.0617940723896026,0.0516079328954219,0.0320130176842212,0.0075145903974771,0.055581945925951,0.0707508325576782,0.0331720523536205,0.0876451581716537,0.0237550362944602,0.0694704502820968,0.0586178936064243,0.0301643349230289,0.0250254403799772,0.0172695461660623,0.0441849827766418,0.0374069511890411
0.0124322399497032,0.0784359574317932,0.0070252930745482,0.0139581356197595,0.0820648744702339,0.0515429116785526,0.0319644697010517,0.0075327102094888,0.0082114078104496,0.01248783711344,0.0330993048846721,0.087555818259716,0.0237559713423252,0.0214454010128974,0.038486436009407,0.0301128774881362,0.0249833017587661,0.0172760039567947,0.0105555588379502,0.0901281088590622
0.0701099410653114,0.0790857151150703,0.0071359351277351,0.0102528911083936,0.0486990101635456,0.0772436708211898,0.032184712588787,0.0075783799402415,0.0083867534995079,0.0414457693696022,0.0574287921190261,0.0882065221667289,0.0239112935960292,0.0207559969276189,0.0305752679705619,0.0566785037517547,0.0251916348934173,0.0172879267483949,0.0109147056937217,0.0286822319030761
0.0126049257814884,0.2747212052345276,0.0069574629887938,0.0103732636198401,0.0487236157059669,0.0513508021831512,0.1094365939497947,0.0075773862190544,0.0083897793665528,0.0414112508296966,0.033421404659748,0.2774670720100403,0.0237160939723253,0.0208244696259498,0.0304887946695089,0.0301978308707475,0.0905389264225959,0.0171884521842002,0.0108441254124045,0.0288131088018417
0.1626069098711013,0.0611445680260658,0.0101293707266449,0.0104539152234792,0.0598952993750572,0.0901473462581634,0.0252966862171888,0.0086250798776745,0.0078917145729064,0.080715037882328,0.1103593483567237,0.0687592029571533,0.0327434390783309,0.0206833872944116,0.0696172714233398,0.0777375176548957,0.0193874575197696,0.0237068179994821,0.0103300753980875,0.037611685693264
0.0162891130894422,0.2976336777210235,0.0101392501965165,0.0105151366442441,0.0603120811283588,0.0642864406108856,0.125454843044281,0.0086384201422333,0.0079274522140622,0.0807573273777961,0.0394407212734222,0.2959779500961303,0.0333409756422042,0.0207961648702621,0.0695366635918617,0.0351993329823017,0.0976596251130104,0.0245249699801206,0.0103596523404121,0.0381894595921039
0.0164903737604618,0.0602137707173824,0.0458391159772872,0.0104078873991966,0.0602479800581932,0.0647057965397834,0.024811316281557,0.0032987934537231,0.0079825967550277,0.0815013274550437,0.0391656830906868,0.067795343697071,0.0471188314259052,0.0207558963447809,0.0701974257826805,0.0350420325994491,0.0190508365631103,0.0416229777038097,0.0104645667597651,0.03782245144248
0.0164146125316619,0.0601649321615695,0.0102920923382043,0.0343529619276523,0.060269821435213,0.0647060573101043,0.0247775595635175,0.0086119631305336,0.0617128238081932,0.0814772769808769,0.0390799231827259,0.0677108988165855,0.0335294716060161,0.0689292028546333,0.0701622441411018,0.0349517092108726,0.019039336591959,0.0246893037110567,0.0452229417860507,0.037778615951538
0.0586920343339443,0.0606733076274395,0.0104552907869219,0.0090887434780597,0.044225413352251,0.0829216465353965,0.0250172857195138,0.0087223481386899,0.009630549699068,0.0433935597538948,0.0607629939913749,0.068278357386589,0.0339151881635189,0.0206238590180873,0.0347800739109516,0.0591672100126743,0.0191882811486721,0.0248902253806591,0.0107449619099497,0.0265794415026903
0.0164879243820905,0.2353183627128601,0.0102667165920138,0.0091666085645556,0.0443057939410209,0.0651191994547844,0.0937592610716819,0.0087083959951996,0.0096362875774502,0.0433976724743843,0.0395895726978778,0.2376720309257507,0.033684879541397,0.0207016691565513,0.0347516611218452,0.0353045351803302,0.077387124300003,0.024799795821309,0.0106726577505469,0.0268600955605506
0.0158642251044511,0.3027105033397674,0.010664670728147,0.0099516874179244,0.0617109462618827,0.0631913319230079,0.1275065392255783,0.009582289494574,0.0071240584366023,0.0817380994558334,0.0389032587409019,0.3011175394058227,0.035324353724718,0.0192348584532737,0.0700714290142059,0.034793484956026,0.0993578732013702,0.0259044244885444,0.0095015531405806,0.038858950138092
0.0159490164369344,0.0632066950201988,0.0463050156831741,0.0098188892006874,0.0616736374795436,0.0636475682258606,0.0259150918573141,0.0029365858063101,0.007173073478043,0.0825222209095954,0.0387305170297622,0.0709529444575309,0.0454432033002376,0.0191986802965402,0.0707564055919647,0.0347167775034904,0.0200349316000938,0.0404063612222671,0.0096019264310598,0.0384894087910652
0.0159517098218202,0.0631600990891456,0.0108138062059879,0.0337919555604457,0.0616876296699047,0.0635310709476471,0.0258971247822046,0.0095787411555647,0.0607715547084808,0.0825071781873703,0.0386207699775695,0.0708569884300232,0.035577043890953,0.0673611387610435,0.0707400664687156,0.0346575379371643,0.0200176257640123,0.0261176098138093,0.0446186251938343,0.0384457409381866
0.0158309694379568,0.063175119459629,0.0108249755576252,0.0098071191459894,0.0817572325468063,0.0635263472795486,0.0259743295609951,0.0095652611926198,0.0071830325759947,0.023735811933875,0.0386007018387317,0.0709772855043411,0.0355375669896602,0.0191765893250703,0.0483657754957675,0.0345994271337986,0.0200231280177831,0.0260995104908943,0.0095909815281629,0.0897882208228111
0.0547737441956996,0.0638451278209686,0.0109782628715038,0.0085406629368662,0.0469874702394008,0.0801741331815719,0.0261777471750974,0.0096839712932705,0.0085921706631779,0.0475519150495529,0.0586552992463111,0.0716273784637451,0.0359507501125335,0.0190612059086561,0.0382880382239818,0.0569744370877742,0.020251965150237,0.0263077672570943,0.0098703624680638,0.0281227380037307
0.015902167186141,0.225337952375412,0.0108201187103986,0.008631887845695,0.047056533396244,0.0639441236853599,0.0897553414106369,0.0096771074458956,0.0085964752361178,0.0475720427930355,0.039109855890274,0.2282269448041916,0.0357357338070869,0.0191194787621498,0.0382544882595539,0.0349091216921806,0.0740112215280532,0.0262161325663328,0.0097898766398429,0.0283949133008718
0.174723133444786,0.0799078419804573,0.0053477529436349,0.0131547572091221,0.0634116753935813,0.1000507697463035,0.0331452973186969,0.0054306215606629,0.0072713275440037,0.0717884451150894,0.1074758619070053,0.0899897888302803,0.017624719068408,0.0205182544887065,0.0603073760867118,0.0763729736208915,0.0253483355045318,0.0125929992645978,0.0102796955034136,0.0391891561448574
0.0157619901001453,0.3173725605010986,0.0054335873574018,0.0132148591801524,0.0638149678707122,0.0529093965888023,0.1334539949893951,0.0054158340208232,0.0071984874084591,0.0718344077467918,0.036512553691864,0.3174438178539276,0.0183141063898801,0.020648393779993,0.0602354407310485,0.033433299511671,0.1039416193962097,0.0134422685950994,0.0102829486131668,0.0396154522895813
0.0147196585312485,0.0783919692039489,0.0427415966987609,0.0130573417991399,0.0638170912861824,0.0529980771243572,0.0324156880378723,0.0056236097589135,0.0072855316102504,0.0725104287266731,0.0361764058470726,0.0886385440826416,0.0611994415521621,0.0206281095743179,0.0608394406735897,0.0332670807838439,0.0247572921216487,0.0523688681423664,0.0104404436424374,0.0394133068621158
0.0145736141130328,0.07832882553339,0.0055513158440589,0.0370747596025466,0.0638425275683403,0.0529349334537982,0.032451968640089,0.0054192659445106,0.0568835437297821,0.0724714249372482,0.0360587053000927,0.088571012020111,0.0184782240539789,0.0687046498060226,0.0607941597700119,0.0332222282886505,0.0247409027069807,0.0136359501630067,0.0446253791451454,0.0393525026738643
0.0145708043128252,0.078397624194622,0.0055559333413839,0.0130363339558243,0.0840916708111763,0.0530811846256256,0.0324905812740325,0.0054176836274564,0.0072639705613255,0.0141749810427427,0.0361702740192413,0.0887186229228973,0.0184797551482915,0.0206459611654281,0.0409071631729602,0.0332691222429275,0.024775980040431,0.0136258155107498,0.0104271927848458,0.0921990498900413
0.084038533270359,0.079048603773117,0.0056886677630245,0.0096602737903594,0.0476343892514705,0.0855102464556694,0.0326778888702392,0.005459155421704,0.0087457448244094,0.0365602634847164,0.0636530146002769,0.0893513187766075,0.0185537505894899,0.0200282130390405,0.0261530708521604,0.0630369409918785,0.0249654091894626,0.0135154696181416,0.0108588747680187,0.0288513768464326
0.1621243357658386,0.05836683511734,0.0105708260089159,0.0102742472663521,0.0577106773853302,0.0898113846778869,0.0242707319557666,0.0083879297599196,0.0088740112259984,0.0807017460465431,0.1106958091259002,0.0659313425421714,0.0338157825171947,0.0215983092784881,0.0702377185225486,0.0780414342880249,0.0184362512081861,0.0245742332190275,0.0108239669352769,0.0367145054042339
0.0166539847850799,0.2950142621994018,0.0105643719434738,0.010325071401894,0.0581174157559871,0.0651695430278778,0.1244327947497367,0.0084218168631196,0.0089195175096392,0.0807949304580688,0.0398760996758937,0.2933099269866943,0.0344375260174274,0.0216946247965097,0.0702200755476951,0.0355345457792282,0.0967852994799614,0.0254259631037712,0.0108852731063961,0.0373542569577693
0.0167106296867132,0.0576516091823577,0.0460790991783142,0.0102285118773579,0.0580745078623294,0.0655451789498329,0.0238750707358121,0.0034153540618717,0.0089412191882729,0.081570915877819,0.0395459569990634,0.0651549771428108,0.0460155420005321,0.0216542519629001,0.0709015280008316,0.035321831703186,0.0181811675429344,0.0407337360084056,0.0109675135463476,0.0369629226624965
0.0165793467313051,0.0577145405113697,0.0107329990714788,0.0341368950903415,0.0580960735678672,0.0654393211007118,0.0239113196730613,0.0083872834220528,0.0632364004850387,0.0815788432955741,0.0394171476364135,0.0651808232069015,0.0346430167555809,0.069833256304264,0.0708715170621872,0.0352064706385135,0.0182046983391046,0.0256059486418962,0.0456985719501972,0.0369210503995418
0.0166428722441196,0.0576743111014366,0.0107078496366739,0.0102040497586131,0.0782155990600586,0.0654177442193031,0.0239200517535209,0.008398987352848,0.0089682163670659,0.0259250588715076,0.0394133776426315,0.0652473121881485,0.0346613153815269,0.0216457545757293,0.0501673966646194,0.0351996943354606,0.0181868821382522,0.0256300512701272,0.0109703419730067,0.0880504921078682
0.0167308859527111,0.2202296555042266,0.0107180140912532,0.0093719363212585,0.0426450632512569,0.0659576207399368,0.087755374610424,0.0084973257035017,0.0103623569011688,0.0443455874919891,0.0399612411856651,0.2229317724704742,0.0348311923444271,0.0216805636882781,0.0365225039422512,0.0356286950409412,0.0723093599081039,0.0257384199649095,0.0111549915745854,0.0262707732617855
0.1628816872835159,0.0664679855108261,0.0101090651005506,0.0117750819772481,0.0592308901250362,0.0902936682105064,0.0269765704870224,0.0092366458848118,0.0075271106325089,0.0766396969556808,0.1073625013232231,0.0735745280981063,0.0329919606447219,0.0210510399192571,0.065002329647541,0.0751378387212753,0.0212821029126644,0.0237875822931528,0.0100130122154951,0.0363621152937412
0.0151383019983768,0.3031211495399475,0.010097486898303,0.011828008107841,0.0595818683505058,0.0594795979559421,0.1275531202554702,0.0092557296156883,0.0074775330722332,0.0765382274985313,0.0362857989966869,0.3011671602725982,0.0335845611989498,0.021167928352952,0.0648008733987808,0.0323447920382022,0.0996349528431892,0.0245928484946489,0.0100168604403734,0.0368704907596111
0.0152234770357608,0.0653988346457481,0.0459044277667999,0.011667039245367,0.0595741830766201,0.0597095713019371,0.0264167208224535,0.0030348431318998,0.0075905509293079,0.0771929696202278,0.0359825603663921,0.0724849849939346,0.046996533870697,0.0211553368717432,0.0653911307454109,0.0321571752429008,0.0208860337734222,0.0416177548468112,0.0101755736395716,0.0365717411041259
0.0153305623680353,0.0653882399201393,0.0102726845070719,0.0116563476622104,0.079724334180355,0.0599041059613227,0.0264507625252008,0.009247369132936,0.007612922694534,0.0188385751098394,0.0359659455716609,0.0725541934370994,0.0338136106729507,0.0211255196481943,0.0437697060406208,0.0321651063859462,0.0208771359175443,0.0247949324548244,0.0101734409108757,0.088159792125225
0.0636850371956825,0.0659631714224815,0.0104323802515864,0.009153394959867,0.0441871881484985,0.0811976119875907,0.026618355885148,0.009345936588943,0.0092756506055593,0.0414750836789608,0.0598809756338596,0.0730704963207244,0.0341895334422588,0.0207621119916439,0.0318890139460563,0.0585950948297977,0.0210763681679964,0.0249738227576017,0.0104854637756943,0.0258596148341894
0.0152158439159393,0.2583107054233551,0.0102259675040841,0.0092475628480315,0.0442176796495914,0.0600142739713192,0.1027858778834343,0.0093358354642987,0.0092541268095374,0.0414148047566413,0.0363289825618267,0.2597086131572723,0.0338941179215908,0.0208150930702686,0.0318012312054634,0.0323377810418605,0.0852345675230026,0.0248168483376503,0.0103932302445173,0.0260634180158376
0.1628131568431854,0.0595418475568294,0.0104278875514864,0.0101579166948795,0.058426097035408,0.0904152244329452,0.0247608851641416,0.0082316379994153,0.0087960716336965,0.081222578883171,0.1107510775327682,0.0672744512557983,0.0333369597792625,0.0213170833885669,0.0706790685653686,0.0781440138816833,0.018835524097085,0.0242451280355453,0.0107426000759005,0.0371729359030723
0.016495544463396,0.295911431312561,0.0104176951572299,0.0102110859006643,0.0588211826980114,0.0649943798780441,0.1248112097382545,0.0082619162276387,0.0088294725865125,0.0812177583575248,0.0399040952324867,0.2943290472030639,0.0339457690715789,0.0214166529476642,0.0705824568867683,0.035645492374897,0.0970670208334922,0.0250865072011947,0.0107843289151787,0.0377776287496089
0.016458386555314,0.0586351007223129,0.0459849461913108,0.0101035991683602,0.0587942823767662,0.0652047991752624,0.0243201404809951,0.0035173511132597,0.0088679175823926,0.0820230469107627,0.0395818054676055,0.066326804459095,0.0464394390583038,0.0213745776563882,0.0712656155228614,0.0354099608957767,0.0185030419379472,0.0410488545894622,0.0108845168724656,0.0374166332185268
0.0164118278771638,0.0586927235126495,0.0105672031641006,0.0340120419859886,0.0587952733039855,0.0651475042104721,0.0243365243077278,0.0082163149490952,0.0632060468196868,0.0819718912243843,0.0394391007721424,0.0663493424654007,0.0341427251696586,0.06954937428236,0.0712174251675605,0.0353158265352249,0.0185166746377944,0.0252427738159894,0.0456633381545543,0.0373635441064834
0.0163950230926275,0.0585461258888244,0.0105609148740768,0.0100797927007079,0.0789084956049919,0.0651230290532112,0.0243136007338762,0.0082208737730979,0.0088641038164496,0.026026926934719,0.0394151620566844,0.0662924796342849,0.0341809689998626,0.021354915574193,0.0503881126642227,0.0352769158780574,0.0184532683342695,0.0252818446606397,0.0108835054561495,0.0885443538427352
0.0164261944591999,0.2170647382736206,0.0105821788311004,0.0093136467039585,0.0436875894665718,0.0655625015497207,0.0865178406238555,0.0083175580948591,0.0102000460028648,0.0455578863620758,0.0400004610419273,0.2200676053762436,0.0343419462442398,0.0213984251022338,0.0375865288078784,0.0356875844299793,0.0712174773216247,0.0253861434757709,0.0110634984448552,0.0269717127084732
0.16227588057518,0.0636917576193809,0.0108304610475897,0.0110288197174668,0.0589796677231788,0.0897167325019836,0.0259975492954254,0.0094132395461201,0.0074113849550485,0.0780648067593574,0.1086386293172836,0.0708379372954368,0.0351183824241161,0.020545408129692,0.0667239055037498,0.0762010738253593,0.0203481409698724,0.0254047848284244,0.0098660010844469,0.0365685932338237
0.0158691890537738,0.3002935647964477,0.0108098294585943,0.011073125526309,0.0593452751636505,0.0619679428637027,0.1264733523130417,0.0094393491744995,0.0073884278535842,0.0779432728886604,0.0376085825264453,0.2983119487762451,0.0357083864510059,0.0206633917987346,0.0665212124586105,0.0335047431290149,0.0986526906490325,0.0262070931494236,0.0098557379096746,0.037098903208971
0.0160261504352092,0.0626833215355873,0.0463673695921897,0.0109251737594604,0.0593228079378604,0.0622083656489849,0.0254581570625305,0.002974314847961,0.0074762105941772,0.0786167830228805,0.0372626855969429,0.0697873532772064,0.04500188305974,0.0206422209739685,0.0671217665076255,0.0332988761365413,0.0199765563011169,0.0400261059403419,0.0100165400654077,0.0367662720382213
0.0160459280014038,0.0626600980758667,0.0109918247908353,0.0109106451272964,0.079443447291851,0.0622096136212348,0.0254842415452003,0.0094377445057034,0.0075113694183528,0.0208755023777484,0.0371774584054946,0.0698053687810897,0.0359467454254627,0.0206156428903341,0.0456450879573822,0.0332034491002559,0.0199519842863082,0.0264431349933147,0.0100146308541297,0.0882274582982063
0.0625083595514297,0.0632980689406395,0.0111777344718575,0.0088478494435548,0.0432594269514083,0.0827207192778587,0.0256865136325359,0.0095327645540237,0.0092805624008178,0.0410238578915596,0.0607818737626075,0.07040885835886,0.0363598018884658,0.0203348360955715,0.0319705307483673,0.0594011172652244,0.0201810020953416,0.0266360063105821,0.0103326300159096,0.0255647581070661
0.0161462221294641,0.2530049085617065,0.0109487073495984,0.0089614503085613,0.0433398149907588,0.0626426711678505,0.1006971299648284,0.0095418700948357,0.009275053627789,0.0409868173301219,0.0376991331577301,0.2544814050197601,0.0360781885683536,0.0203916020691394,0.0318974554538726,0.033554371446371,0.083438828587532,0.0264826770871877,0.0102480864152312,0.0258118193596601
0.0159026980400085,0.3058302998542785,0.0102610681205987,0.0109869632869958,0.0606813542544841,0.062224518507719,0.1287593841552734,0.0092115411534905,0.0070338039658963,0.0785954371094703,0.037830900400877,0.3042815625667572,0.034012347459793,0.0199773237109184,0.0669869855046272,0.0337382070720195,0.1004041656851768,0.0249382071197032,0.0097501678392291,0.0379370003938674
0.0158633738756179,0.0661303848028183,0.0460150018334388,0.0108437435701489,0.0606478862464427,0.062455266714096,0.0270278565585613,0.0030612675473093,0.0071157021448016,0.0793328806757927,0.0375409424304962,0.0739599391818046,0.046629175543785,0.0199437644332647,0.0676547214388847,0.0336211249232292,0.0210082847625017,0.0413227118551731,0.009887758642435,0.0376040711998939
0.0158970449119806,0.0659949332475662,0.0104227373376488,0.0348229147493839,0.0606653466820716,0.0623825751245021,0.0269700083881616,0.0091758091002702,0.059605561196804,0.079326182603836,0.0374593324959278,0.0738151222467422,0.0342668257653713,0.0680802017450332,0.0676430314779281,0.0335328727960586,0.0209627449512481,0.0251666475087404,0.0444996878504753,0.0375513136386871
0.0159406680613756,0.0659180954098701,0.0104186534881591,0.0108322603628039,0.0807824805378913,0.0624404810369014,0.0269567761570215,0.0091718435287475,0.0071251629851758,0.0209888331592082,0.0374822206795215,0.073803000152111,0.0342380665242672,0.0199409425258636,0.0459328182041645,0.0335443876683712,0.0209321957081556,0.0251385569572448,0.0098847383633255,0.0891913250088691
0.0551845207810401,0.066557377576828,0.0105905374512076,0.0090937092900276,0.0465577989816665,0.0793743729591369,0.0272115413099527,0.0092884264886379,0.0085488092154264,0.0459667183458805,0.0580935403704643,0.0744279325008392,0.0346366949379444,0.0197282619774341,0.0365206748247146,0.0565096400678157,0.021135177463293,0.0253609791398048,0.0101774930953979,0.0277040135115385
0.0159365981817245,0.2328756898641586,0.010427271015942,0.0091718770563602,0.0466050505638122,0.0628703832626342,0.0927188619971275,0.0092974286526441,0.0085613513365387,0.0459679067134857,0.038001425564289,0.2357201129198074,0.0343998000025749,0.0197779536247253,0.0364932753145694,0.0339297726750373,0.076568953692913,0.0252386908978223,0.0101067461073398,0.0279499497264623
0.1712081432342529,0.0801239907741546,0.0060251094400882,0.0145091423764824,0.0600181110203266,0.0973364263772964,0.0327566638588905,0.0069245258346199,0.0086380811408162,0.0685985907912254,0.1052136644721031,0.089095652103424,0.0202783569693565,0.0218564495444297,0.0567624419927597,0.0740360543131828,0.0256121382117271,0.0143752060830593,0.0104865385219454,0.0362898893654346
0.0136767476797103,0.3175688982009887,0.0060797310434281,0.0145748322829604,0.0604031756520271,0.0512868724763393,0.1333964467048645,0.0068912995047867,0.0085160341113805,0.0686533376574516,0.0341720320284366,0.3168603181838989,0.020933985710144,0.0220161397010087,0.0566781088709831,0.0310485213994979,0.1042088568210601,0.0151629755273461,0.0104725724086165,0.0366989709436893
0.0127958692610263,0.0785331800580024,0.0061826291494071,0.0383857935667037,0.0604367740452289,0.0514841005206108,0.0319956354796886,0.0068904156796634,0.0552583523094654,0.0691798254847526,0.0338225811719894,0.0876232385635376,0.021124692633748,0.0699930116534233,0.0571626685559749,0.0308909974992275,0.0249913074076175,0.0153612904250621,0.044015560299158,0.0364635288715362
0.0127901332452893,0.0784457698464393,0.006208075210452,0.0143502000719308,0.0807614624500274,0.0515121445059776,0.0319888740777969,0.0068991216830909,0.0086275497451424,0.0123016769066452,0.0337841138243675,0.0876008495688438,0.0210884977132082,0.0220100749284029,0.0377153754234313,0.0308913011103868,0.0249763540923595,0.0153295760974287,0.0106832263991236,0.0892524570226669
0.0720335990190506,0.0790557563304901,0.0063133598305284,0.0103929210454225,0.0477677211165428,0.0781100317835807,0.0321605391800403,0.0069514163769781,0.0085600838065147,0.0409450381994247,0.0581366345286369,0.0882088541984558,0.0212061591446399,0.0212740376591682,0.0301697254180908,0.0574398562312126,0.0251828581094741,0.0153080970048904,0.0110192904248833,0.0280033182352781
0.01289505045861,0.2744266986846924,0.0061390423215925,0.0105146309360861,0.0477975755929946,0.0512698665261268,0.1093328818678855,0.0069477059878408,0.0085695711895823,0.0409058667719364,0.0341276861727237,0.2772099077701568,0.0210358519107103,0.0213245917111635,0.0300749465823173,0.0309361815452575,0.0904312953352928,0.0152488378807902,0.0109415743499994,0.0281528122723102
0.1625390499830246,0.0585324130952358,0.0105728851631283,0.0101007306948304,0.0582680515944957,0.090213693678379,0.0243331361562013,0.0083332555368542,0.0088000707328319,0.0811785086989402,0.1108782365918159,0.0661466568708419,0.0338135436177253,0.0213028192520141,0.0706670060753822,0.0782374888658523,0.0185003224760293,0.0245903879404068,0.0107045825570821,0.0370995104312896
0.0164417568594217,0.2950275540351867,0.0105669060721993,0.0101677952334284,0.0586837194859981,0.0650622174143791,0.1244543120265007,0.0083578424528241,0.0088583463802933,0.0812312066555023,0.0399476028978824,0.2933861911296844,0.0344149582087993,0.0214144941419363,0.0705965459346771,0.0356657728552818,0.0967887639999389,0.0254190657287836,0.0107492785900831,0.0377270206809043
0.0165093187242746,0.0577209778130054,0.0460932813584804,0.0100560067221522,0.0586471855640411,0.0653022676706314,0.023903876543045,0.003453473560512,0.008877258747816,0.0819901600480079,0.0396066419780254,0.0652972906827926,0.0460214577615261,0.0213610082864761,0.0712693482637405,0.0354216545820236,0.0181993562728166,0.0407210662961006,0.0108400108292698,0.0373261868953704
0.0164560303092002,0.057552196085453,0.0107230767607688,0.0339550152420997,0.0586550123989582,0.0653122588992118,0.0238682646304368,0.0083350017666816,0.063221126794815,0.0819775089621543,0.0395957753062248,0.0651000216603279,0.0346499904990196,0.069541111588478,0.0712523981928825,0.0353931672871112,0.0181352347135543,0.0256240256130695,0.0456106849014759,0.0372901000082492
0.0165120735764503,0.0576441660523414,0.0107247298583388,0.0100330002605915,0.0787649527192115,0.0653699785470962,0.0239580329507589,0.0083392048254609,0.0088971406221389,0.0260904412716627,0.0395144894719123,0.0653005316853523,0.0346477255225181,0.0213623829185962,0.0504171438515186,0.0353414006531238,0.0181712973862886,0.0256393440067768,0.0108326990157365,0.0884546935558319
0.0165361259132623,0.2154050916433334,0.0107393441721796,0.0092823598533868,0.0435646139085292,0.0657209157943725,0.0858639627695083,0.0084332581609487,0.0102066183462738,0.0455875545740127,0.040006686002016,0.218352660536766,0.0348591431975364,0.0213982556015253,0.0376539528369903,0.0356885083019733,0.0706870853900909,0.0257661696523427,0.0110126296058297,0.0269130803644657
0.1625714749097824,0.061947513371706,0.0107154147699475,0.0101974094286561,0.0605818815529346,0.0900879949331283,0.0256401766091585,0.0092181721702218,0.0077454154379665,0.0819706916809082,0.1094046384096145,0.0697008445858955,0.0347095318138599,0.0202252902090549,0.0706096589565277,0.0769271627068519,0.0196385215967893,0.0251282639801502,0.0100841475650668,0.0379816927015781
0.0160263460129499,0.2985724806785583,0.0107244737446308,0.0102565875276923,0.0609641000628471,0.0629829540848732,0.1258924752473831,0.0092168040573596,0.0077470731921494,0.0818524211645126,0.0384602323174476,0.2970141172409057,0.0353352725505828,0.0203216187655925,0.070403017103672,0.0342868007719516,0.0979676097631454,0.0259621310979127,0.0101106939837336,0.0385495871305465
0.0161838084459304,0.0610727220773696,0.0462802238762378,0.0101238433271646,0.0609233416616916,0.0633250847458839,0.0251896865665912,0.0030319325160235,0.007788844872266,0.0825729593634605,0.0381527356803417,0.0687854588031768,0.045341283082962,0.0202776324003934,0.07102582603693,0.0341066569089889,0.0193006042391061,0.040282879024744,0.0102192545309662,0.0381907224655151
0.0161568634212017,0.0610359720885753,0.0108935330063104,0.034079123288393,0.0609295256435871,0.0632349476218223,0.025167379528284,0.009204538539052,0.061624139547348,0.0825706794857978,0.0381101444363594,0.0687482729554176,0.0355487242341041,0.0684336423873901,0.0710119307041168,0.0340665876865386,0.0193091016262769,0.0261622536927461,0.0450637452304363,0.0381447859108448
0.0577037818729877,0.0616653524339199,0.011051814071834,0.0088724549859762,0.044915921986103,0.0813444182276725,0.025404967367649,0.009304828941822,0.0093891816213727,0.0445404127240181,0.0594682358205318,0.0694407820701599,0.0359264872968196,0.0201585479080677,0.0357112884521484,0.0579287000000476,0.0194984786212444,0.0263679809868335,0.0104838060215115,0.0269383378326892
0.016147568821907,0.2348244786262512,0.0108764432370662,0.0089625716209411,0.0450121723115444,0.0635846033692359,0.0935568884015083,0.0092993890866637,0.0093879252672195,0.0445167869329452,0.0385423861443996,0.2373556643724441,0.0357134230434894,0.0202149674296379,0.0356503650546073,0.0343698523938655,0.0772048681974411,0.0262440294027328,0.010422590188682,0.0272074025124311
0.1696972101926803,0.0789710134267807,0.006396940909326,0.0144281713292002,0.0595016181468963,0.095903180539608,0.0322733148932457,0.007020010612905,0.0086936159059405,0.0684597790241241,0.1060158759355545,0.0877262726426124,0.0213918909430503,0.0216088071465492,0.0566240027546882,0.0745792165398597,0.0252695344388484,0.0152210425585508,0.0102989161387085,0.0359051898121833
0.0136968661099672,0.3161555230617523,0.0064648445695638,0.0144951287657022,0.0598678216338157,0.0533448755741119,0.1328174769878387,0.0069970237091183,0.0085575710982084,0.0684791207313537,0.0349151939153671,0.3153204023838043,0.0220490284264087,0.0217746496200561,0.0565320663154125,0.0316432863473892,0.1037739962339401,0.016017310321331,0.0102695999667048,0.0363023802638053
0.0129832318052649,0.0772862434387207,0.0065779061987996,0.0382871478796005,0.0599103569984436,0.0534644052386283,0.0314291827380657,0.0069954665377736,0.0549898631870746,0.0690204203128814,0.0345638617873191,0.0861341804265976,0.0222360845655202,0.0697519779205322,0.0570127181708812,0.0314240157604217,0.0246432051062583,0.0162142720073461,0.0438189208507537,0.0360670946538448
0.0128643736243247,0.0773324072360992,0.0065745138563215,0.0142668113112449,0.0802163109183311,0.0534431561827659,0.0314776301383972,0.0069640167057514,0.0086754616349935,0.0123391775414347,0.0344998128712177,0.086257517337799,0.0221924018114805,0.0217693876475095,0.0375618934631347,0.0313728675246238,0.0246351454406976,0.0161828808486461,0.0104815224185585,0.0887944921851158
0.0712897181510925,0.0780726596713066,0.0067067346535623,0.0102521330118179,0.0473398119211196,0.0794612616300582,0.031751699745655,0.0070478138513863,0.0084910839796066,0.0408802218735218,0.0590588375926017,0.0870125368237495,0.0223920866847038,0.0210448708385229,0.030097534880042,0.0582433007657527,0.0248808991163969,0.0162152256816625,0.0108639644458889,0.0276426319032907
0.013100815936923,0.2752275466918945,0.0065377596765756,0.0103551894426345,0.0473508201539516,0.0533860437572002,0.1096358299255371,0.0070652980357408,0.008483394049108,0.0408305823802948,0.0349721051752567,0.2778075635433197,0.0222541689872741,0.0211027506738901,0.030008241534233,0.0315730199217796,0.0907448902726173,0.0161745678633451,0.0107755064964294,0.0277704857289791
0.0149346999824047,0.3069556653499603,0.0105704627931118,0.0109490705654025,0.0614148005843162,0.0594356097280979,0.1291857212781906,0.009712235070765,0.0069181164726614,0.0790254399180412,0.0364679098129272,0.3054367005825043,0.0351233594119548,0.0197503212839365,0.0671479105949401,0.0325082726776599,0.1007899194955825,0.0257119480520486,0.0095823584124445,0.038209494203329
0.0151524161919951,0.067010685801506,0.0462458990514278,0.0108039528131484,0.061390496790409,0.0599042288959026,0.0273275934159755,0.0029052984900772,0.0070183547213673,0.0797887444496154,0.036239992827177,0.0748655647039413,0.0457009300589561,0.0197240076959133,0.0678162425756454,0.0324455238878726,0.0213256236165761,0.0406445637345314,0.0097099523991346,0.0379013046622276
0.0151405967772006,0.0670779272913932,0.010721587575972,0.0347928069531917,0.061415959149599,0.0598289109766483,0.0273433215916156,0.0097044827416539,0.0592443868517875,0.0797831192612648,0.0360737591981887,0.0749095603823661,0.0353658609092235,0.0678246319293975,0.067799761891365,0.0323348566889762,0.0213438477367162,0.0259338226169347,0.0442891791462898,0.0378725528717041
0.015161857008934,0.0670143216848373,0.01072742883116,0.0107744419947266,0.0815218836069107,0.0598615370690822,0.0273814052343368,0.0096806669607758,0.0070259538479149,0.0206054132431745,0.0360958874225616,0.0749278366565704,0.0353540033102035,0.0197039507329463,0.0455864667892456,0.0323624610900878,0.0213157013058662,0.0259295180439949,0.0096964268013834,0.0894823148846626
0.0538618266582489,0.0677720606327056,0.0108918566256761,0.0090300049632787,0.0478754118084907,0.0765937119722366,0.027619894593954,0.009803750552237,0.0083167115226387,0.047786395996809,0.0560609810054302,0.0756999254226684,0.0357668623328208,0.0194937456399202,0.0379687882959842,0.0546056292951107,0.0215685982257127,0.0261536985635757,0.0099870823323726,0.0283889733254909
0.0151843866333365,0.2290011197328567,0.0107176043093204,0.0091219451278448,0.0479123257100582,0.0601947754621505,0.0911532118916511,0.009806246496737,0.0083232764154672,0.0477971844375133,0.0365911349654197,0.2320135682821273,0.0355271473526954,0.0195388291031122,0.0379263423383235,0.0326624140143394,0.0752863362431526,0.0260001849383115,0.009919362142682,0.0286111198365688
0.1668559610843658,0.0797565504908561,0.0077145821414887,0.0136681590229272,0.0598810240626335,0.093503899872303,0.0323742479085922,0.0082163466140627,0.0083095431327819,0.0706263184547424,0.1059221625328064,0.0881543383002281,0.0255909878760576,0.0205539166927337,0.0585067681968212,0.0742765367031097,0.0256004948168993,0.0182388480752706,0.0097446972504258,0.0360447391867637
0.0134991202503442,0.0780366957187652,0.0443675369024276,0.0135397259145975,0.060242623090744,0.0554394200444221,0.0315432772040367,0.0034934908617287,0.0083284424617886,0.0711892992258071,0.0347495786845684,0.0865126401185989,0.0538702309131622,0.0206667594611644,0.0589407905936241,0.0313617028295993,0.0249453522264957,0.046966154128313,0.009910057298839,0.0362554006278514
0.0133721716701984,0.0780193656682968,0.0078558241948485,0.0375172644853591,0.0602793656289577,0.0553408712148666,0.0315532833337783,0.0082386843860149,0.0550305359065532,0.071164034307003,0.0345947444438934,0.0864962264895439,0.0264711771160364,0.0686850100755691,0.0589007250964641,0.031258538365364,0.0249409098178148,0.0192567650228738,0.043500930070877,0.0362315736711025
0.0133553510531783,0.07797122746706,0.0078454371541738,0.0135117890313267,0.080518402159214,0.0552638620138168,0.0315462201833725,0.0082191843539476,0.0083122309297323,0.0128559488803148,0.0346051715314388,0.0865240767598152,0.0264566391706466,0.0206881929188966,0.0383662767708301,0.0312582924962043,0.0249326135963201,0.0192527864128351,0.0099361781030893,0.0886967256665229
0.0621502473950386,0.0787593722343444,0.0079707186669111,0.0100098876282572,0.0485357381403446,0.0764965936541557,0.031825516372919,0.0083261029794812,0.0077722240239381,0.0444254800677299,0.0566476918756961,0.0873299464583396,0.0266747828572988,0.0200779698789119,0.0335103087127208,0.0556042790412902,0.0251805707812309,0.0193134397268295,0.010241424664855,0.0282148849219083
0.0134491203352808,0.2572979927062988,0.0078049059957265,0.0101239820942282,0.0485575422644615,0.0553430207073688,0.1023399457335472,0.0083323409780859,0.0077619608491659,0.0444112420082092,0.034997534006834,0.2602447271347046,0.0264978315681219,0.0201368294656276,0.033458225429058,0.0314304865896701,0.0847805142402648,0.0192313473671674,0.0101317483931779,0.0283708125352859
0.160614788532257,0.0557640716433525,0.0110683646053075,0.0103600937873125,0.0573643930256366,0.088837631046772,0.023113215342164,0.0087335314601659,0.0091078160330653,0.0808983296155929,0.1104275062680244,0.0628460496664047,0.0354113467037677,0.0219910237938165,0.0704137831926345,0.0776814222335815,0.0176501367241144,0.0257480610162019,0.010976773686707,0.0365263260900974
0.017136687412858,0.2920801341533661,0.011059446260333,0.0104229627177119,0.0577455982565879,0.065696857869625,0.1232721954584121,0.0087768714874982,0.0091354707255959,0.0808954387903213,0.0395301505923271,0.2901290655136108,0.0360444672405719,0.0220845863223075,0.0703054443001747,0.0351089499890804,0.0958858802914619,0.0266070738434791,0.0110187213867902,0.0371150858700275
0.0174307953566312,0.0550971142947673,0.0464229695498943,0.010307140648365,0.0577108152210712,0.0660184770822525,0.0227504707872867,0.0032388330437242,0.0091617321595549,0.0816613361239433,0.0392031222581863,0.0621233098208904,0.0445840619504451,0.0220395848155021,0.0709712281823158,0.0348827391862869,0.0173961967229843,0.0396281853318214,0.0111001450568437,0.0367142036557197
0.0174422431737184,0.0550621002912521,0.0112347919493913,0.0341882072389125,0.0577292330563068,0.0661244764924049,0.0227430388331413,0.0087554287165403,0.063368834555149,0.0816647186875343,0.03913364559412,0.062073852866888,0.036252561956644,0.0701750740408897,0.0709743574261665,0.0348616540431976,0.0174029134213924,0.0267770122736692,0.045667290687561,0.0366646908223629
0.0175177063792943,0.055142305791378,0.0112123973667621,0.0102880513295531,0.0778582468628883,0.0661649852991104,0.022810686379671,0.008758096024394,0.00919184461236,0.026109067723155,0.0391023196280002,0.0622268877923488,0.0362614691257476,0.0220243949443101,0.0502549968659877,0.0348262079060077,0.0174059309065341,0.0268001109361648,0.0111080026254057,0.0877679213881492
0.017432302236557,0.2150286138057708,0.0112299602478742,0.0094743072986602,0.0424947366118431,0.0665754452347755,0.0856657996773719,0.0088462280109524,0.0105663985013961,0.0448651276528835,0.0396512523293495,0.217477411031723,0.0364404246211051,0.0220818407833576,0.0370304435491561,0.0352071039378643,0.0706239342689514,0.0269215386360883,0.011286205612123,0.0261624865233898
0.1619465798139572,0.0598726086318492,0.0102414386346936,0.0102518387138843,0.0573352351784706,0.0898942425847053,0.0248504411429166,0.0082310829311609,0.0086802300065755,0.0808534026145935,0.1117981597781181,0.0675376281142234,0.032819177955389,0.0213619582355022,0.0703256502747535,0.078957125544548,0.0189570616930723,0.0238413959741592,0.0106853749603033,0.0364619195461273
0.01700777746737,0.2962164580821991,0.0102397687733173,0.010300975292921,0.0577155202627182,0.0668288171291351,0.1249268427491188,0.0082459850236773,0.0086999824270606,0.08074501901865,0.0407943278551101,0.2946338057518005,0.033470369875431,0.0214544422924518,0.0701391771435737,0.0363855585455894,0.0971938744187355,0.0246937815099954,0.0107188448309898,0.0370617061853408
0.0170995965600013,0.0591279752552509,0.045864675194025,0.0101951509714126,0.0576784722507,0.0670422837138176,0.0244368407875299,0.0035265954211354,0.0087365768849849,0.0814492851495742,0.0404508858919143,0.0667334273457527,0.0469179488718509,0.0213976670056581,0.0707505121827125,0.0361432805657386,0.0186764635145664,0.0414266884326934,0.0108078736811876,0.0366830043494701
0.0172170978039503,0.0590142160654068,0.0103966668248176,0.0341017208993434,0.0576935745775699,0.0671063363552093,0.0244030579924583,0.0082298917695879,0.0628926530480384,0.0814405083656311,0.0404373370110988,0.0666240230202674,0.0336683057248592,0.0695603936910629,0.0707249864935875,0.0361135490238666,0.0186389312148094,0.0248732957988977,0.0454933568835258,0.0366378426551818
0.0171649977564811,0.0590039789676666,0.0103922458365559,0.0101748863235116,0.0778163522481918,0.0671033561229705,0.0244329012930393,0.0082332780584692,0.0087349619716405,0.0258735306560993,0.040408469736576,0.0666940510272979,0.0336789786815643,0.0214046407490968,0.0500381849706172,0.0360790714621543,0.0186218116432428,0.0248938221484422,0.0108139859512448,0.0877546668052673
0.0171495415270328,0.2221344113349914,0.0103910053148865,0.0092996787279844,0.0423023477196693,0.067505657672882,0.088532269001007,0.0083306329324841,0.0101589346304535,0.0443816073238849,0.0409577600657939,0.2249533385038375,0.0338336005806922,0.0214324854314327,0.0365119725465774,0.0364664830267429,0.0729627758264541,0.024976197630167,0.0109911747276782,0.0260145049542188
0.0161827858537435,0.306490421295166,0.0101338271051645,0.0111674237996339,0.0592717789113521,0.0634526386857032,0.129032164812088,0.0093166651204228,0.0070448233745992,0.0781460404396057,0.0385192930698394,0.3050934374332428,0.0336487218737602,0.0201415009796619,0.066622756421566,0.0342643670737743,0.100602887570858,0.0246486496180295,0.0098085720092058,0.0370364226400852
0.0164571087807416,0.066775381565094,0.0459628850221633,0.0110223442316055,0.0592021495103836,0.0637219995260238,0.0273274835199117,0.0030259788036346,0.0071255834773182,0.0787594318389892,0.0381742753088474,0.0747894644737243,0.0469911508262157,0.0200879499316215,0.0671915262937545,0.0340581610798835,0.0212028175592422,0.0416282005608081,0.0099320821464061,0.0366841815412044
0.0164359658956527,0.066747173666954,0.0102641088888049,0.0349840186536312,0.0592334009706974,0.0637717396020889,0.0272972993552684,0.0092863254249095,0.0594087056815624,0.0787307545542717,0.0380911193788051,0.0747496932744979,0.0338863804936409,0.0681793391704559,0.0671544000506401,0.0340253338217735,0.0211900733411312,0.0248551834374666,0.0444431900978088,0.036653559654951
0.0164702050387859,0.0667648315429687,0.0102673554793,0.0109949624165892,0.0793455764651298,0.0637808218598365,0.0273573156446218,0.0092999497428536,0.0071481303311884,0.0210141036659479,0.0380894057452678,0.0748311951756477,0.0338654592633247,0.0200886130332946,0.0456835553050041,0.0340101681649684,0.0211937204003334,0.0248419288545846,0.0099307596683502,0.088181622326374
0.0536413565278053,0.0673330500721931,0.010425322689116,0.0092219058424234,0.0454717241227626,0.0801175460219383,0.0275564771145582,0.009415216743946,0.0084871500730514,0.04611561819911,0.0582343824207782,0.0754019096493721,0.0342600829899311,0.0198621451854705,0.0367929227650165,0.056587316095829,0.0213835593312978,0.0250472407788038,0.0102318739518523,0.0269672330468893
0.0164928678423166,0.2311515510082245,0.0102683706209063,0.0093077952042222,0.0455031804740428,0.0641245022416114,0.0920417234301567,0.0094245765358209,0.0085005015134811,0.046102087944746,0.0386036299169063,0.2342217862606048,0.0340541042387485,0.0199106093496084,0.0367384925484657,0.0343424640595912,0.0759862512350082,0.0249390248209238,0.0101569630205631,0.0271909832954406
0.1718254834413528,0.0777054280042648,0.0060308454558253,0.0128467809408903,0.0630862116813659,0.0976525619626045,0.0321924202144146,0.005900231655687,0.0072334771975874,0.0740864351391792,0.1071748211979866,0.0874314829707145,0.0197745729237794,0.021147595718503,0.0626379773020744,0.075808010995388,0.0246774833649396,0.014174691401422,0.0106354663148522,0.0390819758176803
0.014497292228043,0.31510990858078,0.0061144991777837,0.0129035869613289,0.0634843707084655,0.0539333745837211,0.1325380951166153,0.0058872806839644,0.0071850307285785,0.0741258636116981,0.0361312143504619,0.3149459064006805,0.0204518623650074,0.0212538335472345,0.0625512227416038,0.0328461378812789,0.1032498031854629,0.0149955265223979,0.0106495646759867,0.0395331308245658
0.0137844141572713,0.0762282684445381,0.0431700684130191,0.0127501375973224,0.0634925588965416,0.0541761144995689,0.0314890295267105,0.0052685118280351,0.0072646061889827,0.0748004764318466,0.0358580388128757,0.0860651358962059,0.0591788813471794,0.0212385449558496,0.0631486251950264,0.0327642187476158,0.024094995111227,0.0508668459951877,0.0107978302985429,0.0392927974462509
0.0135583309456706,0.0761448219418525,0.0062206462025642,0.0367434024810791,0.06349678337574,0.0541353784501552,0.0314793139696121,0.0058802249841392,0.0582064501941204,0.0747574269771575,0.0357837602496147,0.0859705358743667,0.0206369329243898,0.0692598968744278,0.0630850195884704,0.0327124409377574,0.0240604151040315,0.0151810050010681,0.044992346316576,0.0392522104084491
0.013545487076044,0.0762175247073173,0.0062227263115346,0.0127241108566522,0.0837428569793701,0.0540098547935485,0.0315200351178646,0.0058955647982656,0.0072383289225399,0.0161351580172777,0.0357761196792125,0.0861110985279083,0.0206440687179565,0.0212549362331628,0.0425920709967613,0.0326782613992691,0.0240962542593479,0.0151952225714921,0.0108079491183161,0.0918440297245979
0.0807892605662345,0.0770691037178039,0.0064168348908424,0.0098859090358018,0.0467087961733341,0.084704577922821,0.0317876450717449,0.0059484648518264,0.0092533519491553,0.0368357561528682,0.0630885139107704,0.086963839828968,0.0208678543567657,0.0208155270665884,0.0267843026667833,0.0623636655509471,0.0243567507714033,0.0152193326503038,0.0112438080832362,0.028185473755002
0.1626525819301605,0.0599571578204631,0.0104921888560056,0.0103430338203907,0.057542834430933,0.0902521461248397,0.0248738955706357,0.0084219677373766,0.0084926486015319,0.0801136121153831,0.1110830605030059,0.0676441714167594,0.0335747823119163,0.0213039610534906,0.0695786848664283,0.0783659517765045,0.018948096781969,0.0243928153067827,0.0106075070798397,0.03651574999094
0.0165978912264108,0.2965514063835144,0.0104487994685769,0.0103864120319485,0.0578866116702556,0.0653343498706817,0.1250767707824707,0.0084671191871166,0.0085098501294851,0.0801470950245857,0.0400851182639598,0.29497230052948,0.0341768115758895,0.0213858373463153,0.0695086792111396,0.0357287973165512,0.0972778126597404,0.0252059381455183,0.0106308115646243,0.0370892025530338
0.0166738983243703,0.0592393055558204,0.046026024967432,0.0102675985544919,0.0578570887446403,0.0656253397464752,0.0244762655347585,0.0033873908687382,0.0085531286895275,0.0808820500969886,0.0396950878202915,0.0668767020106315,0.0463335774838924,0.0213317982852458,0.0701783373951911,0.0355193130671978,0.0187144950032234,0.0409877300262451,0.0107414759695529,0.0367263704538345
0.016548404470086,0.0592317879199981,0.0106051536276936,0.034183282405138,0.0578778646886348,0.0655393674969673,0.0245108436793088,0.0084212245419621,0.0625687837600708,0.0809185802936554,0.0396362692117691,0.0668539628386497,0.034345868974924,0.0694745853543281,0.0701657831668853,0.0354527346789836,0.0187033154070377,0.0253523178398609,0.045379739254713,0.0366916544735431
0.0166207421571016,0.0591798201203346,0.0106059415265917,0.0102547220885753,0.0780052617192268,0.0656956657767295,0.0245303940027952,0.0084469215944409,0.0085701383650302,0.0252893660217523,0.0396681353449821,0.0668901577591896,0.0343764834105968,0.0213227700442075,0.0495551079511642,0.0355039574205875,0.0186765566468238,0.0254005901515483,0.0107323369011282,0.0878851786255836
0.0166100338101387,0.2126499116420745,0.0106231169775128,0.0093598365783691,0.0435602255165576,0.0659589767456054,0.0847695842385292,0.0085408929735422,0.0099514918401837,0.0463489666581153,0.0400792360305786,0.2157786637544632,0.0345616787672042,0.0213479958474636,0.0382669158279895,0.0357503034174442,0.0697447806596756,0.0255113001912832,0.0109285712242126,0.0268129389733076
0.0160284992307424,0.3048615455627441,0.0106507828459143,0.0107530737295746,0.0609145276248455,0.0624953210353851,0.1283478736877441,0.0097837653011083,0.0069102016277611,0.0795744881033897,0.037871565669775,0.3032464683055877,0.0353941693902015,0.0196301806718111,0.0677685067057609,0.0337181016802787,0.1001103669404983,0.0259252656251192,0.0095307603478431,0.0380191914737224
0.0161507185548543,0.0651993677020073,0.0463243648409843,0.0106194941326975,0.0608694404363632,0.0627480596303939,0.0265959277749061,0.0029028204735368,0.0070053446106612,0.0802578628063201,0.037546943873167,0.0728729888796806,0.0454023815691471,0.0195862855762243,0.0683667510747909,0.0335245579481124,0.0207309052348136,0.0404010936617851,0.009661697782576,0.0376642197370529
0.0162225700914859,0.0651750788092613,0.01081760879606,0.0345891825854778,0.0609032399952411,0.0627215057611465,0.0266010835766792,0.0097647327929735,0.0594725534319877,0.0802513062953949,0.0375217348337173,0.0728198662400245,0.0356685407459735,0.0676823407411575,0.0683399066329002,0.0335107333958148,0.0207138136029243,0.0261580105870962,0.0442918390035629,0.0376302003860473
0.0161948166787624,0.065150573849678,0.0108218360692262,0.0106027489528059,0.0809961184859275,0.0627388879656791,0.0266404952853918,0.0097544835880398,0.0070004509761929,0.0213584005832672,0.0374877862632274,0.0728572458028793,0.0356127321720123,0.0195767171680927,0.0461719781160354,0.0334821082651615,0.0207056123763322,0.0261170864105224,0.0096383159980177,0.0891670361161232
0.0545953214168548,0.0658353045582771,0.0109832789748907,0.0088810920715332,0.0467014424502849,0.0795805007219314,0.0268620178103446,0.0098738688975572,0.0083794966340065,0.0466798767447471,0.0580077096819877,0.0735452771186828,0.0360364988446235,0.0193637534976005,0.0370643511414527,0.0564158931374549,0.0209190212190151,0.0263481233268976,0.0099418638274073,0.0276721380650997
0.0163083430379629,0.2322573959827423,0.0108007350936532,0.008964030072093,0.0467501543462276,0.0630877390503883,0.0924487560987472,0.0098731722682714,0.0083965323865413,0.0466582737863063,0.0378968231379985,0.2349462509155273,0.0357979498803615,0.0194162353873252,0.0370165221393108,0.0337467044591903,0.0763970166444778,0.0262227039784193,0.0098712081089615,0.0279172174632549
0.1703905612230301,0.0758747309446334,0.0068526118993759,0.0124380989000201,0.0626903101801872,0.0963848605751991,0.0313721187412738,0.0064417561516165,0.007120668888092,0.0747479349374771,0.1075122877955436,0.0852228626608848,0.0223912876099348,0.0207615178078413,0.0633193626999855,0.0759666562080383,0.0241367407143116,0.0160894747823476,0.0103860544040799,0.0388566069304943
0.0143415927886962,0.313099205493927,0.0069217709824442,0.0125005096197128,0.0630848705768585,0.0554629378020763,0.1316817253828048,0.0065100537613034,0.007092161104083,0.0747809410095214,0.0365684367716312,0.3126256465911865,0.0231018438935279,0.0208999048918485,0.0632207915186882,0.0331674739718437,0.1026337593793869,0.0169524475932121,0.0104269366711378,0.0393177606165409
0.0137031180784106,0.0743972212076187,0.0437061339616775,0.01235047634691,0.0630870163440704,0.0556177422404289,0.0306481532752513,0.0047330013476312,0.0071709719486534,0.0754847601056099,0.0362516455352306,0.083823449909687,0.0567003302276134,0.0208588652312755,0.0638486742973327,0.0330108739435672,0.0235454849898815,0.0489832609891891,0.0105547662824392,0.039092656224966
0.0136022437363863,0.0744360163807869,0.0070510413497686,0.036329336464405,0.0631317496299743,0.055489208549261,0.0307106915861368,0.0064796097576618,0.058373887091875,0.0754407793283462,0.0361850373446941,0.0838768631219863,0.023281242698431,0.0689211338758468,0.063820481300354,0.0329394340515136,0.0235560666769742,0.0171315111219882,0.0448392443358898,0.0390526466071605
0.0134873427450656,0.0743548795580864,0.00704898359254,0.0123314950615167,0.0833332538604736,0.0556596778333187,0.0307021271437406,0.0064599001780152,0.0071661151014268,0.0169013254344463,0.0362024828791618,0.0838244557380676,0.0232421569526195,0.0208709575235843,0.0431916341185569,0.032984685152769,0.0235132444649934,0.0171049740165472,0.0105586750432848,0.0915272682905197
0.0767400190234184,0.0750495716929435,0.007176230661571,0.0096199885010719,0.0464673861861228,0.0838608741760253,0.0309291649609804,0.0065517723560333,0.0090809175744652,0.0377237536013126,0.0624479241669178,0.0845626518130302,0.0234128888696432,0.0204059798270463,0.0278696399182081,0.0616130903363227,0.023756980895996,0.0171086192131042,0.0109538175165653,0.0280202701687812
0.0153224198147654,0.305869460105896,0.0100713055580854,0.0108792809769511,0.0614184476435184,0.0609944313764572,0.128810778260231,0.0093580456450581,0.0070643229410052,0.0797197893261909,0.0374491140246391,0.3044736385345459,0.0335561744868755,0.0199729353189468,0.067946158349514,0.0334156081080436,0.1004023179411888,0.0245589315891265,0.0098515897989273,0.0383867360651493
0.0155234700068831,0.0660727471113205,0.0459260269999504,0.0107621774077415,0.0614030100405216,0.061434730887413,0.0270808190107345,0.0029825251549482,0.0071514970622956,0.080561988055706,0.0371832959353923,0.074111096560955,0.0471072606742382,0.0199401769787073,0.0686916336417198,0.0333143323659896,0.0209553036838769,0.0417308583855629,0.0099584609270095,0.0380700603127479
0.0153813576325774,0.0660715550184249,0.010231071151793,0.0347028598189353,0.0614133141934871,0.0613394044339656,0.027059806510806,0.0093351937830448,0.059875264763832,0.0805444344878196,0.0371473133563995,0.0740866288542747,0.0337902158498764,0.068035140633583,0.0686601251363754,0.0332852751016616,0.0209562517702579,0.0247879773378372,0.0445924326777458,0.0380372703075408
0.015402989462018,0.0659494251012802,0.0102417739108204,0.0107448492199182,0.0815264210104942,0.061284240335226,0.0270548798143863,0.009335957467556,0.0071523152291774,0.0216556899249553,0.0371663756668567,0.0740112885832786,0.0337711200118064,0.0199377331882715,0.04652801156044,0.0332841426134109,0.0209072548896074,0.0247777942568063,0.0099628707394003,0.0895975530147552
0.0562372505664825,0.0667241960763931,0.01039201579988,0.0090879071503877,0.0468979366123676,0.0790416672825813,0.0273467749357223,0.0094250747933983,0.008626670576632,0.0462909340858459,0.0579866990447044,0.0747752115130424,0.0341577306389808,0.0197458732873201,0.0367326326668262,0.0564752370119094,0.0211609974503517,0.0249527115374803,0.0102574629709124,0.0278925187885761
0.0155849643051624,0.234851598739624,0.0102243535220623,0.0091756843030452,0.046949628740549,0.0616870336234569,0.0935210958123207,0.0094636995345354,0.0086438804864883,0.0462878048419952,0.0375310815870761,0.2377904206514358,0.033942200243473,0.0197972115129232,0.0366951338946819,0.0335194654762744,0.0772212445735931,0.024844815954566,0.0101932017132639,0.0281167142093181
0.1621035635471344,0.0638897791504859,0.0105856275185942,0.0110954539850354,0.0577276721596717,0.0899870470166206,0.0261177159845829,0.0091334749013185,0.0076996264979243,0.0777117684483528,0.1087394803762435,0.0710849687457084,0.0342492349445819,0.0211453009396791,0.0666112750768661,0.076344795525074,0.020408334210515,0.0247992761433124,0.0101368241012096,0.0359388887882232
0.0160557944327592,0.3006733655929565,0.0105778146535158,0.0111559126526117,0.0580962374806404,0.0622306615114212,0.1266161799430847,0.0091615943238139,0.0076744207181036,0.0777090936899185,0.0378598198294639,0.2987392842769623,0.0348784141242504,0.0212792214006185,0.0664932206273078,0.0337172858417034,0.0987748578190803,0.025623831897974,0.0101591600105166,0.0364664644002914
0.0160951912403106,0.0628715977072715,0.0461782738566398,0.0110101848840713,0.0580730028450489,0.0625625550746917,0.0255531053990125,0.00308030215092,0.0077899848110973,0.0783983841538429,0.0375211164355278,0.0700169950723648,0.045777577906847,0.0212350618094205,0.0671055540442466,0.0335264764726161,0.0200267639011144,0.040657453238964,0.0102924266830086,0.0361542999744415
0.0161267165094614,0.0627373903989791,0.0107195926830172,0.0110053196549415,0.0782248601317405,0.0624894239008426,0.0255485158413648,0.0091467574238777,0.0077974018640816,0.0216025728732347,0.0374153517186641,0.0699218660593032,0.0351029969751834,0.0212306920439004,0.0460927449166774,0.0334463827311992,0.019978541880846,0.0258205998688936,0.0103043587878346,0.0875227451324462
0.062672421336174,0.0635156109929084,0.0109245236963033,0.0090232528746128,0.0418295785784721,0.083096295595169,0.025789426639676,0.0092626456171274,0.009659145027399,0.0402621105313301,0.0610525459051132,0.0706941112875938,0.0354861132800579,0.0209709350019693,0.0315694920718669,0.0596494004130363,0.0202431939542293,0.0260181631892919,0.0106093669310212,0.0247516315430402
0.0161304119974374,0.2531853318214416,0.0106938323006033,0.0091111389920115,0.0418909937143325,0.0628024935722351,0.1007196307182312,0.0092491023242473,0.0096735376864671,0.0402117371559143,0.0378933548927307,0.254731684923172,0.0352314598858356,0.0210267920047044,0.0314949378371238,0.0337235108017921,0.0835077092051506,0.0258837733417749,0.010529326274991,0.0249903295189142
0.0158046316355466,0.3036948442459106,0.0106674274429678,0.0108980676159262,0.0614489801228046,0.0616095773875713,0.1278948932886123,0.0101421931758522,0.006895946804434,0.0794501230120658,0.0373841822147369,0.3019688129425049,0.0356196723878383,0.0196896959096193,0.0675355792045593,0.0332459397614002,0.0997407287359237,0.0260393600910902,0.009595226496458,0.0382710583508014
0.0159477554261684,0.0639218762516975,0.0463928915560245,0.0107643930241465,0.0614052414894104,0.0618639066815376,0.0260716043412685,0.0028495516162365,0.0069915517233312,0.0802097097039222,0.0370281226933002,0.0714262276887893,0.0452941618859767,0.0196476615965366,0.0682128220796585,0.0330542735755443,0.0203240793198347,0.0403477177023887,0.0097180809825658,0.0379267409443855
0.0159081686288118,0.0639088600873947,0.0108260475099086,0.0347116068005561,0.0614355951547622,0.0618983842432498,0.0260696485638618,0.0101383877918124,0.0593243837356567,0.0802044346928596,0.0370185784995555,0.0714044943451881,0.0358760841190815,0.0677323713898658,0.0681939423084259,0.0330845713615417,0.0203148629516363,0.026264052838087,0.0442999526858329,0.0378883779048919
0.0158878248184919,0.0638471990823745,0.0108228707686066,0.0107359215617179,0.0815244987607002,0.0619284398853778,0.0260795298963785,0.0101348171010613,0.007000692654401,0.0210150144994258,0.036986943334341,0.0713914409279823,0.0358626544475555,0.0196421332657337,0.0459270849823951,0.0330507643520832,0.0202962085604667,0.02624879963696,0.0097128106281161,0.0894694030284881
0.0557508282363414,0.064551867544651,0.010995321907103,0.0089510222896933,0.0470987856388092,0.0792794004082679,0.0263148210942745,0.010253463871777,0.0083885639905929,0.0464382693171501,0.0579591169953346,0.0721028745174408,0.0362707003951072,0.0194091647863388,0.0366690382361412,0.0564297661185264,0.0205242540687322,0.0264702215790748,0.0100102573633193,0.0278641302138566
0.0160562340170145,0.2336769104003906,0.0108094532042741,0.0090280044823884,0.0471587255597114,0.0622882321476936,0.0929925441741943,0.0102520734071731,0.0083854394033551,0.0464291796088218,0.0374361686408519,0.2361727505922317,0.0360345356166362,0.0194643903523683,0.0366180799901485,0.0333576723933219,0.0768848955631256,0.0263376124203205,0.009924741461873,0.028113517910242
0.1629901677370071,0.0619954615831375,0.0104051688686013,0.0103948609903454,0.060260135680437,0.0906880870461463,0.0256398506462574,0.0087846182286739,0.0078329779207706,0.0810140669345855,0.1092851310968399,0.069692313671112,0.033520970493555,0.0205967370420694,0.0697869881987571,0.0769584774971008,0.0196781288832426,0.0243021361529827,0.0102068707346916,0.0378007069230079
0.0158294104039669,0.2987522184848785,0.0103749781847,0.0104639763012528,0.060673426836729,0.0626181736588478,0.1259194016456604,0.0088284583762288,0.0078497491776943,0.0810224115848541,0.0385241545736789,0.2971465289592743,0.0341560766100883,0.0207041203975677,0.0696761831641197,0.0343853011727333,0.0980507507920265,0.0251308437436819,0.0102456705644726,0.0383920110762119
0.0158060472458601,0.0610680244863033,0.0460265502333641,0.0103322379291057,0.0606320761144161,0.0628300681710243,0.0251531135290861,0.0032121192198246,0.0079166935756802,0.0817405804991722,0.0381209589540958,0.0686811655759811,0.0463916100561618,0.0206605400890111,0.0703362599015235,0.0341365374624729,0.0193175747990608,0.0410649664700031,0.0103556327521801,0.038035724312067
0.0159172806888818,0.0611019544303417,0.0105313444510102,0.0342623330652713,0.0606714896857738,0.0630756914615631,0.0251723453402519,0.0087923854589462,0.0615565963089466,0.0817606821656227,0.0381471589207649,0.0687333419919014,0.0343699268996715,0.0687770843505859,0.070323921740055,0.0341793484985828,0.0193448401987552,0.0253167822957038,0.045025561004877,0.0380015149712562
0.0571318827569484,0.0616531111299991,0.0106871332973241,0.009044038131833,0.0450923927128315,0.0807314738631248,0.0253619253635406,0.0088875358924269,0.0094915470108389,0.0448126792907714,0.0591054707765579,0.0693448111414909,0.0346999391913414,0.0205441452562809,0.0360071845352649,0.057582963258028,0.019514912739396,0.0254826508462429,0.0106281917542219,0.0271108169108629
0.015883894637227,0.2312374264001846,0.0105234449729323,0.0091328714042902,0.0451760403811931,0.0633390694856643,0.0920791774988174,0.0089048752561211,0.0095185497775673,0.0447982586920261,0.0385547094047069,0.2338263839483261,0.034538634121418,0.0206150170415639,0.0359608642756938,0.03444704413414,0.07602459192276,0.025427121669054,0.0105833271518349,0.0273954644799232
0.1615269482135772,0.0572499819099903,0.0110395364463329,0.0099722743034362,0.0579121559858322,0.0895702391862869,0.0237537752836942,0.0087234927341341,0.0086330864578485,0.0812165588140487,0.1112594977021217,0.064539149403572,0.0352817960083484,0.0210651587694883,0.0706223174929618,0.0785010233521461,0.0181131176650524,0.0256611686199903,0.010467030107975,0.0368266999721527
0.0169555507600307,0.2936427593231201,0.0110204452648758,0.0100198313593864,0.0583178102970123,0.0664206594228744,0.1238505318760871,0.0087524997070431,0.0086411144584417,0.0812167376279831,0.0403918996453285,0.2917559146881103,0.0359221957623958,0.0211577881127595,0.0705106183886528,0.0359900817275047,0.0963781848549842,0.0265318900346755,0.0104819750413298,0.0374423116445541
0.0171144474297761,0.0564226359128952,0.046407051384449,0.00990548171103,0.0582504607737064,0.0667042657732963,0.0232873708009719,0.003249566303566,0.0087023079395294,0.0819675922393798,0.0399803668260574,0.0636340305209159,0.0446952544152736,0.0211176835000515,0.0711656957864761,0.0356968939304351,0.0178304519504308,0.0397121384739875,0.0105906641110777,0.0370270870625972
0.0170189291238784,0.0564962439239025,0.0111948512494564,0.0338050685822963,0.0582778081297874,0.0666104704141616,0.0233499631285667,0.0087271872907876,0.0628952085971832,0.0819727554917335,0.0399979054927825,0.0636925026774406,0.0361430160701274,0.0692468136548996,0.0711729750037193,0.0356910303235054,0.0178403425961732,0.026713041588664,0.04528833553195,0.036999125033617
0.0171359367668628,0.0564267113804817,0.0111764855682849,0.009899471886456,0.0783673077821731,0.0666810572147369,0.0233626924455165,0.008707677014172,0.008708574809134,0.0260769501328468,0.0399092212319374,0.0637182891368866,0.0361132360994815,0.021111212670803,0.050283595919609,0.0356692411005497,0.0178392082452774,0.0267109610140323,0.0105775343254208,0.0881166979670524
0.0171093214303255,0.2159391045570373,0.0111831380054354,0.0090781636536121,0.0431095547974109,0.0671548694372177,0.0860155820846557,0.0088394181802868,0.0100687863305211,0.0453821755945682,0.0404693149030208,0.2185497283935547,0.0363188125193119,0.0211443696171045,0.0373863205313682,0.0360453575849533,0.0709158629179,0.0268209334462881,0.0107617676258087,0.0265258848667144
0.1612927764654159,0.0640055015683174,0.0107222534716129,0.0111520262435078,0.0578575395047664,0.0890927091240882,0.0261751282960176,0.0092450967058539,0.0074924482032656,0.0775235146284103,0.10916218906641,0.0712463557720184,0.0347134247422218,0.0208603534847497,0.0664136633276939,0.0766194686293602,0.0204149857163429,0.0251356549561023,0.0100564807653427,0.0360104255378246
0.0165792591869831,0.3006875813007355,0.0107140038162469,0.0112163331359624,0.0582016594707965,0.0635525435209274,0.126624047756195,0.0092928064987063,0.0074809836223721,0.0774016231298446,0.038254015147686,0.2988173961639404,0.0353397242724895,0.0209707617759704,0.0662019699811935,0.033982079476118,0.0987759009003639,0.0259544197469949,0.0100643336772918,0.0365099161863327
0.016814948990941,0.0629629790782928,0.0462849661707878,0.0110567240044474,0.0581569224596023,0.0637098848819732,0.0256066285073757,0.0030326610431075,0.0075921211391687,0.0780338123440742,0.0379074588418006,0.0701806917786598,0.0453560948371887,0.0209316946566104,0.0667757540941238,0.033774048089981,0.0200420226901769,0.0402996651828289,0.0101972157135605,0.0361949242651462
0.0168240070343017,0.0629280656576156,0.0108760790899395,0.0110442508012056,0.0783112645149231,0.0638209730386734,0.0256296396255493,0.0092675872147083,0.0075994045473635,0.0213067792356014,0.0378062389791011,0.0702084526419639,0.0355498120188713,0.0209172777831554,0.0458811670541763,0.0337122566998004,0.0200374107807874,0.0261481944471597,0.0101990783587098,0.0876421928405761
0.061786949634552,0.0635469406843185,0.0110457455739378,0.0090240966528654,0.0420329235494136,0.0837347358465194,0.0258259940892457,0.0093764010816812,0.0094252442941069,0.0401132740080356,0.0613580644130706,0.0708057209849357,0.035925380885601,0.0206550154834985,0.0313843823969364,0.0598910301923751,0.0202267579734325,0.0263431929051876,0.010515859350562,0.0249066762626171
0.0168605409562587,0.2535370588302612,0.0108466325327754,0.0091345151886343,0.0420628562569618,0.0641244873404502,0.1008917167782783,0.0093563087284564,0.0094227017834782,0.0400859005749225,0.0382441543042659,0.2551304996013641,0.0356746315956115,0.0207152646034955,0.0313247740268707,0.033965665847063,0.0836250558495521,0.0262058340013027,0.0104431984946131,0.0251194350421428
0.1671278625726699,0.0815328955650329,0.0074276733212172,0.0139167243614792,0.0594901628792285,0.0938568636775016,0.0331641510128974,0.0081512900069355,0.0085368091240525,0.0697023048996925,0.1059238761663436,0.0901858285069465,0.0247483234852552,0.0205141920596361,0.0576094798743724,0.0742793902754783,0.0261607524007558,0.0175999943166971,0.0097190039232373,0.0357680320739746
0.0134021984413266,0.0801192969083786,0.0442143976688385,0.0137935932725667,0.0598678104579448,0.0550946779549121,0.0324686504900455,0.0035222426522523,0.0085009951144456,0.0702643692493438,0.0346737541258335,0.088893637061119,0.0546451732516288,0.0206495709717273,0.0580265708267688,0.0313525311648845,0.0256172511726617,0.0475721359252929,0.0098882224410772,0.0359662026166915
0.0133404470980167,0.0797729343175888,0.0075648631900548,0.0377494357526302,0.0599003173410892,0.0551372244954109,0.0323136523365974,0.0081745982170104,0.0545179061591625,0.070265993475914,0.0345705151557922,0.0885785520076751,0.0256145820021629,0.0686039254069328,0.0580073148012161,0.0312765911221504,0.0255008544772863,0.0186361223459243,0.043379720300436,0.0359484478831291
0.0132256597280502,0.0796773210167884,0.007560662459582,0.0137710990384221,0.0801788046956062,0.0550825558602809,0.0322907380759716,0.0081682251766324,0.0085095707327127,0.012479399330914,0.0345940962433815,0.0885141864418983,0.0256132036447525,0.0206563267856836,0.0378392711281776,0.0312887839972972,0.025451686233282,0.0186071675270795,0.0099085951223969,0.0885343849658966
0.0626700669527053,0.0802743062376976,0.0076577505096793,0.0101017197594046,0.0483351424336433,0.0765427649021148,0.0324617438018322,0.0082484809681773,0.007629700936377,0.0440641976892948,0.0567244254052639,0.08911594748497,0.0257732365280389,0.0199826918542385,0.0331197045743465,0.0556786432862281,0.0256520174443721,0.0186301302164793,0.0101999389007687,0.0280714333057403
0.0134204169735312,0.2598241865634918,0.0075012794695794,0.0101949553936719,0.0483445115387439,0.0551514513790607,0.1033481881022453,0.0082325609400868,0.0076322830282151,0.0440153740346431,0.0349414125084877,0.262931615114212,0.0256037041544914,0.020046442747116,0.0330327562987804,0.0314289703965187,0.0855926945805549,0.0185580998659133,0.0101120509207248,0.0282043032348155
0.16290844976902,0.0655565857887268,0.010109182447195,0.0113034350797533,0.0586097724735736,0.0901329740881919,0.026810361072421,0.0089781517162919,0.0074716196395456,0.0774501636624336,0.1087308451533317,0.0730440616607666,0.0328334383666515,0.0208973307162523,0.0661712288856506,0.0763060227036476,0.0209252685308456,0.0237242896109819,0.0100825680419802,0.0363572351634502
0.0157398730516433,0.3023184537887573,0.010117401368916,0.0113523388281464,0.0589613951742649,0.0616627037525177,0.1273119300603866,0.009022562764585,0.0074694640934467,0.0774433985352516,0.0377655178308486,0.3006000816822052,0.033505767583847,0.0210109408944845,0.0660688802599906,0.0336862727999687,0.0992933213710784,0.0245825368911027,0.0100899552926421,0.0368583425879478
0.0157847218215465,0.0643922537565231,0.0458907596766948,0.0112076662480831,0.05894710496068,0.0619863271713256,0.0262224338948726,0.0031344541348516,0.00755080813542,0.0781338810920715,0.0373772606253623,0.0718467980623245,0.0470567718148231,0.0209675449877977,0.0666809305548667,0.0334557369351387,0.0204982832074165,0.0416444018483161,0.0102285435423254,0.0365635156631469
0.015849832445383,0.0644139349460601,0.010267861187458,0.0111810695379972,0.0791059136390686,0.0619843788444995,0.0262645538896322,0.0090036112815141,0.0075649488717317,0.0207508821040391,0.0373533852398395,0.0719329714775085,0.0337241850793361,0.020974913612008,0.0454945899546146,0.03342105448246,0.0204914137721061,0.0247790440917015,0.0102437585592269,0.0880747139453888
0.0615781433880329,0.0650766789913177,0.010439726524055,0.0091528091579675,0.0434358306229114,0.0819341838359832,0.0264710262417793,0.0091140652075409,0.0093066664412617,0.0416939556598663,0.0602191351354122,0.0725624114274978,0.0340768210589885,0.0207083355635404,0.0326657146215438,0.058829341083765,0.0207050200551748,0.0249505136162042,0.0105385920032858,0.025705449283123
0.0158702507615089,0.2497846335172653,0.0102415326982736,0.0092478413134813,0.0434632524847984,0.0624133571982383,0.0994173511862754,0.0091097606346011,0.0092943748459219,0.0416656509041786,0.0378219000995159,0.2517311871051788,0.0338481254875659,0.0207533780485391,0.0325789228081703,0.0337190814316272,0.0823496878147125,0.0248344577848911,0.0104585569351911,0.0259272698312997
0.1625428795814514,0.065653271973133,0.0098577076569199,0.0109993936493992,0.0589359961450099,0.0900984928011894,0.0268179588019847,0.0087588839232921,0.0073395953513681,0.078260064125061,0.11003228276968,0.0730602964758873,0.0319678522646427,0.0204631928354501,0.0669070333242416,0.0774962976574897,0.020966874435544,0.0230963509529829,0.0098888603970408,0.0365934446454048
0.016334218904376,0.3024753630161285,0.0098432721570134,0.0110593903809785,0.0593261197209358,0.0640622675418853,0.1273441314697265,0.0087915416806936,0.0073240394704043,0.0783032551407814,0.0391638278961181,0.3007107377052307,0.0326176732778549,0.0205731764435768,0.0668309777975082,0.0349380001425743,0.099355399608612,0.023943293839693,0.0098880026489496,0.0371306985616683
0.0163742378354072,0.064533531665802,0.0457208007574081,0.0109084723517298,0.0592861101031303,0.0642278864979744,0.026251396164298,0.0032239439897239,0.0074131456203758,0.0789899304509162,0.0387676246464252,0.0719576254487037,0.0478316135704517,0.020555717870593,0.0674540102481842,0.0346916243433952,0.020560335367918,0.0422365665435791,0.0100321182981133,0.0368067622184753
0.0164454579353332,0.0644898787140846,0.0099930446594953,0.010901290923357,0.0794281661510467,0.0642593130469322,0.0262791793793439,0.0087790582329034,0.0074003646150231,0.021332224830985,0.0387000516057014,0.0719613432884216,0.032815609127283,0.0205394085496664,0.0459974929690361,0.034638300538063,0.0205154046416282,0.0241195689886808,0.0100285550579428,0.0882490277290344
0.0610214211046695,0.0652334839105606,0.0101564601063728,0.0089591443538665,0.0437123849987983,0.0836846530437469,0.0265631936490535,0.0088640768080949,0.0091261733323335,0.0423135235905647,0.061392355710268,0.0726764872670173,0.0331783853471279,0.0202899426221847,0.03325155377388,0.0598812438547611,0.0207649189978837,0.0242987293750047,0.0103412177413702,0.0258875619620084
0.0164836682379245,0.2483752071857452,0.0099788308143615,0.0090796248987317,0.0437471494078636,0.0645853728055954,0.0988335087895393,0.0088753998279571,0.0091365845873951,0.042295154184103,0.0391648709774017,0.2503481805324554,0.0329446569085121,0.0203574895858764,0.0331796817481517,0.0349025428295135,0.0818560048937797,0.024197481572628,0.0102682635188102,0.0260943342000246
0.1741032153367996,0.0789572522044181,0.0056699803099036,0.0129146995022892,0.0633376091718673,0.0993674769997596,0.0328168496489524,0.0055711530148983,0.0072490712627768,0.0736726373434066,0.1065825596451759,0.089108757674694,0.0185672715306282,0.0213348139077425,0.0623997822403907,0.0754537284374237,0.0250307377427816,0.0133170820772647,0.0108093293383717,0.0394324027001857
0.0150344129651784,0.3162091970443725,0.0057609253562986,0.012974982149899,0.0637873336672782,0.0519156903028488,0.1329979300498962,0.0055459234863519,0.0072012892924249,0.073763184249401,0.0354493334889411,0.3162938952445984,0.0192992519587278,0.0214585047215223,0.0623459666967392,0.032460581511259,0.1035718023777008,0.0141692273318767,0.0108566749840974,0.0398909412324428
0.0141121670603752,0.0773655995726585,0.0429400391876697,0.0128305424004793,0.0638011321425437,0.0520644932985305,0.0320680700242519,0.0055251996964216,0.0072660562582314,0.0744681730866432,0.0352088510990142,0.0876603946089744,0.0602739080786705,0.0214381739497184,0.0629847273230552,0.0323397479951381,0.0244185086339712,0.0516812726855278,0.0109863299876451,0.0396875664591789
0.0138848088681697,0.0773831754922866,0.0058683208189904,0.036795187741518,0.0638066083192825,0.0518727637827396,0.0321297235786914,0.0055562746711075,0.0584252178668975,0.0744337886571884,0.0351043455302715,0.0876786038279533,0.0194766893982887,0.0694666355848312,0.0629363656044006,0.0322638526558876,0.0244198944419622,0.0143602928146719,0.0451459363102912,0.0396331436932086
0.0138970939442515,0.0773083940148353,0.0058671231381595,0.0127956392243504,0.084069550037384,0.0519548282027244,0.0320926457643508,0.0055376547388732,0.0072396472096443,0.0162156969308853,0.0351373553276062,0.0876364633440971,0.0194444116204977,0.0214412547647953,0.0428491085767746,0.0322899371385574,0.0243816561996936,0.0143353538587689,0.010974914766848,0.0923580527305603
0.0830829292535781,0.0779113247990608,0.0060053849592804,0.0099282013252377,0.0465338416397571,0.0844839513301849,0.0322977341711521,0.0056038298644125,0.0094007039442658,0.0357525721192359,0.0626672208309173,0.0882483348250389,0.0195333193987607,0.020938204601407,0.0258424114435911,0.0620968788862228,0.0245856661349535,0.0142607139423489,0.0113836489617824,0.0283856466412544
0.1621753424406051,0.0587983056902885,0.0107413083314895,0.0100291483104228,0.0582233779132366,0.0898832529783248,0.0244152080267667,0.008491032756865,0.0086040142923593,0.0810047164559364,0.1109957993030548,0.0663715451955795,0.0343493409454822,0.0210525523871183,0.0704536437988281,0.0783609971404075,0.0186074674129486,0.0249854605644941,0.0105120781809091,0.0370565056800842
0.0167823489755392,0.2954668402671814,0.0107417255640029,0.0100807221606373,0.0586249493062496,0.065762773156166,0.124618299305439,0.0085427155718207,0.00863653793931,0.0810835212469101,0.0401804260909557,0.2937703728675842,0.0350111238658428,0.0211576670408248,0.0704028159379959,0.0358399003744125,0.0969853848218917,0.0258627850562334,0.010563869960606,0.037657257169485
0.0168104395270347,0.0580579303205013,0.0462020114064216,0.0099791167303919,0.058601688593626,0.0658985823392868,0.0240034647285938,0.0033627613447606,0.0086739268153905,0.0818694978952407,0.039796695113182,0.0655653551220893,0.0455055423080921,0.0211073998361825,0.0711175501346588,0.0355536378920078,0.0183291193097829,0.0403442792594432,0.0106617612764239,0.037304800003767
0.0167747773230075,0.0581344179809093,0.0108948005363345,0.033858124166727,0.0586006194353103,0.065903253853321,0.0240361001342535,0.0084998328238725,0.0628853291273117,0.081837311387062,0.0397099405527114,0.0656031668186187,0.0352150537073612,0.0692273005843162,0.0710838958621025,0.0355059392750263,0.01836415566504,0.0260348804295063,0.045376107096672,0.0372474156320095
0.0168504659086465,0.0580526739358902,0.0108934743329882,0.0099578145891428,0.0787442177534103,0.0659079775214195,0.0240404680371284,0.0084829051047563,0.0086736800149083,0.0260035134851932,0.039740152657032,0.0656328648328781,0.0351935774087905,0.0211094338446855,0.0503329187631607,0.0355185829102993,0.0183198060840368,0.0260411128401756,0.0106487926095724,0.0884784907102584
0.0168763697147369,0.2176308780908584,0.0108890254050493,0.0091612162068486,0.0434163175523281,0.0663590207695961,0.0866857171058654,0.0086077181622385,0.0100349066779017,0.0452495329082012,0.0402084216475486,0.22044238448143,0.0354024954140186,0.0211440306156873,0.0372902117669582,0.0358806923031806,0.0714425668120384,0.0261493790894746,0.010829783976078,0.0267943404614925
0.1686582565307617,0.0808518826961517,0.0071197184734046,0.0138068264350295,0.0603002719581127,0.0948754251003265,0.0329266972839832,0.007894136942923,0.0083112847059965,0.0705115124583244,0.1059833616018295,0.0896006077527999,0.0237112790346145,0.0206689592450857,0.0583864860236644,0.0744157209992408,0.0259052813053131,0.0168776884675025,0.0098317274823784,0.0363713875412941
0.0130802756175398,0.0791365206241607,0.0439925678074359,0.0136713972315192,0.0606663562357425,0.0541418902575969,0.0320613868534565,0.0037202867679297,0.0082982871681451,0.071048654615879,0.034567903727293,0.0880053490400314,0.0555736757814884,0.0207756720483303,0.0587584860622882,0.0313214883208274,0.0252774152904748,0.0482769086956977,0.0099996598437428,0.0365703739225864
0.0130248684436082,0.0791231840848922,0.0072665968909859,0.0376363433897495,0.0606959909200668,0.054022841155529,0.032101709395647,0.0078698769211769,0.0549508705735206,0.0709882900118827,0.0344436280429363,0.0879755690693855,0.0246108267456293,0.06873419880867,0.058704886585474,0.031230142340064,0.0252546239644289,0.0178881473839283,0.0435445234179496,0.0365428812801837
0.0130457505583763,0.0791093036532402,0.0072646467015147,0.0136499367654323,0.080959215760231,0.0541208237409591,0.0321132093667984,0.007875595241785,0.0082826595753431,0.0126389879733324,0.0344321019947528,0.0880126357078552,0.0246055759489536,0.0207903832197189,0.0383046753704547,0.0312361121177673,0.0252531077712774,0.0178872849792242,0.0100118480622768,0.089128278195858
0.0661437064409256,0.07977344840765,0.0073538585565984,0.009985783137381,0.0484198182821273,0.0774169415235519,0.0323269478976726,0.0079307062551379,0.0078696496784687,0.0432993099093437,0.0574562735855579,0.0887069255113601,0.0247387010604143,0.0201262664049863,0.0323431976139545,0.056532721966505,0.0254581421613693,0.0178849231451749,0.0103329569101333,0.0282266326248645
0.0131231257691979,0.2656869292259216,0.0071886540390551,0.0100985476747155,0.0484121479094028,0.0540972910821437,0.1057103797793388,0.0079307230189442,0.0078708622604608,0.0432328507304191,0.0348353162407875,0.2686591446399688,0.0245669372379779,0.0201829560101032,0.0322587303817272,0.0314359590411186,0.0875513330101966,0.0178025756031274,0.0102457962930202,0.028346162289381
0.1622443050146103,0.0581912919878959,0.0108399949967861,0.010037531144917,0.057802889496088,0.0899195000529289,0.024196084588766,0.0085504045709967,0.0087765026837587,0.0812311097979545,0.1110457405447959,0.0657271146774292,0.0346876382827758,0.0212435014545917,0.0707087144255638,0.0783348232507705,0.0184023007750511,0.025249371305108,0.0106124002486467,0.0368228554725647
0.0168110430240631,0.2946433126926422,0.0108422096818685,0.010081679560244,0.0581991821527481,0.0656949579715728,0.1243200153112411,0.0085864569991827,0.0087965410202741,0.0812418088316917,0.0400521717965602,0.292984127998352,0.0353341996669769,0.0213403161615133,0.0706191509962081,0.0356878712773323,0.096699334681034,0.0261054281145334,0.0106429997831583,0.0374546833336353
0.0168608874082565,0.0573999918997287,0.0462809465825557,0.0099809374660253,0.0581560507416725,0.0659429430961608,0.0237657409161329,0.0033444634173065,0.0088435988873243,0.0819966048002243,0.039699513465166,0.0648881271481514,0.0452094040811061,0.0212981179356575,0.0712830796837806,0.0354716964066028,0.0181098449975252,0.0400922857224941,0.0107560437172651,0.0370681434869766
0.0167994145303964,0.0573794580996036,0.0110123576596379,0.0338559001684188,0.0581823103129863,0.065897449851036,0.0237764120101928,0.008548111654818,0.0630963519215583,0.0819803699851036,0.0396227836608886,0.0648487582802772,0.0355647578835487,0.0694142878055572,0.0712612122297287,0.0354225225746631,0.0181103274226188,0.0262867249548435,0.0454270765185356,0.0370160937309265
0.016874136403203,0.0573657192289829,0.0110088810324668,0.0099640619009733,0.0782945305109024,0.0659869015216827,0.0237969607114791,0.0085526909679174,0.0088562173768877,0.0263341180980205,0.0396846383810043,0.0649235546588897,0.0355239547789096,0.0212977323681116,0.0505476407706737,0.0354747921228408,0.0180964078754186,0.0262820906937122,0.0107399737462401,0.0881793648004531
0.0168691501021385,0.2136441022157669,0.0110041508451104,0.0091985184699296,0.0432189665734767,0.0663402080535888,0.0851292759180069,0.0086482083424925,0.0101659055799245,0.0458423644304275,0.0401436984539032,0.2165310829877853,0.0357301123440265,0.0213472638279199,0.0379201397299766,0.035788420587778,0.0700959935784339,0.0264033339917659,0.0109193697571754,0.0267025250941514
0.1713777482509613,0.0794745311141014,0.0060616610571742,0.0141369374468922,0.0601997263729572,0.0972186625003814,0.0325893424451351,0.006997684482485,0.0081691890954971,0.0701063498854637,0.1057824492454528,0.0886096209287643,0.0203867200762033,0.0218648556619882,0.0583890937268734,0.0744688883423805,0.0253964364528656,0.0144391153007745,0.0105529027059674,0.0366459302604198
0.0132114980369806,0.0777668505907058,0.0433052815496921,0.0139927053824067,0.0605606250464916,0.0522436574101448,0.031774777919054,0.0043332409113645,0.0081752697005867,0.0706291645765304,0.0343346372246742,0.0869975388050079,0.0587277598679065,0.0219639297574758,0.0587624348700046,0.0313280783593654,0.0247330460697412,0.0506443791091442,0.0107453037053346,0.0368073806166648
0.012921068817377,0.0778505206108093,0.0062157954089343,0.0379786044359207,0.0606138668954372,0.0521130189299583,0.0318280719220638,0.0069627300836145,0.0559999495744705,0.070594921708107,0.0342390239238739,0.0871284082531929,0.0212306156754493,0.0699462592601776,0.0587073974311351,0.0312555469572544,0.0247730780392885,0.0154358660802245,0.0441943146288394,0.0367845296859741
0.0129377376288175,0.0777581632137298,0.0062183667905628,0.0139751741662621,0.0809124186635017,0.0522813871502876,0.0317964814603328,0.006985159125179,0.0081611787900328,0.0133336931467056,0.0342576578259468,0.0870570912957191,0.021230399608612,0.0220003444701433,0.0390107408165931,0.0313025191426277,0.0247182864695787,0.0154433529824018,0.010756367817521,0.0894767045974731
0.0704915225505828,0.0782828330993652,0.0063209114596247,0.0104418434202671,0.047537263482809,0.0779636278748512,0.0319626294076442,0.0070239300839602,0.0086007006466388,0.0412124171853065,0.0579988285899162,0.0876004919409751,0.0212889276444911,0.0213227961212396,0.0307043623179197,0.0572324693202972,0.024889837950468,0.015373975969851,0.0110990777611732,0.0280304662883281
0.0130124622955918,0.2692990005016327,0.0061639840714633,0.0105464048683643,0.0475622676312923,0.0521019324660301,0.1072254553437233,0.0070337392389774,0.008629853837192,0.0411679483950138,0.0345449596643447,0.2724291086196899,0.0211768522858619,0.0213828813284635,0.030613912269473,0.0313517935574054,0.0886795297265052,0.0153529206290841,0.0110208494588732,0.028164317831397
0.1684662252664566,0.0815793275833129,0.0073819067329168,0.0137310931459069,0.06004424020648,0.0947356522083282,0.0332450792193412,0.0079036820679903,0.0081515181809663,0.0702042579650878,0.1057037860155105,0.0904409140348434,0.0244700256735086,0.0206742696464061,0.0582715198397636,0.0741926431655883,0.0261292848736047,0.0174695365130901,0.009898885153234,0.0363888405263423
0.0130854668095707,0.0800543501973152,0.0441615842282772,0.0136086354032158,0.060421846807003,0.0539398305118083,0.032543271780014,0.0037087448872625,0.0081675080582499,0.070815771818161,0.0343370512127876,0.0891163796186447,0.0548786632716655,0.020791970193386,0.0587334148585796,0.0311054177582263,0.0255575012415647,0.0477376990020275,0.0100545054301619,0.0365527011454105
0.0130222989246249,0.079716145992279,0.0075034527108073,0.0375637374818325,0.0604355074465274,0.0540887340903282,0.0323933996260166,0.0078576980158686,0.0551502555608749,0.0707873851060867,0.0343073867261409,0.0887257307767868,0.0253209024667739,0.0687325447797775,0.0587111711502075,0.0311095174401998,0.0254326276481151,0.0184561889618635,0.0436216257512569,0.0365185514092445
0.013022169470787,0.0796888396143913,0.00750592071563,0.013577239587903,0.0807195156812667,0.0539673864841461,0.0323909595608711,0.0078577082604169,0.0081387152895331,0.0130922626703977,0.0342671014368534,0.0887605622410774,0.0253243762999773,0.0207955297082662,0.0386918671429157,0.0310142952948808,0.0254247039556503,0.0184568166732788,0.0100556360557675,0.0891504287719726
0.0660972595214843,0.0803297534584999,0.007637080270797,0.0099919307976961,0.0479379519820213,0.0775554552674293,0.0326087474822998,0.0079343914985656,0.0079039949923753,0.0425188168883323,0.0574136637151241,0.08941600471735,0.0254802107810974,0.0201616249978542,0.0318007990717887,0.0565680302679538,0.0256330892443656,0.0184582043439149,0.010379385203123,0.0280744601041078
0.0130039975047111,0.2675676941871643,0.0074445945210754,0.0101076243445277,0.0479535572230815,0.0539973378181457,0.1064695864915847,0.0079344613477587,0.0079309521242976,0.0424956493079662,0.0345997363328933,0.270624577999115,0.0253095310181379,0.0202106609940528,0.0317191071808338,0.0311827603727579,0.0881742537021637,0.0183862205594778,0.0103123318403959,0.0282051190733909
0.1630323827266693,0.0612006373703479,0.0102381743490695,0.0104776108637452,0.0585406683385372,0.0903878808021545,0.02535598911345,0.0085086859762668,0.0081159295514225,0.0798837840557098,0.1105749830603599,0.0689136311411857,0.032971303910017,0.0210312493145465,0.0691655203700065,0.0779926031827926,0.0193962045013904,0.0239109098911285,0.0104557927697896,0.0370179563760757
0.0162508934736251,0.2976665496826172,0.0102382004261016,0.0105352196842432,0.0589274726808071,0.064468540251255,0.1254786700010299,0.0085572674870491,0.0081518609076738,0.0799219757318496,0.0396870970726013,0.2961546778678894,0.0336201712489128,0.0211093127727508,0.0690805688500404,0.0354319475591182,0.0976929888129234,0.0247665513306856,0.0104942834004759,0.0375930033624172
0.0163749549537897,0.0602281205356121,0.045927744358778,0.0104148434475064,0.0588899850845336,0.0646778345108032,0.024858221411705,0.003327842336148,0.0081885932013392,0.0806730687618255,0.0393021143972873,0.0679438337683677,0.0468054786324501,0.0210784319788217,0.0697367638349533,0.0351794138550758,0.0190383028239011,0.0413785204291343,0.0105933966115117,0.0372307673096656
0.0163726862519979,0.0602187700569629,0.0104009499773383,0.0343173667788505,0.0589248798787593,0.0647953301668167,0.0248672682791948,0.0085151437669992,0.0619361698627471,0.0806504860520362,0.0392766520380973,0.067898005247116,0.033837504684925,0.0691693425178527,0.0697195082902908,0.0351686663925647,0.0190303567796945,0.0249494891613721,0.0451651401817798,0.0372032858431339
0.0576691329479217,0.0607470199465751,0.0105390576645731,0.0091792475432157,0.0430118739604949,0.0826561972498893,0.0250588189810514,0.0086334710940718,0.0097707929089665,0.0427870489656925,0.0603951290249824,0.0684898048639297,0.0341615378856658,0.0209728255867958,0.0346447899937629,0.0587775632739067,0.0191983878612518,0.0251190047711133,0.0108573976904153,0.0260840840637683
0.0164324454963207,0.2317601442337036,0.0103738261386752,0.0092772049829363,0.0431013368070125,0.0652143359184265,0.0922936126589775,0.008645967580378,0.0097957234829664,0.0428146682679653,0.0397437550127506,0.2343508750200271,0.0339819900691509,0.0210415683686733,0.0346251465380191,0.0354757495224475,0.07618048787117,0.0250528547912836,0.0108079798519611,0.0263701118528842
0.1631013751029968,0.0625557154417038,0.0103976316750049,0.0104474853724241,0.0603084899485111,0.0903365463018417,0.0258557070046663,0.0086670201271772,0.0077778566628694,0.0805610194802284,0.1096400544047355,0.0703363046050071,0.0334791056811809,0.0205551013350486,0.0694696679711341,0.0771282166242599,0.0198521856218576,0.0242810137569904,0.0102448742836713,0.0379480347037315
0.0159671641886234,0.299100250005722,0.0103900823742151,0.0104993553832173,0.0606915205717086,0.0629025623202323,0.126050978899002,0.0087161464616656,0.0077990875579416,0.0805594399571418,0.0386228337883949,0.2975974082946777,0.0340897850692272,0.0206441655755043,0.0693676397204399,0.0344649963080883,0.0981707572937011,0.0251074880361557,0.0102821262553334,0.0384931825101375
0.0159806068986654,0.0615740232169628,0.0460344962775707,0.0103905769065022,0.0606660693883895,0.0633932128548622,0.0253376346081495,0.003281314857304,0.0078582493588328,0.0812996476888656,0.0382840149104595,0.0693642050027847,0.0463994927704334,0.0206052083522081,0.0700229257345199,0.0343177653849124,0.019491896033287,0.0410849638283252,0.0103867361322045,0.0381585285067558
0.0160163771361112,0.0615662038326263,0.010554289445281,0.0342821292579174,0.0606922581791877,0.0632559135556221,0.0253794882446527,0.0086682206019759,0.061496116220951,0.0812965482473373,0.0382419191300869,0.0693369507789611,0.034329280257225,0.0686865821480751,0.0700136125087738,0.0342404693365097,0.0194700751453638,0.0253053233027458,0.0450331233441829,0.0381444878876209
0.0576128289103508,0.0621297992765903,0.0107081523165106,0.0090783890336751,0.0449213273823261,0.0812077671289444,0.0255728401243686,0.0087779965251684,0.0094331428408622,0.0438790954649448,0.0594584569334983,0.0699111297726631,0.0346792116761207,0.0204748194664716,0.0352415069937706,0.0579061023890972,0.0196504574269056,0.0254833903163671,0.010655777528882,0.0271466057747602
0.0161652546375989,0.2334959208965301,0.0105232950299978,0.0091698309406638,0.0449962429702281,0.0636359602212905,0.0929713547229766,0.0087801311165094,0.0094427391886711,0.0438824146986007,0.0387208983302116,0.2361079305410385,0.0344684831798076,0.0205369219183921,0.0351877957582473,0.0345659293234348,0.0767915546894073,0.0253860875964164,0.0105959894135594,0.0274334736168384
0.1668459922075271,0.0793902575969696,0.007580969016999,0.0138304764404892,0.0601615197956562,0.0934145376086235,0.0322428941726684,0.008130868896842,0.0084399990737438,0.0707225799560546,0.1058486849069595,0.0877733379602432,0.0252054445445537,0.020673019811511,0.0584226436913013,0.0741399973630905,0.0254872441291809,0.0179717130959033,0.009767229668796,0.0361287556588649
0.0133919799700379,0.0776828303933143,0.0443116053938865,0.0136949876323342,0.0604970641434192,0.0550955273211002,0.0314064994454383,0.0035442947410047,0.0084473956376314,0.07127196341753,0.0345167890191078,0.0861619263887405,0.054220113903284,0.0207991991192102,0.0588356964290142,0.0311478972434997,0.0248493012040853,0.0472551397979259,0.0099301096051931,0.036321397870779
0.0134468777105212,0.077694222331047,0.0077088824473321,0.0376173667609691,0.0605502352118492,0.0551953315734863,0.0314203090965747,0.0081452019512653,0.0547279380261898,0.0712860226631164,0.0344128459692001,0.0861909091472625,0.0260720700025558,0.0687226876616478,0.0588124468922615,0.0311293769627809,0.0248446464538574,0.0189717169851064,0.0433501675724983,0.0362959429621696
0.0134045165032148,0.0775860100984573,0.0077191470190882,0.013672356493771,0.0807952135801315,0.0552207492291927,0.031384989619255,0.0081575196236372,0.008434516377747,0.0124338725581765,0.0343570336699485,0.0861343666911125,0.0260611567646265,0.0208189394325017,0.0380518250167369,0.0310946870595216,0.0247951466590166,0.0189621429890394,0.009929871186614,0.088829904794693
0.0644463896751403,0.0784160941839218,0.0078591248020529,0.0099430894479155,0.0484736338257789,0.0775973051786422,0.0316821560263633,0.008229793049395,0.0078772362321615,0.0439885966479778,0.0574565082788467,0.0869684889912605,0.0262707639485597,0.020143998786807,0.0328690819442272,0.0564180761575698,0.0250757690519094,0.0190372075885534,0.0102476021274924,0.0280783381313085
0.013377490453422,0.2637917995452881,0.0076600476168096,0.0100551275536417,0.0484912730753421,0.055148921906948,0.1048818156123161,0.008234336040914,0.0078668454661965,0.0439671464264392,0.0347978137433528,0.2665140330791473,0.0261042509227991,0.0202086865901947,0.0327922664582729,0.031248228624463,0.0869727209210395,0.0189582910388708,0.0101638035848736,0.02822245657444
0.161255657672882,0.0679927170276641,0.0102080963551998,0.011615190654993,0.0579010657966136,0.0890339761972427,0.027593795210123,0.0089617287740111,0.0073459446430206,0.0756070241332054,0.1089069992303848,0.0752822309732437,0.0330934338271617,0.0206321123987436,0.0642899125814437,0.0763603597879409,0.0218051187694072,0.023933557793498,0.0097894137725234,0.0357164107263088
0.0163706708699464,0.304844319820404,0.0101974122226238,0.0116821117699146,0.0582693293690681,0.0630474239587783,0.1282580643892288,0.0090006720274686,0.0072903302498161,0.075607806444168,0.0379913710057735,0.3030291497707367,0.0337531380355358,0.020750181749463,0.0641871839761734,0.0337885245680809,0.1002143025398254,0.0247913971543312,0.0097971949726343,0.0362079739570617
0.016590841114521,0.0668309703469276,0.0459525994956493,0.0115163791924715,0.0582656301558017,0.0634182542562484,0.0270112734287977,0.0031369891948997,0.0073966644704341,0.0762898400425911,0.0376918390393257,0.0740965530276298,0.0467876009643077,0.0207225419580936,0.0647879391908645,0.0336339510977268,0.0213550999760627,0.0414422713220119,0.0099598513916134,0.0359384529292583
0.0166858620941638,0.0668055340647697,0.0103672407567501,0.0115055032074451,0.0784820988774299,0.0632786080241203,0.0270253177732229,0.0089855343103408,0.0074138529598712,0.019218286499381,0.0376370102167129,0.0741307362914085,0.0339697711169719,0.0207266118377447,0.0439857877790927,0.0335633605718612,0.0213450919836759,0.0249819997698068,0.0099595608189702,0.0876482501626014
0.0613487139344215,0.0673651620745658,0.0105227772146463,0.0090561183169484,0.0431251041591167,0.0830376222729682,0.0271942093968391,0.0090854316949844,0.0089334575459361,0.0409624055027961,0.060889508575201,0.0746690705418586,0.0343060493469238,0.02034168317914,0.0317594297230243,0.059447955340147,0.02153005823493,0.0251332409679889,0.0102438377216458,0.0253752712160348
0.0165892504155635,0.2558388113975525,0.0103118456900119,0.0091682393103837,0.0431296341121196,0.0634731724858284,0.101717323064804,0.0090819988399744,0.0089375954121351,0.0409176051616668,0.0379933007061481,0.2574875652790069,0.0340483374893665,0.0203981976956129,0.0316682569682598,0.0337637402117252,0.0844239592552185,0.0250008553266525,0.0101606715470552,0.0255585461854934
0.1637135744094848,0.0643124058842659,0.0096963299438357,0.0108873043209314,0.0596445426344871,0.0909930244088172,0.0266285352408885,0.0081762038171291,0.0075607975013554,0.0788755491375923,0.1100111827254295,0.0724085718393325,0.031225923448801,0.0207003131508827,0.0678653270006179,0.0775369331240654,0.020396526902914,0.0226286575198173,0.0102860396727919,0.0374059304594993
0.0158699676394462,0.3009355068206787,0.0097099607810378,0.0109501080587506,0.0600214973092079,0.0631203204393386,0.126815527677536,0.0082002356648445,0.0075771687552332,0.0789134874939918,0.0389800406992435,0.2996353805065155,0.0318870618939399,0.020811527967453,0.0677798613905906,0.0348714627325534,0.0987404957413673,0.0234891362488269,0.0103278653696179,0.0379572920501232
0.0158152971416711,0.0632990226149559,0.0455495603382587,0.0108039509505033,0.059984665364027,0.0634653121232986,0.026102490723133,0.0035264794714748,0.0076263952068984,0.0796514227986335,0.0386411733925342,0.0714013874530792,0.048420961946249,0.0207730811089277,0.0684351846575737,0.0346873886883258,0.0200114045292139,0.0426419153809547,0.010425585322082,0.0376328341662883
0.0158028956502676,0.0632307454943656,0.0098423203453421,0.0347364731132984,0.0600354485213756,0.0634386613965034,0.0260975193232297,0.0081623550504446,0.0608311034739017,0.0796173959970474,0.0386175215244293,0.0712810978293418,0.0321016907691955,0.0688357353210449,0.0684106349945068,0.0346685014665126,0.019991086795926,0.0236755795776844,0.0449326708912849,0.0376165695488452
0.0586640015244483,0.0638785064220428,0.0100112864747643,0.0092972572892904,0.0446460917592048,0.0818626061081886,0.026348028331995,0.008270414546132,0.0093007134273648,0.0431771762669086,0.0599909722805023,0.072029136121273,0.0324307046830654,0.0206193700432777,0.0344929173588752,0.0584911666810512,0.0202043298631906,0.0238360501825809,0.0107299564406275,0.0269245523959398
0.015860229730606,0.2365943789482116,0.0098279919475317,0.0093901492655277,0.0447131544351577,0.063773900270462,0.0942750796675682,0.0082748215645551,0.0093183731660246,0.0431842766702175,0.0390982776880264,0.2394378632307052,0.0322212576866149,0.0206774547696113,0.0344587638974189,0.0349456071853637,0.0777824744582176,0.0237379670143127,0.0106768580153584,0.0271697230637073
0.0153676588088274,0.3058657944202423,0.0103308912366628,0.010687599889934,0.0634046345949173,0.0604725778102874,0.1287679970264434,0.0097731621935963,0.0067210523411631,0.0814731493592262,0.0367341637611389,0.3043578267097473,0.0344817042350769,0.0192789956927299,0.0690021738409996,0.0328102596104145,0.1004259437322616,0.0252207461744546,0.0094222333282232,0.0392970703542232
0.0154853677377104,0.0660801380872726,0.0461459420621395,0.0105734979733824,0.0633900538086891,0.0608493350446224,0.0269903726875782,0.0028965533711016,0.0068040089681744,0.0822424367070198,0.0365371219813823,0.0739490091800689,0.046285331249237,0.0192590113729238,0.0696850717067718,0.0327140018343925,0.0209795553237199,0.0411190390586853,0.0095375822857022,0.0390086323022842
0.0155282169580459,0.0660499557852745,0.0104798842221498,0.0344810672104358,0.0634068995714187,0.060784313827753,0.0270157326012849,0.0097460523247718,0.0592332780361175,0.0822163969278335,0.0364671498537063,0.0739315673708915,0.0347159467637538,0.0672856345772743,0.0696660205721855,0.0326609946787357,0.0209801625460386,0.0254222154617309,0.0441771633923053,0.0389671884477138
0.0154715906828641,0.066009946167469,0.0104846470057964,0.0105392839759588,0.0834751427173614,0.060754295438528,0.0270052794367074,0.0097659211605787,0.0068154139444231,0.0215264428406953,0.0364935360848903,0.0739708542823791,0.0347351692616939,0.0192591194063425,0.0463386476039886,0.0326493084430694,0.0209559872746467,0.0254353173077106,0.0095410821959376,0.0905444025993347
0.054345604032278,0.0667370781302452,0.0106543051078915,0.0088711259886622,0.0494337752461433,0.0777036696672439,0.0272754896432161,0.0098568936809897,0.008129826746881,0.0492740720510482,0.0567457228899002,0.0746698379516601,0.0351015366613864,0.0190416872501373,0.038897305727005,0.0552841760218143,0.0211934931576252,0.0256198048591613,0.0098168374970555,0.0291698183864355
0.0156132597476243,0.2306652218103408,0.0104623576626181,0.0089405328035354,0.0494782514870166,0.0611184760928154,0.0918299183249473,0.0098839635029435,0.0081433439627289,0.0492548495531082,0.0368890911340713,0.2336230278015136,0.0348815210163593,0.0190948080271482,0.0388520956039428,0.0329156294465065,0.0758313089609146,0.0255158450454473,0.0097545338794589,0.0294019188731908
0.1610771566629409,0.0572991818189621,0.0108609115704894,0.0100904945284128,0.057718425989151,0.0893247872591018,0.0237510800361633,0.0086035225540399,0.0087973782792687,0.0812993049621582,0.1111593768000602,0.0645680502057075,0.0347611345350742,0.0213910453021526,0.0707005634903907,0.0784014984965324,0.0181469060480594,0.0252864118665456,0.0106266504153609,0.0367327407002449
0.0172453057020902,0.2936623990535736,0.0108500691130757,0.0101636312901973,0.0581057034432888,0.06669832020998,0.1239058375358581,0.0086485585197806,0.0088256886228919,0.0813006907701492,0.0403321199119091,0.2918132543563843,0.0353967659175396,0.0214859582483768,0.0705953761935234,0.0358995385468006,0.096414640545845,0.0261384285986423,0.0106639266014099,0.0373445786535739
0.0174720492213964,0.0566102936863899,0.046309944242239,0.0100528709590435,0.0580441020429134,0.066985934972763,0.0233783069998025,0.0032972104381769,0.0088540213182568,0.0820499137043953,0.0399261973798275,0.06382717192173,0.0451458357274532,0.0214409716427326,0.0712409988045692,0.0356761440634727,0.017890216782689,0.0400646887719631,0.0107520027086138,0.0369384549558162
0.0174032654613256,0.0565258413553237,0.0110112288966774,0.0338953025639057,0.0580768585205078,0.0668987929821014,0.023362673819065,0.0086098201572895,0.0630125328898429,0.082024447619915,0.0398664362728595,0.0637169852852821,0.0355944857001304,0.0695224180817604,0.0712378770112991,0.0356023274362087,0.0178637206554412,0.0263254921883344,0.0453489869832992,0.0369239300489425
0.017398027703166,0.0565471276640892,0.0110192466527223,0.0100332573056221,0.0782077461481094,0.0669014304876327,0.0233790557831525,0.0086094355210661,0.008875754661858,0.0263168588280677,0.0399266108870506,0.0638096034526825,0.0356140919029712,0.0214437339454889,0.0504539720714092,0.0356161966919899,0.0178585071116685,0.0263308957219123,0.0107518220320343,0.0880681946873664
0.0174655709415674,0.2210103273391723,0.0109919989481568,0.0091929472982883,0.0423616655170917,0.0673123300075531,0.0880011096596717,0.0087060881778597,0.0102784624323248,0.0442056208848953,0.0404715873301029,0.2234434932470321,0.0357754193246364,0.0214835591614246,0.036334328353405,0.0359781756997108,0.0726343169808387,0.0264373179525136,0.0109441792592406,0.0260638743638992
0.1719878017902374,0.0760979652404785,0.0063987621106207,0.0126186506822705,0.0628663673996925,0.0978690236806869,0.0315547846257686,0.0060547050088644,0.0072057554498314,0.0745994597673416,0.1072074547410011,0.0857461914420127,0.0209547448903322,0.0211574975401163,0.0632002130150795,0.075845219194889,0.0241638738662004,0.0150580424815416,0.0106060346588492,0.0390860885381698
0.0144817940890789,0.313237577676773,0.0064715193584561,0.0126974806189537,0.0633021742105484,0.0538001544773578,0.1317784786224365,0.006096429657191,0.0071860151365399,0.0745844468474388,0.0359851494431495,0.3129805028438568,0.0216470528393983,0.0212907455861568,0.0630635470151901,0.0328266099095344,0.102632887661457,0.0158886164426803,0.0106379678472876,0.0395413897931575
0.0136500718072056,0.0746993944048881,0.0434211865067482,0.0125386603176593,0.0633041858673095,0.0539348982274532,0.0309109576046466,0.0050656856037676,0.0072499704547226,0.0752472728490829,0.0357129462063312,0.0844443514943122,0.0580452010035514,0.021239886060357,0.0636625066399574,0.0326514616608619,0.0236009210348129,0.0500150360167026,0.0107682542875409,0.0393056347966194
0.0135891046375036,0.0745955556631088,0.0065958234481513,0.0364966802299022,0.0633042752742767,0.0540888234972953,0.030867051333189,0.0060783233493566,0.0584780573844909,0.0752027034759521,0.0357558652758598,0.0843356549739837,0.0218266081064939,0.0692569017410278,0.0635974928736686,0.0326945260167121,0.0235540941357612,0.016081316396594,0.0449188388884067,0.0392466932535171
0.0135012390092015,0.0745952352881431,0.0065951328724622,0.012522024102509,0.0835195258259773,0.0541223771870136,0.0309125054627656,0.0060825226828455,0.0072524165734648,0.016773834824562,0.0356934405863285,0.0844006836414337,0.0218170676380395,0.0212537068873643,0.0431703105568885,0.0326469279825687,0.02354646474123,0.0160805881023406,0.0107734240591526,0.0918282717466354
0.0783445462584495,0.075252965092659,0.0067432085052132,0.0098092900589108,0.0465743988752365,0.0835544392466545,0.0311383958905935,0.0061431229114532,0.0092621631920337,0.0373433008790016,0.0621177293360233,0.08505479991436,0.0219681318849325,0.0207927636802196,0.0275097116827964,0.0614183470606803,0.0237752515822649,0.01607053168118,0.011170289479196,0.0282203517854213
0.1703603714704513,0.0797355622053146,0.0064970208331942,0.0140784624963998,0.0602154284715652,0.0966054201126098,0.0326321497559547,0.0071973577141761,0.0083567267283797,0.0696097388863563,0.1056260839104652,0.0888008549809455,0.0217832718044519,0.0213051754981279,0.0576969012618064,0.0743301063776016,0.0254812482744455,0.0155076636001467,0.0102188307791948,0.0364695265889167
0.0135548962280154,0.3170795142650604,0.006565548479557,0.0141595127061009,0.0606139190495014,0.0524922385811805,0.1332229226827621,0.0071668690070509,0.0082026505842804,0.0696861296892166,0.0345366969704628,0.3164601922035217,0.0224475562572479,0.0214682146906852,0.0576575100421905,0.0313694402575492,0.1040472537279129,0.0163058154284954,0.0101896505802869,0.0368864573538303
0.0129127278923988,0.0781719908118248,0.0066911736503243,0.0379436574876308,0.0606410093605518,0.0526688732206821,0.0318691320717334,0.0071649975143373,0.055253081023693,0.0702504962682724,0.0342353507876396,0.087355300784111,0.0226300749927759,0.0693900361657142,0.0581640861928463,0.0311975162476301,0.0248720757663249,0.0164856947958469,0.0437951833009719,0.0366432592272758
0.012862310744822,0.0781866833567619,0.0066959713585674,0.0139465862885117,0.0809552669525146,0.0526758842170238,0.031900517642498,0.0071663609705865,0.0083234403282403,0.01271453499794,0.0341510847210884,0.0874145030975341,0.0226242840290069,0.0214669033885002,0.038339976221323,0.0311557035893201,0.0248758364468812,0.0164751578122377,0.0104005020111799,0.0893590599298477
0.0719118788838386,0.0787417292594909,0.0068057025782763,0.0101027162745594,0.0475513711571693,0.0792127922177314,0.0321070812642574,0.0072278268635272,0.0083917919546365,0.0409598387777805,0.0588180422782897,0.0879951491951942,0.0227538645267486,0.0207567159086465,0.0301894806325435,0.0580615624785423,0.0250534247606992,0.0164702106267213,0.0107346400618553,0.0278691183775663
0.0129734687507152,0.2761684060096741,0.006631804164499,0.0102026239037513,0.0475481040775775,0.0524737127125263,0.1099993884563446,0.0072403619997203,0.0083820996806025,0.0409195162355899,0.0345431491732597,0.2789599597454071,0.0226134210824966,0.0208124984055757,0.0300954654812812,0.0312427729368209,0.0910123810172081,0.0164198167622089,0.0106624690815806,0.0279995389282703
0.1666505485773086,0.0795895233750343,0.0078753782436251,0.0135784903541207,0.0608272142708301,0.0934804454445838,0.0322338119149208,0.0085138706490397,0.0083078825846314,0.071230724453926,0.1056458875536918,0.0878197327256202,0.0262091513723135,0.0202665887773036,0.0588546991348266,0.0740082040429115,0.0255824029445648,0.0186742488294839,0.0095693934708833,0.0365756154060363
0.0133464382961392,0.0778738036751747,0.044497862458229,0.0134498961269855,0.0611585564911365,0.055026352405548,0.031441580504179,0.0033589925151318,0.0082981381565332,0.0718190222978591,0.0343573726713657,0.0862115919589996,0.0532704666256904,0.020389063283801,0.0592670552432537,0.031011888757348,0.024935433641076,0.0465515777468681,0.0097431233152747,0.0367641225457191
0.0132294716313481,0.0777942761778831,0.0080156922340393,0.0373825654387474,0.0612086243927478,0.0550558008253574,0.031397245824337,0.0084622967988252,0.0547010153532028,0.0717986449599266,0.0343017317354679,0.0861426517367363,0.0270506870001554,0.068323940038681,0.0592381469905376,0.0309778340160846,0.0249021314084529,0.0196914561092853,0.0432496406137943,0.0367454998195171
0.0132669741287827,0.0776811093091964,0.0080068092793226,0.0134316300973296,0.0814654827117919,0.0549935586750507,0.0313493385910987,0.0084558939561247,0.0082888808101415,0.0124542526900768,0.0342382825911045,0.0860538557171821,0.0270378086715936,0.020417183637619,0.0382614135742187,0.0309285167604684,0.0248650480061769,0.019669022411108,0.0097421556711196,0.0892844721674919
0.0616922155022621,0.0785356312990188,0.008148368448019,0.0098950341343879,0.0495332963764667,0.0760770365595817,0.0316547788679599,0.008555132895708,0.0075803138315677,0.0452776812016963,0.0562407970428466,0.0869344845414161,0.0272602532058954,0.0197828952223062,0.034057181328535,0.0552137680351734,0.0251311678439378,0.0197605285793542,0.0100360671058297,0.0287791490554809
0.0132555393502116,0.2562944591045379,0.0079586049541831,0.010005029849708,0.0495503433048725,0.0550739988684654,0.1019252315163612,0.0085495356470346,0.0075639085844159,0.0452518574893474,0.0346691906452178,0.2591302096843719,0.0270606316626071,0.0198430065065622,0.0339861884713172,0.0311115551739931,0.0845014825463295,0.0196369662880897,0.0099487081170082,0.0289166942238807
0.1642758101224899,0.0579277090728282,0.0101301735267043,0.0101918512955307,0.0596450380980968,0.0916028395295143,0.0241555906832218,0.0080242026597261,0.008715596050024,0.0815656408667564,0.1105333492159843,0.0656723305583,0.0323900431394577,0.0213399156928062,0.0708592012524604,0.0781024619936943,0.0182841271162033,0.0235515534877777,0.0107111316174268,0.0379119329154491
0.0159026514738798,0.2943209707736969,0.0101282950490713,0.010248564183712,0.0600711442530155,0.0635802596807479,0.1242161840200424,0.0080523574724793,0.0087641244754195,0.0816041827201843,0.0395625047385692,0.2927721738815307,0.0330328233540058,0.0214377418160438,0.0707741230726242,0.0354417860507965,0.0965418070554733,0.0244182273745536,0.0107645420357584,0.0385192185640335
0.0157286114990711,0.0571728348731994,0.0457771234214305,0.0101401610299944,0.05997846275568,0.0638449117541313,0.0238036699593067,0.003621362382546,0.0088036702945828,0.0823358222842216,0.0391898043453693,0.0648921504616737,0.0472683534026145,0.0213770270347595,0.071382962167263,0.0352543927729129,0.0180273242294788,0.0417465530335903,0.0108673414215445,0.0381492972373962
0.0156509354710578,0.0571999996900558,0.0102976104244589,0.0339999012649059,0.0600458420813083,0.06376364082098,0.0238140318542718,0.0080316821113228,0.0630185306072235,0.0823753625154495,0.0391539447009563,0.0648788139224052,0.0332501642405986,0.0694826692342758,0.0714383199810981,0.0351701155304908,0.0180141795426607,0.0245932787656784,0.0454974882304668,0.0380984582006931
0.0157565511763095,0.0571508295834064,0.0102960867807269,0.0101281087845563,0.0801645219326019,0.0637543871998786,0.023805858567357,0.0080230105668306,0.0088007468730211,0.0257697645574808,0.0391159541904926,0.0649146884679794,0.0332666933536529,0.0213924366980791,0.0503633394837379,0.0351538062095642,0.0179843995720148,0.0246150232851505,0.0108470246195793,0.0894597247242927
0.015701500698924,0.2175850421190261,0.0102912345901131,0.0093229776248335,0.0447119288146495,0.0641799941658973,0.0867705941200256,0.0081248478963971,0.0101821171119809,0.0455155372619628,0.0396905578672885,0.2205760478973388,0.0334434993565082,0.0214351899921894,0.0373199842870235,0.0355248264968395,0.0714172571897506,0.024714782834053,0.0110400719568133,0.0276144724339246
0.1661084443330764,0.0773070678114891,0.0082695065066218,0.0131108574569225,0.0606913566589355,0.0928293094038963,0.0314479656517505,0.0083146514371037,0.0078706955537199,0.072678692638874,0.106512650847435,0.0855836197733879,0.0272711496800184,0.0201495066285133,0.0603926107287406,0.0747208297252655,0.0247919112443923,0.0195303913205862,0.0095072109252214,0.0366489477455616
0.0138806030154228,0.0757926180958747,0.0447330847382545,0.0129738356918096,0.0610490962862968,0.0566336140036582,0.0307088159024715,0.0034332796931266,0.0078805154189467,0.0732023790478706,0.0351740010082721,0.0841904953122139,0.0522774010896682,0.0202569402754306,0.0607724376022815,0.0316811129450798,0.0242003127932548,0.0457248389720916,0.009668837301433,0.0368227995932102
0.0137699944898486,0.0756932497024536,0.0084203071892261,0.0369191095232963,0.0610573403537273,0.0565404519438743,0.0306772235780954,0.0083255544304847,0.0554186552762985,0.0731394290924072,0.0351053737103939,0.084090806543827,0.028117312118411,0.0681910365819931,0.0606873221695423,0.0316186472773551,0.0241767540574073,0.0205556396394968,0.0433644913136959,0.0367948301136493
0.0137196909636259,0.0756525248289108,0.008402656763792,0.0129531491547822,0.0812830254435539,0.0566576048731803,0.0306715443730354,0.0083496840670704,0.0078920489177107,0.013701856136322,0.0350722633302211,0.0841181874275207,0.0281062144786119,0.0202551037073135,0.0394564419984817,0.0316350720822811,0.0241527389734983,0.020546993240714,0.0096824700012803,0.0891766995191574
0.0612823218107223,0.0764112100005149,0.0085524544119834,0.0096903136000037,0.0488721393048763,0.0774034708738327,0.0309244450181722,0.0084076998755335,0.0077018719166517,0.0452201813459396,0.0570708140730857,0.0848809778690338,0.0283843372017145,0.0196898393332958,0.0342570915818214,0.0559365786612033,0.0243993606418371,0.0206483490765094,0.0100027453154325,0.0284562241286039
0.0138514945283532,0.2542248070240021,0.0083709321916103,0.0098031209781765,0.0489152334630489,0.0567628182470798,0.1011118963360786,0.0084227584302425,0.0076999864540994,0.0452340096235275,0.0355167090892791,0.2571569085121155,0.0281746610999107,0.0197631567716598,0.0342060625553131,0.0318208709359169,0.0837424099445343,0.02053003013134,0.0099038397893309,0.0286050364375114
0.1686412990093231,0.0770037844777107,0.007450386416167,0.0133178494870662,0.0613492988049984,0.0947580114006996,0.0313562043011188,0.0076202074997127,0.0078732278198003,0.0724439844489097,0.1061781272292137,0.0853940472006797,0.0245464611798524,0.0209130756556987,0.0602940320968627,0.0745498985052108,0.0246741063892841,0.0175496451556682,0.0099518131464719,0.0372157022356987
0.0136066665872931,0.3140715360641479,0.0074489372782409,0.0133810024708509,0.06170205026865,0.0543074458837509,0.1319819688796997,0.0075952867045998,0.0077656898647546,0.072451576590538,0.0350217819213867,0.3130006194114685,0.0251469034701585,0.0210321675986051,0.0602013319730758,0.0315971076488494,0.1031230837106704,0.0183488018810749,0.0099352579563856,0.0376137495040893
0.0130787584930658,0.0752442479133606,0.0075663616880774,0.0371531210839748,0.0617266371846199,0.0546472705900669,0.0305171851068735,0.00758460117504,0.0560196153819561,0.0730315595865249,0.0346544049680233,0.0837132111191749,0.025356350466609,0.0689537227153778,0.0606997236609458,0.0314544178545475,0.0240043736994266,0.0185354053974151,0.0437145456671714,0.0373731963336467
0.0130622833967208,0.0752401575446128,0.0075470427982509,0.0131598245352506,0.0819481238722801,0.0547677315771579,0.0305600389838218,0.0075680916197597,0.0078877257183194,0.013738133944571,0.0346335805952549,0.0837977901101112,0.0253235716372728,0.0210304446518421,0.0397035926580429,0.0314468927681446,0.023999435827136,0.018502689898014,0.0101297693327069,0.0898570865392685
0.0654191076755523,0.0761289298534393,0.0077099776826798,0.0099131511524319,0.0489929541945457,0.0776774436235427,0.0308767613023519,0.0076486398465931,0.0082196900621056,0.0439647622406482,0.0575545020401477,0.0846974179148674,0.0255914740264415,0.020477320998907,0.033086109906435,0.0565838851034641,0.0242839325219392,0.0186053626239299,0.0104772672057151,0.0287280566990375
0.0132416207343339,0.2599829733371734,0.0075310100801289,0.0100175905972719,0.0490209907293319,0.0547461211681366,0.1034575626254081,0.0076613901183009,0.0082212509587407,0.0439248122274875,0.0351133272051811,0.2627306580543518,0.0254065915942192,0.0205343421548604,0.0330199897289276,0.0316580533981323,0.0856884643435478,0.018531285226345,0.0103876385837793,0.0288825519382953
0.1620598286390304,0.0580130368471145,0.0104722548276185,0.0102276429533958,0.0573449246585369,0.0899281501770019,0.0240942537784576,0.0082938587293028,0.0087392535060644,0.0806633979082107,0.111634224653244,0.065485842525959,0.03350580483675,0.0214785076677799,0.0701555013656616,0.078860767185688,0.0183578375726938,0.0243667531758546,0.0106750577688217,0.0365157164633274
0.0169187020510435,0.2943417131900787,0.0104653574526309,0.0102932229638099,0.0577350705862045,0.0665046945214271,0.1241875141859054,0.0083397347480058,0.0087741399183869,0.0806859508156776,0.0406692065298557,0.2925880849361419,0.0341296978294849,0.0215765386819839,0.0700676068663597,0.0362183600664138,0.0966099649667739,0.0252300277352333,0.0107126450166106,0.0371127761900424
0.0170447938144207,0.0572023652493953,0.0460326634347438,0.010177512653172,0.057693675160408,0.066949762403965,0.0236767884343862,0.0034498434979468,0.0088076358661055,0.0814495161175727,0.0402524322271347,0.0646344721317291,0.0462777651846408,0.0215395186096429,0.0707493349909782,0.0360152833163738,0.0180753674358129,0.0409389473497867,0.0108139077201485,0.0367477461695671
0.0170959290117025,0.0571205839514732,0.0106127830222249,0.0340342000126838,0.0577320456504821,0.066930204629898,0.0236362144351005,0.0083006648346781,0.0629010573029518,0.0814232528209686,0.0402773357927799,0.0645064488053321,0.0343301072716712,0.069606639444828,0.0707260444760322,0.036003153771162,0.0180312823504209,0.0253880694508552,0.0453584976494312,0.0367098785936832
0.017140069976449,0.0571595802903175,0.0106201050803065,0.0101474830880761,0.0778736323118209,0.0669643804430961,0.0236918032169342,0.0083104381337761,0.0088049275800585,0.026024829596281,0.0402643345296382,0.0646562948822975,0.0343432463705539,0.0215198285877704,0.05017926171422,0.0359847210347652,0.0180374775081872,0.0254060216248035,0.0108058769255876,0.0878929048776626
0.0170756820589303,0.2191153317689895,0.0106129776686429,0.0092899408191442,0.0423433184623718,0.0672921612858772,0.0873034447431564,0.0084240855649113,0.010219813324511,0.044427640736103,0.0407432280480861,0.2217902839183807,0.0345037467777729,0.0215634834021329,0.0365781635046005,0.036314345896244,0.0719655305147171,0.0254904255270957,0.0109901903197169,0.026098933070898
0.1639650017023086,0.0629759207367897,0.0098866671323776,0.0106199868023395,0.0595586635172367,0.0910530388355255,0.0260835774242877,0.0082627581432461,0.0078863585367798,0.0800178498029708,0.1102354228496551,0.070878766477108,0.0318573340773582,0.0209066234529018,0.0690715685486793,0.0777751430869102,0.0199787765741348,0.0231036804616451,0.0103943878784775,0.0375198274850845
0.0158828347921371,0.2994513213634491,0.0098861893638968,0.0106742093339562,0.0599290430545806,0.0633412301540374,0.1262141168117523,0.0082952147349715,0.0079032676294446,0.0799360796809196,0.0392132960259914,0.2979982793331146,0.0324867255985736,0.0210084281861782,0.068881556391716,0.0350570119917392,0.0982576534152031,0.0239459313452243,0.0104287080466747,0.0380770936608314
0.0158603619784116,0.0619424916803836,0.0456846430897712,0.0105549208819866,0.0598992295563221,0.0635668560862541,0.0255390033125877,0.0034847087226808,0.0079490467905998,0.0806275680661201,0.0388077944517135,0.0698180049657821,0.0478654690086841,0.0209530014544725,0.0694973543286323,0.0348151214420795,0.0195993613451719,0.0422136597335338,0.0105250282213091,0.0377338677644729
0.0158626418560743,0.0619256682693958,0.0100340247154235,0.034448966383934,0.0599222108721733,0.0636185109615325,0.0255563613027334,0.0082774832844734,0.061522651463747,0.0805944204330444,0.0387624315917491,0.069777138531208,0.0326756872236728,0.069002166390419,0.0694605410099029,0.0347983092069625,0.0195854660123586,0.0241228863596916,0.0450664833188056,0.0377158969640731
0.057350255548954,0.0624592304229736,0.0101862801238894,0.0092496164143085,0.0444731712341308,0.0815662592649459,0.0257435385137796,0.0083658192306756,0.0095576848834753,0.0438774265348911,0.0595861673355102,0.0703781768679618,0.0330228023231029,0.0208284929394722,0.0353666581213474,0.0580888912081718,0.0197627898305654,0.0242758877575397,0.0107966903597116,0.0269411336630582
0.015869453549385,0.2312351763248443,0.0100370859727263,0.0093432730063796,0.0445672646164894,0.0640578716993331,0.0921013578772544,0.0083824601024389,0.0095680775120854,0.0438748598098754,0.0392720028758049,0.2340267449617386,0.0328762382268905,0.0208997298032045,0.0353403463959693,0.0350939072668552,0.0759865567088127,0.0242340695112943,0.0107495551928877,0.0272162202745676
0.1673048734664917,0.0769457593560218,0.0077710477635264,0.0130774565041065,0.0613226182758808,0.0939283594489097,0.0313361622393131,0.00804094504565,0.0077162696979939,0.072991244494915,0.1065370887517929,0.0852817595005035,0.0256285313516855,0.0204695966094732,0.0607939511537551,0.0747514441609382,0.0246557388454675,0.0183334294706583,0.0097638061270117,0.0371984168887138
0.0135359959676861,0.0753932744264602,0.0443579778075218,0.0129581177607178,0.0616579614579677,0.0558460168540477,0.0305561888962984,0.0036558029241859,0.0077489125542342,0.0735679119825363,0.0351443253457546,0.0838141813874244,0.0537465140223503,0.02057371661067,0.0612199231982231,0.0317712873220443,0.0240671355277299,0.0468614473938941,0.0099265836179256,0.037390224635601
0.0135029600933194,0.0752752348780632,0.0079025523737072,0.0369042977690696,0.0617216415703296,0.055786270648241,0.0305133946239948,0.007989477366209,0.0559674017131328,0.0735568106174469,0.0351090431213378,0.0836840867996215,0.0264842212200164,0.0685368254780769,0.0612002275884151,0.0317176692187786,0.0240413192659616,0.0193365551531314,0.0436400696635246,0.0373811721801757
0.0133481184020638,0.0752592235803604,0.0078811440616846,0.0129340104758739,0.0819452777504921,0.0558672472834587,0.0305389501154422,0.0079837217926979,0.0077401944436132,0.0141146043315529,0.0350639075040817,0.0837022513151168,0.0264732781797647,0.0206021908670663,0.0400437489151954,0.0317111313343048,0.0240210443735122,0.0193380191922187,0.0099463248625397,0.0898110643029213
0.0641451254487037,0.0759792923927307,0.0080317985266447,0.0097675379365682,0.0488929450511932,0.0780009478330612,0.0307637602090835,0.008079495280981,0.0080247465521097,0.0442405603826046,0.0577834025025367,0.084453172981739,0.0267238225787878,0.020064091309905,0.0334021300077438,0.0567456781864166,0.024247832596302,0.0194084886461496,0.010277384892106,0.0286273937672376
0.0135581940412521,0.258910059928894,0.0078545194119215,0.0098699629306793,0.0489222854375839,0.0558543875813484,0.1029935553669929,0.0080769918859004,0.0080284643918275,0.0442203544080257,0.0355213657021522,0.2616808712482452,0.0265259556472301,0.020117025822401,0.0333205014467239,0.0319288372993469,0.085323192179203,0.0193113796412944,0.0101992478594183,0.0288031082600355
0.1620446890592575,0.0673864781856536,0.0098292781040072,0.0119832195341587,0.0581265874207019,0.0896779000759124,0.0273171551525592,0.0088770966976881,0.0074084959924221,0.0746151059865951,0.1090143248438835,0.0745009034872055,0.0320139601826667,0.020766407251358,0.0632083266973495,0.0765155628323555,0.0216100495308637,0.0231036283075809,0.0098091978579759,0.0356990508735179
0.0160726848989725,0.3041618168354034,0.0098246932029724,0.0120558738708496,0.0584700480103492,0.0625225007534027,0.1279620826244354,0.0089140329509973,0.0073542199097573,0.0746148899197578,0.0379846505820751,0.3022074103355407,0.0326196439564228,0.0208924897015094,0.0630905628204345,0.0338054113090038,0.0999858751893043,0.0239212792366743,0.0097990632057189,0.036181204020977
0.0162828043103218,0.0661699101328849,0.0457286611199379,0.0118924956768751,0.0584645830094814,0.0628961995244026,0.0266688894480466,0.003172492608428,0.0074924509972333,0.0752927958965301,0.0376299545168876,0.0732824653387069,0.0478370226919651,0.0208692457526922,0.0636904239654541,0.0336275659501552,0.0211718827486038,0.0422604791820049,0.0099753458052873,0.0359193049371242
0.0163017250597476,0.0661457926034927,0.0099560199305415,0.0118663161993026,0.0786773040890693,0.0630017668008804,0.0267455074936151,0.0089019536972045,0.007496390491724,0.0180824361741542,0.0375503376126289,0.0733127892017364,0.0328281745314598,0.0208735484629869,0.0429894030094146,0.033600129187107,0.0211706236004829,0.0241088233888149,0.0099851107224822,0.0877620130777359
0.0634307712316513,0.0667478889226913,0.0101531073451042,0.0091425022110342,0.0434514172375202,0.0837260261178016,0.0268930681049823,0.0090052243322134,0.0089200055226683,0.040462952107191,0.0614579990506172,0.0738781094551086,0.0331831835210323,0.0204316712915897,0.0310153905302286,0.060057658702135,0.02136149443686,0.024262199178338,0.0102847963571548,0.0254824608564376
0.01636703312397,0.2596581578254699,0.0099171828478574,0.0092399464920163,0.0434489361941814,0.0632151216268539,0.1032317653298378,0.0089885825291275,0.0089140022173523,0.0404139310121536,0.0379503779113292,0.2610515058040619,0.0328870378434658,0.0204909481108188,0.0309087261557579,0.0337955243885517,0.0857330784201622,0.0241258926689624,0.0101992944255471,0.0256602521985769
0.1626899987459182,0.061795350164175,0.0103775262832641,0.0105073442682623,0.0597456134855747,0.0902497097849845,0.0254960004240274,0.0087786428630352,0.0077679920941591,0.0804623067378997,0.1099362522363662,0.0693559795618057,0.0334988459944725,0.020663620904088,0.0692745149135589,0.0773771107196807,0.0195878185331821,0.0242695473134517,0.010197733528912,0.037493921816349
0.0161834619939327,0.2982141375541687,0.010366984643042,0.0105475783348083,0.0601153969764709,0.0637007728219032,0.1256872415542602,0.0087930029258131,0.0077765006572008,0.0804730579257011,0.0389028377830982,0.2965656220912933,0.0341043956577777,0.020763836801052,0.0691776871681213,0.0347262173891067,0.0979067161679267,0.0250950381159782,0.0102168088778853,0.0380424000322818
0.0161902569234371,0.060794360935688,0.0460429117083549,0.0104345297440886,0.0601007677614688,0.0639460757374763,0.0249867681413888,0.0032102048862725,0.0078353779390454,0.0812143236398696,0.0385731868445873,0.0683589279651641,0.0463819839060306,0.0207055602222681,0.0698467120528221,0.0345712378621101,0.0192328505218029,0.0410820692777633,0.0103251868858933,0.0377048067748546
0.0162702314555645,0.0608466938138008,0.0105265853926539,0.0343153364956378,0.0601040385663509,0.0639314725995063,0.025042824447155,0.0087960809469223,0.0612803287804126,0.0811989977955818,0.0385480374097824,0.0684015229344368,0.034348577260971,0.0687677189707756,0.0697982013225555,0.0344946719706058,0.0192672815173864,0.0253108832985162,0.0448414422571659,0.0376702137291431
0.0569092668592929,0.0613627769052982,0.0106865484267473,0.009068532846868,0.0446045659482479,0.081647902727127,0.0252166204154491,0.0088795823976397,0.0094423526898026,0.0443918369710445,0.0595588497817516,0.0689411684870719,0.0347139276564121,0.0205798745155334,0.0356326177716255,0.0580433569848537,0.0194354876875877,0.0255017951130867,0.0105954352766275,0.0268079321831464
0.016380151733756,0.2314826250076294,0.0105058513581752,0.0091569470241665,0.044679008424282,0.0643868148326873,0.092160627245903,0.0088984239846467,0.0094530927017331,0.0443673059344291,0.0389813892543315,0.233976349234581,0.0344854705035686,0.0206360705196857,0.0355865880846977,0.0347988307476043,0.076125830411911,0.0253925397992134,0.0105351712554693,0.0270962603390216
0.0152817172929644,0.304912269115448,0.0099313389509916,0.0110136186704039,0.0612317845225334,0.06118830665946,0.1283721178770065,0.0092962346971035,0.0071286102756857,0.0796714127063751,0.0375098176300525,0.3034031093120575,0.0331133492290973,0.0202399119734764,0.0677721425890922,0.0335071571171283,0.1001162901520729,0.0242329929023981,0.0098476391285657,0.0382074974477291
0.0155610516667366,0.0652938932180404,0.0458707809448242,0.010906090028584,0.0612870827317237,0.0616183020174503,0.0266803186386823,0.003037343500182,0.0072086630389094,0.0804484337568283,0.0371933914721012,0.0730762034654617,0.0476340726017952,0.0202384628355503,0.0684660673141479,0.0333943665027618,0.0207203365862369,0.0421586595475673,0.0099923061206936,0.0379201583564281
0.0154843758791685,0.0651267319917678,0.0100858993828296,0.0348068699240684,0.061220608651638,0.0615592338144779,0.0266187787055969,0.0092768305912613,0.0596284382045269,0.0803966969251632,0.0372350923717021,0.072888396680355,0.033357098698616,0.0682137385010719,0.0684015825390815,0.0333919860422611,0.0206872001290321,0.0244443155825138,0.0443668700754642,0.0378327518701553
0.0154800163581967,0.0651294142007827,0.0100629059597849,0.0108649488538503,0.0813213139772415,0.0614482760429382,0.0266527887433767,0.0092698130756616,0.0072039840742945,0.0213864240795373,0.0371520891785621,0.0729617029428482,0.0333085395395755,0.0202085394412279,0.0462133958935737,0.0333113633096218,0.0206758398562669,0.0244152601808309,0.0099579868838191,0.0894415080547332
0.0554863661527633,0.0656688883900642,0.0102462107315659,0.009161839261651,0.0471050478518009,0.0788170471787452,0.0268243644386529,0.0093998257070779,0.0086643788963556,0.0470383279025554,0.0576506555080413,0.073492594063282,0.033706959336996,0.019997676834464,0.0373240448534488,0.0561850182712078,0.0208617039024829,0.0246284883469343,0.0102532692253589,0.0279434882104396
0.0155166294425725,0.2311059981584549,0.0100553669035434,0.0092488098889589,0.0471536666154861,0.0618187226355075,0.0919727310538292,0.009386483579874,0.0086738374084234,0.0470357909798622,0.0376169756054878,0.2339564710855484,0.0334781073033809,0.0200412217527627,0.037279188632965,0.0335872545838356,0.0760072097182273,0.024506976827979,0.010187916457653,0.0281814970076084
0.1688678115606308,0.0758521929383277,0.0062947822734713,0.0146596282720565,0.0596628375351429,0.0951441675424575,0.0309062842279672,0.0069314339198172,0.0088538704439997,0.0677470862865448,0.1068999245762825,0.0841564983129501,0.0208853390067815,0.0217718966305255,0.0558656007051467,0.0753157511353492,0.02430260181427,0.0148614672943949,0.0103551438078284,0.0360495895147323
0.013976939022541,0.3129410743713379,0.0062955287285149,0.0147423911839723,0.0600227192044258,0.0554108023643493,0.1315145641565323,0.0069119543768465,0.008689715526998,0.0677555873990058,0.0358654297888278,0.3117886483669281,0.0215567611157894,0.0219544377177953,0.0557666681706905,0.0324734784662723,0.1027692854404449,0.0156789235770702,0.0103088403120636,0.0364095121622085
0.0133528392761945,0.0742455050349235,0.0064278887584805,0.0384782440960407,0.06004074588418,0.0553937554359436,0.030112836509943,0.0068871295079588,0.0546116419136524,0.0683042109012603,0.0355628244578838,0.0826260894536972,0.0217242781072855,0.0698159262537956,0.056264791637659,0.0322588570415973,0.0236839894205331,0.0158242490142583,0.0436247549951076,0.0361941196024417
0.0133039224892854,0.0741605162620544,0.0064288140274584,0.0145261902362108,0.0805160924792289,0.0555415488779544,0.0300910305231809,0.006869594566524,0.0088043557479977,0.0120450919494032,0.0354979671537876,0.0825578719377517,0.0217590853571891,0.0219633914530277,0.0371844768524169,0.0322740748524665,0.0236582066863775,0.0158815570175647,0.0105569884181022,0.0891856551170349
0.074021466076374,0.0750088989734649,0.0065590501762926,0.0101751126348972,0.0470898300409317,0.0826492831110954,0.030395895242691,0.0069740670733153,0.0086658848449587,0.0395367369055748,0.0613357834517955,0.0834671705961227,0.021893823519349,0.0211683697998523,0.0286090150475502,0.0605172775685787,0.0239347387105226,0.0158304199576377,0.0109284641221165,0.0275891218334436
0.0135046979412436,0.2817547023296356,0.0063535016961395,0.0102793723344802,0.047086663544178,0.0555968023836612,0.1121504977345466,0.0069691706448793,0.0086794178932905,0.0394360609352588,0.0359495803713798,0.2836297452449798,0.0217361412942409,0.0212014317512512,0.0284741390496492,0.032417245209217,0.0930034890770912,0.0158014055341482,0.0108509641140699,0.0277030933648347
0.1680195480585098,0.0783487930893898,0.0073806978762149,0.0135974194854497,0.0598256066441535,0.0944934412837028,0.031876653432846,0.0074526676908135,0.0080705676227808,0.0708934217691421,0.1061621010303497,0.086786575615406,0.0242919269949197,0.0212891735136508,0.059057243168354,0.0745269060134887,0.0251188855618238,0.0173948183655738,0.0101154753938317,0.0363337099552154
0.0132124656811356,0.0766438916325569,0.044095292687416,0.013472506776452,0.06019963696599,0.054934911429882,0.0310596693307161,0.0040207747370004,0.0080856075510382,0.0715193152427673,0.0347867272794246,0.0852104127407074,0.0550144203007221,0.021393472328782,0.0595264881849288,0.0315190404653549,0.0244775433093309,0.0477989576756954,0.0102772014215588,0.0365243554115295
0.0131553187966346,0.076528824865818,0.007526830304414,0.0373891480267047,0.0602157302200794,0.0548078753054142,0.0310247913002967,0.007437091320753,0.0558804422616958,0.0715133622288703,0.0347068421542644,0.0850833654403686,0.025150628760457,0.0693019926548004,0.0594956502318382,0.0314187444746494,0.0244451891630888,0.0184032842516899,0.0436930768191814,0.0364973731338977
0.0131701193749904,0.076573297381401,0.0075117074884474,0.013448966667056,0.0804720297455787,0.0550084933638572,0.0310678798705339,0.007413578685373,0.0080925663933157,0.0138307763263583,0.0347308069467544,0.0851852968335151,0.025104159489274,0.0214250013232231,0.0394163876771926,0.0314704105257988,0.024446403607726,0.0183559358119964,0.0102812573313713,0.0890150219202041
0.0645347833633422,0.0774160847067833,0.0076388739980757,0.0101103987544775,0.0477402731776237,0.0774891301989555,0.0313582904636859,0.0075040129013359,0.008326418697834,0.0430442579090595,0.0573110729455947,0.0860285088419914,0.0253497585654258,0.0208448134362697,0.0324960872530937,0.0563412606716156,0.024721061810851,0.018453249707818,0.0106293158605694,0.028019281104207
0.0132715944200754,0.2595492601394653,0.0074770436622202,0.0102176805958151,0.0477904565632343,0.0550332739949226,0.1032334491610527,0.0075059137307107,0.0083072753623127,0.0430254004895687,0.035126507282257,0.26242196559906,0.025166068226099,0.020902682095766,0.032420590519905,0.0316575467586517,0.0855327621102333,0.0183665938675403,0.0105243297293782,0.0281852204352617
0.1637304425239563,0.0668452978134155,0.0096778636798262,0.0119790518656373,0.060394711792469,0.0909230560064315,0.0271399095654487,0.0089500527828931,0.0074159591458737,0.0762293264269828,0.1073303744196891,0.0739670470356941,0.0315965078771114,0.0208508186042308,0.0643204152584075,0.0751881599426269,0.0214265920221805,0.022776274010539,0.0098546035587787,0.0369724780321121
0.0148932226002216,0.3035665452480316,0.0096623506397008,0.0120452251285314,0.0607858709990978,0.0589507333934307,0.1277160048484802,0.0089958263561129,0.007368242368102,0.0762559175491333,0.036269873380661,0.3016134202480316,0.0322255752980709,0.020980967208743,0.0642056167125701,0.0323965214192867,0.0998034998774528,0.0235956590622663,0.0098431147634983,0.037452358752489
0.0149198900908231,0.0656623393297195,0.045635025948286,0.0118711506947875,0.060752909630537,0.059371069073677,0.0264981426298618,0.0031188372522592,0.0074947564862668,0.0769169330596923,0.0359408035874366,0.0727621242403984,0.0482613109052181,0.0209593418985605,0.0648213773965835,0.0322312489151954,0.0209828279912471,0.0426193177700042,0.010022691451013,0.037176564335823
0.014941188506782,0.0656278878450393,0.0098245646804571,0.011838742531836,0.080947145819664,0.0594425685703754,0.0265148133039474,0.008960279636085,0.0075020994991064,0.0177778415381908,0.0359477922320365,0.0727892741560936,0.0324307605624198,0.0209466163069009,0.0430558510124683,0.0322451256215572,0.0209651198238134,0.0237958543002605,0.0100366417318582,0.0890643969178199
0.0652892738580703,0.066298633813858,0.0099929915741086,0.0091334804892539,0.0455535911023616,0.0816968008875846,0.0267494618892669,0.0090670380741357,0.0090158702805638,0.0418506003916263,0.0601164102554321,0.0734447017312049,0.032750342041254,0.0205075461417436,0.0317758731544017,0.059019137173891,0.0211994815617799,0.0239177457988262,0.0103270700201392,0.0266748182475566
0.0149528933688998,0.2611606121063232,0.0097678834572434,0.0092309769243001,0.0455809012055397,0.0595543459057807,0.1038166135549545,0.0090594943612813,0.009007029235363,0.0417567528784275,0.0363268256187438,0.2624894380569458,0.0325024500489234,0.0205740462988615,0.031684823334217,0.0324178785085678,0.0862277224659919,0.023792777210474,0.0102492598816752,0.0268483906984329
0.1709678620100021,0.0772735700011253,0.0066413977183401,0.0128675391897559,0.0617403872311115,0.0967622846364975,0.0319668129086494,0.006477671675384,0.0073020658455789,0.0735046938061714,0.1070099025964737,0.0868204310536384,0.0216476712375879,0.0211866255849599,0.0621033534407615,0.0755229517817497,0.024559661746025,0.0155207067728042,0.0105296885594725,0.0382210835814476
0.0142497858032584,0.3144346177577972,0.0066391774453222,0.0129236653447151,0.0621482245624065,0.0542802400887012,0.1322506815195083,0.0064679672941565,0.0072314301505684,0.0735608786344528,0.0359189137816429,0.3141386806964874,0.0223071910440921,0.021343545988202,0.062041986733675,0.0326678901910781,0.1030800715088844,0.0163581389933824,0.010559132322669,0.0386786758899688
0.0135539127513766,0.0757379382848739,0.0435835681855678,0.0127779534086585,0.0621671378612518,0.0545144118368625,0.0312297698110342,0.0047625433653593,0.0073085064068436,0.0742773935198783,0.0356186255812644,0.0854238867759704,0.0574303194880485,0.0213090367615222,0.0626934319734573,0.0325051434338092,0.023959869518876,0.049582228064537,0.0106869023293256,0.0384459495544433
0.0133678652346134,0.0757035762071609,0.0067648976109921,0.0367137789726257,0.0621968321502208,0.0544584728777408,0.0312373656779527,0.0064413608051836,0.0579058602452278,0.0742356702685356,0.0355064682662487,0.0853839963674545,0.0224819183349609,0.0692540258169174,0.0626419112086296,0.0324571020901203,0.0239408034831285,0.0165176503360271,0.0446527488529682,0.0384143851697444
0.0134183568879961,0.0756931155920028,0.0067833694629371,0.0127564305439591,0.0824696943163871,0.0544539541006088,0.0312507897615432,0.0064441431313753,0.0073074749670922,0.0162994042038917,0.035555575042963,0.0854372903704643,0.0225060824304819,0.021319780498743,0.0424527153372764,0.0324549488723278,0.0239426624029874,0.0165465138852596,0.0107126981019973,0.0910011008381843
0.079239010810852,0.0762930139899253,0.006914235651493,0.0097516681998968,0.0454691909253597,0.0843348875641822,0.0314323268830776,0.0065106772817671,0.0092429686337709,0.036616563796997,0.0626554042100906,0.0860360860824585,0.0226301308721303,0.0207932349294424,0.0267273243516683,0.061954490840435,0.0241356436163187,0.0165069922804832,0.0111077912151813,0.0273507740348577
0.1628182083368301,0.0591720417141914,0.0102294236421585,0.0102324075996875,0.0580631084740161,0.0903687551617622,0.0245908200740814,0.0081524774432182,0.0086839869618415,0.0808628946542739,0.1112734526395797,0.0669462233781814,0.0327234975993633,0.0213622339069843,0.0702979862689971,0.0786167606711387,0.0187233537435531,0.0237925574183464,0.0106919184327125,0.0369680002331733
0.0166015066206455,0.2958624958992004,0.010200017131865,0.0102811800315976,0.0584876388311386,0.0657562315464019,0.1247839108109474,0.0081821139901876,0.0087036928161978,0.0809593945741653,0.0403863936662673,0.2942962646484375,0.0333381593227386,0.0214639604091644,0.0702724382281303,0.0360551625490188,0.0970986112952232,0.0246274434030056,0.0107144629582762,0.0375934205949306
0.0166555494070053,0.0584860444068908,0.0458806864917278,0.0101675679907202,0.0584428533911705,0.0658807530999183,0.0242377333343029,0.0035536042414605,0.0087433401495218,0.0817477703094482,0.0400511361658573,0.0661683678627014,0.0470181033015251,0.021412543952465,0.0709588453173637,0.0358292162418365,0.0184559263288974,0.0415270589292049,0.0108288116753101,0.0372227691113948
0.0166412144899368,0.0584928169846534,0.0103471977636218,0.034016977995634,0.0584781169891357,0.0658391118049621,0.0242586880922317,0.0081543512642383,0.0628688186407089,0.0817407965660095,0.0399102345108985,0.0661645978689193,0.0335382781922817,0.0694771409034729,0.0709546878933906,0.0357139073312282,0.0184483546763658,0.024794828146696,0.0453693158924579,0.0371841639280319
0.0167007278650999,0.0584881678223609,0.010372064076364,0.0101492712274193,0.0786092877388,0.0660593062639236,0.0242950022220611,0.0081447819247841,0.0087461387738585,0.0259755793958902,0.0399593412876129,0.0662343353033065,0.0335604697465896,0.0214287657290697,0.050305712968111,0.0357683673501014,0.0184439588338136,0.024817481637001,0.0108048040419816,0.088459238409996
0.0167141035199165,0.2209406793117523,0.0103524895384907,0.009319425560534,0.0430166088044643,0.0664784610271453,0.0880078002810478,0.0082406997680664,0.0101547827944159,0.0445567294955253,0.0404293909668922,0.2237839996814727,0.0336999744176864,0.0214530564844608,0.036619909107685,0.0361105389893054,0.0725564584136009,0.024922864511609,0.0109941214323043,0.0265329647809267
0.1719550192356109,0.077894277870655,0.006027668248862,0.0132322404533624,0.0629202350974083,0.097582072019577,0.032201811671257,0.0060790334828197,0.007338267751038,0.072938859462738,0.107024610042572,0.0875100865960121,0.0198653563857078,0.0211126059293746,0.0612544454634189,0.07559784501791,0.0247688964009284,0.0142239267006516,0.010464547201991,0.0388181284070014
0.0143184382468461,0.3151671886444092,0.0060899849049746,0.0132930306717753,0.0632782950997352,0.0536304861307144,0.132526621222496,0.0060456851497292,0.0072647351771593,0.0728808045387268,0.0358040556311607,0.3148680925369262,0.0205356702208518,0.0212402716279029,0.0610804408788681,0.0326097682118415,0.1033722609281539,0.0150655070319771,0.0105028180405497,0.0392513610422611
0.0136205805465579,0.0764844790101051,0.0432230606675148,0.0131154200062155,0.0633264034986496,0.0539449043571949,0.0315057523548603,0.0050871190614998,0.0073476289398968,0.0735866799950599,0.0355577655136585,0.0862176567316055,0.059121549129486,0.0212135389447212,0.0617277137935161,0.032484121620655,0.0242144614458084,0.050868522375822,0.0106288343667984,0.039032943546772
0.0134523389860987,0.076290488243103,0.0062065431848168,0.0370748564600944,0.0633507519960403,0.0539684146642684,0.0314646176993846,0.0060276123695075,0.0571570470929145,0.0735285654664039,0.0354416631162166,0.0860475897789001,0.0207045339047908,0.069145955145359,0.0616781488060951,0.0324611887335777,0.0241349935531616,0.0152244204655289,0.0445282272994518,0.0389905646443367
0.0134608093649148,0.0763655006885528,0.0062094675377011,0.0131065584719181,0.0835953429341316,0.0538116954267025,0.0315374098718166,0.0060441447421908,0.0073424600996077,0.0148196639493107,0.0354908145964145,0.0861628428101539,0.0207038912922143,0.0212261024862527,0.0413593649864196,0.0324359461665153,0.0241628754884004,0.0152157424017786,0.0106408298015594,0.0917631164193153
0.0781865119934082,0.0771429464221,0.0063537736423313,0.0098992865532636,0.0475409105420112,0.0833641737699508,0.0317854881286621,0.0061002895236015,0.008906110189855,0.0381605774164199,0.0619619451463222,0.0869572982192039,0.0208344124257564,0.0206494182348251,0.0277727153152227,0.0613307654857635,0.0244079213589429,0.0151839265599846,0.0110486792400479,0.0285955034196376
0.1668262630701065,0.0792183950543403,0.0078798094764351,0.0131235783919692,0.0609267689287662,0.0935430377721786,0.0322869159281253,0.0081394203007221,0.0077783674933016,0.0724501982331276,0.106299489736557,0.087889663875103,0.0259982980787754,0.0201481375843286,0.0602695792913436,0.0745760425925254,0.0253676585853099,0.018587052822113,0.0096284188330173,0.0368962101638317
0.01349872443825,0.0777284502983093,0.0444651655852794,0.0130103817209601,0.0612983964383602,0.0558736138045787,0.0315249487757682,0.0035630627535283,0.007769554387778,0.0731452330946922,0.0349660702049732,0.0865188688039779,0.0534257404506206,0.0202815495431423,0.0607772395014762,0.0315909944474697,0.0248173791915178,0.0466266050934791,0.0097796861082315,0.0371068716049194
0.0133918458595871,0.0776905044913292,0.0080299852415919,0.0369509011507034,0.0613425858318805,0.0559130012989044,0.031535055488348,0.0080983191728591,0.0555148348212242,0.0731137916445732,0.0348767377436161,0.0864447951316833,0.0268840137869119,0.0681902766227722,0.0607508569955825,0.0315493755042552,0.0247862990945577,0.0196035560220479,0.0434766113758087,0.0370849482715129
0.0134764807298779,0.0776236280798912,0.0080012762919068,0.0129873482510447,0.0815918445587158,0.0559915751218795,0.031531922519207,0.0080884788185358,0.0077554737217724,0.0138565301895141,0.034935999661684,0.0864573419094085,0.0268414337188005,0.0202965792268514,0.0397100709378719,0.0315519385039806,0.0247581917792558,0.0195907223969697,0.009794196113944,0.0895474329590797
0.0622265078127384,0.0784708932042121,0.0081422990188002,0.0098057966679334,0.0490294843912124,0.0771321654319763,0.0318257436156272,0.0082056885585188,0.007685215678066,0.0449220053851604,0.0570022389292717,0.0873451679944992,0.0271004159003496,0.0197468660771846,0.0340181477367877,0.0559098422527313,0.0250545162707567,0.0196858588606119,0.0101202372461557,0.0286581255495548
0.0134805655106902,0.2566771507263183,0.0079646883532404,0.0099137444049119,0.0490447245538234,0.0560662560164928,0.1021107584238052,0.008193327113986,0.0077005964703857,0.0449082143604755,0.0353301875293254,0.2598574161529541,0.0269087646156549,0.019800966605544,0.0339613631367683,0.0317635908722877,0.0845604389905929,0.0195925030857324,0.0100325448438525,0.0288170482963323
0.1638803035020828,0.0630038380622863,0.0100012943148612,0.01052410248667,0.0599769800901412,0.0910575240850448,0.0261233747005462,0.0083915879949927,0.0076908431947231,0.0801185891032219,0.1101326271891594,0.0710360258817672,0.0321941412985324,0.0205592699348926,0.0690676569938659,0.077654518187046,0.0199668835848569,0.0233391486108303,0.0102191539481282,0.0377445258200168
0.0158607829362154,0.2995741665363312,0.0099840722978115,0.0105760395526885,0.0603781975805759,0.0632407814264297,0.126266673207283,0.0084179425612092,0.0077103269286453,0.0801547542214393,0.0391596779227256,0.2982257306575775,0.0328367836773395,0.0206497609615325,0.0689917728304863,0.0350289568305015,0.0983016937971115,0.0241941381245851,0.0102441748604178,0.0383233875036239
0.0157919246703386,0.0621606595814228,0.0457731150090694,0.0104525033384561,0.0603772029280662,0.063480868935585,0.0256948582828044,0.0033954579848796,0.0077545889653265,0.080891229212284,0.0387449599802494,0.0701547265052795,0.0475441217422485,0.0206167716532945,0.0696406215429306,0.0347818657755851,0.0196483060717582,0.0419810749590396,0.0103562073782086,0.0380078963935375
0.0157735366374254,0.0619486086070537,0.0101294200867414,0.0343324951827526,0.0603850670158863,0.0634575933218002,0.0255895406007766,0.0084091927856206,0.0612834393978118,0.0808839201927185,0.0387665294110775,0.0699354037642479,0.0330460667610168,0.0686395913362503,0.0696247443556785,0.0347704999148845,0.019576046615839,0.0243640970438718,0.0449240766465663,0.0379569567739963
0.0598724484443664,0.0625918731093406,0.0103157144039869,0.009083243086934,0.044322770088911,0.0823632553219795,0.0258266367018222,0.0085044680163264,0.0094280960038304,0.0428354069590568,0.0604711361229419,0.0706123113632202,0.033394020050764,0.0204815715551376,0.0342520959675312,0.0589946322143077,0.0197663009166717,0.0245352834463119,0.0106308395043015,0.0267816632986068
0.0157833397388458,0.2379499971866607,0.0101181138306856,0.0091778663918375,0.0443924590945243,0.06381756067276,0.0947962999343872,0.0085056405514478,0.0094358446076512,0.0428218655288219,0.0391789674758911,0.2406407594680786,0.0332025364041328,0.02054213732481,0.0342062786221504,0.0350193940103054,0.0782528817653656,0.0244489461183547,0.0105856610462069,0.0270514115691185
0.1694201827049255,0.0776608288288116,0.0070504709146916,0.0135402781888842,0.0615588016808033,0.0957438722252845,0.0317410193383693,0.0073661496862769,0.0078272940590977,0.0717481672763824,0.1058114543557167,0.086387425661087,0.0232916083186864,0.021089045330882,0.0597579553723335,0.0743627324700355,0.0248399153351783,0.0166304688900709,0.0101661691442132,0.0375052727758884
0.0134798707440495,0.3148618936538696,0.0070451223291456,0.0135987214744091,0.0619271583855152,0.0531191565096378,0.1323474794626236,0.0073956912383437,0.0077310889028012,0.0717899426817894,0.0346358083188533,0.3140373229980469,0.0239363051950931,0.0212152916938066,0.0596732795238494,0.0313644371926784,0.1033755615353584,0.0174275934696197,0.0101613467559218,0.0379089973866939
0.0129188271239399,0.076213389635086,0.0071733994409441,0.0373661257326602,0.0619507692754268,0.0534772984683513,0.031031584367156,0.0073693739250302,0.056041844189167,0.0723566859960556,0.0343188494443893,0.0850603580474853,0.0241322610527277,0.0691204890608787,0.0601898320019245,0.0312040112912654,0.0242678932845592,0.0176287554204463,0.043886836618185,0.0376589782536029
0.0128263467922806,0.0759775713086128,0.007175285834819,0.0133817410096526,0.0822409614920616,0.0534290745854377,0.0309672765433788,0.007357136812061,0.007836970500648,0.0136040234938263,0.0343015789985656,0.0848671495914459,0.0241158474236726,0.0212226454168558,0.0397043824195861,0.0311980191618204,0.0241910777986049,0.0176167003810405,0.0103258369490504,0.0903539881110191
0.0677488595247268,0.0768874436616897,0.0073157958686351,0.0100985029712319,0.048914723098278,0.0777845084667205,0.0312873199582099,0.0074581946246325,0.0082842353731393,0.0427326187491416,0.057675514370203,0.0858119502663612,0.0243458375334739,0.0206569787114858,0.0319687873125076,0.0568552464246749,0.0244995728135108,0.0176567658782005,0.0106999445706605,0.0288866255432367
0.0130322417244315,0.2644578218460083,0.0071241208352148,0.0101963439956307,0.0489379204809665,0.0535087957978248,0.1053202450275421,0.0074598724022507,0.0082922503352165,0.0426976978778839,0.0347154550254344,0.2673621475696563,0.024181704968214,0.0207087490707635,0.0318931564688682,0.0313653014600276,0.0871234312653541,0.0176128204911947,0.0106149958446621,0.0290373750030994
0.014716881327331,0.3057814538478851,0.0103058172389864,0.0107026640325784,0.0628499835729599,0.0590652637183666,0.1287525445222854,0.0094343125820159,0.0069808135740458,0.080818735063076,0.036396287381649,0.3044045269489288,0.0342298001050949,0.0197704285383224,0.0687680169939994,0.0325782038271427,0.1003918126225471,0.0250688008964061,0.0096915485337376,0.0392606891691684
0.0148191461339592,0.0661700591444969,0.0460831969976425,0.0105726812034845,0.0628310143947601,0.0594712309539318,0.027122551575303,0.002976803574711,0.0070452718064188,0.0815993994474411,0.0361123159527778,0.0742550045251846,0.0464758351445198,0.0197381488978862,0.0694525241851806,0.0324612334370613,0.021002285182476,0.0412600040435791,0.0097987698391079,0.0389488004148006
0.0147065436467528,0.0660712122917175,0.0104557489976286,0.0344459861516952,0.0628470107913017,0.0594877116382122,0.0270915701985359,0.0094019239768385,0.0597916543483734,0.0815927982330322,0.0361008755862712,0.0741188675165176,0.0344710499048233,0.0677319318056106,0.0694431066513061,0.0324746333062648,0.0209611132740974,0.0253021195530891,0.0443276725709438,0.0389189422130584
0.0147048011422157,0.066006951034069,0.0104389311745762,0.0105367256328463,0.0829503163695335,0.0593183897435665,0.0270691439509391,0.009396456182003,0.0070429104380309,0.0219039283692836,0.0360896848142147,0.0741396695375442,0.0344415381550788,0.0197217427194118,0.0468676201999187,0.0324223451316356,0.0209304839372634,0.0252825748175382,0.0097867073491215,0.0905971527099609
0.0562687292695045,0.0667042434215545,0.0106310881674289,0.0089512728154659,0.0483762994408607,0.0772794485092163,0.0273154024034738,0.0095038674771785,0.0084997173398733,0.0474410131573677,0.0567280277609825,0.0748234167695045,0.0348302461206913,0.0195359569042921,0.037559900432825,0.0553937964141368,0.0211781542748212,0.0254758838564157,0.0100741377100348,0.0288222841918468
0.0149212516844272,0.2331423312425613,0.0104338591918349,0.0090381503105163,0.0484035722911357,0.0598097667098045,0.0928509086370468,0.0095101092010736,0.0085377776995301,0.0474440902471542,0.036542110145092,0.2361764907836914,0.0346011817455291,0.0195887964218854,0.0375260785222053,0.0326906032860279,0.0766591057181358,0.0253615714609622,0.0100268078967928,0.0290406700223684
0.1724901795387268,0.0781164690852165,0.006172526627779,0.0131910825148224,0.0633274987339973,0.0983328521251678,0.0323255248367786,0.0062463632784783,0.007283077109605,0.0725158154964447,0.1064319908618927,0.0878422707319259,0.020368069410324,0.0208283811807632,0.0608649216592311,0.0752355083823204,0.0248187109827995,0.0145740564912557,0.0103507163003087,0.0391056686639785
0.0143105359748005,0.315447062253952,0.0062448401004076,0.0132611533626914,0.0637422278523445,0.0523931384086608,0.1326557397842407,0.0062283957377076,0.0072066891007125,0.0725665912032127,0.0353018268942832,0.3152856826782226,0.0210428964346647,0.0209597554057836,0.0607778541743755,0.032215766608715,0.1033814549446106,0.0154041470959782,0.0103674326092004,0.0395355969667434
0.0136323310434818,0.0766038596630096,0.0433346033096313,0.0130967227742075,0.0637548640370369,0.0528036169707775,0.0316190309822559,0.0049540498293936,0.0072834426537156,0.0732570216059684,0.035090584307909,0.086463414132595,0.0586553029716014,0.0209526065737009,0.0614124871790409,0.0321334637701511,0.0242307055741548,0.0505126826465129,0.010524415411055,0.0393485687673091
0.0133880442008376,0.0765490382909774,0.0063520125113427,0.0370194613933563,0.0637782588601112,0.0526074692606925,0.0316006243228912,0.0062060575000941,0.0569370500743389,0.0732180178165435,0.0349676348268985,0.0864235311746597,0.0212157629430294,0.0688702538609504,0.0613602362573146,0.0320393107831478,0.0242163501679897,0.0155898621305823,0.044440321624279,0.0392995364964008
0.0134471133351325,0.0765554159879684,0.0063637131825089,0.013074655085802,0.084045760333538,0.0527708828449249,0.0316283069550991,0.0062116454355418,0.0072567723691463,0.0145277027040719,0.0350326858460903,0.0864732265472412,0.0212157536298036,0.0209581311792135,0.0412117913365364,0.0321009531617164,0.0242181178182363,0.0155828511342406,0.010519484989345,0.0921831727027893
0.0790749192237854,0.0771734789013862,0.0064966869540512,0.0098412977531552,0.0480381809175014,0.0829976424574852,0.0317967049777507,0.0062650474719703,0.0087323132902383,0.0380575805902481,0.0615594200789928,0.0871234089136123,0.0213478486984968,0.0203757230192422,0.0275881402194499,0.0609669052064418,0.0244070757180452,0.015560096129775,0.0109341461211442,0.0290070660412311
0.0162975508719682,0.307964414358139,0.0104171894490718,0.0107669923454523,0.0593187250196933,0.0642375648021698,0.1295787394046783,0.0094999931752681,0.0067181480117142,0.078048825263977,0.0390418991446495,0.3066785037517547,0.0346020944416523,0.0193527694791555,0.0665833353996276,0.0347892567515373,0.1011131778359413,0.0253568589687347,0.0093905432149767,0.0371771194040775
0.0165820512920618,0.0680141523480415,0.0461822636425495,0.0106277866289019,0.0593125894665718,0.0645354241132736,0.0277952346950769,0.0029598167166113,0.0067938934080302,0.0788518115878105,0.0387312024831771,0.0762225091457367,0.0461080372333526,0.0193251818418502,0.0673036053776741,0.0346027798950672,0.0216024611145257,0.0409596748650074,0.0095184352248907,0.0368822291493415
0.0165562331676483,0.0680238828063011,0.0105696460232138,0.0345301106572151,0.0593284033238887,0.0644103661179542,0.0278378427028656,0.009485438466072,0.0590213425457477,0.0788497775793075,0.0385942198336124,0.0762082859873771,0.0348269939422607,0.0672879964113235,0.0672965347766876,0.0345230586826801,0.0215986277908086,0.0255706682801246,0.0440372675657272,0.0368544422090053
0.0165588539093732,0.0680144727230072,0.0105638271197676,0.0105966255068779,0.0794922187924385,0.0645448192954063,0.0278387535363435,0.0094964168965816,0.0067902263253927,0.0214166305959224,0.038671962916851,0.0762523338198661,0.0348289050161838,0.019307667389512,0.0461159758269786,0.034556794911623,0.0215907525271177,0.0255837999284267,0.0095066055655479,0.0885068476200103
0.0546726509928703,0.0686525925993919,0.010733519680798,0.0088480254635214,0.0452142320573329,0.0811736658215522,0.0280533973127603,0.0096073392778635,0.0081351464614272,0.0454328060150146,0.059116318821907,0.0769000127911567,0.0352233164012432,0.0190839357674121,0.0362085998058319,0.0574790053069591,0.0217940043658018,0.0257708113640546,0.0097816195338964,0.02694021910429
0.0166706796735525,0.2347215712070465,0.0105414846912026,0.0089398911222815,0.0452664270997047,0.0649040341377258,0.0934601202607154,0.0096018966287374,0.0081247203052043,0.0454655326902866,0.0391431488096714,0.2378505170345306,0.0349958091974258,0.0191321503371,0.0361976325511932,0.0348523408174514,0.0771857947111129,0.025669764727354,0.0097200954332947,0.0271493699401617
0.1633600443601608,0.0626516789197921,0.0101745212450623,0.0103935208171606,0.0606358498334884,0.0910440012812614,0.0259507466107606,0.0085764406248927,0.0077295531518757,0.0810361579060554,0.1096080541610717,0.0705422088503837,0.0327969044446945,0.020476795732975,0.0698060765862464,0.0772574469447135,0.0198820307850837,0.0237578172236681,0.0101826637983322,0.038131084293127
0.0157177206128835,0.2993452250957489,0.0101603521034121,0.0104575455188751,0.0610274299979209,0.0626670718193054,0.1261885017156601,0.0086171887814998,0.0077604833059012,0.0810327380895614,0.0387549251317977,0.2979010641574859,0.0334182232618331,0.0205898955464363,0.0697008520364761,0.0346317030489444,0.0982467085123062,0.0246190316975116,0.0102166952565312,0.0386993922293186
0.0157901924103498,0.0617148540914058,0.0459075681865215,0.0103171318769454,0.0610063783824443,0.0631338283419609,0.0254416521638631,0.0033124149776995,0.0078018065541982,0.0817818045616149,0.0384464748203754,0.0695991441607475,0.0470549240708351,0.0205407291650772,0.070354126393795,0.0344896242022514,0.0195097588002681,0.0416083894670009,0.010327092371881,0.038351759314537
0.0157834347337484,0.0616803541779518,0.0103148315101861,0.0341889224946498,0.0610268488526344,0.0631472393870353,0.0254436135292053,0.0085789170116186,0.0614236779510974,0.0817798599600792,0.0383284464478492,0.0695636868476867,0.0336276851594448,0.0685683861374855,0.070333145558834,0.0343856550753116,0.0195064414292573,0.0247931778430938,0.0449089594185352,0.0383177511394023
0.0564290918409824,0.0622264333069324,0.0104815671220421,0.0090883411467075,0.0457159243524074,0.0806386992335319,0.0256556384265422,0.0086770495399832,0.0093453517183661,0.0453273653984069,0.0589369423687458,0.0701631531119346,0.0339847654104232,0.0204323157668113,0.0365104153752327,0.0573801584541797,0.0196834951639175,0.0249820873141288,0.010580557398498,0.0276294648647308
0.015854638069868,0.2283760607242584,0.0103125097230076,0.0091777080669999,0.045781098306179,0.0634870156645774,0.0909713059663772,0.0086884684860706,0.0093669593334198,0.0453365109860897,0.0387820750474929,0.2312326729297638,0.0337838381528854,0.020493121817708,0.0364799685776233,0.0346768945455551,0.0750571712851524,0.0249081496149301,0.0105389133095741,0.0278880503028631
0.1621653884649276,0.0561345480382442,0.0110588781535625,0.0099701462313532,0.0584429465234279,0.0900212079286575,0.0233446285128593,0.0085265347734093,0.008826351724565,0.0815552547574043,0.1109234988689422,0.0634774640202522,0.0352315790951252,0.0212879814207553,0.0709769651293754,0.0782429501414299,0.0177555624395608,0.0256554689258337,0.0105785559862852,0.0372782908380031
0.0167723074555397,0.2923232614994049,0.0110330199822783,0.0100262491032481,0.0588377155363559,0.0655503496527671,0.1233690902590751,0.0085355946794152,0.008864227682352,0.0815944671630859,0.0399363115429878,0.2904839515686035,0.0358245223760604,0.0213824026286602,0.0708835944533348,0.0356389097869396,0.0959708392620086,0.0265115927904844,0.0106195136904716,0.0378933027386665
0.0168897677212953,0.0555149391293525,0.0464385375380516,0.0099216774106025,0.0588016994297504,0.0658907890319824,0.0229875706136226,0.0033361543901264,0.0088833719491958,0.0823566988110542,0.0396016724407672,0.062782272696495,0.0447191148996353,0.0213336125016212,0.0715609192848205,0.0353934541344642,0.0175116304308176,0.0397327318787574,0.01071307528764,0.0374857038259506
0.0168101582676172,0.055446907877922,0.0111862225458025,0.0337400250136852,0.0588062107563018,0.0657233968377113,0.0229829903692007,0.0085228597745299,0.0631166100502014,0.0823504626750946,0.0395035110414028,0.0626902505755424,0.0360782407224178,0.0693795382976532,0.0715454965829849,0.0353169590234756,0.0174869950860738,0.0267080962657928,0.0452941209077835,0.0374512262642383
0.0167389344424009,0.0553821101784706,0.0111938593909144,0.0099026160314679,0.0789616703987121,0.0657813176512718,0.0229922961443662,0.0085308980196714,0.0089022936299443,0.0264393780380487,0.0395353473722934,0.0627193003892898,0.0361053496599197,0.0213370844721794,0.0507777705788612,0.0353295169770717,0.0174630507826805,0.02672965452075,0.0107081998139619,0.0887209326028823
0.0168517660349607,0.2134998887777328,0.011183863505721,0.0091530233621597,0.0435623675584793,0.0662114322185516,0.0851066038012504,0.0086243608966469,0.0102019216865301,0.0455265790224075,0.0400283522903919,0.2161692976951599,0.0362507551908493,0.0213850028812885,0.0375750251114368,0.0356932394206523,0.0701053217053413,0.0268304925411939,0.0108758378773927,0.0269558504223823
0.1732436269521713,0.077651672065258,0.0053232409991323,0.0144418170675635,0.0614811778068542,0.0988628566265106,0.0319856852293014,0.0060309125110507,0.0082781119272112,0.0700956881046295,0.1057338938117027,0.0870257690548896,0.0178216062486171,0.0221898611634969,0.0580936782062053,0.0746462643146514,0.0247408878058195,0.0126570686697959,0.0106945112347602,0.0373881682753562
0.0142142316326498,0.3148980736732483,0.0054004294797778,0.0144991809502244,0.0618578158318996,0.0509439334273338,0.1323802024126052,0.006044091656804,0.0081796888262033,0.0700572058558464,0.0344690009951591,0.3145239949226379,0.0185258332639932,0.0223190151154994,0.0579577088356018,0.0315063782036304,0.1032567471265792,0.0134646324440836,0.0106996204704046,0.0377831384539604
0.0132033033296465,0.0761846899986267,0.005513007286936,0.0382441841065883,0.0618934854865074,0.0510689616203308,0.0313008725643157,0.0060555227100849,0.0557624027132988,0.0706004872918129,0.0342115685343742,0.0856531411409378,0.0186968352645635,0.0701580196619033,0.0584428682923316,0.0313698388636112,0.0241642836481332,0.0136484298855066,0.0441343784332275,0.0375399217009544
0.0132377296686172,0.0761396735906601,0.0054881209507584,0.0142767056822776,0.0821950882673263,0.0512084886431694,0.0313174463808536,0.0060109132900834,0.0082611981779336,0.0124441431835293,0.0341703407466411,0.0856748074293136,0.0186875406652688,0.0223161559551954,0.0385181754827499,0.0313530787825584,0.0241316799074411,0.0136388875544071,0.0108963651582598,0.0904325470328331
0.076861135661602,0.0767004862427711,0.0056300531141459,0.0104039590805768,0.048115074634552,0.080593928694725,0.0314707085490226,0.0060926829464733,0.0089269252493977,0.0400497764348983,0.0597162917256355,0.08622707426548,0.0187481883913278,0.0215814933180809,0.0291331391781568,0.0592111684381961,0.0243133567273616,0.0135616809129714,0.0112840319052338,0.028424359858036
0.0134328454732894,0.2813217639923095,0.0054474920034408,0.0105085559189319,0.0481529235839843,0.0509474277496337,0.1121101081371307,0.0060741086490452,0.0089529706165194,0.0399661846458911,0.0345138646662235,0.2841545045375824,0.0186387281864881,0.0216324646025896,0.0290187392383813,0.0314275361597538,0.0926948860287666,0.0135589372366666,0.0112241553142666,0.0285523012280464
0.1725215911865234,0.0802466124296188,0.0055323871783912,0.0144015401601791,0.0608100965619087,0.0981819182634353,0.0329764932394027,0.0066154985688626,0.0082850372418761,0.069228246808052,0.1057718843221664,0.0896820500493049,0.0187098272144794,0.0217686276882886,0.0573900490999221,0.074587881565094,0.0255919825285673,0.0132338060066103,0.010542950592935,0.0369966924190521
0.0141151873394846,0.317527174949646,0.0055952635593712,0.0144855286926031,0.0612148270010948,0.051389455795288,0.1334571540355682,0.0066105076111853,0.0081663560122251,0.0692998096346855,0.0345768332481384,0.3171915411949157,0.0194299947470426,0.0219241306185722,0.0573390424251556,0.0315234325826168,0.1041395589709281,0.0140638230368494,0.0105245215818285,0.0374029800295829
0.0130813037976622,0.07846200466156,0.0057156356051564,0.0382315628230571,0.0612283237278461,0.0515831671655178,0.0321396067738533,0.006590714212507,0.0553562045097351,0.0698279291391372,0.03427579626441,0.0880260989069938,0.0195817127823829,0.0697510987520217,0.0578119829297065,0.0313733592629432,0.0249001365154981,0.0142209837213158,0.0440224185585975,0.0371572226285934
0.0130925104022026,0.0784363225102424,0.0057127452455461,0.0142631419003009,0.0815668478608131,0.0514492280781269,0.0321503318846225,0.0065745264291763,0.0082640182226896,0.012579908594489,0.0342380702495574,0.088081769645214,0.0195655617862939,0.0219096224755048,0.0383865647017955,0.0313356295228004,0.0249179806560277,0.0142136858776211,0.0107189379632473,0.0900883898139
0.0746720805764198,0.0788563713431358,0.0058036227710545,0.0103909689933061,0.0477958023548126,0.0795808956027031,0.032278336584568,0.006631267722696,0.0085479253903031,0.0401079580187797,0.0591252446174621,0.0884788632392883,0.0195850599557161,0.0211405102163553,0.0293523296713829,0.0584992915391922,0.0250481273978948,0.0140965236350893,0.011072315275669,0.0282543767243623
0.0131943095475435,0.2788644433021545,0.0056316135451197,0.0104963788762688,0.0478271842002868,0.0512567870318889,0.1111027523875236,0.0066248928196728,0.0085644209757447,0.040050521492958,0.0345074050128459,0.2818558812141418,0.0194875393062829,0.0212118458002805,0.029235303401947,0.0313773863017559,0.091856449842453,0.014106510207057,0.0110048539936542,0.0283722411841154
0.1689664870500564,0.0761733204126358,0.0068037742748856,0.0139552988111972,0.0596166662871837,0.094777226448059,0.0310541559010744,0.0071353469975292,0.0081650763750076,0.0706401020288467,0.1070090159773826,0.084651343524456,0.022461824119091,0.0218959730118513,0.0588589198887348,0.0751498192548751,0.0243420731276273,0.0160032734274864,0.010407704859972,0.0361231341958045
0.0138760237023234,0.3129592537879944,0.0067774839699268,0.0139788491651415,0.0598214976489543,0.0552678108215332,0.1315542161464691,0.0071123139932751,0.0080572757869958,0.0705811381340026,0.0356725044548511,0.3119340538978576,0.0230437330901622,0.0219742506742477,0.0586486235260963,0.0322185382246971,0.1027551367878913,0.0167862270027399,0.0103755388408899,0.0365048348903656
0.0133732110261917,0.074353203177452,0.0069040744565427,0.0377261899411678,0.0598537027835845,0.0555817671120166,0.0302278604358434,0.0071121379733085,0.0559506192803382,0.0711565688252449,0.0353152565658092,0.0829286873340606,0.023227984085679,0.0698264986276626,0.0591670796275138,0.0320549756288528,0.0236870162189006,0.0169760473072528,0.0438573621213436,0.036263708025217
0.0132506713271141,0.0743364840745925,0.0068872109986841,0.0137595143169164,0.0801543742418289,0.0555715523660182,0.030283810570836,0.0070968768559396,0.0081790732219815,0.0137684345245361,0.0353516712784767,0.0829952284693718,0.0232124906033277,0.0219606719911098,0.0392168052494525,0.0320500954985618,0.0236792489886283,0.0169590283185243,0.0105810752138495,0.0888320803642273
0.0714638978242874,0.0750237181782722,0.0070523703470826,0.0100851384922862,0.0462049506604671,0.0814319029450416,0.0305084828287363,0.0071743177250027,0.0088741797953844,0.0403231345117092,0.0604626387357711,0.0836796835064888,0.023415133357048,0.021334009245038,0.0298113748431205,0.0595534406602382,0.0239091664552688,0.0169933773577213,0.0109620876610279,0.0270372163504362
0.0134186604991555,0.2760261595249176,0.0068633053451776,0.0101882088929414,0.0462084114551544,0.055652942508459,0.1098587438464164,0.0071873720735311,0.0088940169662237,0.040295910090208,0.0358297266066074,0.2782740890979767,0.0232624560594558,0.021373976022005,0.0297165103256702,0.0322806350886821,0.0910668298602104,0.0169421453028917,0.0108751207590103,0.0271567814052104
0.1736860126256942,0.0802552253007888,0.0057351207360625,0.0133525095880031,0.0628584697842598,0.0990141481161117,0.0332724936306476,0.0057360641658306,0.0073047801852226,0.0719794705510139,0.1063437685370445,0.0904202610254287,0.0188907533884048,0.0211773589253425,0.060533694922924,0.0751928687095642,0.025471244007349,0.0135220224037766,0.0105823948979377,0.0389478243887424
0.0147087890654802,0.3175327777862549,0.0058253421448171,0.0134123479947447,0.0632690265774726,0.0517679527401924,0.1335116922855377,0.0057538743130862,0.0072454372420907,0.0720639079809188,0.0352122783660888,0.317649245262146,0.0195780061185359,0.0213214457035064,0.0604835078120231,0.0321529917418956,0.1040259972214698,0.0143629116937518,0.0106020020321011,0.0393707267940044
0.0137873394414782,0.0785835087299346,0.0430274419486522,0.0132501283660531,0.0633027404546737,0.0519554950296878,0.0325026325881481,0.0053407405503094,0.0073162135668098,0.0727727189660072,0.0348897837102413,0.0889147892594337,0.0600444376468658,0.0212830193340778,0.0611258037388324,0.032032873481512,0.0248412881046533,0.0515443161129951,0.01074746157974,0.0391793549060821
0.0135933803394436,0.0785323530435562,0.005923671182245,0.0371737368404865,0.0633376836776733,0.0519632175564765,0.0325169712305069,0.0057462039403617,0.0571480095386505,0.0727645605802536,0.0348192118108272,0.0888513997197151,0.0197500586509704,0.0691882893443107,0.0610915422439575,0.0320305936038494,0.0247986428439617,0.0145456455647945,0.0446127131581306,0.0391408838331699
0.0136124892160296,0.0785718262195587,0.0059469924308359,0.013215722516179,0.0836072713136673,0.051877524703741,0.0325546897947788,0.0057323733344674,0.0073119630105793,0.014768136665225,0.0348536223173141,0.0889336988329887,0.0197488032281398,0.0213042646646499,0.0413605421781539,0.0320045836269855,0.0248094927519559,0.0145244682207703,0.0107511561363935,0.0920421928167343
0.0827428922057151,0.0792473629117012,0.0060703512281179,0.0099161602556705,0.0468670912086963,0.0842096805572509,0.0327860936522483,0.0057969507761299,0.0090733291581273,0.0362041965126991,0.0624467395246028,0.0896344110369682,0.0198505967855453,0.0206956602632999,0.0259286072105169,0.0619142204523086,0.0250424109399318,0.0144625473767519,0.0111822383478283,0.0284172911196947
0.1723475903272628,0.0800335630774498,0.0059024165384471,0.0133534064516425,0.0626788064837455,0.0979158282279968,0.0330995917320251,0.0060585807077586,0.0073597123846411,0.0720198228955268,0.1063840612769126,0.0900316089391708,0.0195059664547443,0.0210406016558408,0.0604445934295654,0.0751755312085151,0.0254349503666162,0.0139486966654658,0.0105037624016404,0.0386975593864917
0.0142513262107968,0.3176605701446533,0.0059845536015927,0.0134392995387315,0.0631043687462806,0.0525143891572952,0.1335341930389404,0.006056351121515,0.0072681880556046,0.0721583738923072,0.0352673903107643,0.3176563084125519,0.020225977525115,0.0211716089397668,0.060457345098257,0.032156404107809,0.1041157618165016,0.0148037187755107,0.0104955807328224,0.0391279198229312
0.0134393852204084,0.0786161050200462,0.0431783758103847,0.0132676735520362,0.0631197169423103,0.0527207627892494,0.0324088372290134,0.0050942604430019,0.0073587605729699,0.0728781968355178,0.0350148826837539,0.0887487083673477,0.0594603382050991,0.0211582537740468,0.0610923059284687,0.0320527628064155,0.0248797945678234,0.0511389523744583,0.0106426244601607,0.0389393493533134
0.0133526073768734,0.0785839185118675,0.006097842939198,0.037200316786766,0.063161976635456,0.0526304803788661,0.0324331223964691,0.0060530682094395,0.0568671859800815,0.0728681311011314,0.0349818728864192,0.0887150838971138,0.0203946530818939,0.0690721049904823,0.0610491149127483,0.0320289134979248,0.0248625297099351,0.014984612353146,0.044494442641735,0.03889911621809
0.0132636567577719,0.0785528793931007,0.0061051058582961,0.0132418042048811,0.0834282636642456,0.0528046451508998,0.0324673280119895,0.0060573443770408,0.0073252888396382,0.0145917041227221,0.0349930599331855,0.0887513905763626,0.0203680302947759,0.0211833082139492,0.0411086902022361,0.031991958618164,0.0248488374054431,0.0149456355720758,0.0106500098481774,0.0917556509375572
0.0782976374030113,0.0792829245328903,0.0062308865599334,0.0099961357191205,0.04762938991189,0.0824651792645454,0.0327018089592456,0.0061159431934356,0.0087786857038736,0.0381145104765892,0.0612503141164779,0.0894929394125938,0.0205012504011392,0.0206003002822399,0.0277419164776802,0.0606724545359611,0.0250933971256017,0.0149191580712795,0.0110657382756471,0.0286980886012315
0.1718956977128982,0.0788201615214347,0.0054856901988387,0.0147258313372731,0.0602425038814544,0.0978215411305427,0.0324012078344821,0.0062803723849356,0.0083343423902988,0.0690039172768592,0.104838028550148,0.0882433727383613,0.0183985978364944,0.0229277554899454,0.0574386492371559,0.0737158805131912,0.0250898897647857,0.0130371134728193,0.0111836018040776,0.0367736928164958
0.0134863723069429,0.3163149058818817,0.0055292062461376,0.0147878751158714,0.0605981573462486,0.0503039434552192,0.1329373121261596,0.0062756198458373,0.0082411933690309,0.0690964385867118,0.0336460657417774,0.3158882260322571,0.0190654266625642,0.0230735838413238,0.0573864243924617,0.0306539554148912,0.1037370190024375,0.0138244805857539,0.0111838085576891,0.0371594838798046
0.0126158772036433,0.0774232596158981,0.0056468634866178,0.0385369844734668,0.0606347471475601,0.0503746084868907,0.0317554548382759,0.0062730256468057,0.0562156960368156,0.0696930810809135,0.0333236455917358,0.0869197621941566,0.0192210767418146,0.0709195211529731,0.0579138994216918,0.0304397530853748,0.0245664622634649,0.013974929228425,0.0444850362837314,0.0369317419826984
0.0125923957675695,0.0774856433272361,0.0056478781625628,0.0145649015903472,0.0809903368353843,0.0505977496504783,0.0317795015871524,0.0062788715586066,0.0083271460607647,0.0132425194606184,0.0333028510212898,0.0870450586080551,0.0192331336438655,0.0230720397084951,0.0388659685850143,0.0305026769638061,0.0245827063918113,0.0140101704746484,0.0113787353038787,0.0898452624678611
0.074077308177948,0.0779612958431243,0.005767676513642,0.0108536118641495,0.0470451302826404,0.0787965431809425,0.0319305807352066,0.0063267555087804,0.0092309145256876,0.0393446795642375,0.0584093518555164,0.0875248610973358,0.0192975625395774,0.0223706737160682,0.028879664838314,0.0578054040670394,0.0247429441660642,0.0139532471075654,0.0117537379264831,0.0279188472777605
0.0127240922302007,0.278393417596817,0.0055883536115288,0.0109649188816547,0.0470586828887462,0.0502503179013729,0.1109642460942268,0.0063429991714656,0.0092593459412455,0.0392726026475429,0.0336028970777988,0.2813581824302673,0.0192003287374973,0.0224382802844047,0.0287730898708105,0.0305166151374578,0.0917261838912963,0.0139326397329568,0.0116874584928154,0.0280415024608373
0.0158525332808494,0.3057839572429657,0.0102367792278528,0.0108697339892387,0.0604449249804019,0.0626267045736312,0.1287358105182647,0.0092591820284724,0.0069730887189507,0.0788784474134445,0.0382272340357303,0.3044637143611908,0.0339348055422306,0.0199213828891515,0.0673723816871643,0.0341042540967464,0.1003871113061904,0.0248888805508613,0.0097862090915441,0.0379961840808391
0.0159058291465044,0.0661157220602035,0.0460411421954631,0.0107355378568172,0.0604116693139076,0.0629331544041633,0.0271148383617401,0.003041662974283,0.0070399385876953,0.07965999096632,0.0380069427192211,0.0742226690053939,0.046687051653862,0.019884617999196,0.0680699571967125,0.0339461527764797,0.020968334749341,0.0414117462933063,0.0098998043686151,0.0376638025045394
0.0158771127462387,0.0660845190286636,0.0103885196149349,0.0346174798905849,0.060427539050579,0.0630190894007682,0.0271130874752998,0.0092613752931356,0.059651143848896,0.0796410664916038,0.0379509478807449,0.0741630718111991,0.0341875478625297,0.0678317099809646,0.0680409148335456,0.0339798294007778,0.0209538955241441,0.0251208301633596,0.0443478003144264,0.0376208163797855
0.0160277970135211,0.0660392716526985,0.0103799980133771,0.0107188438996672,0.0805709883570671,0.0630992949008941,0.0271137282252311,0.0092717232182621,0.0070375460200011,0.0217725355178117,0.0378996171057224,0.0741997435688972,0.0341878831386566,0.0198835544288158,0.0466535091400146,0.0339270643889904,0.0209281742572784,0.0251184683293104,0.0098871970549225,0.0893387794494628
0.0561123825609684,0.0666620656847953,0.0105533804744482,0.0090603092685341,0.0458213165402412,0.0803687423467636,0.027328485623002,0.009393012151122,0.0085326870903372,0.0450815372169017,0.0587679147720336,0.0748092606663703,0.0345592349767684,0.0196758583188056,0.0358599089086055,0.0572093911468982,0.021120935678482,0.0253016501665115,0.0101959779858589,0.027424894273281
0.0160494577139616,0.2352318167686462,0.0103451255708932,0.0091532822698354,0.0458673499524593,0.0633445680141449,0.09363354742527,0.0093659712001681,0.0085542919114232,0.0450736843049526,0.0384147129952907,0.2382141500711441,0.0343251712620258,0.0197170991450548,0.0358179174363613,0.0342498384416103,0.0773602947592735,0.0251915194094181,0.0101063502952456,0.0276550743728876
0.0160318128764629,0.3034323453903198,0.0103596942499279,0.0103777479380369,0.0622090809047222,0.0634019374847412,0.1278497874736786,0.0095632746815681,0.0069192587397992,0.0812942907214164,0.0386522822082042,0.3018532991409302,0.0344684720039367,0.0194550435990095,0.0693588629364967,0.0344900637865066,0.0996483713388443,0.0252592824399471,0.0095758875831961,0.0390476286411285
0.0160673689097166,0.0632202848792076,0.0461500212550163,0.0102621056139469,0.0621754229068756,0.0635685548186302,0.025900263339281,0.0029506909195333,0.0069946572184562,0.0820540562272071,0.038363292813301,0.0709474235773086,0.0462969355285167,0.0194173213094472,0.0700692757964134,0.0343277789652347,0.0200317706912755,0.0411255806684494,0.0096750753000378,0.0386933758854866
0.0160751622170209,0.0632732138037681,0.0105312597006559,0.0341151989996433,0.0622241795063018,0.0636729523539543,0.0259461291134357,0.0095309866592288,0.0600167624652385,0.0820814743638038,0.0383335910737514,0.0709911286830902,0.0347249060869216,0.0673958957195282,0.070063367486,0.0343140847980976,0.020069845020771,0.0254690311849117,0.0443155542016029,0.0386770404875278
0.0160512086004018,0.0632318332791328,0.0105023030191659,0.0102383298799395,0.082296185195446,0.0635541006922721,0.025974391028285,0.0095550147816538,0.007010503206402,0.0228963438421487,0.0382440276443958,0.0710495635867118,0.034693643450737,0.0194212347269058,0.0476776175200939,0.0342702493071556,0.02006665058434,0.0254609789699316,0.0096674179658293,0.0902660116553306
0.053322959691286,0.0638037025928497,0.0106759751215577,0.0088417148217558,0.0479922331869602,0.0796789824962616,0.0261554792523384,0.0096542434766888,0.0083780903369188,0.048344437032938,0.0580808967351913,0.0716071054339408,0.0350771583616733,0.0192665662616491,0.038705326616764,0.0564173869788646,0.0202322490513324,0.0256587378680706,0.0099578844383358,0.0286887343972921
0.0162182636559009,0.2233517318964004,0.010503152385354,0.0089157884940505,0.0480580143630504,0.0641041174530983,0.0889194756746292,0.009661198593676,0.0084127523005008,0.0483743399381637,0.0387866273522377,0.2263392210006714,0.0348818078637123,0.0193235222250223,0.0386748686432838,0.0346135571599006,0.0733912140130996,0.0255686547607183,0.0098910825327038,0.0289478749036788
0.1675238162279129,0.0784186944365501,0.0075923819094896,0.0132411979138851,0.0598973557353019,0.0941689610481262,0.0320419147610664,0.0078120231628417,0.0076540312729775,0.0719259157776832,0.1062389388680458,0.0872256159782409,0.0250428114086389,0.0209703296422958,0.060237530618906,0.0747167617082595,0.0250813867896795,0.0178986992686986,0.0100892540067434,0.0365932397544384
0.0134127959609031,0.0767355561256408,0.0442758426070213,0.0131174912676215,0.0602496452629566,0.0553105063736438,0.0312228463590145,0.0037467267829924,0.0076588308438658,0.0725611522793769,0.0350758098065853,0.085661232471466,0.0543260537087917,0.0210780296474695,0.0607036389410495,0.0316920019686222,0.0244491696357727,0.0473234802484512,0.0102542769163846,0.0367754139006137
0.0133494893088936,0.0767969489097595,0.0077372696250677,0.0370307750999927,0.0602981410920619,0.0554971136152744,0.0312606655061244,0.0078273555263876,0.0563383586704731,0.0725449696183204,0.0350136272609233,0.0857090204954147,0.025901336222887,0.0689460188150405,0.0606869347393512,0.0316687636077404,0.0244681034237146,0.0189137421548366,0.0438458323478698,0.0367716066539287
0.0132893146947026,0.076826587319374,0.0077201137319207,0.0131047628819942,0.080655999481678,0.05546136200428,0.0313042551279068,0.0078290766105055,0.0076499329879879,0.0149335786700248,0.0349514260888099,0.0857932418584823,0.0259195938706398,0.0211242455989122,0.0405563786625862,0.03164504468441,0.0244608335196971,0.0189165063202381,0.0102723855525255,0.0893111750483512
0.0647917836904525,0.0774300321936607,0.0078644538298249,0.0100281322374939,0.0472033806145191,0.0779014006257057,0.031510591506958,0.0079138809815049,0.0082525797188282,0.0425333939492702,0.0577562451362609,0.0864390581846237,0.0261230710893869,0.0205711647868156,0.0322352573275566,0.0567547269165515,0.0246707592159509,0.0189795140177011,0.0106246965005993,0.0278495699167251
0.0134145338088274,0.2610105872154236,0.0076767555437982,0.0101319877430796,0.0472477748990058,0.0555585399270057,0.103876806795597,0.007914618588984,0.0082667572423815,0.0425198450684547,0.0354081466794014,0.2641671001911163,0.0259592477232217,0.0206402949988842,0.0321824923157691,0.0318633839488029,0.0859908983111381,0.0189080573618412,0.0105287879705429,0.0280164871364831
0.172749325633049,0.0752800330519676,0.0057010971941053,0.0126393856480717,0.0625995621085167,0.0983197391033172,0.0312613435089588,0.0054870345629751,0.0074544842354953,0.0750989988446235,0.1078486740589141,0.0848880484700203,0.018646327778697,0.0219229739159345,0.0638795271515846,0.0764929056167602,0.023879861459136,0.0133841959759593,0.0110234078019857,0.0391080491244792
0.0148844728246331,0.312425285577774,0.0057854205369949,0.0127019342035055,0.0630433708429336,0.0544258020818233,0.1314845979213714,0.0055376077070832,0.0074414461851119,0.0751773715019226,0.036609973758459,0.312144011259079,0.0193750020116567,0.0220410246402025,0.0638257563114166,0.0334745086729526,0.102373369038105,0.0142460707575082,0.011072251945734,0.0395982451736927
0.0140734752640128,0.0738740786910057,0.0430029146373271,0.0125633617863059,0.0630567520856857,0.05461136251688,0.0305594448000192,0.0055497395806014,0.0075046122074127,0.0759045332670211,0.0363894030451774,0.0836167111992836,0.0602279491722583,0.0220259446650743,0.0644848495721817,0.0333085618913173,0.0233347881585359,0.0516560785472393,0.0111935306340456,0.0393685065209865
0.013961168937385,0.0736302286386489,0.0058673382736742,0.0363933406770229,0.0629350915551185,0.0544992536306381,0.0305101685225963,0.005502875894308,0.0593061037361621,0.0758146047592163,0.0363192074000835,0.0833272114396095,0.0194621831178665,0.0698423236608505,0.0643631145358085,0.0332945436239242,0.0232627615332603,0.014359900727868,0.0451325848698616,0.0392898134887218
0.0138538321480154,0.0737300887703895,0.005899223499,0.0125366570428013,0.0833342373371124,0.0545683652162551,0.0305594000965356,0.0055105346255004,0.0074803847819566,0.0179186500608921,0.0363733023405075,0.0835249945521354,0.019533572718501,0.022025853395462,0.0441913828253746,0.0332786366343498,0.0232663266360759,0.0144045045599341,0.0111990775913,0.0918791443109512
0.0804400220513343,0.0743473768234252,0.0060261818580329,0.0100067611783742,0.0454620644450187,0.0851277709007263,0.0307591296732425,0.0055820057168602,0.0098309237509965,0.0360628552734851,0.0632412806153297,0.0841488167643547,0.0196275636553764,0.0216048527508974,0.0265286490321159,0.0626221820712089,0.0234774351119995,0.0143446289002895,0.0115758841857314,0.0277046300470829
0.161358892917633,0.0619118474423885,0.0107239251956343,0.0109782516956329,0.058587796986103,0.0893645659089088,0.0252463184297084,0.0094258924946188,0.0074425274506211,0.0782228335738182,0.109157808125019,0.0689492374658584,0.0348138138651847,0.0207794699817895,0.0669248327612876,0.0766777992248535,0.0197553671896457,0.0251791700720787,0.0099692121148109,0.0364581607282161
0.0163433197885751,0.2986993193626404,0.0107129467651247,0.0110395140945911,0.0589791536331176,0.063379131257534,0.1258138418197631,0.0094644455239176,0.007449448108673,0.0782917588949203,0.0382323153316974,0.2966861426830292,0.0354392863810062,0.0208955388516187,0.0668787509202957,0.0340249203145504,0.0981853157281875,0.0260283108800649,0.009961761534214,0.0370185002684593
0.0165430419147014,0.0611129365861415,0.0463523566722869,0.0108985556289553,0.058972492814064,0.0636288151144981,0.0248146206140518,0.0029859596397727,0.0075535639189183,0.0790533795952797,0.0379520617425441,0.0680940225720405,0.0453129522502422,0.0208645053207874,0.0675466805696487,0.0338533967733383,0.0194739792495965,0.0403212122619152,0.0101091340184211,0.0367108471691608
0.0166195593774318,0.0611223317682743,0.0108703421428799,0.0108730662614107,0.0791447237133979,0.0636684000492096,0.0248582195490598,0.0094408579170703,0.0075459675863385,0.0216916464269161,0.037899725139141,0.0681706890463829,0.0356618575751781,0.0208587162196636,0.0463073700666427,0.033772025257349,0.0194663237780332,0.0262267794460058,0.0100912461057305,0.0882093235850334
0.0607625804841518,0.0617585144937038,0.0110611105337738,0.0089449407532811,0.0430192351341247,0.0831656903028488,0.0250589568167924,0.0095603810623288,0.0093278614804148,0.0415010824799537,0.0609225332736969,0.0687568262219429,0.0360953770577907,0.0205986779183149,0.0325494855642318,0.0594648830592632,0.019673166796565,0.026447981595993,0.010391779243946,0.0255118533968925
0.0167443715035915,0.2472443133592605,0.0108387200161814,0.0090626068413257,0.0430501960217952,0.0641622245311737,0.0983352437615394,0.0095490962266922,0.0093538276851177,0.0414581932127475,0.0383430756628513,0.2487843185663223,0.0358056873083114,0.0206625889986753,0.0324757136404514,0.0341082848608493,0.0815422683954238,0.0262940507382154,0.0103260772302746,0.0257386956363916
0.0152163626626133,0.3051499426364898,0.0099410489201545,0.0109868794679641,0.0612985454499721,0.0610486455261707,0.1284964084625244,0.009156372398138,0.0070565161295235,0.079166866838932,0.0375951044261455,0.3037226796150207,0.0330371223390102,0.0201559737324714,0.067440889775753,0.0336226895451545,0.1001892909407615,0.0242206864058971,0.0098362294957041,0.0384059101343154
0.0151868807151913,0.0654766634106636,0.0458360277116298,0.0108428429812192,0.061271671205759,0.0612392649054527,0.0267887450754642,0.0030767447315156,0.0071200765669345,0.0799241662025451,0.0372666344046592,0.0734079331159591,0.0475375168025493,0.0201203841716051,0.0681174397468566,0.0334413349628448,0.0207768715918064,0.0420709028840065,0.0099509609863162,0.0380749255418777
0.0152393039315938,0.0654036849737167,0.0100920032709836,0.0347393564879894,0.0613038167357444,0.0612158700823783,0.0267958734184503,0.0091329142451286,0.0595995672047138,0.0799409747123718,0.0372636727988719,0.0733547136187553,0.0332746170461177,0.0680578127503395,0.0680993124842643,0.0334437228739261,0.0207583867013454,0.0244270358234643,0.0442953370511531,0.0380563251674175
0.0153706045821309,0.0654051303863525,0.0100823547691106,0.0108345206826925,0.0814515054225921,0.061321634799242,0.0268020946532487,0.0091217914596199,0.0071169924922287,0.0213798359036445,0.0372581034898757,0.0734027326107025,0.033269926905632,0.0201083719730377,0.0463733933866024,0.0334273502230644,0.0207522492855787,0.0244209058582782,0.009953293018043,0.0898283869028091
0.0579044036567211,0.0660150647163391,0.0102611472830176,0.0091142151504755,0.0465922392904758,0.0796454399824142,0.0270184688270092,0.0092371711507439,0.0086641199886798,0.0452181547880172,0.0585250779986381,0.0740382745862007,0.0336325988173484,0.019899882376194,0.0357414484024047,0.0571010559797287,0.0209600981324911,0.0246001258492469,0.0102429306134581,0.0278083384037017
0.0153699275106191,0.2372407466173172,0.0100738452747464,0.0091896886005997,0.0466598123311996,0.0615874379873275,0.0944287329912185,0.009236735291779,0.0086694341152906,0.0452357493340969,0.0376854315400123,0.2400590181350708,0.0334369502961635,0.0199447181075811,0.0356989689171314,0.0336960777640342,0.0780680105090141,0.0245157852768898,0.0101830475032329,0.0280432682484388
0.1636728793382644,0.0627827271819114,0.0100886495783925,0.0103831347078084,0.0598820894956588,0.0912085473537445,0.0260027348995208,0.0083500500768423,0.0077907596714794,0.0803544223308563,0.1101487949490547,0.0707325190305709,0.0324248597025871,0.0205662194639444,0.0693719461560249,0.0778303742408752,0.0199223477393388,0.0235305838286876,0.0102096116170287,0.0378000661730766
0.015973063185811,0.2995589077472687,0.0100695323199033,0.0104333870112895,0.060271255671978,0.0635257959365844,0.1262581944465637,0.0083928005769848,0.007833688519895,0.0803700312972068,0.0393039286136627,0.2981593906879425,0.0330821461975574,0.0206691864877939,0.0692859292030334,0.0351726710796356,0.0983088240027427,0.0243994649499654,0.010247703641653,0.0383770689368248
0.0157662779092788,0.0619465894997119,0.0458490513265132,0.0103149618953466,0.0602446869015693,0.0636396035552024,0.0255634281784296,0.0034278717357665,0.0078492164611816,0.0811417624354362,0.0389465913176536,0.0698749870061874,0.0473562777042388,0.0206299964338541,0.0699663683772087,0.0349353067576885,0.0195962283760309,0.0418275706470012,0.0103502087295055,0.0380463004112243
0.0158071983605623,0.0617853924632072,0.0102133974432945,0.0341582745313644,0.0602788366377353,0.0637714862823486,0.0254695899784564,0.0083564817905426,0.0614874809980392,0.0811212733387947,0.0389475971460342,0.0697075948119163,0.03330834582448,0.0686058849096298,0.0699385479092598,0.0349810011684894,0.0195434782654047,0.0245898365974426,0.0448613241314888,0.0380060039460659
0.0556169301271438,0.0624395087361335,0.0103794317692518,0.0091127101331949,0.0451829954981803,0.0808655619621276,0.0257555674761533,0.0084513192996382,0.0093650221824646,0.0451340973377227,0.0589645244181156,0.0704229027032852,0.033628724515438,0.0205358322709798,0.0365714393556118,0.0574192702770233,0.0197393707931041,0.0247401818633079,0.0106137292459607,0.027454825118184
0.015942158177495,0.225284606218338,0.0102188223972916,0.0091929277405142,0.0452575050294399,0.0640332326292991,0.0897322744131088,0.0084478966891765,0.0093918684870004,0.0451456755399704,0.0393919050693511,0.2283228635787964,0.0334499478340148,0.0206065159291028,0.0365429557859897,0.0352160073816776,0.0739924535155296,0.0246845111250877,0.0105509394779801,0.0277331229299306
0.1665266454219818,0.0803582370281219,0.0076976637355983,0.0133794527500867,0.0609920918941497,0.0931804925203323,0.032641664147377,0.0081207444891333,0.0080885030329227,0.0720948055386543,0.1062022820115089,0.0888669192790985,0.0255206637084484,0.0200899448245763,0.0596160404384136,0.0745196938514709,0.0257903933525085,0.0182180907577276,0.0094706155359745,0.0367108210921287
0.0135929659008979,0.0786381885409355,0.044378325343132,0.0132536171004176,0.0613587386906147,0.0558486580848693,0.0317788012325763,0.0035357321612536,0.0080898161977529,0.0727048218250274,0.0349021181464195,0.0872723683714866,0.0538923703134059,0.0202176440507173,0.060053639113903,0.0315076448023319,0.0251421891152858,0.047026589512825,0.0096266968175768,0.036917258054018
0.0136044109240174,0.0786130800843238,0.0078435884788632,0.0371397621929645,0.061394490301609,0.0560927167534828,0.0317977182567119,0.0081483069807291,0.0547464229166507,0.0726867020130157,0.0348534248769283,0.0872363448143005,0.0263876281678676,0.0680473148822784,0.0600107163190841,0.0315389707684516,0.0251268781721591,0.019226461648941,0.0430959425866603,0.0369091257452964
0.013437489978969,0.0785515531897544,0.0078282468020915,0.0132261672988533,0.0816407278180122,0.055943064391613,0.0317983068525791,0.0081324353814125,0.0080880634486675,0.0129135092720389,0.0348004549741745,0.0872171819210052,0.0263986978679895,0.0202333927154541,0.0387761443853378,0.0314353443682193,0.0251192413270473,0.019224738702178,0.0096476078033447,0.0894430205225944
0.0623693950474262,0.0792879238724708,0.0079677682369947,0.0097710201516747,0.0493959188461303,0.0771384686231613,0.0320527181029319,0.0082289734855294,0.0075409556739032,0.0453660264611244,0.0570456646382808,0.0879763290286064,0.0266241524368524,0.0196093190461397,0.0341172106564044,0.0560071058571338,0.0253484640270471,0.0193344317376613,0.0099363885819911,0.0286895297467708
0.0136446049436926,0.2591073215007782,0.007787577342242,0.0098680574446916,0.0494007468223571,0.0560891591012477,0.1030011102557182,0.0082490295171737,0.0075320061296224,0.0453476794064044,0.0352683067321777,0.2621244192123413,0.0264472179114818,0.0196650382131338,0.0340427830815315,0.0316844843327999,0.0853934735059738,0.0192345064133405,0.0098416153341531,0.0288258083164691
0.1711787283420562,0.0788574665784835,0.0064008058980107,0.0128384530544281,0.062211375683546,0.0968431234359741,0.0326101146638393,0.0060466970317065,0.0071250032633543,0.0732771530747413,0.1073610410094261,0.0886651054024696,0.0208272784948349,0.0208803713321685,0.0618830099701881,0.0758800208568573,0.0250534899532794,0.0149608347564935,0.0104204434901475,0.0386014468967914
0.0143615156412124,0.3159718811511993,0.0064506139606237,0.0129118775948882,0.0626430585980415,0.0546262599527835,0.1328377723693847,0.0061090551316738,0.0070809833705425,0.0733501836657524,0.0362822487950325,0.3159011006355285,0.0215329658240079,0.021023541688919,0.0618262104690074,0.0329973883926868,0.1035676226019859,0.0158042926341295,0.0104410182684659,0.039047222584486
0.0137433595955371,0.0772461220622062,0.043440606445074,0.0127663183957338,0.0626338049769401,0.0548590309917926,0.031900580972433,0.0051050465553998,0.0071492823772132,0.0740426778793335,0.0360339432954788,0.08721424639225,0.0581731833517551,0.0209956429898738,0.062445543706417,0.0328578762710094,0.0244418401271104,0.0501338690519332,0.0105702839791774,0.0388354621827602
0.0135333994403481,0.0771239027380943,0.0065590599551796,0.0366666354238987,0.0626600459218025,0.0549766011536121,0.0318357907235622,0.0060820537619292,0.0575997233390808,0.0740012675523758,0.0359763875603675,0.0870975479483604,0.0217338725924491,0.0688816010951995,0.0624063052237033,0.0328438654541969,0.0244012083858251,0.0159978680312633,0.0445356220006942,0.0387990847229957
0.0135384276509284,0.0771606713533401,0.0065515064634382,0.0127294966951012,0.0829530581831932,0.0550083070993423,0.0318718701601028,0.0060838074423372,0.0071394122205674,0.016083613038063,0.0359465107321739,0.087186075747013,0.0217044670134782,0.0210047680884599,0.0424153320491313,0.0327988341450691,0.0244063474237918,0.0159957129508256,0.0105841616168618,0.0915309488773346
0.0772022902965545,0.0778604000806808,0.0066856159828603,0.0098134465515613,0.0464855916798114,0.0836064219474792,0.0320967361330986,0.006149033550173,0.0088887820020318,0.037522554397583,0.0621112547814846,0.0878957733511924,0.0218676384538412,0.020509235560894,0.0275768507272005,0.0614156424999237,0.0246205981820821,0.0159783139824867,0.0109900124371051,0.028101522475481
