1.0,0.8097793,0.07002746,0.13813882,0.60316384,0.94494486,0.32944825,0.07846952,0.086266115,0.70174706,1.0,0.8951671,0.23553474,0.20513645,0.58091456,0.73216546,0.2593786,0.16726322,0.09855895,0.36081138
0.12987041,0.79663175,0.43601832,0.1368522,0.6056294,0.5317246,0.32260785,0.037314918,0.08611722,0.70381516,0.33907548,0.8826971,0.5542598,0.2059324,0.58205086,0.3071573,0.25438383,0.48025036,0.10046952,0.3618895
0.12799647,0.795777,0.072040625,0.37764418,0.6056802,0.53136665,0.32272315,0.077992104,0.5514304,0.70322067,0.3383959,0.88182515,0.24376354,0.688257,0.58143014,0.30680647,0.25409922,0.17677622,0.44079018,0.3613229
0.12716872,0.7946147,0.07189967,0.13658912,0.80592775,0.5311747,0.3224625,0.07792792,0.08602409,0.115958974,0.3384341,0.88130826,0.24320744,0.20611547,0.37080783,0.30688384,0.25384107,0.17637227,0.10059389,0.8804425
0.653835,0.8014374,0.07295503,0.099197716,0.48626208,0.76347154,0.32436985,0.07867109,0.08014843,0.4351607,0.5659164,0.88824165,0.24485017,0.19946451,0.32559997,0.55653614,0.25598854,0.17660499,0.10391842,0.2807444
0.12784886,1.0,0.07140152,0.10016515,0.48612958,0.52969813,1.0,0.07871739,0.08012315,0.43433702,0.34230375,1.0,0.24296962,0.1999386,0.3244025,0.30810872,0.87739974,0.17575583,0.1029461,0.2821325
1.0,0.77260184,0.077024885,0.13273169,0.600588,0.928829,0.31533065,0.08035859,0.080390275,0.71752757,1.0,0.85575545,0.25493932,0.20606877,0.5989463,0.7360395,0.2472156,0.18185602,0.10023275,0.36145675
0.13231988,0.7584852,0.44003844,0.13142371,0.60368896,0.5488492,0.30809724,0.036136214,0.08064098,0.7219866,0.34488392,0.84241164,0.5346286,0.20719078,0.602184,0.311032,0.24194239,0.4649049,0.10198029,0.3632743
0.13215591,0.75799334,0.078600965,0.37263393,0.60409397,0.5491895,0.30819458,0.07971266,0.56373316,0.72191274,0.34420273,0.84185976,0.26336637,0.6898193,0.60181737,0.31061125,0.24171747,0.19162841,0.44444153,0.36298418
0.13201134,0.7577894,0.07860794,0.13120629,0.80378795,0.5491461,0.3083585,0.07987376,0.080508746,0.1338534,0.34419307,0.84233165,0.2630916,0.2072915,0.38831803,0.31048355,0.24171098,0.1914125,0.10197965,0.8792832
0.6338407,0.7654925,0.079733595,0.09862058,0.47900996,0.7688141,0.31112176,0.08075811,0.083026305,0.4366658,0.5691965,0.8503005,0.26550165,0.20210765,0.330918,0.55851126,0.2442275,0.19230118,0.10569263,0.2777455
0.13235165,1.0,0.078112304,0.099694915,0.479092,0.54975945,1.0,0.080797076,0.083013825,0.43603757,0.34834284,1.0,0.26355457,0.20260161,0.3299909,0.3126088,0.85616237,0.19137579,0.104776725,0.2793522
0.16769986,1.0,0.10258222,0.108387835,0.57242185,0.65579385,1.0,0.09362285,0.07343944,0.7685937,0.39770836,1.0,0.34042412,0.20032592,0.661237,0.35329363,0.99258673,0.2488284,0.1002413,0.35970488
0.17000937,0.644194,0.45711243,0.10711447,0.5720039,0.6585524,0.26438624,0.029766845,0.074171476,0.7752812,0.39452004,0.72147346,0.46125072,0.19987239,0.66724944,0.35161617,0.2042096,0.4080554,0.10138848,0.35639897
0.1702404,0.6434802,0.10413644,0.34809497,0.5721646,0.658734,0.26432204,0.09349028,0.60442907,0.77510136,0.39385554,0.7204873,0.34272113,0.6835079,0.66697377,0.35110983,0.20398606,0.25069717,0.45277217,0.35595253
0.16988534,0.643276,0.104152486,0.10695146,0.7711579,0.6584412,0.26424506,0.093579926,0.07411359,0.21562132,0.39414376,0.7210963,0.3423338,0.19986293,0.4578051,0.35110176,0.20383014,0.25064236,0.10130643,0.86338353
0.5230696,0.65002775,0.105663344,0.0914759,0.43427438,0.81291103,0.2667835,0.09471077,0.08814656,0.44708723,0.589939,0.72787386,0.34623533,0.1982627,0.36228254,0.5710154,0.20615277,0.2526109,0.10421949,0.2587009
0.1706037,1.0,0.104042776,0.09226584,0.43449715,0.66301155,0.89985067,0.09460809,0.088425264,0.4471208,0.39890498,1.0,0.34429172,0.19892566,0.36197972,0.35447952,0.740855,0.25179568,0.10366389,0.26093835
1.0,0.7943516,0.071395904,0.13960713,0.58446,0.93769354,0.32356292,0.07811999,0.085794665,0.6881629,1.0,0.87889373,0.23903799,0.21063086,0.57223314,0.73537636,0.25439286,0.16978715,0.10168814,0.35075423
0.1295856,0.7805745,0.43687016,0.13823643,0.5877877,0.5379534,0.31679863,0.037393425,0.085943416,0.6929638,0.342569,0.8660579,0.54967254,0.21179204,0.5757543,0.30957937,0.24915583,0.47644064,0.10346521,0.3527184
0.12894852,0.7791186,0.07328313,0.37926772,0.58811885,0.538318,0.31622124,0.077704415,0.55555683,0.69256324,0.34181312,0.8646871,0.24737804,0.69417,0.5752458,0.3092506,0.2485502,0.1795553,0.4431515,0.35238135
0.12866686,0.77892923,0.07337141,0.13794443,0.7884072,0.53881603,0.31636724,0.077623196,0.085987255,0.12654355,0.34171417,0.8649786,0.24711993,0.21195847,0.37493593,0.30928496,0.24854735,0.1793345,0.10364638,0.870726
0.6400825,0.78573376,0.07430832,0.101948656,0.47049305,0.7623731,0.31885785,0.078442164,0.082846716,0.42590162,0.5653047,0.8720142,0.24907967,0.20578776,0.32161763,0.55531913,0.25071934,0.17977293,0.107194714,0.27249873
0.1293408,1.0,0.07269133,0.10300055,0.4706053,0.5384587,1.0,0.07847053,0.082908794,0.42554253,0.34565935,1.0,0.24712089,0.2063433,0.3207156,0.31079787,0.85887283,0.17895576,0.10614111,0.27395818
1.0,0.6451294,0.10283467,0.1112255,0.5779899,0.8930748,0.26370084,0.08910407,0.077547364,0.76609194,1.0,0.7165172,0.3327905,0.20867012,0.6577076,0.7565822,0.2058452,0.24023317,0.10242384,0.35799244
0.15631285,1.0,0.102952324,0.111922756,0.5814818,0.61511165,1.0,0.08931657,0.077326946,0.7655834,0.37592348,1.0,0.3387811,0.20987338,0.65612245,0.334608,0.98395145,0.24812323,0.10264416,0.36329588
0.15691294,0.6363054,0.45645154,0.1104052,0.581414,0.6175601,0.25891194,0.031197477,0.07850457,0.77205485,0.3724692,0.7074467,0.46115887,0.20959072,0.6619928,0.33276847,0.20259507,0.40782163,0.1040683,0.36028683
0.15727577,0.635478,0.10435655,0.11010628,0.78049356,0.6174351,0.25879577,0.08922353,0.07846376,0.20506625,0.37190035,0.7072148,0.34076157,0.20946397,0.4497074,0.3321257,0.202312,0.2500118,0.10399043,0.8680171
0.63912046,0.642699,0.10619287,0.08983192,0.4184563,0.8288932,0.26123717,0.09017992,0.0975929,0.3911553,0.6108946,0.7142527,0.3446882,0.20680873,0.3053976,0.59667987,0.20459656,0.25202906,0.10719666,0.24690491
0.1574146,1.0,0.10417421,0.09090067,0.41890636,0.6200794,1.0,0.090178035,0.09757644,0.39077142,0.37649423,1.0,0.34197843,0.20746598,0.30466813,0.3348472,0.8508942,0.25054476,0.10665055,0.24906819
1.0,0.8121888,0.06625751,0.14137237,0.59474456,0.948441,0.33190465,0.07572941,0.08626763,0.6847728,1.0,0.90070957,0.22359945,0.2080783,0.5677925,0.7339726,0.25982648,0.1584818,0.10149439,0.3571541
0.13271374,1.0,0.067192934,0.14205843,0.5981016,0.52261496,1.0,0.07561881,0.084876075,0.68468285,0.3420069,1.0,0.22999926,0.2095655,0.56657815,0.30922973,1.0,0.16632189,0.10118507,0.3609271
0.12675703,0.795888,0.0682672,0.3813273,0.5985307,0.5251597,0.32408026,0.075425275,0.55163175,0.68974817,0.3387878,0.8856674,0.2320491,0.6915641,0.57104874,0.30751732,0.25357565,0.16806626,0.4437402,0.3587365
0.12644261,0.79512745,0.06852349,0.13979451,0.7990686,0.5253219,0.3241301,0.07528688,0.08600015,0.11985069,0.3384768,0.8856701,0.23187977,0.2095504,0.3707722,0.30730078,0.25330037,0.16805203,0.103320114,0.8786729
0.70153373,0.8012277,0.069405444,0.10019618,0.47246435,0.78168315,0.3258847,0.0760928,0.08335588,0.40853208,0.5807758,0.8915727,0.23302391,0.20242979,0.3021189,0.57239187,0.2552403,0.16771047,0.10700869,0.27431872
0.12656944,1.0,0.067592554,0.101169944,0.47247648,0.5230377,1.0,0.07595583,0.08288916,0.40783405,0.34200048,1.0,0.23125833,0.20286794,0.30106667,0.3082667,0.91233134,0.16684793,0.10630885,0.2754739
1.0,0.5929232,0.104456626,0.10252621,0.56151587,0.8924743,0.24696158,0.083710186,0.08954684,0.7933394,1.0,0.6686879,0.33441415,0.2143037,0.6924802,0.77732116,0.18748888,0.24241097,0.10897107,0.35648158
0.16464356,1.0,0.10449644,0.10318516,0.5650749,0.6511055,1.0,0.084130995,0.08978629,0.7931534,0.3995529,1.0,0.3406007,0.21526618,0.69113123,0.3560518,0.96453136,0.2506713,0.10937915,0.36247566
0.16557008,0.5856144,0.45673966,0.102059506,0.56476736,0.65353143,0.2429869,0.033881564,0.09003768,0.80003476,0.3957587,0.66084903,0.45823002,0.21486709,0.6971966,0.3535886,0.18461962,0.40457404,0.110357165,0.35861984
0.1651953,0.5845208,0.10603136,0.3426174,0.56496763,0.65327656,0.24227509,0.0838055,0.6339628,0.7998886,0.39548677,0.6592206,0.34247994,0.6987296,0.6971413,0.35298473,0.18441063,0.25233433,0.4619505,0.35828274
0.16561589,0.5839747,0.10591282,0.10183474,0.7640801,0.6536804,0.24245025,0.08380903,0.09036289,0.2520091,0.39552653,0.6595956,0.34259683,0.2148129,0.49094442,0.35290086,0.18396881,0.2525528,0.110366374,0.8619999
0.16566674,1.0,0.10614838,0.09319672,0.41220346,0.6580146,0.8848026,0.084696434,0.10456082,0.43276888,0.40030426,1.0,0.3443538,0.21516755,0.35750479,0.35637215,0.72796553,0.25379062,0.11233484,0.25275302
1.0,0.8043191,0.056224115,0.13566548,0.6218514,0.98248315,0.33381474,0.057938784,0.076024696,0.7045969,1.0,0.9044401,0.18546997,0.20965008,0.5928214,0.7425572,0.25505298,0.13222301,0.10715471,0.38241988
0.14362358,1.0,0.05719102,0.13631552,0.62590593,0.50747997,1.0,0.057943754,0.07494944,0.7041555,0.34680966,1.0,0.19242619,0.21103749,0.5912527,0.31619406,1.0,0.14049192,0.107331105,0.38653705
0.13488884,0.79058576,0.4259381,0.13469806,0.62580925,0.50988513,0.32740042,0.052648414,0.076009974,0.7099818,0.3439385,0.8921269,0.59770805,0.21074057,0.596599,0.31519747,0.24971122,0.5118226,0.10895759,0.38444436
0.13353711,0.7897458,0.058124628,0.37606338,0.62617105,0.5094297,0.32702425,0.0577372,0.5720257,0.7096219,0.3432797,0.89132196,0.19402263,0.69354266,0.5962333,0.31470734,0.2494568,0.14220287,0.45438802,0.38393626
0.13313274,0.7895383,0.05807304,0.1344053,0.82648265,0.5097655,0.32738933,0.057899546,0.07555636,0.1362717,0.343586,0.89167386,0.1937553,0.21100816,0.39859223,0.31452695,0.2493194,0.14190939,0.1088427,0.9056366
0.80741954,0.79587334,0.05950263,0.10052874,0.4705772,0.8253493,0.32955533,0.058431253,0.090440296,0.3640941,0.61192745,0.89821285,0.1949111,0.20492987,0.26277202,0.6063815,0.2514669,0.14138813,0.11370993,0.28318062
1.0,0.69092906,0.09944679,0.11379223,0.58462197,0.90021515,0.2826345,0.08878049,0.0744399,0.75657904,1.0,0.767606,0.32313508,0.20438059,0.646689,0.7490324,0.22038461,0.23289394,0.10062255,0.36047432
0.14826168,1.0,0.09962762,0.114471465,0.58830076,0.59224445,1.0,0.08877854,0.07411937,0.7569432,0.36596373,1.0,0.32922047,0.2057542,0.6458502,0.32668355,0.9991969,0.24071784,0.10065387,0.36551917
0.14856522,0.68098533,0.45433077,0.11305592,0.5882089,0.5946585,0.27716392,0.03152793,0.075257905,0.7632715,0.3627104,0.7577034,0.47010925,0.20551756,0.6516607,0.32452193,0.21676478,0.41480353,0.10226514,0.3627465
0.1486656,0.6802564,0.101124816,0.11286169,0.7877547,0.59501964,0.27708316,0.08866658,0.075217605,0.1923651,0.36193028,0.7575132,0.3315077,0.20549665,0.43968585,0.32376823,0.2164405,0.24293092,0.10217074,0.8724519
0.639489,0.687228,0.102801375,0.09048649,0.43195954,0.80923283,0.2795758,0.08970638,0.0926018,0.39948258,0.59870666,0.7643759,0.3347743,0.202267,0.31026906,0.5851723,0.21887566,0.24445917,0.10551824,0.25468382
0.1488137,1.0,0.100709274,0.09142641,0.4325504,0.5975271,1.0,0.08960528,0.09257411,0.3997256,0.36642668,1.0,0.33230454,0.20296755,0.30990762,0.32627696,0.8585004,0.24307846,0.10484718,0.2567129
1.0,0.58791167,0.10525857,0.102559775,0.5784678,0.90638024,0.2448921,0.083635405,0.09159953,0.8156681,1.0,0.66397774,0.3502581,0.21335387,0.7100767,0.76771975,0.18581478,0.263794,0.10977011,0.36831447
0.15970807,1.0,0.10576585,0.101422116,0.58368206,0.6367535,1.0,0.08344193,0.08942344,0.8019526,0.39326894,1.0,0.34366578,0.21215281,0.69819903,0.3508805,0.9617012,0.25337568,0.10842277,0.3738247
0.15991509,0.57848424,0.45760217,0.10025896,0.5835297,0.6387268,0.24033661,0.03425287,0.08985209,0.80933106,0.3897166,0.65370554,0.4550273,0.21174271,0.7048248,0.34841478,0.18236375,0.40204263,0.10955818,0.37025714
0.1595241,0.57759625,0.10733883,0.34054846,0.5836691,0.63881576,0.23981212,0.0832697,0.63474977,0.80915105,0.38914266,0.6521493,0.3458946,0.6956995,0.7045571,0.34795612,0.18191272,0.25518042,0.46213797,0.36974978
0.15992446,0.57685953,0.10730679,0.10006606,0.7824184,0.6389995,0.24001513,0.08334427,0.08987607,0.25220224,0.38912335,0.6524551,0.3463204,0.21169461,0.49454162,0.34794834,0.18167564,0.25534052,0.10939675,0.8747438
0.15987056,1.0,0.10752788,0.092375316,0.43423533,0.64300317,0.860576,0.084099725,0.10309096,0.4497017,0.39392897,1.0,0.34791505,0.21223997,0.37193483,0.35117668,0.7076193,0.25661054,0.11139344,0.26720414
1.0,0.80933577,0.061192174,0.14470741,0.5900623,0.9757641,0.33189732,0.07347322,0.08659651,0.67363924,1.0,0.901061,0.20743833,0.21433163,0.55946094,0.72976935,0.25820497,0.1462835,0.10483535,0.35612148
0.13490595,1.0,0.06192377,0.14529385,0.5935459,0.491483,1.0,0.073199525,0.08544366,0.67283624,0.33234012,1.0,0.21386905,0.21577151,0.55783075,0.30268794,1.0,0.15419163,0.104830734,0.35981476
0.12602498,0.7929187,0.06301572,0.3846748,0.59404784,0.4941101,0.32456702,0.07302656,0.55385226,0.67773813,0.32954141,0.885948,0.2159252,0.69762444,0.5622006,0.30122015,0.25190535,0.1560605,0.44641313,0.35766107
0.1253824,0.793,0.063043684,0.14304325,0.79471433,0.49395427,0.3248215,0.073060416,0.086454354,0.12280987,0.32917482,0.8866882,0.21544969,0.21569276,0.37074062,0.3011929,0.25188732,0.15577315,0.10707609,0.8787016
0.7428335,0.7974095,0.06391681,0.102372706,0.46436742,0.7783543,0.3260788,0.07343118,0.08648253,0.39086112,0.5776452,0.8909826,0.2161466,0.20800413,0.28715,0.5714186,0.2532888,0.15513045,0.11077096,0.2717423
0.126596,1.0,0.06205635,0.103452325,0.46461254,0.49075153,1.0,0.073469,0.08648011,0.39030892,0.33174133,1.0,0.21459344,0.20846207,0.28605717,0.30131787,0.92524827,0.15462607,0.110137284,0.27298817
0.15986277,1.0,0.10693943,0.105130404,0.5945683,0.6305049,1.0,0.09661901,0.072177686,0.7870238,0.38426286,1.0,0.3543703,0.19632642,0.6749761,0.34171563,0.9872244,0.25894448,0.098104864,0.37213296
0.1622115,0.63010293,0.4601995,0.10400358,0.59418386,0.6335376,0.25895688,0.028852519,0.07284237,0.7940749,0.38135183,0.70637757,0.4482699,0.19592829,0.68133694,0.3400285,0.19960488,0.39797506,0.09925568,0.36868644
0.16256572,0.62960505,0.108519875,0.34494117,0.5943484,0.6342666,0.25910297,0.096214406,0.6047291,0.79405516,0.38072217,0.70582545,0.3566041,0.67935336,0.6813363,0.33978602,0.19945142,0.26097533,0.45161352,0.36829436
0.16229887,0.6288468,0.10860139,0.1037577,0.7931095,0.633759,0.25901,0.09633918,0.07307277,0.21830684,0.3805039,0.70572,0.35645446,0.19592164,0.46252897,0.339928,0.19914335,0.26099685,0.09912585,0.87558657
0.5283725,0.63576615,0.11029737,0.088921815,0.45484337,0.7928868,0.26110533,0.097591214,0.08712519,0.4626301,0.577977,0.7125318,0.36055955,0.19423988,0.3728539,0.56054205,0.20144796,0.2632701,0.10213546,0.27015653
0.16281258,1.0,0.108484566,0.08987023,0.45523906,0.63837975,0.8938982,0.09741914,0.08726399,0.46290767,0.38543344,1.0,0.35826173,0.19486795,0.37268847,0.34315342,0.7361443,0.2619918,0.10138334,0.27258554
1.0,0.761681,0.059760038,0.1304617,0.62414235,0.96748775,0.3156206,0.06150157,0.074473016,0.7255509,1.0,0.85598254,0.19760172,0.2098348,0.6128063,0.75029457,0.2414807,0.14090978,0.10732409,0.38376582
0.1424945,1.0,0.060702857,0.13111779,0.62814945,0.532295,1.0,0.061232716,0.07362471,0.72569144,0.3577011,1.0,0.20429306,0.21118113,0.6117109,0.3250503,1.0,0.14899713,0.10739182,0.38840768
0.13487239,0.7487817,0.42841443,0.12961882,0.62833303,0.53485113,0.30969262,0.049834684,0.074663706,0.73225105,0.3550147,0.84421337,0.5867828,0.21100117,0.6177816,0.32406142,0.23665726,0.50350124,0.108867206,0.38611946
0.13392003,0.7483156,0.061647456,0.37083894,0.62839925,0.53459996,0.3096284,0.06110916,0.58069694,0.7318287,0.3543741,0.84342533,0.20583503,0.693651,0.6170702,0.3232905,0.2364009,0.15070328,0.45521203,0.38553447
0.13322441,0.74831206,0.06170114,0.12934317,0.8284297,0.5346499,0.3097583,0.061079074,0.07423194,0.14889988,0.35433814,0.84410006,0.2059958,0.21114455,0.41099253,0.32330927,0.23654889,0.15062901,0.10891371,0.90484464
0.8004967,0.75457215,0.063236184,0.09835814,0.46472448,0.83973366,0.31184304,0.061787985,0.093334936,0.36566618,0.62503904,0.85043204,0.20702048,0.20582649,0.26570475,0.6179359,0.23843946,0.15031137,0.11339275,0.2785585
1.0,0.76834995,0.07952831,0.13100949,0.6004541,0.9307021,0.31345674,0.08208813,0.07877172,0.71267766,1.0,0.85199517,0.26312616,0.20338932,0.5962158,0.73620623,0.24556804,0.18764307,0.099391,0.3628685
0.13137479,0.75659716,0.44152004,0.12984046,0.604022,0.54375714,0.3078029,0.034589317,0.07898033,0.7192779,0.3437805,0.84073275,0.52626014,0.20458184,0.60088736,0.31047976,0.2412519,0.45860335,0.100950874,0.36487475
0.13050488,0.75534153,0.080996655,0.37109375,0.6045131,0.5436777,0.30711472,0.082302935,0.56378424,0.7192346,0.34324852,0.8395238,0.27159443,0.6870948,0.6007357,0.31024042,0.24084689,0.19755833,0.44425339,0.3648224
0.13034314,0.7553028,0.081019916,0.12966762,0.80424184,0.5440468,0.30725852,0.082251824,0.07881521,0.13692728,0.34299713,0.8398678,0.27134103,0.20477813,0.39162397,0.30977026,0.24071626,0.19743991,0.101072006,0.8814497
0.631561,0.76280457,0.08231067,0.098187685,0.47977313,0.7618778,0.30996087,0.08344037,0.081374094,0.4337086,0.5660961,0.8476552,0.27403593,0.1996697,0.3297219,0.55524564,0.24318849,0.19847688,0.10469753,0.28001395
0.13112298,1.0,0.08070058,0.09919969,0.47995654,0.5447457,1.0,0.08332117,0.08139853,0.43358222,0.3475134,1.0,0.2720347,0.20017758,0.32920614,0.31181312,0.84596485,0.19754922,0.10375621,0.2815242
1.0,0.789922,0.07683459,0.13432425,0.5877483,0.9223907,0.32186174,0.08234901,0.081698574,0.7023559,1.0,0.87420976,0.255472,0.20387177,0.5857538,0.7405954,0.25295043,0.18169083,0.0989831,0.35340962
0.13551976,0.7746516,0.4402403,0.13310063,0.59104127,0.55812985,0.3145319,0.034641344,0.08176278,0.70780736,0.35014972,0.85997534,0.5336097,0.20506006,0.5897377,0.31526905,0.24703415,0.4643515,0.10076174,0.3553471
0.13469474,0.7737794,0.07836888,0.37426615,0.5913159,0.55859387,0.31422424,0.08215595,0.55774325,0.7075892,0.3495058,0.85925275,0.2640055,0.6873311,0.58936435,0.31475443,0.24682333,0.19159395,0.4427821,0.35506988
0.1350515,0.77347696,0.07837746,0.13286227,0.791285,0.5591775,0.31439814,0.08204739,0.081710376,0.1332262,0.3493599,0.85936826,0.26375392,0.20520164,0.3837711,0.31480137,0.24664046,0.19143386,0.10080169,0.87159437
0.6098791,0.7813349,0.07949822,0.09993375,0.4736217,0.76356614,0.316997,0.08280451,0.079635866,0.43795756,0.56617445,0.8672701,0.26608753,0.19982527,0.33381596,0.5542291,0.24930692,0.1921247,0.104294024,0.27450484
0.13533777,1.0,0.07792888,0.10087924,0.47363755,0.55959564,1.0,0.082888834,0.07950609,0.4380485,0.3536836,1.0,0.26415613,0.20027746,0.33342385,0.31693548,0.8380312,0.1914135,0.10340912,0.27601892
1.0,0.79862654,0.064309396,0.14341722,0.60379475,0.95716697,0.3263185,0.07295649,0.08826674,0.68491024,1.0,0.88542074,0.21461305,0.21091267,0.56560725,0.7302884,0.25541353,0.1519838,0.102366745,0.36176068
0.13186818,1.0,0.06453495,0.14417131,0.6073754,0.50820667,1.0,0.07265221,0.08671016,0.6851527,0.33638573,1.0,0.22107388,0.21264586,0.5644986,0.30470824,1.0,0.1597532,0.10216131,0.36552006
0.12505957,0.7827354,0.065628365,0.3833586,0.60770684,0.5102812,0.31866306,0.072554916,0.54985994,0.6902459,0.33291855,0.8704452,0.22288892,0.69421333,0.5691916,0.30318645,0.2494091,0.16153726,0.4430614,0.3632853
0.12379565,0.7819973,0.06557252,0.14188537,0.8080306,0.5098822,0.31853113,0.072556086,0.087779395,0.11229689,0.33281398,0.8704425,0.2227746,0.2125217,0.36597788,0.30295846,0.24899018,0.1614595,0.10426162,0.88398385
0.712837,0.7878384,0.0667254,0.1010311,0.48364323,0.77489275,0.32040536,0.07327966,0.08404671,0.4148528,0.5769438,0.8762132,0.22376677,0.20508601,0.30478063,0.5691757,0.25108957,0.16102096,0.10801037,0.2806721
0.12566008,1.0,0.064912215,0.1020335,0.48373166,0.50873494,1.0,0.073056266,0.0839754,0.41436628,0.33631766,1.0,0.22221406,0.20566872,0.30398804,0.3037694,0.9090998,0.160525,0.10725789,0.28185466
0.14559922,1.0,0.098580495,0.10776723,0.61371976,0.5917875,1.0,0.08722079,0.07453346,0.79019016,0.3692577,1.0,0.32599625,0.20156313,0.6776068,0.3298615,0.99537385,0.23856635,0.10227553,0.38465735
0.14578907,0.6541006,0.45381993,0.10645742,0.6135958,0.59480864,0.26958415,0.032323,0.07528614,0.7977394,0.36609986,0.7347283,0.4734052,0.20111836,0.68441314,0.32855275,0.20705001,0.4172292,0.10331399,0.38132465
0.14586814,0.65437174,0.10016837,0.34722757,0.61355937,0.5950142,0.26972994,0.087253794,0.60912395,0.7974828,0.36569703,0.7346252,0.3283149,0.6843993,0.68399537,0.32812852,0.20714808,0.24077125,0.4551622,0.3810443
0.14635739,0.6538887,0.10021781,0.106321596,0.81230825,0.59495646,0.2697406,0.08713703,0.07523133,0.21546617,0.3657493,0.7351332,0.3280403,0.20121166,0.4643906,0.32811135,0.20677799,0.24051054,0.103364974,0.8906633
0.53793347,0.66085243,0.101595975,0.09257347,0.47586396,0.7617194,0.2721803,0.08821184,0.08967241,0.47079843,0.55942,0.74214345,0.3317234,0.1997467,0.37944886,0.54429024,0.20906681,0.24242176,0.1063649,0.28515333
0.14671881,1.0,0.10039337,0.09334799,0.47654858,0.59815806,0.89135635,0.08811493,0.08971607,0.47110474,0.37026954,1.0,0.32971212,0.20038123,0.3792416,0.33105302,0.7331877,0.24169384,0.10569366,0.2874404
0.1603866,1.0,0.10701564,0.104897164,0.5964967,0.63161755,1.0,0.0949259,0.07351508,0.78661287,0.38427734,1.0,0.35331473,0.19758382,0.67645395,0.34143692,0.9886571,0.2587141,0.09979021,0.37520295
0.1626426,0.6296466,0.45996156,0.103647344,0.59611803,0.6345883,0.2587837,0.029400187,0.074118875,0.7936258,0.38133562,0.705963,0.4488969,0.19724387,0.68289596,0.3403384,0.19943692,0.39839384,0.100858465,0.37148273
0.16260082,0.62913066,0.10852941,0.3442858,0.5961926,0.63444054,0.25891653,0.09470842,0.60827965,0.79350525,0.38057545,0.70548385,0.35562947,0.680475,0.6825977,0.33986875,0.19923425,0.26056,0.45343333,0.37117824
0.1627443,0.628768,0.108630344,0.10360413,0.7949972,0.6347768,0.25889143,0.0946256,0.07414774,0.2217297,0.38073704,0.70581967,0.35550892,0.19719344,0.46724135,0.33971468,0.19907817,0.260606,0.100774154,0.87965304
0.5236602,0.6350854,0.1101227,0.08974337,0.45568973,0.79081404,0.26105368,0.0959088,0.08841755,0.45924568,0.5763473,0.7119384,0.3593187,0.19574694,0.3717241,0.5587279,0.20121858,0.26254156,0.103610374,0.27276048
0.16279908,1.0,0.10853567,0.090649016,0.45618188,0.63822865,0.88832796,0.095961876,0.088579446,0.45963225,0.3855724,1.0,0.35756487,0.19643718,0.37171906,0.34318492,0.73138547,0.26185736,0.10320617,0.27518332
1.0,0.83126307,0.05452849,0.14832705,0.5961179,0.97345,0.34160522,0.06629705,0.08991343,0.6625704,1.0,0.9267951,0.18455642,0.21196394,0.54708755,0.7348532,0.2650893,0.12999558,0.10453708,0.35889116
0.1376075,1.0,0.055311322,0.14898865,0.59988236,0.50258994,1.0,0.06609024,0.08833949,0.6629027,0.33925503,1.0,0.19128044,0.21360679,0.54622734,0.3088478,1.0,0.13787277,0.1043029,0.36257172
0.12877218,0.81545794,0.05624286,0.38830975,0.59986454,0.5045646,0.3341686,0.06591165,0.54559946,0.6678303,0.33616903,0.9122655,0.19288485,0.6951766,0.55071235,0.30743185,0.25905985,0.13944043,0.44524726,0.360263
0.12808588,0.81516325,0.056235146,0.14673053,0.8012101,0.5050812,0.33417332,0.065859094,0.08910764,0.11551826,0.3363796,0.91262823,0.19267541,0.21362093,0.36229587,0.3074544,0.25872353,0.1392202,0.106474146,0.88378775
0.7269769,0.81974226,0.05707872,0.10467623,0.47861257,0.7765889,0.3358818,0.066264845,0.08216862,0.40015393,0.5781267,0.9170181,0.1929733,0.20554282,0.29318398,0.57108104,0.26033765,0.13843276,0.11024869,0.2803566
0.12937206,1.0,0.055389155,0.10570672,0.47873828,0.50175995,1.0,0.066074856,0.08231518,0.39982697,0.33874404,1.0,0.1917778,0.20621431,0.29240182,0.3074139,0.9156366,0.13822278,0.109557375,0.28163174
1.0,0.8067671,0.07970938,0.13403814,0.5836599,0.92192715,0.32794088,0.083781764,0.08239878,0.69846046,1.0,0.8909389,0.26370284,0.20300968,0.5825329,0.7366821,0.25858238,0.18787909,0.098007195,0.3509947
0.13412057,0.7903093,0.44189724,0.13286343,0.5870468,0.5529055,0.32040155,0.03404554,0.08238295,0.703853,0.34573945,0.8757342,0.52577996,0.20432632,0.5864617,0.31121588,0.2524915,0.4583552,0.0997271,0.35290906
0.13356566,0.7891606,0.081051216,0.37376586,0.58750147,0.55319226,0.3197952,0.08337594,0.55603546,0.7037634,0.34518895,0.87462604,0.27208462,0.68634045,0.5860647,0.3109229,0.2520877,0.19775009,0.44118857,0.35263968
0.13377734,0.78908926,0.08101654,0.13252339,0.7875455,0.5535819,0.32006535,0.08328158,0.08232418,0.13375239,0.3447556,0.87500715,0.2718142,0.2043441,0.38289773,0.310809,0.25212777,0.19756073,0.09976414,0.8696483
0.5953387,0.79652435,0.0821772,0.09970704,0.4724079,0.7528,0.32269403,0.0841742,0.078645825,0.44039914,0.5569115,0.8825319,0.27406335,0.19878934,0.33674815,0.54508346,0.25442332,0.19837566,0.10305643,0.27378067
0.13411556,1.0,0.0806223,0.10068902,0.47269773,0.55390286,1.0,0.083920754,0.0785536,0.4407763,0.34881157,1.0,0.2723553,0.19950971,0.3364871,0.3124186,0.83211464,0.19741543,0.10211,0.2754922
0.1519044,1.0,0.09405056,0.110782966,0.59933066,0.61300236,1.0,0.087143295,0.07163409,0.7752738,0.3809887,1.0,0.3124517,0.20013477,0.6622771,0.3402871,1.0,0.22833127,0.10000616,0.3733552
0.15210137,0.6713268,0.45099616,0.10963135,0.5989201,0.61591524,0.27554718,0.03231808,0.072556235,0.7820073,0.3781036,0.7521848,0.4864086,0.19986048,0.6684278,0.33896133,0.21280348,0.42742985,0.10129725,0.3700548
0.15198436,0.67112094,0.095439106,0.350472,0.5991922,0.6155845,0.2757785,0.086914815,0.59903395,0.7820452,0.37738872,0.75163543,0.3146536,0.6828084,0.6682523,0.33841896,0.21264595,0.23028862,0.4516518,0.36967096
0.1517455,0.6703277,0.095299214,0.109304965,0.7980579,0.61586565,0.27550244,0.08685755,0.07280202,0.20391262,0.37753302,0.7515729,0.3142355,0.19971415,0.45099494,0.33841285,0.21253636,0.2301164,0.1012442,0.87920463
0.5758325,0.6773774,0.09692899,0.091655664,0.45629415,0.79626346,0.27799904,0.08791369,0.087563075,0.44574812,0.58684886,0.7585546,0.31772158,0.19769816,0.35400894,0.57101846,0.21471922,0.23155046,0.10444132,0.27027902
0.15278664,1.0,0.09536527,0.09260516,0.457103,0.6190996,0.9483808,0.087805316,0.087700434,0.44605872,0.38216513,1.0,0.31582338,0.19823977,0.35392284,0.34111017,0.7813659,0.23080154,0.1037647,0.27265853
1.0,0.61285883,0.1025329,0.10143058,0.5998726,0.90042603,0.2545072,0.08679264,0.08193871,0.81055546,1.0,0.69064933,0.330471,0.20391333,0.7016292,0.76631784,0.19390324,0.2389585,0.10445862,0.3762326
0.15587562,1.0,0.10248648,0.102057345,0.6039057,0.6227696,1.0,0.08694171,0.082244635,0.8101963,0.38591543,1.0,0.33668956,0.20507297,0.70028174,0.34422946,0.9715513,0.24719875,0.10472017,0.38226
0.15609191,0.6049312,0.45611107,0.10099304,0.60352015,0.6249135,0.25077057,0.032329,0.0826439,0.81743985,0.38225642,0.6826591,0.46241364,0.20461391,0.7066641,0.34188932,0.19098215,0.4083586,0.10587112,0.37860078
0.15594366,0.6050103,0.104086116,0.3414065,0.6037456,0.6252141,0.25074363,0.086680464,0.6246847,0.8171967,0.38165453,0.6821618,0.33869576,0.688191,0.70634174,0.34164235,0.19081335,0.24891114,0.45873967,0.37842306
0.5640054,0.61001164,0.10551099,0.09003966,0.4481589,0.80008394,0.25244927,0.087805934,0.097442985,0.44731838,0.5872035,0.68755424,0.34223148,0.20407718,0.3629489,0.5708118,0.19249372,0.25064456,0.10843919,0.26955107
0.15641774,1.0,0.10392759,0.09091413,0.44885704,0.62882775,0.90942854,0.08777421,0.09747927,0.4476686,0.38621706,1.0,0.340225,0.20450936,0.3626214,0.34468997,0.74822897,0.24983895,0.10783056,0.27228826
1.0,0.5753314,0.10730935,0.1021512,0.57013166,0.886753,0.2390218,0.08565936,0.08841877,0.79714996,1.0,0.6478165,0.34360743,0.21251817,0.6944113,0.7758971,0.18196644,0.24915181,0.10798263,0.36108696
0.16386367,1.0,0.09650594,0.09511301,0.5553782,0.62535614,1.0,0.0778821,0.09747738,0.80146927,0.3701013,1.0,0.3321995,0.20407774,0.6739024,0.34263378,0.9529053,0.25115725,0.10627956,0.3703045
0.16955183,0.56865036,0.4588912,0.101545505,0.5735267,0.65773755,0.23518144,0.03277184,0.08897469,0.80364376,0.39541477,0.6406647,0.44998625,0.21321104,0.6993786,0.35244617,0.17946708,0.39833114,0.109372586,0.36330009
0.1692366,0.5673789,0.10881983,0.34176823,0.5737097,0.65717787,0.23474032,0.08590146,0.63202155,0.8035701,0.39467847,0.63880867,0.35165277,0.69659305,0.69920856,0.3519111,0.17905053,0.2590583,0.46060395,0.3629557
0.16957352,0.56730974,0.108814254,0.10141097,0.77254254,0.65756494,0.23501818,0.085834436,0.08905938,0.25054696,0.39465377,0.63965964,0.35167664,0.21305561,0.49085626,0.35180107,0.17895122,0.25909567,0.10927401,0.8676123
0.16941918,1.0,0.10879133,0.09255788,0.42079192,0.66179013,0.8782565,0.086852595,0.103379056,0.43658257,0.3997032,1.0,0.35358503,0.21337634,0.35952413,0.35544196,0.72291785,0.26049876,0.11128923,0.25757763
1.0,0.6353322,0.10142335,0.10936398,0.5875969,0.89377904,0.25972122,0.087572366,0.07709289,0.7777787,1.0,0.7059216,0.32731786,0.20675883,0.6676477,0.7624079,0.20266071,0.23645991,0.101826034,0.36431748
0.15778987,1.0,0.10115003,0.10996477,0.5913825,0.62261194,1.0,0.08759253,0.07692407,0.7766162,0.38138083,1.0,0.33340108,0.20808434,0.66559976,0.33980632,0.97999364,0.24435943,0.10213388,0.36981508
0.15865248,0.62630427,0.4553121,0.108580746,0.5909918,0.6250732,0.2550432,0.032026697,0.0777153,0.78289247,0.3778329,0.6966662,0.46571016,0.20762092,0.67125213,0.3375585,0.19929916,0.41121176,0.103638306,0.36639503
0.15913045,0.62523645,0.102696374,0.10832272,0.78997236,0.6254719,0.2549552,0.087405376,0.077966005,0.20979853,0.37730676,0.6961529,0.33537644,0.20753314,0.45578527,0.33681452,0.19890894,0.24629825,0.103592314,0.87442094
0.60424757,0.63113487,0.1044831,0.09028579,0.43520513,0.81900847,0.25643462,0.0884435,0.09545551,0.4162915,0.60201997,0.7015876,0.33904564,0.20545952,0.328721,0.5869645,0.20076829,0.24793784,0.10668422,0.25789756
0.15907867,1.0,0.10239596,0.09129413,0.4358671,0.6286348,0.97848344,0.08855587,0.095597744,0.41615266,0.38179642,1.0,0.33671317,0.20609945,0.32800192,0.33966267,0.8091267,0.24686319,0.10598462,0.2602079
1.0,0.62534916,0.09879711,0.10623735,0.5969048,0.9038196,0.25895965,0.08419697,0.078837976,0.79155326,1.0,0.70242715,0.31802127,0.20585392,0.6829096,0.7650013,0.19824965,0.22966471,0.10426822,0.37283254
0.1542249,1.0,0.098736286,0.106852345,0.6007152,0.617109,1.0,0.08457207,0.079038255,0.79155856,0.38321024,1.0,0.3245475,0.20697105,0.6816885,0.34260008,0.97553265,0.23805344,0.10459002,0.3785087
0.15326038,0.61697054,0.45333582,0.10563542,0.6003694,0.6193371,0.25482503,0.033633977,0.079703905,0.7983077,0.37990245,0.6939709,0.47362763,0.20668776,0.68793714,0.34050307,0.19510053,0.4170041,0.10580163,0.3750972
0.15297225,0.6167061,0.10018835,0.34625882,0.6006831,0.6186877,0.2546315,0.08427587,0.6162218,0.79799926,0.37927118,0.6934348,0.32650375,0.68993706,0.6876179,0.339958,0.19498354,0.23991999,0.45679224,0.37472713
0.5587406,0.62180805,0.10159452,0.09224627,0.45358235,0.7926224,0.25637874,0.08522823,0.0951758,0.4491153,0.5814563,0.6988607,0.32964352,0.20554066,0.36268505,0.5658678,0.1966574,0.24140804,0.1086606,0.27230072
0.15399197,1.0,0.100044444,0.09321252,0.45425937,0.6224076,0.90353775,0.08526903,0.095345244,0.44907472,0.38373876,1.0,0.32789224,0.20622985,0.36219326,0.34284225,0.74380153,0.2406464,0.108204365,0.27480984
0.14836682,1.0,0.1000461,0.109754086,0.6093864,0.59528744,1.0,0.094669014,0.07095802,0.7847243,0.36797255,1.0,0.33353615,0.19778952,0.6686421,0.32844096,0.99728245,0.24326387,0.09857194,0.3783933
0.14918369,0.65905344,0.4556748,0.10843214,0.60908085,0.5986022,0.27028394,0.029303348,0.07177319,0.7915558,0.36517388,0.7375689,0.46712044,0.19749321,0.6750115,0.3269186,0.20907149,0.41302997,0.09989388,0.37524533
0.1494631,0.6590638,0.10163051,0.34931314,0.6096992,0.5991722,0.2704514,0.09459466,0.59781116,0.7917038,0.36461625,0.7374428,0.3359924,0.6804521,0.67481726,0.3268657,0.20900725,0.24547367,0.45053333,0.37508595
0.14938909,0.65836114,0.10165292,0.108189195,0.8081238,0.59885955,0.27054262,0.09457422,0.07181125,0.20396592,0.36459765,0.7375882,0.3361064,0.19749066,0.45153928,0.32669532,0.20870192,0.24544315,0.099765,0.8841461
0.5511643,0.66542923,0.103075564,0.09113858,0.47200653,0.77134603,0.27280048,0.09541072,0.0856198,0.4671771,0.56651384,0.7444102,0.33942237,0.19550422,0.3716187,0.55150145,0.21115452,0.24712218,0.10287256,0.27892792
0.14983107,1.0,0.10162602,0.09200056,0.47233522,0.60193104,0.91905135,0.09556472,0.08566886,0.46706,0.36913103,1.0,0.33764058,0.19596763,0.37115803,0.32947263,0.7569894,0.24628772,0.102158315,0.28099602
1.0,0.5991784,0.1046283,0.10276386,0.584373,0.8945919,0.2483979,0.088618964,0.082457215,0.7994501,1.0,0.67392576,0.33701882,0.20689131,0.6929595,0.7703783,0.18955968,0.24356179,0.10489792,0.3669876
0.16116771,1.0,0.10447962,0.10342259,0.5881902,0.63727695,1.0,0.08890024,0.08285086,0.79947346,0.39108196,1.0,0.34312096,0.20805563,0.6919044,0.34854546,0.966371,0.25158325,0.10513075,0.3727896
0.16189112,0.5913077,0.45751944,0.10224535,0.5879574,0.63929045,0.24459393,0.031504758,0.083170995,0.8064653,0.3876541,0.6656895,0.45660317,0.20767835,0.6979002,0.346197,0.18695864,0.40401804,0.1063108,0.3693254
0.16151354,0.59097403,0.105965726,0.34271148,0.58806574,0.6391049,0.244139,0.08868726,0.6234473,0.80604327,0.38705507,0.66489947,0.34531865,0.69082993,0.6975361,0.3457124,0.18651761,0.25369412,0.45788467,0.36896822
0.56828415,0.5961687,0.10751314,0.09049642,0.43049783,0.8149505,0.24618806,0.08979711,0.09887257,0.4315822,0.59670603,0.67070067,0.34877202,0.20680435,0.35005286,0.5799884,0.18827163,0.25548247,0.10914915,0.2586402
0.16289254,1.0,0.105994254,0.091359966,0.4312817,0.64382344,0.9176082,0.08968003,0.09885497,0.43149096,0.39154533,1.0,0.34692758,0.2074216,0.34954438,0.34873074,0.75571585,0.25476858,0.108578555,0.26139656
1.0,0.7702267,0.06539859,0.13115893,0.61863816,0.9648158,0.318981,0.062709615,0.075383395,0.72039026,1.0,0.86475766,0.2126839,0.21160425,0.6084767,0.74085784,0.24441588,0.15236244,0.107407,0.38038883
0.13805708,1.0,0.065679744,0.13189115,0.6225827,0.51996624,1.0,0.06253489,0.0746105,0.7206566,0.34728023,1.0,0.21951556,0.21306151,0.60755014,0.31538004,1.0,0.16049567,0.10768108,0.3849463
0.13056104,0.755936,0.43143213,0.13022645,0.6225076,0.5220699,0.31236878,0.049084093,0.07546974,0.72710055,0.3446614,0.85183793,0.5720308,0.21277812,0.6133527,0.31407607,0.23914337,0.49216792,0.10909439,0.38265076
0.12961356,0.7555123,0.06685937,0.37131876,0.6228814,0.5220186,0.31237024,0.062447898,0.579916,0.7268104,0.3437888,0.8511688,0.22134636,0.6951833,0.6131277,0.31361434,0.23878343,0.16217521,0.454053,0.38225064
0.12893668,0.75583,0.066712484,0.13000688,0.8228871,0.52231085,0.31269535,0.062296346,0.07540796,0.14930154,0.343653,0.85201603,0.22092487,0.21302085,0.41015828,0.3133217,0.23893087,0.16205874,0.10918977,0.90199006
0.7646528,0.76274306,0.06836855,0.09977992,0.46680465,0.81194085,0.31501862,0.06311846,0.0924535,0.37561315,0.6039124,0.85906553,0.22265486,0.20787303,0.27680936,0.5968411,0.24124484,0.16217487,0.1136038,0.27967304
1.0,0.78828675,0.062558256,0.13191961,0.6168687,0.9639553,0.32598317,0.06367473,0.07493818,0.7135189,1.0,0.88432693,0.20513134,0.20733382,0.6007782,0.7458297,0.25035918,0.14643548,0.1052887,0.3783221
0.14005941,1.0,0.0629204,0.13273881,0.62091774,0.5278819,1.0,0.06347215,0.07398195,0.7142784,0.35294828,1.0,0.21208216,0.20892477,0.60039663,0.32048857,1.0,0.15460874,0.1054506,0.38273942
0.13275327,0.77685636,0.43007424,0.13116755,0.62104654,0.5300269,0.32019484,0.047971893,0.074963786,0.72101974,0.35028967,0.8738321,0.5793566,0.20861061,0.606499,0.31911677,0.24591136,0.4980604,0.10688956,0.38078478
0.13153246,0.77493674,0.06401337,0.37202546,0.6213511,0.52988356,0.31976786,0.06354234,0.5734765,0.72054636,0.34972024,0.8718996,0.21379672,0.69094557,0.6060462,0.31885213,0.2452492,0.156239,0.4520802,0.3803401
0.13129407,0.77470595,0.06398015,0.13083053,0.82141304,0.5297548,0.31965485,0.063401364,0.07472708,0.14367,0.3495165,0.8720161,0.21364442,0.20880902,0.40416503,0.31881645,0.2451597,0.156192,0.10690078,0.90032834
0.77570605,0.7818799,0.065387726,0.0984484,0.466779,0.8231099,0.32232758,0.064055786,0.08949507,0.37425345,0.612658,0.8795662,0.21507862,0.20338657,0.27384827,0.6053523,0.24737929,0.15604387,0.11129897,0.27883235
1.0,0.64710456,0.106380366,0.111913525,0.5742631,0.88427794,0.26418293,0.093981795,0.07493677,0.7608204,1.0,0.7187395,0.3452667,0.20472741,0.65099114,0.7550767,0.20649892,0.24907906,0.09993312,0.35418043
0.159787,1.0,0.106295355,0.11254828,0.57787746,0.6188579,1.0,0.09439967,0.07464494,0.76121074,0.37514073,1.0,0.35120702,0.20581658,0.6502129,0.3330893,0.9849064,0.25704288,0.09982599,0.35951135
0.16189465,0.6393833,0.45934913,0.11106246,0.5778456,0.6217319,0.26005253,0.02956398,0.075801514,0.7679983,0.3713936,0.71083194,0.44989246,0.20559043,0.6562115,0.33132166,0.20368803,0.3992575,0.10135659,0.3564946
0.16244687,0.63895035,0.10795861,0.110791326,0.77708346,0.6217221,0.26015502,0.09411554,0.075919636,0.20000742,0.37059036,0.7108322,0.35354757,0.20550528,0.44405118,0.33044198,0.20338774,0.25906152,0.10136197,0.8643138
0.6129042,0.64586204,0.10961236,0.08938122,0.42335826,0.81930953,0.26227817,0.09535813,0.0930707,0.40577367,0.6029435,0.71750534,0.3573587,0.20277455,0.3175287,0.58800083,0.20573837,0.26100582,0.10453127,0.24842095
0.16232611,1.0,0.107593454,0.09041097,0.42359465,0.62432384,1.0,0.095278755,0.09297185,0.40554902,0.3752217,1.0,0.35484684,0.2033991,0.31693786,0.33334514,0.8317222,0.25957793,0.103775464,0.2504437
0.14891045,1.0,0.096908405,0.11294839,0.59642196,0.5980685,1.0,0.08883781,0.07263334,0.76559114,0.3711797,1.0,0.32141638,0.2029609,0.6540489,0.33161354,1.0,0.23497814,0.10119744,0.3720481
0.1487422,0.6675439,0.45301574,0.11149814,0.59627855,0.6003708,0.27378443,0.031487748,0.07361129,0.7726467,0.3686535,0.74734324,0.47768182,0.20278431,0.6605644,0.33054233,0.211727,0.42092896,0.10253057,0.36904338
0.14848477,0.66719264,0.09835577,0.35221484,0.59640914,0.5999739,0.27376232,0.08862239,0.5981582,0.7723346,0.3680062,0.7468781,0.3237823,0.68534434,0.66024214,0.33001134,0.21167643,0.23701698,0.45154324,0.36860707
0.14845957,0.6671994,0.09823314,0.111187115,0.7956996,0.6003133,0.27385092,0.088583425,0.073632196,0.1992047,0.36793402,0.7473712,0.3236431,0.20266834,0.44761884,0.33003488,0.21151103,0.23692538,0.102528624,0.87947017
0.55016625,0.6740791,0.099844754,0.09384284,0.461685,0.7720486,0.27636325,0.089499414,0.087559156,0.45359144,0.5678354,0.7545787,0.3269753,0.20070381,0.36263162,0.55225074,0.21390639,0.23859869,0.10567285,0.27480647
0.1492705,1.0,0.09822223,0.09468641,0.46230003,0.6037375,0.9152358,0.08970657,0.08772984,0.4541866,0.3723884,1.0,0.32507858,0.2013115,0.3624889,0.33286527,0.75390244,0.23768513,0.10495077,0.27703184
1.0,0.7711068,0.070171,0.1323852,0.6178701,0.9698748,0.31956583,0.06789311,0.07527782,0.70534074,1.0,0.86643,0.22917004,0.20625497,0.59379625,0.73663586,0.2446132,0.16406003,0.10422415,0.3797296
0.13729642,1.0,0.070463814,0.13302265,0.62159145,0.507676,1.0,0.068490915,0.0743855,0.70562136,0.34124404,1.0,0.23603211,0.20772874,0.5927884,0.3104514,1.0,0.17229204,0.1043884,0.38384157
0.1296083,0.7571085,0.43477827,0.13136682,0.62182206,0.51040626,0.31288245,0.04450021,0.07526116,0.71209884,0.33855262,0.8537816,0.5568741,0.20741321,0.598841,0.3093111,0.23939824,0.4810934,0.105869696,0.38180047
0.12799169,0.7567468,0.07171605,0.37242246,0.6220705,0.5098852,0.31290436,0.06796192,0.57067394,0.7118104,0.33799985,0.85311043,0.2378487,0.689533,0.5983853,0.30855682,0.23917057,0.17423569,0.45075813,0.3814121
0.1276101,0.75651735,0.07169988,0.13118678,0.82248735,0.5101426,0.31297672,0.068143696,0.07516376,0.13989307,0.3379965,0.853747,0.23765932,0.2075868,0.40095368,0.3089393,0.23904175,0.17386164,0.10595976,0.90279233
0.78089994,0.76205593,0.073006965,0.09758841,0.46796992,0.81094146,0.31503746,0.06880826,0.088565454,0.36825192,0.60309535,0.8591979,0.2389225,0.20157795,0.2679394,0.59671175,0.24080308,0.17369547,0.11039229,0.2809762
1.0,0.78232706,0.07328913,0.1347957,0.58847773,0.93841445,0.3199688,0.0767408,0.08073481,0.69876134,1.0,0.86924887,0.24225913,0.20914342,0.5849971,0.73871857,0.24993888,0.17259459,0.10226591,0.35620242
0.13114412,0.76958174,0.43745956,0.13376136,0.59234184,0.5411261,0.3138399,0.037939116,0.08094779,0.7053666,0.3457622,0.8573058,0.54537797,0.21054381,0.5898373,0.31308988,0.24517591,0.47310996,0.103939615,0.35835895
0.13006125,0.7688638,0.074542284,0.3747268,0.5926822,0.5408504,0.31358197,0.07675353,0.56330997,0.70520943,0.34518424,0.8563836,0.25054023,0.69241756,0.5896258,0.31265733,0.24468578,0.1823331,0.44510028,0.3579951
0.12944776,0.76853216,0.07457217,0.13349667,0.79302204,0.540755,0.31326306,0.07671159,0.080678195,0.13794337,0.34524646,0.8565247,0.25067672,0.21069348,0.3890402,0.31237274,0.24460863,0.18227851,0.10402154,0.8757936
0.65014637,0.7763989,0.07580054,0.1007876,0.46793872,0.768253,0.31640908,0.07749034,0.08399841,0.4199727,0.57144535,0.86459875,0.2524592,0.20537838,0.31867406,0.56141824,0.24723737,0.1827323,0.10784829,0.27342647
0.13104261,1.0,0.07427276,0.101739265,0.46782368,0.54130846,1.0,0.07743201,0.08390482,0.4198881,0.34911174,1.0,0.25092074,0.205813,0.318035,0.31432202,0.8589566,0.18212041,0.10697512,0.27489042
1.0,0.5602265,0.11191737,0.1008065,0.56689084,0.88348556,0.23247269,0.08920765,0.088685855,0.79744804,1.0,0.6305942,0.35837862,0.21239156,0.6951301,0.7743081,0.1772022,0.2599472,0.10710569,0.3593498
0.16809659,1.0,0.1117673,0.10131403,0.5706982,0.65352464,1.0,0.0894219,0.08919018,0.7976081,0.39716056,1.0,0.36429763,0.21352485,0.6942123,0.35304266,0.9536876,0.26827025,0.10743193,0.36535612
0.16990781,0.5533124,0.46222115,0.10020702,0.5704351,0.6557804,0.22898999,0.031269595,0.08965828,0.8050177,0.3935668,0.6232828,0.43679136,0.21313079,0.700842,0.35039434,0.17470862,0.38814995,0.10853421,0.36165547
0.17034431,0.552654,0.113461055,0.3402996,0.5704464,0.655662,0.2283672,0.08918844,0.63239306,0.8047557,0.39261296,0.621773,0.3664271,0.69628185,0.7005337,0.34972906,0.17442176,0.27004388,0.45913705,0.3611716
0.17077246,0.5522189,0.11337514,0.09998216,0.7694904,0.6562231,0.2283375,0.08914266,0.08964677,0.25312328,0.39253947,0.62240607,0.36652076,0.21304657,0.4925684,0.3496498,0.1742628,0.2701235,0.108514905,0.86523193
0.17018162,1.0,0.113562934,0.09173773,0.42147484,0.6603703,0.85239345,0.09023619,0.1034344,0.44616246,0.3978995,1.0,0.3685653,0.21352433,0.36901164,0.3533051,0.70138955,0.27134365,0.110440135,0.25825602
0.14793196,1.0,0.103241965,0.109195,0.6044331,0.59139764,1.0,0.095877506,0.071417466,0.78148144,0.36504254,1.0,0.3433202,0.19843833,0.66686165,0.32567558,0.99848306,0.25063372,0.0981786,0.3761845
0.14859813,0.66257477,0.45783174,0.107918955,0.6037659,0.59457713,0.27090287,0.029145133,0.07230091,0.78760993,0.361756,0.74017894,0.45824048,0.19811308,0.6724595,0.3241817,0.21027257,0.40605372,0.09944052,0.37270316
0.14862722,0.6621995,0.10478636,0.3484694,0.60399187,0.59453285,0.2710254,0.095542155,0.5982907,0.7874067,0.36155528,0.73990935,0.3457038,0.68080246,0.67221284,0.32390365,0.2102697,0.25288343,0.44951165,0.37247124
0.1483315,0.66228825,0.1048851,0.107580274,0.8029144,0.59447014,0.27139628,0.09563503,0.072418675,0.20465165,0.3617028,0.74050194,0.34561694,0.1980056,0.45223397,0.32366368,0.2103144,0.2526921,0.09938076,0.8820129
0.55933446,0.66930485,0.10636707,0.090193644,0.46372622,0.7713555,0.27380002,0.09677669,0.086646274,0.45629886,0.56717575,0.7476696,0.34945914,0.19600981,0.36290595,0.5522948,0.2125499,0.25458628,0.10256969,0.27448252
0.14944299,1.0,0.10482333,0.091205366,0.46425843,0.5976228,0.93222743,0.096834965,0.08680924,0.45627445,0.36581036,1.0,0.34728494,0.19655211,0.36244515,0.32664812,0.7686536,0.25368744,0.102000825,0.27683508
1.0,0.79311055,0.060671233,0.14275128,0.58831185,0.96072423,0.32521445,0.06707876,0.085155636,0.67529315,1.0,0.8829339,0.20301558,0.21540341,0.56247854,0.7412909,0.25313202,0.14403093,0.10538464,0.35623568
0.13760912,1.0,0.061678864,0.1435428,0.59216225,0.52288514,1.0,0.06696346,0.08393527,0.67578584,0.34819195,1.0,0.2098069,0.21699865,0.5617273,0.31593382,1.0,0.15225504,0.10538344,0.3600996
0.12955755,0.7772596,0.062491696,0.38255212,0.59231615,0.5249882,0.31761193,0.0666683,0.55708796,0.680799,0.3450431,0.86791706,0.211214,0.69833666,0.5661696,0.31435552,0.24711365,0.15366183,0.44607952,0.35780916
0.12942839,0.77655476,0.062732525,0.14137657,0.7930285,0.52550113,0.31762263,0.06687137,0.08516727,0.12815781,0.34506,0.867892,0.21151699,0.21694365,0.376482,0.31434602,0.24684505,0.15375662,0.1074326,0.8787919
0.7330667,0.7836546,0.06370974,0.10229176,0.46185964,0.79679,0.3201124,0.067314655,0.087881215,0.38915718,0.5934504,0.87491745,0.21252006,0.21011135,0.28667507,0.5856481,0.24906047,0.1535208,0.11133594,0.2711333
0.13095182,1.0,0.06207084,0.10345621,0.4618544,0.52457505,1.0,0.06743882,0.08792253,0.38853034,0.34877753,1.0,0.21132888,0.21068148,0.28594434,0.31542158,0.91894037,0.15328042,0.110728055,0.27221033
1.0,0.8034244,0.07210821,0.14039163,0.59591067,0.93972504,0.3272109,0.07810433,0.08593937,0.68970424,1.0,0.8883416,0.23949793,0.20947821,0.5714788,0.72747445,0.2574428,0.17034276,0.10128193,0.3575518
0.12590864,0.7874301,0.4370941,0.13907623,0.59968185,0.52124023,0.31925216,0.0371499,0.086115286,0.695614,0.33275113,0.8734499,0.5478825,0.21082613,0.57593143,0.30097258,0.25131175,0.4751705,0.10307654,0.35955763
0.12517282,0.78698105,0.07357219,0.37983102,0.5998969,0.52144563,0.3192409,0.07779753,0.5523979,0.6952101,0.3322752,0.8730225,0.24812682,0.69244206,0.57541364,0.3008736,0.25114158,0.18015784,0.44185245,0.35916185
0.12509266,0.7869375,0.07356621,0.1389025,0.80030817,0.5215502,0.31932965,0.07807328,0.08605695,0.12037932,0.33191085,0.8734034,0.24802163,0.21101691,0.37264928,0.3005703,0.25131604,0.18011084,0.10323993,0.8787999
0.602425,0.79463345,0.07457303,0.10453963,0.4914086,0.7285062,0.3219938,0.07882395,0.0796835,0.4482553,0.5410772,0.8813227,0.24982733,0.20522198,0.34026262,0.53095067,0.25375244,0.18052278,0.1065336,0.2854069
0.12594478,1.0,0.073214464,0.105661735,0.49170688,0.52160853,0.99289924,0.07873567,0.07972046,0.44842276,0.33572572,1.0,0.2483611,0.20579524,0.3396757,0.3024128,0.82048804,0.17987461,0.10565676,0.28723454
1.0,0.6632351,0.102051534,0.11228628,0.57501185,0.88960415,0.2713741,0.09014916,0.07483562,0.7592859,1.0,0.7375422,0.33097067,0.20507777,0.6503528,0.758663,0.21158922,0.2388292,0.1005462,0.3555887
0.15804386,1.0,0.10213807,0.11295142,0.5783747,0.6192097,1.0,0.09021786,0.07450653,0.7590137,0.37815478,1.0,0.3372157,0.20624234,0.6490356,0.33655614,0.98961526,0.24691017,0.10076366,0.36061484
0.15914628,0.652673,0.45617226,0.11160167,0.5783482,0.62162113,0.26566872,0.030961085,0.07552378,0.7656869,0.37459463,0.7268887,0.46243826,0.20592254,0.6551254,0.33418462,0.20769092,0.40900666,0.10217182,0.35772905
0.15924655,0.6517857,0.103539824,0.11126103,0.77735,0.6216876,0.26588684,0.09001975,0.07569173,0.20062263,0.373891,0.7262188,0.33911607,0.20585194,0.44497782,0.33376077,0.20728214,0.24888574,0.10211919,0.8664108
0.6320386,0.6589266,0.10528665,0.0898713,0.4196899,0.82819355,0.26832703,0.09109193,0.093631566,0.3946281,0.611298,0.7335181,0.34307364,0.20310737,0.30777505,0.5965556,0.20970999,0.25061592,0.10546038,0.24730766
0.15996726,1.0,0.103107646,0.090835445,0.42017573,0.62477356,1.0,0.09112566,0.093691744,0.39448813,0.3787523,1.0,0.34054682,0.20376644,0.30720192,0.33670002,0.84954065,0.24935989,0.104922146,0.24935023
1.0,0.78117114,0.071752205,0.13704427,0.5975477,0.9453955,0.31872326,0.07620426,0.08298964,0.697898,1.0,0.8654064,0.23753794,0.20976835,0.5808857,0.7340312,0.2501462,0.1690877,0.10161357,0.3602177
0.13273768,1.0,0.071855634,0.13758521,0.6013121,0.5235255,1.0,0.076063864,0.08186133,0.69814914,0.34208846,1.0,0.24403702,0.21134695,0.5800781,0.3090594,1.0,0.17711179,0.101486444,0.3643008
0.12702794,0.76518273,0.07308184,0.37668914,0.6015947,0.5259645,0.31096083,0.075879104,0.5587439,0.70350367,0.33859766,0.850279,0.24585325,0.6926319,0.58479106,0.30745307,0.24400838,0.17887187,0.44324613,0.36196572
0.12671019,0.7646892,0.073118225,0.13550803,0.80198765,0.52611697,0.31094813,0.07600769,0.082961984,0.12779589,0.33863795,0.8506457,0.24584092,0.21138294,0.3814844,0.3071886,0.24367195,0.17874894,0.103458,0.88081366
0.6782137,0.77166784,0.074247085,0.09986185,0.4756329,0.7699091,0.31336084,0.07680192,0.08447919,0.41878122,0.5733021,0.8576391,0.24753389,0.20522507,0.31343514,0.56426114,0.2460298,0.17901841,0.10725583,0.2771139
0.12747097,1.0,0.0726643,0.100953236,0.4759943,0.52576745,1.0,0.076777376,0.08448296,0.4187338,0.34262142,1.0,0.24599284,0.20601127,0.31280404,0.30880836,0.87890536,0.17845602,0.10638338,0.27867147
0.16103786,1.0,0.10673476,0.10553161,0.5963756,0.6288095,1.0,0.09858566,0.07221028,0.79111713,0.3819612,1.0,0.35484087,0.1968368,0.6771136,0.3394159,0.9872559,0.25922158,0.09792169,0.37254718
0.16344368,0.62979555,0.46053833,0.104289025,0.5959615,0.63155586,0.25830913,0.028470457,0.072916254,0.79819137,0.3784588,0.7048266,0.4479619,0.19655357,0.68357587,0.33763397,0.19988392,0.39811695,0.09911789,0.3688759
0.1631886,0.63060385,0.1083159,0.34483126,0.5961766,0.63140815,0.25844416,0.09825312,0.603191,0.79813457,0.37796846,0.70530534,0.357046,0.6791612,0.68346477,0.33724463,0.19996986,0.26105398,0.4499832,0.36859882
0.16355291,0.6300456,0.10832273,0.104119636,0.7947169,0.6319985,0.2585671,0.098319195,0.0728194,0.2184748,0.37805384,0.7055059,0.3572164,0.19649772,0.46208113,0.33721673,0.19971806,0.26119962,0.09887874,0.8756426
0.53868145,0.6366275,0.10982517,0.088634476,0.45363626,0.7951126,0.2607616,0.099562265,0.087409124,0.46052468,0.580436,0.7118864,0.3611386,0.19481857,0.36925754,0.563512,0.20193167,0.2633078,0.101849005,0.26827848
0.16402894,1.0,0.10827785,0.089473024,0.45419005,0.6354149,0.9088628,0.09960591,0.08757176,0.46070963,0.38275242,1.0,0.35891593,0.19529812,0.36894795,0.3402972,0.74949205,0.26215017,0.101194754,0.27079454
1.0,0.7679385,0.06574062,0.13990036,0.58816063,0.9494734,0.31443977,0.070626915,0.08358947,0.6903726,1.0,0.85366994,0.21778764,0.21762043,0.5766397,0.73958045,0.24524197,0.15486078,0.106236935,0.35578695
0.13532262,1.0,0.06599661,0.14067829,0.59187114,0.5294779,1.0,0.070547424,0.08256577,0.6905209,0.3477491,1.0,0.22440965,0.21928845,0.57571125,0.3145679,1.0,0.16275518,0.106162146,0.36002988
0.12872571,0.753057,0.06703671,0.3798068,0.5921195,0.531536,0.30726475,0.070386685,0.56349623,0.69590443,0.34440032,0.83981454,0.22608909,0.70050716,0.5804514,0.3127033,0.23960438,0.16448613,0.44684073,0.35755852
0.12843823,0.75272083,0.067137145,0.13852529,0.79262865,0.5316721,0.3073574,0.070114836,0.08380217,0.1334574,0.34442636,0.8399502,0.2260192,0.21907875,0.3837586,0.31262875,0.23938014,0.16426237,0.1081011,0.8766157
0.7035457,0.76028764,0.068389505,0.102526605,0.46151018,0.78720504,0.31000975,0.07124542,0.08963751,0.40074357,0.5863397,0.8477449,0.22775017,0.21316753,0.29894695,0.57751656,0.24196886,0.16469526,0.112131834,0.26977995
0.12988068,1.0,0.06667711,0.10368795,0.4617863,0.53205436,1.0,0.071185604,0.08967988,0.4005986,0.3484082,1.0,0.22635897,0.21363692,0.29833245,0.31440258,0.89348596,0.16422667,0.11131174,0.27131894
0.15487246,1.0,0.10374784,0.109134,0.606646,0.61125094,1.0,0.0954498,0.07146423,0.7834144,0.3736352,1.0,0.3443234,0.19856882,0.66759276,0.33273295,0.9891622,0.25153834,0.097937666,0.3768895
0.15615445,0.63334036,0.45817432,0.10772671,0.6063689,0.614312,0.25863323,0.029310392,0.07228938,0.7907402,0.37046298,0.7070332,0.45735788,0.19819856,0.67437166,0.33107746,0.20117679,0.40547577,0.09933763,0.37359715
0.15641166,0.63344365,0.105143845,0.3483114,0.6066169,0.6142618,0.25888345,0.09528047,0.5977508,0.7904082,0.37011972,0.70674825,0.34666297,0.6806927,0.67398095,0.33054653,0.20120947,0.25355956,0.44880646,0.373245
0.15656708,0.6330281,0.10536038,0.10750844,0.8055279,0.6144201,0.25897753,0.09534016,0.07259845,0.20463254,0.36994806,0.70719916,0.34673214,0.1981299,0.45180428,0.33059573,0.2010423,0.25367406,0.099199586,0.8826844
0.5504278,0.63980234,0.106798,0.0900153,0.46686918,0.7846531,0.26159215,0.09624094,0.086688444,0.46085477,0.5754091,0.7139692,0.35033745,0.19605584,0.3659423,0.5592588,0.20331289,0.2554736,0.1023627,0.27562198
0.15727954,1.0,0.105155915,0.09087211,0.46739823,0.6178199,0.9173612,0.096350566,0.086659536,0.46093142,0.37467366,1.0,0.3481656,0.19669092,0.36554942,0.3335733,0.75701624,0.2544847,0.101611994,0.27801234
1.0,0.6606068,0.10411798,0.10899037,0.58567274,0.8881423,0.26855606,0.08859627,0.0773326,0.7768617,1.0,0.73031497,0.33615145,0.20755467,0.66621894,0.7534267,0.21142928,0.24305157,0.10129592,0.36285356
0.15721889,1.0,0.10415542,0.109666474,0.5893219,0.6120339,1.0,0.08894371,0.07714256,0.7767774,0.37218556,1.0,0.34221476,0.20873453,0.6651416,0.33094683,0.9898116,0.25103036,0.10151455,0.36820087
0.15921907,0.6498621,0.45729277,0.108115315,0.5890514,0.61532074,0.26288855,0.03131931,0.07835368,0.7835251,0.36884457,0.7195594,0.4578519,0.20837423,0.6712472,0.328849,0.2074915,0.40506262,0.102935635,0.36501965
0.15963422,0.64940786,0.10567284,0.10787674,0.78812367,0.61506253,0.26301795,0.0886712,0.07829626,0.2106178,0.36810312,0.71967024,0.34429756,0.20831014,0.45560268,0.32839587,0.20730743,0.25292507,0.102803126,0.8728982
0.6051287,0.6554464,0.10722189,0.08926232,0.4310717,0.8093537,0.26488742,0.08962756,0.096092254,0.412993,0.5961733,0.7254815,0.34746987,0.20584057,0.32498762,0.5811389,0.20935735,0.25432798,0.10572363,0.25471175
0.15962054,1.0,0.10517977,0.09015492,0.4312884,0.6172485,0.9964501,0.08957009,0.095938765,0.4126365,0.37215117,1.0,0.34497175,0.20637141,0.32443723,0.33073562,0.8253338,0.25295907,0.1051186,0.25675988
1.0,0.65915793,0.10744297,0.11345578,0.5726967,0.8775286,0.2677694,0.09393661,0.07440587,0.7540047,1.0,0.72878075,0.34799898,0.20381792,0.6435431,0.7547176,0.2111388,0.25122085,0.098559216,0.35244435
0.16498359,1.0,0.107386254,0.11405236,0.57606226,0.6260705,1.0,0.09418822,0.073948756,0.7537275,0.37550905,1.0,0.35390794,0.20508923,0.64229316,0.33314967,0.9891406,0.25931752,0.098458596,0.35735592
0.16779566,0.64939594,0.45992225,0.11247861,0.57602143,0.6293301,0.2626904,0.029458284,0.075317435,0.760273,0.37181208,0.7190028,0.44749844,0.20472336,0.648294,0.3309112,0.20733875,0.3974588,0.100084804,0.3544256
0.16836134,0.6488334,0.10893535,0.11238243,0.77551925,0.6292845,0.2628572,0.09413811,0.07537448,0.19319509,0.37122357,0.71899265,0.35629737,0.20464073,0.43737668,0.33020827,0.20715916,0.26118943,0.10006737,0.8635024
0.61779654,0.6544751,0.11035854,0.08874878,0.42070633,0.82736784,0.26434147,0.09504936,0.091730036,0.39832965,0.60814357,0.72440755,0.35960025,0.20141421,0.30926803,0.5931157,0.20913939,0.262821,0.10311822,0.24614085
0.16772437,1.0,0.10826922,0.0897089,0.42080992,0.6313095,1.0,0.09492117,0.09183762,0.39818668,0.3757321,1.0,0.35677487,0.20177568,0.30865866,0.33291292,0.8490738,0.26122317,0.10249086,0.2479797
1.0,0.62546325,0.09880612,0.10529165,0.608982,0.9065806,0.2589051,0.08221073,0.079243496,0.7992651,1.0,0.70254767,0.31773475,0.20569356,0.6889174,0.7593812,0.19828849,0.23003271,0.10409826,0.38020733
0.15122893,1.0,0.09897644,0.105798356,0.61302733,0.60314906,1.0,0.082502685,0.079276204,0.7994929,0.3761637,1.0,0.32403243,0.20673086,0.6878184,0.3368333,0.9758424,0.23817088,0.10447788,0.3860087
0.14992958,0.6162901,0.45326802,0.10464815,0.6127061,0.60544544,0.2544137,0.034725823,0.079970255,0.80672073,0.37261656,0.69318897,0.4738211,0.2064797,0.69428235,0.33466962,0.1949698,0.41714138,0.10563274,0.38260543
0.14931017,0.6164167,0.100543365,0.34501976,0.6130394,0.6051398,0.25441206,0.082439296,0.61699027,0.8066416,0.37237716,0.6929432,0.32625625,0.68916506,0.69413984,0.33417198,0.19488433,0.2400417,0.45606008,0.38229018
0.5769369,0.6223671,0.101763286,0.09152502,0.46092278,0.78812164,0.25686157,0.08335443,0.095827736,0.44682896,0.5808795,0.69957936,0.3294997,0.20531167,0.35850585,0.5659993,0.19690135,0.24174628,0.10849101,0.27683
0.15035093,1.0,0.10030062,0.09236968,0.4617055,0.6086144,0.91938674,0.08340728,0.096172996,0.446842,0.37676203,1.0,0.3276116,0.20584546,0.35830313,0.3371707,0.75761056,0.24087574,0.107902996,0.27954122
1.0,0.6144782,0.10318389,0.10355858,0.58757144,0.8956968,0.25471014,0.08479334,0.080644265,0.7927996,1.0,0.6912318,0.33153346,0.20560624,0.6870713,0.77079266,0.1947533,0.24009565,0.10429987,0.36936012
0.16050959,1.0,0.103373945,0.10409863,0.5913156,0.634342,1.0,0.08516144,0.08100455,0.79294616,0.3909898,1.0,0.33780512,0.20665284,0.6860046,0.34884715,0.97167134,0.24829614,0.104620315,0.37518924
0.16103198,0.6052875,0.4562757,0.10289535,0.59108484,0.63680565,0.25019693,0.033259958,0.08139079,0.8000712,0.3872614,0.6817487,0.46097028,0.20632766,0.69247484,0.3463316,0.19110788,0.4071579,0.10573257,0.37169403
0.16081011,0.60502917,0.104832135,0.3431543,0.5913678,0.6368573,0.2501581,0.08491773,0.62056375,0.7999845,0.38685706,0.68136233,0.33982474,0.6888836,0.6921062,0.3459626,0.19117582,0.25015742,0.4568714,0.371442
0.5572136,0.6107958,0.10609788,0.090931065,0.43905354,0.8073385,0.25228092,0.08574715,0.096742496,0.4374688,0.5908072,0.6874515,0.34310102,0.20527123,0.35558277,0.5738649,0.19287542,0.25181174,0.108284965,0.26512212
0.16144313,1.0,0.104757205,0.09187052,0.43979248,0.64056486,0.90402716,0.08600268,0.096880905,0.43756709,0.39139968,1.0,0.3416281,0.20588982,0.35527083,0.34887323,0.74442947,0.25140858,0.1079224,0.26785123
1.0,0.8085203,0.058201138,0.13258237,0.6147634,0.9792196,0.33504173,0.059807207,0.07484532,0.7093067,1.0,0.9087418,0.1919333,0.2085428,0.5981897,0.7461507,0.25676423,0.13694943,0.10584257,0.378284
0.14541313,1.0,0.05905435,0.13332595,0.61890525,0.5156494,1.0,0.05958724,0.07391906,0.709828,0.35081348,1.0,0.19883852,0.20988022,0.59758687,0.3201263,1.0,0.14512688,0.106159516,0.382652
0.13668646,0.79346853,0.42736703,0.13169001,0.6189484,0.5178686,0.32818308,0.051249955,0.07485167,0.7162288,0.3482057,0.89531946,0.5916081,0.20976289,0.6034481,0.31872955,0.25063577,0.5074187,0.10767191,0.38059142
0.13488165,0.792491,0.060171388,0.37263116,0.6191912,0.5173799,0.32800075,0.05952896,0.5737503,0.7159887,0.34779814,0.89426905,0.20060293,0.6915006,0.6028952,0.3186544,0.25037566,0.14688373,0.45218366,0.38011265
0.13426483,0.79196215,0.059961792,0.13147792,0.8197079,0.5174027,0.32831797,0.059605636,0.07459767,0.14489233,0.34787205,0.8942604,0.20035498,0.20992196,0.40504012,0.31860676,0.2500712,0.14686853,0.10761346,0.90113604
0.8018974,0.79907614,0.061560787,0.098972164,0.46211076,0.8269921,0.33054942,0.060330447,0.09036712,0.36472118,0.61468345,0.9015726,0.20164604,0.20429865,0.26549554,0.6086607,0.25256374,0.1463362,0.11217409,0.2773333
1.0,0.6245576,0.101579234,0.10377232,0.59644246,0.90165085,0.2590997,0.08586241,0.078576595,0.7956592,1.0,0.7025817,0.3271382,0.20329858,0.6872162,0.7661946,0.1977533,0.23653968,0.10305774,0.37340713
0.15545191,1.0,0.101629436,0.10431806,0.6004405,0.6201111,1.0,0.08625668,0.07871119,0.79619306,0.38477397,1.0,0.33347732,0.2043073,0.68665296,0.34348682,0.9760601,0.24485913,0.10345332,0.3792859
0.15548487,0.6176704,0.45529938,0.10320949,0.6004517,0.6228995,0.25499827,0.032719847,0.07917312,0.8035061,0.38124913,0.69549924,0.46544695,0.20391262,0.6931706,0.3415008,0.19506471,0.41089082,0.10449725,0.37606367
0.15508622,0.6174746,0.10313613,0.34333977,0.60060483,0.62265897,0.2553822,0.08595028,0.6169515,0.8035973,0.3806283,0.6952083,0.33551592,0.68656695,0.6931186,0.3409631,0.19510745,0.24655248,0.45567477,0.37559918
0.5685377,0.623208,0.104494505,0.09057317,0.44851506,0.79905736,0.25740415,0.086869456,0.09486759,0.4423405,0.58721083,0.7015738,0.33896044,0.20294729,0.3569654,0.5713338,0.19685929,0.24837433,0.107290566,0.2696492
0.15558526,1.0,0.10296102,0.0914493,0.44926146,0.62647694,0.9166147,0.0869253,0.09493867,0.44241497,0.3852947,1.0,0.3371522,0.20355234,0.35682377,0.3437673,0.7546197,0.24770519,0.10668118,0.2723685
1.0,0.6223808,0.10072202,0.10551932,0.5956935,0.89657706,0.25750944,0.085125,0.07830039,0.7935517,1.0,0.6987211,0.32487535,0.20481907,0.68439174,0.76672065,0.19739348,0.23502931,0.10341313,0.37201187
0.15813935,1.0,0.10082299,0.10598764,0.5994967,0.62592876,1.0,0.08513352,0.07855779,0.79360795,0.38573262,1.0,0.33087844,0.205789,0.6833418,0.3441115,0.97466296,0.24296191,0.10372835,0.37773812
0.15845416,0.61311746,0.45487964,0.10483902,0.599288,0.6281688,0.2527134,0.03317008,0.079071686,0.80086994,0.38243988,0.68943506,0.46759102,0.2054864,0.6897096,0.34187305,0.19400345,0.4124233,0.104927294,0.37437055
0.15813196,0.61323893,0.10242849,0.34510386,0.5995194,0.62866783,0.25306225,0.08526583,0.6150384,0.8005004,0.38202766,0.6892452,0.33307624,0.6881207,0.6894032,0.34146568,0.19390775,0.24494879,0.4551379,0.3741333
0.5749369,0.61896336,0.103781134,0.09093477,0.44555238,0.80752593,0.25512615,0.08597762,0.09514698,0.43629727,0.59298533,0.69536906,0.33644587,0.20413716,0.35023543,0.5769057,0.19591098,0.2466949,0.10771743,0.26700914
0.1590179,1.0,0.10221699,0.09191558,0.4465545,0.6323918,0.92943954,0.08592027,0.09539381,0.4364025,0.38642633,1.0,0.3345314,0.2048291,0.35000885,0.34451893,0.76607203,0.24567354,0.10719681,0.2697754
1.0,0.7899288,0.060877997,0.14049193,0.600408,0.9667145,0.32475638,0.067028455,0.082201764,0.6873462,1.0,0.88138723,0.20358115,0.21460849,0.573686,0.7379506,0.25177664,0.14454684,0.10595452,0.36458668
0.13736144,1.0,0.061749425,0.14122279,0.6041448,0.51193786,1.0,0.06683931,0.081104234,0.6877906,0.34343126,1.0,0.21030968,0.21614526,0.5729979,0.31200513,1.0,0.15268524,0.10584708,0.3688912
0.1291041,0.77411026,0.06278821,0.38025165,0.60444236,0.51416695,0.31723666,0.06672197,0.5613284,0.693174,0.3400183,0.86683255,0.21193366,0.6971582,0.57781416,0.3102707,0.24561073,0.15429989,0.44735408,0.36641508
0.12829871,0.7741038,0.06291253,0.13913995,0.80537826,0.51434994,0.3177523,0.066708155,0.08197815,0.12894213,0.33994725,0.8673008,0.21202749,0.21609569,0.38321888,0.31016576,0.24566367,0.154407,0.1077704,0.88774157
0.7396136,0.7799751,0.06396775,0.102252625,0.469442,0.7914729,0.31954685,0.067323476,0.08806813,0.39127868,0.58918756,0.8732626,0.21301827,0.20969474,0.28825948,0.58193475,0.24754791,0.1538466,0.1117551,0.27717257
0.13006492,1.0,0.062345833,0.10332571,0.46978754,0.513098,1.0,0.06736499,0.08827937,0.39082107,0.34349817,1.0,0.2119038,0.21015714,0.28744164,0.31127918,0.9177078,0.15388344,0.1112705,0.2784323
1.0,0.61180407,0.10212481,0.101492375,0.5898813,0.89800256,0.25401595,0.08623343,0.08097409,0.8019704,1.0,0.6889499,0.32962167,0.20356593,0.69491535,0.77407914,0.19348283,0.23846339,0.1035181,0.371058
0.16081333,1.0,0.102349915,0.10195199,0.5938631,0.6386748,1.0,0.08651526,0.08123616,0.80210423,0.3947127,1.0,0.33615097,0.20468572,0.6940654,0.3520824,0.97098,0.2468926,0.10393705,0.37691835
0.1607536,0.6032729,0.4560058,0.10102831,0.593557,0.64053845,0.24956469,0.032537792,0.08161496,0.80943453,0.39125466,0.6802531,0.46289042,0.20429307,0.7005055,0.34969887,0.1904671,0.40884444,0.104950346,0.37343863
0.16066244,0.6037934,0.10389454,0.34093153,0.593818,0.6407741,0.24997626,0.086186655,0.62232804,0.8091582,0.39061737,0.68060595,0.33806896,0.68680924,0.7002217,0.34940863,0.19057217,0.24869452,0.45667157,0.37315714
0.5685404,0.6091766,0.10519508,0.08966258,0.4369928,0.8153808,0.25207496,0.087160714,0.09677854,0.43624043,0.59814745,0.6863568,0.34140864,0.20345853,0.35419327,0.581306,0.19230509,0.25030628,0.10761805,0.2636017
0.16157189,1.0,0.103906475,0.090584785,0.43794078,0.6451084,0.91416883,0.087189876,0.09674387,0.4363382,0.39521188,1.0,0.3397432,0.20402989,0.35395455,0.35253608,0.75282526,0.2496538,0.1070981,0.2663051
0.16029067,1.0,0.107623115,0.104504436,0.596606,0.6262591,1.0,0.10327577,0.07123454,0.794928,0.38002384,1.0,0.35933334,0.19439676,0.6804819,0.33814234,0.9881664,0.26200417,0.09714884,0.373229
0.16216484,0.6339226,0.46155939,0.103232004,0.5968771,0.6295074,0.2599487,0.02833238,0.07176238,0.80238783,0.37752616,0.7098845,0.44421044,0.19435284,0.68740934,0.33650964,0.20101309,0.395696,0.098270886,0.3698518
0.16270813,0.6333505,0.10925172,0.34358704,0.5971779,0.6298015,0.25985557,0.10301164,0.6029609,0.80239105,0.37696165,0.70898145,0.36205405,0.6766974,0.6872554,0.33621457,0.20075537,0.26414037,0.44960552,0.36961862
0.1632001,0.6332612,0.10919978,0.10308687,0.79580635,0.6297733,0.26022246,0.103156164,0.07189642,0.2222378,0.37671956,0.7098761,0.36215764,0.19418919,0.46532843,0.33621952,0.2007289,0.26422894,0.098386236,0.8764728
0.5492779,0.63962454,0.110828824,0.0879274,0.45092052,0.7969316,0.2621789,0.10428619,0.08675967,0.45626926,0.5828707,0.71610016,0.36616686,0.19256204,0.36524114,0.5662803,0.20291133,0.26648372,0.10118507,0.26679242
0.16315962,1.0,0.10919415,0.088692844,0.45141453,0.633224,0.92256945,0.104158595,0.086621,0.45623916,0.38146052,1.0,0.36374202,0.19308603,0.3649031,0.339139,0.7606753,0.26512837,0.10055006,0.26916382
1.0,0.80146164,0.05517103,0.1362871,0.61757773,0.99306166,0.3331179,0.056456268,0.07620325,0.6972925,1.0,0.903113,0.18170972,0.21179551,0.5868938,0.7422332,0.25382856,0.12961316,0.10759065,0.3805165
0.14918767,1.0,0.05607011,0.13697515,0.6217628,0.49868163,1.0,0.056523595,0.075410426,0.6981073,0.34435114,1.0,0.18859643,0.21318619,0.5863991,0.31573117,1.0,0.13788486,0.10790121,0.3848739
0.13933907,0.7860794,0.42534468,0.13532002,0.6217627,0.5004645,0.3263057,0.05398689,0.076122,0.704472,0.3420633,0.88957566,0.6014855,0.21297123,0.5922597,0.31442115,0.24800755,0.5145602,0.10940682,0.38277775
0.13743342,0.78558147,0.05697526,0.3761392,0.6221271,0.50027925,0.3261448,0.056337874,0.57104427,0.70402706,0.34162754,0.8888407,0.1902292,0.69438934,0.59178543,0.3142531,0.24769235,0.1395602,0.45260614,0.38235298
0.13697138,0.78505373,0.056935925,0.13504559,0.8225848,0.5009608,0.32615784,0.056329615,0.07591835,0.13847633,0.34204993,0.8890165,0.19006516,0.21321125,0.39941004,0.3142528,0.24772061,0.13956346,0.109387614,0.90521777
0.8458881,0.7919377,0.05855176,0.099825576,0.46130812,0.8388282,0.32846472,0.056710664,0.092696995,0.34891465,0.6204613,0.8956803,0.19119306,0.20694727,0.24856822,0.616211,0.2497257,0.1388606,0.11415996,0.27860337
1.0,0.6281563,0.0958681,0.10787155,0.59409136,0.90769595,0.26035357,0.08036906,0.07972776,0.7832276,1.0,0.7068055,0.30810812,0.20899782,0.6767049,0.76624745,0.19894032,0.22281379,0.10607581,0.37227988
0.15326221,1.0,0.09582207,0.10857887,0.5982926,0.614849,1.0,0.0806779,0.07993567,0.78430104,0.38420692,1.0,0.31439447,0.21015102,0.67636174,0.34357038,0.977526,0.23103113,0.106521,0.37819612
0.1523713,0.6206713,0.45120952,0.10737851,0.59805995,0.6169609,0.25652203,0.03564198,0.08057647,0.7916148,0.38084868,0.6989913,0.48279646,0.20980868,0.6829989,0.34150288,0.19623683,0.42411748,0.10754151,0.37487835
0.15218015,0.6212094,0.09739463,0.34781983,0.59851146,0.6175155,0.25695762,0.08037776,0.6168564,0.7915988,0.3799724,0.69938475,0.31672823,0.6924377,0.6826684,0.34102455,0.19621861,0.23303492,0.4573427,0.37462434
0.5933715,0.6269339,0.09868366,0.09333066,0.44317508,0.8055356,0.25895977,0.08147144,0.09744129,0.42395988,0.5941184,0.70559067,0.31955326,0.20843005,0.34027052,0.578858,0.19807236,0.23425932,0.11054388,0.26715815
0.15279672,1.0,0.09712859,0.09425377,0.4439454,0.6203876,0.9399937,0.081414245,0.09754971,0.42412728,0.38473773,1.0,0.31767505,0.2091122,0.33998123,0.34385964,0.7745468,0.23359433,0.10998031,0.2697806
1.0,0.6802416,0.09733807,0.12072001,0.5685688,0.87942886,0.2786221,0.08825844,0.081027254,0.7597165,1.0,0.75708795,0.3168363,0.22229104,0.6508407,0.7392556,0.2169143,0.22817196,0.11066275,0.35158294
0.15797888,1.0,0.09731154,0.12136457,0.57168543,0.5969798,1.0,0.088353515,0.08107355,0.75953484,0.35669395,1.0,0.3226196,0.22361542,0.6496311,0.31645823,0.9954257,0.2357729,0.11090824,0.35653573
0.16068596,0.6698468,0.4531487,0.11977829,0.57166773,0.6005579,0.2730114,0.03171554,0.0818317,0.76613706,0.35374156,0.7465924,0.47269744,0.22316949,0.65555394,0.314719,0.21301663,0.41965947,0.112361886,0.3537543
0.16146947,0.6690516,0.09876406,0.119735256,0.77132076,0.6006503,0.27334902,0.088208266,0.08205757,0.20342858,0.35316747,0.7466012,0.32470474,0.22319499,0.44611314,0.31426826,0.21280722,0.23766704,0.11234068,0.8617861
0.60781205,0.67552525,0.10046103,0.09880622,0.4145947,0.7993116,0.27507785,0.08930239,0.10166114,0.39793944,0.5874008,0.7526776,0.32808945,0.22049369,0.31177092,0.57387125,0.21481197,0.23956068,0.11580112,0.24358582
0.16136983,1.0,0.098394215,0.09977975,0.4149527,0.60233504,1.0,0.08927796,0.101791464,0.3978217,0.35696977,1.0,0.32564533,0.22118531,0.31117094,0.31672,0.8474735,0.23777653,0.11517264,0.24559589
1.0,0.7943025,0.067044154,0.137506,0.6034313,0.95506686,0.32579607,0.07279231,0.081377916,0.69637,1.0,0.88456804,0.22247548,0.20753066,0.5800537,0.7371833,0.25346488,0.15814966,0.10186359,0.3652121
0.13553178,1.0,0.067155436,0.1381364,0.6072706,0.5211344,1.0,0.072558835,0.0801209,0.696865,0.34406528,1.0,0.22890757,0.20916696,0.5794783,0.3119295,1.0,0.1660108,0.10179466,0.36934078
0.12795287,0.7793141,0.06848269,0.3771029,0.6075527,0.52313524,0.31873062,0.07237866,0.55747765,0.7023306,0.34079576,0.8705467,0.23074155,0.6899803,0.5842528,0.3101949,0.24783087,0.16788457,0.44420546,0.36700934
0.12783986,0.77772963,0.06848813,0.13599056,0.8082047,0.5233928,0.31835225,0.07241731,0.081050344,0.12752062,0.340632,0.8698433,0.23072635,0.20906882,0.38317934,0.31010035,0.2470451,0.16773555,0.10369836,0.8874082
0.70516676,0.7841642,0.06951184,0.10018538,0.4771676,0.78109145,0.32060862,0.073124535,0.08327865,0.40897563,0.5814274,0.8763298,0.23197116,0.20274775,0.30390537,0.5735379,0.24929342,0.16770044,0.10763495,0.27988338
0.12908839,1.0,0.06779139,0.10114312,0.4772865,0.5228233,1.0,0.07306013,0.083412334,0.4086474,0.3443928,1.0,0.23042285,0.20330419,0.30309877,0.31152824,0.89770895,0.16702043,0.10683228,0.28114733
1.0,0.62953126,0.10196062,0.103011295,0.59048456,0.8984252,0.26124966,0.085587524,0.07814118,0.79420483,1.0,0.70889556,0.32809788,0.20193528,0.68747044,0.771871,0.19951348,0.23730512,0.102847084,0.37103626
0.15971807,1.0,0.10174949,0.1036433,0.5944217,0.63420147,1.0,0.08605893,0.07856487,0.7945308,0.39194098,1.0,0.33411223,0.20305596,0.6865157,0.34985283,0.97723675,0.24554557,0.103186965,0.37672886
0.15959442,0.62028575,0.4555992,0.10246499,0.59415585,0.6360163,0.25643793,0.032760754,0.078986384,0.8016819,0.38853857,0.69931114,0.46436656,0.20271201,0.6929069,0.34737143,0.19598015,0.41006896,0.10425088,0.37332255
0.15926236,0.6207142,0.10339059,0.34262502,0.5941941,0.6361092,0.2569331,0.085714355,0.61773807,0.80146176,0.3879662,0.69938904,0.33622417,0.6852813,0.6926585,0.34676793,0.1959823,0.2473424,0.4559207,0.37295914
0.5801779,0.6264846,0.10494665,0.08997478,0.4367451,0.81677157,0.25901735,0.08689492,0.09487115,0.4272228,0.599955,0.7060818,0.33992195,0.20152722,0.3447993,0.58345956,0.19775248,0.24914362,0.10690418,0.2631389
0.16076459,1.0,0.10326588,0.09063091,0.4373811,0.6407656,0.93638515,0.086895995,0.094970964,0.42726186,0.39244023,1.0,0.3377495,0.20216887,0.34448725,0.3500235,0.7714514,0.24831018,0.10652348,0.2657892
1.0,0.7735431,0.07851975,0.12844978,0.60109466,0.9297625,0.31596008,0.0779288,0.076610625,0.7221233,1.0,0.85795724,0.25778204,0.20320018,0.6053061,0.7425263,0.24732481,0.18448038,0.099020906,0.36444566
0.13439044,0.7581535,0.44088173,0.12728916,0.6047777,0.5551726,0.30830473,0.03762751,0.076963805,0.72796595,0.35099426,0.8434663,0.5304429,0.20444278,0.6097933,0.3166512,0.2415958,0.46169266,0.10069294,0.3665067
0.13394502,0.7573571,0.080051094,0.36796722,0.6050742,0.55524397,0.30827877,0.07754547,0.5667651,0.72800756,0.34985337,0.84287274,0.26642185,0.68585706,0.609609,0.31613255,0.24133728,0.19445927,0.44324473,0.36619234
0.13382053,0.7570636,0.07988929,0.12707207,0.8051372,0.55522794,0.30838463,0.07747157,0.07691224,0.1453333,0.34966275,0.8427945,0.26591203,0.20462492,0.39982998,0.3160401,0.24117573,0.19399394,0.10066521,0.88310665
0.6215709,0.7644412,0.08129731,0.09769241,0.47968525,0.7663833,0.31108558,0.0784488,0.08155418,0.4389667,0.56881946,0.8506524,0.26870036,0.1999004,0.33571485,0.55734,0.24369694,0.19526131,0.10430757,0.2806521
0.13455737,1.0,0.07974956,0.098639876,0.4800266,0.5569669,1.0,0.0783396,0.08164347,0.4388982,0.3543711,1.0,0.2668515,0.20055026,0.33530417,0.31842592,0.8354532,0.1944191,0.10350853,0.2824636
1.0,0.6190698,0.09967165,0.10610415,0.585853,0.903451,0.25621,0.08266688,0.08056386,0.7855263,1.0,0.6953104,0.32066828,0.20883565,0.6792308,0.7685812,0.19620812,0.2319996,0.104989104,0.3674642
0.15620129,1.0,0.099788085,0.106745824,0.5897833,0.62340724,1.0,0.08308463,0.0807383,0.78591764,0.3871041,1.0,0.3267454,0.21006629,0.67845815,0.34592012,0.97361565,0.24020946,0.105332054,0.37327868
0.15545078,0.61024845,0.45378527,0.10547366,0.58946097,0.62548536,0.25173888,0.03443946,0.081424505,0.79276127,0.38377908,0.68634,0.47120523,0.20968212,0.68475306,0.3435783,0.19307385,0.41519967,0.10658384,0.36978814
0.15525274,0.61059964,0.101482145,0.34573483,0.58971006,0.6259497,0.2521253,0.082859166,0.6177858,0.792722,0.38331,0.6865639,0.32891002,0.69202644,0.6845681,0.3433448,0.19325691,0.24207869,0.4556341,0.3696581
0.5800152,0.616526,0.10244144,0.0919524,0.4356891,0.8069584,0.2543235,0.08400471,0.09780877,0.42748907,0.59367234,0.6928754,0.33206862,0.20849758,0.34488377,0.57796836,0.19496131,0.24351276,0.10930273,0.26221776
0.15633473,1.0,0.10107622,0.09294342,0.43668967,0.6290911,0.92555577,0.08404826,0.09786359,0.42776614,0.3875791,1.0,0.3302116,0.20914128,0.34469494,0.34606126,0.76269686,0.24299705,0.108824424,0.26508534
1.0,0.6407445,0.09643731,0.10806385,0.58048874,0.9039621,0.26541027,0.08037962,0.08005011,0.7774355,1.0,0.72024494,0.310272,0.20977849,0.6728916,0.769796,0.20304196,0.2244888,0.105827056,0.36448395
0.15607587,1.0,0.09649776,0.10856947,0.5842603,0.62459064,1.0,0.080553375,0.08035381,0.7780021,0.38865772,1.0,0.3162779,0.21093261,0.6719998,0.34722146,0.98074144,0.23259167,0.10634171,0.37026617
0.15572792,0.63081914,0.45171702,0.10739743,0.58389735,0.62718093,0.2604502,0.03561585,0.08084934,0.784842,0.3852564,0.7101112,0.48074135,0.21050195,0.6782101,0.34538072,0.1994969,0.42242914,0.10741162,0.3669199
0.1554275,0.6308343,0.09819698,0.34760553,0.58404636,0.62692386,0.26041168,0.08030182,0.6163978,0.78450686,0.38440794,0.7098577,0.31842574,0.69288075,0.6777853,0.34475103,0.1993653,0.23448768,0.45634452,0.36648363
0.59427035,0.6370081,0.0993477,0.0930667,0.42787462,0.81464845,0.26287064,0.08133703,0.097842,0.41410905,0.5997619,0.71659344,0.3217582,0.2091551,0.3332448,0.5841884,0.20134231,0.23591672,0.11032336,0.25806263
0.15599002,1.0,0.097918,0.09402189,0.4287822,0.6302748,0.9503616,0.081356116,0.098008424,0.41410735,0.38927272,1.0,0.31985787,0.20973271,0.33300656,0.3475972,0.78315616,0.23526037,0.10977282,0.26055956
1.0,0.76226807,0.06745934,0.12744929,0.61508304,0.960708,0.31530616,0.06519719,0.0736198,0.7282511,1.0,0.85533655,0.2196973,0.20968942,0.61688304,0.74759614,0.24222785,0.15735471,0.1058766,0.37936532
0.14066578,1.0,0.06761593,0.12808384,0.6193014,0.5336334,1.0,0.0650539,0.07320394,0.7287508,0.35493046,1.0,0.2261119,0.21083899,0.6162814,0.32221568,1.0,0.1654671,0.106213816,0.38400513
0.13352865,0.7487133,0.4328912,0.12647976,0.6193291,0.53631955,0.3089008,0.04674363,0.07398546,0.7354408,0.35216677,0.8428228,0.5656974,0.2107498,0.6224181,0.32088086,0.23680748,0.48777822,0.1077112,0.3816516
0.13185546,0.74737114,0.06884174,0.36725467,0.6194977,0.5357545,0.30864272,0.06492386,0.58259505,0.73523766,0.3518251,0.8414962,0.22796126,0.6923446,0.6218782,0.3204472,0.23621272,0.16708514,0.45263454,0.3813406
0.131448,0.7464896,0.068765596,0.12633207,0.8195951,0.5358959,0.3084018,0.06481968,0.073982894,0.1588911,0.3516582,0.8413061,0.22797477,0.21076222,0.41843027,0.32031608,0.236119,0.16718355,0.10772037,0.9001329
0.7659703,0.75371957,0.07026858,0.09776526,0.45893955,0.8228176,0.31069764,0.065624915,0.09232373,0.37211454,0.6121994,0.84867364,0.22956328,0.20615394,0.27528962,0.60494703,0.2384408,0.1672049,0.11184163,0.2752366
1.0,0.56133294,0.111997955,0.09965876,0.5686378,0.8808356,0.23270571,0.088185966,0.087286174,0.79876846,1.0,0.632117,0.35799947,0.20996055,0.69617295,0.7784427,0.17768855,0.2598853,0.10573996,0.36061382
0.17256422,1.0,0.1118588,0.10030256,0.57251763,0.6655821,1.0,0.08829596,0.08762614,0.7996097,0.40238878,1.0,0.3638627,0.21095923,0.6957729,0.3574575,0.9548655,0.26808253,0.106223494,0.36684316
0.1749376,0.55629814,0.46196026,0.09917352,0.5721635,0.66762155,0.23002905,0.03162942,0.08822879,0.8070089,0.39859024,0.62631935,0.436695,0.21056736,0.7023992,0.35464194,0.17574918,0.38826755,0.107154936,0.36304343
0.17505705,0.55657035,0.11343235,0.3389693,0.57234496,0.6677949,0.22998758,0.08811211,0.6306767,0.80702716,0.39794356,0.62644035,0.36594734,0.69303554,0.70232177,0.35453135,0.1759021,0.26986283,0.45771173,0.3626539
0.17515117,0.5561885,0.11334549,0.09900913,0.77135944,0.6678029,0.23018482,0.08835903,0.08819831,0.25509158,0.39774778,0.62696517,0.36620688,0.2104679,0.49471033,0.3539725,0.17572482,0.27014655,0.10709249,0.867444
0.17504044,1.0,0.113609,0.09069232,0.42066753,0.67270184,0.8627358,0.08925732,0.1020293,0.44184566,0.4030531,1.0,0.36791065,0.21082981,0.3648144,0.35764626,0.71058613,0.2712225,0.10895752,0.25791082
1.0,0.8112795,0.06275962,0.1416644,0.60101163,0.961879,0.33310765,0.07439077,0.084173426,0.6869373,1.0,0.9037488,0.21274714,0.2079519,0.56979454,0.73492825,0.25874153,0.15026954,0.10203807,0.3626217
0.13478926,1.0,0.06364882,0.14233828,0.6046119,0.5114913,1.0,0.07414527,0.08281759,0.68682235,0.3397513,1.0,0.21913624,0.20947199,0.5685775,0.3085583,1.0,0.15808742,0.102016896,0.36635897
0.12627223,0.79451376,0.064629406,0.38104925,0.60491204,0.51321745,0.32525247,0.074088156,0.55104923,0.69184107,0.33675316,0.88855326,0.22097391,0.69000316,0.5729569,0.30673718,0.25259075,0.15997945,0.44356066,0.36422467
0.12603495,0.7943913,0.06472992,0.14030825,0.8056672,0.5139956,0.32539093,0.07395146,0.08367943,0.12093275,0.33667505,0.8888779,0.22078718,0.20939757,0.37466076,0.30692852,0.25229928,0.15980236,0.10404202,0.8856322
0.7243019,0.79908216,0.06558031,0.10092331,0.4746021,0.7833265,0.32674557,0.07449669,0.08224094,0.40255675,0.58219284,0.89360934,0.2214851,0.20176513,0.29604506,0.5748603,0.25393862,0.1590382,0.107723705,0.2774577
0.12739417,1.0,0.06366903,0.10182584,0.47460532,0.51171917,1.0,0.074428834,0.08238243,0.4020129,0.33943495,1.0,0.21985076,0.20233375,0.2950158,0.30696276,0.9178954,0.15850872,0.10712423,0.27869478
1.0,0.7589759,0.0646119,0.1264343,0.616719,0.9652369,0.3145897,0.062001042,0.07384854,0.734608,1.0,0.85396117,0.21025065,0.21154316,0.6242638,0.751003,0.24068144,0.1506538,0.108058535,0.38158652
0.14240758,1.0,0.0649887,0.127152,0.62072134,0.5349877,1.0,0.061642867,0.07349693,0.73524606,0.35799977,1.0,0.21687229,0.21313353,0.62365925,0.32523286,1.0,0.15881155,0.10831623,0.38630757
0.13469651,0.74487305,0.43105012,0.12568834,0.62062967,0.5372679,0.3084666,0.049207237,0.07428205,0.7420647,0.35509038,0.8409607,0.5742224,0.21272756,0.62975764,0.32381397,0.23536491,0.4940272,0.10968854,0.38388234
0.13373019,0.7438756,0.06608239,0.36619687,0.6209946,0.5370353,0.30823195,0.061579157,0.5883151,0.7417321,0.3543597,0.8398126,0.2186298,0.694371,0.6294311,0.3233187,0.23483256,0.16048579,0.45504245,0.38363063
0.13320108,0.74341804,0.06609349,0.12539312,0.8210021,0.53690696,0.30849257,0.06169506,0.074028954,0.16592531,0.35441756,0.84001094,0.21869029,0.21292508,0.42551163,0.32336777,0.23457675,0.16053657,0.10964761,0.90185
0.7758843,0.75018525,0.06751769,0.09843815,0.4554704,0.8288097,0.31028846,0.062306453,0.09469858,0.36689922,0.61703354,0.8468405,0.21992461,0.20853622,0.2717496,0.6097439,0.23685741,0.1601547,0.11381239,0.27420294
1.0,0.63972306,0.106343165,0.11090947,0.59964156,0.89628917,0.26105568,0.09525761,0.07299383,0.77035946,1.0,0.70999086,0.34574658,0.20117953,0.65680015,0.7474381,0.20422193,0.24921675,0.09806579,0.36902672
0.15047763,1.0,0.10610349,0.11150309,0.6034354,0.59310895,1.0,0.095324375,0.072807156,0.77096885,0.36374313,1.0,0.35136172,0.20243275,0.6560109,0.32436016,0.9824785,0.2570942,0.09813824,0.3743687
0.15112714,0.631633,0.45942184,0.11009514,0.60340196,0.59612334,0.2565038,0.02906464,0.073859684,0.777997,0.36035675,0.7017344,0.4499684,0.20226765,0.66253805,0.32224375,0.20121405,0.39975756,0.09962212,0.37134215
0.15118212,0.6310052,0.1077725,0.10989729,0.8026989,0.59625864,0.25675282,0.09524997,0.073886335,0.19501837,0.36000514,0.70170486,0.35365933,0.202058,0.44396347,0.32211885,0.20093481,0.25905767,0.099590614,0.8816515
0.6536865,0.6375436,0.10979225,0.08738091,0.441326,0.8167984,0.2586661,0.09639087,0.09187548,0.40190908,0.6040217,0.7080194,0.3577642,0.19893704,0.3086401,0.591522,0.20328593,0.26127556,0.102824256,0.25961673
0.15208986,1.0,0.107382424,0.08851178,0.44175327,0.59832996,1.0,0.096321665,0.09194118,0.40148863,0.36410144,1.0,0.3546173,0.19958526,0.30800208,0.3240963,0.8586066,0.25941867,0.10221093,0.26152408
1.0,0.7738361,0.06382905,0.12972143,0.6000221,0.9646925,0.32069173,0.059038226,0.07600918,0.7153105,1.0,0.8688362,0.20682648,0.21513107,0.607042,0.74997336,0.24582833,0.1486516,0.10843493,0.3709697
0.14270225,1.0,0.064266816,0.13040136,0.60448444,0.5332971,1.0,0.05906736,0.07541489,0.7160976,0.3570875,1.0,0.21369359,0.2167646,0.6068774,0.32431632,1.0,0.1568424,0.10877253,0.3757148
0.13496193,0.7602472,0.43043518,0.12889755,0.6046387,0.5358305,0.31402996,0.05188149,0.07622904,0.72276133,0.35430416,0.8564126,0.5771691,0.21662302,0.6129377,0.32302073,0.240342,0.49620017,0.11019075,0.37359434
0.13376771,0.75878215,0.06567125,0.36950094,0.60483754,0.5352717,0.3134539,0.058605812,0.5841982,0.7224196,0.35367155,0.8550161,0.2152415,0.69805825,0.61239123,0.32263884,0.23995592,0.15840487,0.4532936,0.37315297
0.1331561,0.7587153,0.065429084,0.128644,0.8051474,0.5354268,0.3136325,0.05880147,0.07624742,0.1610113,0.3538151,0.8556879,0.21550308,0.21677999,0.41705397,0.32272318,0.23974659,0.15855493,0.110105604,0.8921165
0.7694192,0.7655571,0.066964336,0.09952557,0.44594154,0.8236528,0.3160765,0.05941876,0.095280476,0.3624796,0.61369324,0.8624155,0.2167233,0.21199574,0.2692593,0.60615957,0.24185905,0.15838121,0.114319384,0.26791334
1.0,0.7757364,0.06602067,0.13942778,0.5906292,0.95590687,0.3169901,0.07185291,0.083864704,0.6892916,1.0,0.86141604,0.2193495,0.21571697,0.57448745,0.73727566,0.24798428,0.15567318,0.10478115,0.35714355
0.13517506,1.0,0.06612541,0.1401964,0.5944244,0.5200628,1.0,0.07210101,0.08248483,0.6900123,0.34372324,1.0,0.22575153,0.21738271,0.57403415,0.3114346,1.0,0.16364214,0.10449278,0.36134437
0.12771165,0.76299995,0.067408204,0.37898612,0.59505236,0.5224628,0.3107094,0.07217017,0.5605818,0.6959773,0.3406758,0.84930843,0.2277796,0.6982842,0.5793019,0.30983546,0.2430199,0.16548596,0.44403967,0.35913393
0.12740001,0.76203126,0.06740637,0.13802625,0.79560584,0.5227816,0.31033343,0.072043724,0.08388191,0.1308,0.34054783,0.8489309,0.22770615,0.21750207,0.3820573,0.30993262,0.2426873,0.16537623,0.10653539,0.8787198
0.7308842,0.7687776,0.06870298,0.100225836,0.46043918,0.7936007,0.31264737,0.072834656,0.08947843,0.39440635,0.590674,0.8558664,0.22906078,0.21087423,0.29149574,0.5830521,0.24499945,0.1654594,0.11042372,0.2690498
0.12867463,1.0,0.06675433,0.10124672,0.46077916,0.5213363,1.0,0.07269148,0.08952882,0.3942989,0.34448326,1.0,0.22741637,0.21139126,0.29081312,0.3110838,0.91745573,0.16482912,0.10973251,0.27036282
1.0,0.62495095,0.100273624,0.10434181,0.5992793,0.90324295,0.25905457,0.08643658,0.07896196,0.8003292,1.0,0.7028808,0.324365,0.20471993,0.69032675,0.763858,0.19810125,0.23436677,0.10353763,0.3749185
0.15405001,1.0,0.10037649,0.10492256,0.60301596,0.61451215,1.0,0.08671765,0.079281874,0.8003468,0.3817682,1.0,0.33057043,0.20589018,0.68941534,0.34092402,0.9752515,0.24272291,0.10393662,0.38053513
0.15307814,0.6156138,0.45492446,0.10370604,0.6030651,0.6167976,0.25430295,0.03248023,0.07971633,0.80773,0.37851402,0.6931442,0.46816114,0.20542121,0.69596046,0.33890504,0.19448805,0.41327032,0.10503435,0.37733465
0.15323316,0.61567307,0.10201491,0.34382498,0.60326105,0.61710775,0.25407714,0.08656014,0.61720467,0.80767226,0.37791592,0.6931439,0.33278498,0.68766403,0.6958203,0.33861154,0.19464557,0.24439423,0.455333,0.37703508
0.56911016,0.6216007,0.10342764,0.0910703,0.45097578,0.79452884,0.25664502,0.08760425,0.095388465,0.44661155,0.58420587,0.69959384,0.33628553,0.20441887,0.36008683,0.56867635,0.19648384,0.24620232,0.10780697,0.270599
0.15460616,1.0,0.10180348,0.09192326,0.4518852,0.6209957,0.9142499,0.08747431,0.09572433,0.44685254,0.38199812,1.0,0.3343275,0.2050405,0.35979998,0.34127182,0.7532607,0.2453789,0.10724446,0.27330533
1.0,0.8193867,0.06454537,0.14263739,0.5975628,0.96823806,0.335657,0.07497167,0.086257264,0.6762713,1.0,0.910965,0.21602334,0.20836957,0.5599456,0.73068476,0.26183861,0.15286851,0.10173865,0.36052078
0.13436688,1.0,0.06457159,0.14332598,0.6012575,0.49911016,1.0,0.07459559,0.0848057,0.6767738,0.33438888,1.0,0.22266105,0.2099438,0.5591502,0.30407268,1.0,0.16076207,0.10136968,0.36428422
0.12568523,0.80233794,0.06572463,0.38201568,0.6015928,0.50099623,0.32718098,0.074399516,0.54801494,0.68179405,0.33121523,0.8954335,0.22445793,0.6904498,0.5639293,0.30261716,0.25540537,0.16253775,0.4417003,0.36200827
0.12527677,0.8023228,0.065778285,0.14124118,0.8026537,0.50117165,0.327849,0.07439308,0.08573601,0.11945553,0.33100262,0.8958361,0.22426988,0.20997374,0.37060165,0.30250472,0.25535017,0.1623957,0.10359413,0.88452476
0.71190256,0.8070778,0.06669441,0.10156377,0.4775618,0.7660708,0.32906595,0.074811876,0.08095267,0.40660718,0.5702541,0.9006486,0.2249839,0.20240682,0.30013236,0.56309605,0.25686535,0.16194053,0.10702355,0.27962244
0.12621036,1.0,0.064944305,0.10257785,0.47767884,0.49831346,1.0,0.07488334,0.081139654,0.40607414,0.3339178,1.0,0.22349639,0.20303027,0.29926744,0.30263034,0.9019871,0.16131355,0.1061547,0.28094062
1.0,0.77389705,0.06827416,0.1259874,0.61271757,0.9616391,0.32049245,0.06354836,0.073293075,0.730511,1.0,0.8695204,0.22155423,0.20987576,0.62045944,0.74687904,0.24580732,0.1589513,0.106477916,0.37910533
0.14012948,1.0,0.06849331,0.1266624,0.6166642,0.53116727,1.0,0.063404955,0.07297317,0.73135024,0.3539347,1.0,0.22806507,0.21127261,0.62002325,0.32134333,1.0,0.16703531,0.1068155,0.38361156
0.13285191,0.7595992,0.43325508,0.12517744,0.61689425,0.53380173,0.31390053,0.04799339,0.07396806,0.73821753,0.3513824,0.85645,0.5639111,0.21099743,0.62610716,0.31988025,0.24014616,0.48626858,0.10820261,0.38144195
0.13156173,0.75862414,0.06968032,0.36572063,0.6169796,0.5336204,0.3136363,0.06317416,0.58592266,0.73766804,0.35088894,0.85526866,0.22970729,0.69244665,0.62566584,0.3195333,0.2397959,0.16870959,0.45335352,0.38097507
0.1313302,0.7584416,0.06960875,0.12491748,0.81712806,0.5338087,0.31377253,0.06335812,0.0737367,0.16530415,0.35054907,0.85556203,0.22983024,0.21101478,0.42377383,0.3196493,0.2396729,0.16884461,0.10811542,0.8995534
0.75755084,0.7656569,0.07107368,0.09801549,0.4560895,0.8158939,0.3163005,0.06417758,0.092733696,0.37226498,0.6076828,0.8631366,0.2311087,0.20673081,0.27759114,0.6000163,0.24204297,0.16859393,0.11220274,0.27436593
1.0,0.68336433,0.0992968,0.11935716,0.5661041,0.8836228,0.27741927,0.09020336,0.07572387,0.7347329,1.0,0.7548962,0.3229914,0.20809701,0.6252108,0.75481534,0.21895088,0.2324967,0.10053849,0.3474117
0.16008638,1.0,0.099145174,0.120017804,0.5695475,0.6180759,1.0,0.090449,0.075005576,0.7353414,0.37439945,1.0,0.3287791,0.20967503,0.6248237,0.33263406,0.99792975,0.2402945,0.10039407,0.35232303
0.1625607,0.6731527,0.4547292,0.118403114,0.56951225,0.6212542,0.27188468,0.03070825,0.07643245,0.74196684,0.37071493,0.74465877,0.47054446,0.20944838,0.6306903,0.33051512,0.21523057,0.41560534,0.10210508,0.3496095
0.16260871,0.6727289,0.10056605,0.118241385,0.7696437,0.6208174,0.27185997,0.090198815,0.076349996,0.18216625,0.37028435,0.74475276,0.3309152,0.20932105,0.42635942,0.32996932,0.21484527,0.24224983,0.10195829,0.8606441
0.6023489,0.6786296,0.10209865,0.09281788,0.42529428,0.81328124,0.2738172,0.0912438,0.09059714,0.40573627,0.598003,0.7506626,0.33424783,0.20531684,0.31578425,0.5830411,0.2170543,0.24386482,0.105218954,0.24899133
0.16236462,1.0,0.10002703,0.093898974,0.42546383,0.6235169,1.0,0.0911359,0.0904975,0.4055779,0.37460196,1.0,0.3314088,0.2061322,0.31520322,0.33254915,0.83369595,0.24236831,0.1042851,0.25084144
1.0,0.76709634,0.061669014,0.12745494,0.62739813,0.9725063,0.31859922,0.05996173,0.07288491,0.73292404,1.0,0.86379457,0.20039906,0.2095656,0.62118274,0.74878097,0.24319251,0.1434695,0.10740788,0.38810968
0.14478901,1.0,0.06179651,0.12817009,0.6318892,0.5249804,1.0,0.059953343,0.07243756,0.7338113,0.35448092,1.0,0.2070504,0.21103631,0.62075,0.32307243,1.0,0.15160614,0.10781083,0.3929139
0.13593294,0.7529573,0.42915815,0.12670408,0.6318276,0.52717453,0.31210777,0.05101601,0.07323847,0.74078494,0.35215774,0.85074174,0.5837181,0.21082585,0.6270534,0.3218569,0.23781186,0.50143564,0.10919243,0.39065462
0.13439496,0.7521111,0.06290734,0.3673037,0.6322666,0.5271006,0.31188822,0.059450988,0.5848328,0.74049526,0.35170886,0.8499315,0.20862609,0.6923152,0.62667006,0.32136917,0.23730138,0.15318143,0.45464182,0.39027447
0.13395993,0.752025,0.06291842,0.1265101,0.8321673,0.5272496,0.31200352,0.05955603,0.073036596,0.15897872,0.35172814,0.85032845,0.20895241,0.21090902,0.42175525,0.3214172,0.23727843,0.15333082,0.10912533,0.90996605
0.7900965,0.75929415,0.06427133,0.09863525,0.46694827,0.8277084,0.31428626,0.060245913,0.09285042,0.36865792,0.6159742,0.8577935,0.20981963,0.20646378,0.27082598,0.6092386,0.2397004,0.15283374,0.113497764,0.28201076
1.0,0.6249053,0.10796291,0.10832841,0.5880841,0.88591087,0.2558824,0.09461586,0.07567235,0.7813634,1.0,0.6958569,0.34993994,0.20474795,0.6692851,0.75352526,0.19920081,0.25263155,0.10048102,0.36393496
0.15805365,1.0,0.10772901,0.10909649,0.5917206,0.613072,1.0,0.09484548,0.07578105,0.78205585,0.37196437,1.0,0.35574096,0.20605925,0.66881853,0.33063194,0.97739905,0.26070374,0.10061508,0.36927086
0.16024826,0.61772346,0.46034804,0.107685424,0.59172064,0.6159465,0.25177103,0.029340882,0.07646302,0.7892499,0.36824042,0.6882599,0.44589543,0.20569265,0.6753366,0.32841328,0.196596,0.3964279,0.10190347,0.36625504
0.16020438,0.6167067,0.10926985,0.10748146,0.7907327,0.61594635,0.25198385,0.094681785,0.07659004,0.2125544,0.36780754,0.6879853,0.35787594,0.20557809,0.4569162,0.32798967,0.19613597,0.26249725,0.1018336,0.87358385
0.6260916,0.6233173,0.1112689,0.088388145,0.42833996,0.820236,0.2538094,0.095950335,0.09511757,0.40672424,0.60466003,0.6941927,0.36215258,0.20326501,0.31773323,0.5907186,0.19825304,0.2646172,0.105048,0.25213638
0.16109537,1.0,0.1090144,0.08935051,0.42890137,0.61897117,1.0,0.0958141,0.0952971,0.4066629,0.37240073,1.0,0.35922524,0.20398618,0.3171528,0.33076343,0.83400553,0.26304424,0.10435803,0.25445434
1.0,0.80337125,0.06382466,0.14431947,0.59013605,0.955274,0.32898226,0.074244805,0.08816873,0.67487925,1.0,0.89372367,0.2140415,0.21006072,0.5578535,0.73653126,0.25654075,0.15141085,0.10210875,0.35428292
0.13498496,1.0,0.06393953,0.14503482,0.59359974,0.51896363,1.0,0.07406356,0.08666243,0.6753249,0.34298146,1.0,0.2204166,0.21185677,0.5570281,0.31097123,1.0,0.15916431,0.1018057,0.35799724
0.12763833,0.7870701,0.06511417,0.3834642,0.5939702,0.5212781,0.32127684,0.07376072,0.54637617,0.6804739,0.33991393,0.8787434,0.22248767,0.69209164,0.5617898,0.3092659,0.25042528,0.16108844,0.44090715,0.35588712
0.12706861,0.78681105,0.06519897,0.14289658,0.7950122,0.5211484,0.32168746,0.0737266,0.08773259,0.11919285,0.33981252,0.8790533,0.22210912,0.21184677,0.36736065,0.30940476,0.25034264,0.16088985,0.103839375,0.87741727
0.716648,0.79150784,0.066071115,0.101322405,0.46906295,0.7844302,0.3229062,0.074356265,0.08243431,0.40361238,0.583993,0.8837694,0.22307125,0.20402893,0.2968102,0.57604104,0.25185823,0.16032909,0.10738715,0.2724698
0.12807857,1.0,0.06426591,0.10225055,0.4690898,0.518845,1.0,0.0743044,0.08244549,0.40299395,0.34247997,1.0,0.22115357,0.20449056,0.29594693,0.30960968,0.9110943,0.15958852,0.1065698,0.27374554
1.0,0.61610603,0.10655785,0.10841975,0.5759801,0.8873393,0.25242826,0.09009486,0.0795991,0.7759242,1.0,0.68634427,0.343801,0.21082424,0.6685758,0.7600584,0.19636269,0.24874476,0.10355707,0.35938206
0.1602508,1.0,0.10648804,0.10895899,0.57956594,0.6232666,1.0,0.09018926,0.07976047,0.77591884,0.3793436,1.0,0.34978148,0.21204011,0.6674723,0.3372383,0.97384965,0.2567726,0.103842504,0.3650044
0.16190663,0.6075205,0.459083,0.10766468,0.57947004,0.62597376,0.24757677,0.03079198,0.08037705,0.78323925,0.37595245,0.67718565,0.45069653,0.21161391,0.6739708,0.33513957,0.19315995,0.39978996,0.10520997,0.36167
0.16235551,0.60735893,0.10810287,0.107284114,0.77884793,0.6262457,0.24803649,0.09006605,0.08061252,0.22018926,0.37520397,0.6776731,0.35194197,0.21149778,0.4635449,0.33470562,0.19300672,0.2587113,0.10514012,0.8690228
0.6124289,0.61334676,0.109968856,0.09045109,0.41699728,0.8228455,0.2498129,0.09120309,0.09911803,0.39993572,0.60548425,0.68332225,0.35589018,0.20967276,0.3166529,0.5905892,0.19525233,0.2607988,0.10822294,0.2481287
0.16292194,1.0,0.10763965,0.09126916,0.417518,0.6300283,0.9841098,0.09096856,0.0990153,0.3997132,0.38007447,1.0,0.35328284,0.21020734,0.31620085,0.33766195,0.81419206,0.25950837,0.10748175,0.25030786
1.0,0.78686386,0.07692045,0.13403924,0.6036341,0.9239744,0.32002908,0.08069132,0.081603415,0.71000814,1.0,0.86964124,0.25438133,0.20183332,0.5893021,0.7371026,0.25221622,0.18132155,0.097246096,0.3625039
0.13430095,0.77061623,0.44012088,0.13290213,0.60710883,0.5505051,0.31199926,0.035437983,0.081659906,0.7158459,0.3450097,0.8544131,0.5343776,0.20313123,0.5937733,0.31124008,0.24612118,0.46540448,0.09911584,0.3643748
0.13360557,0.7704064,0.07818094,0.37311804,0.60769403,0.55045766,0.3122005,0.080918,0.5531773,0.7158563,0.34442168,0.8543665,0.26277697,0.68381125,0.5935827,0.31046703,0.24605238,0.19113672,0.4389638,0.3643836
0.13357113,0.7696932,0.07814741,0.13261716,0.8077725,0.5503925,0.3122034,0.08085265,0.081555635,0.1266117,0.34434554,0.8541952,0.26276925,0.20330471,0.38215074,0.31053466,0.24565747,0.19115373,0.09911079,0.88264304
0.6283727,0.77739334,0.07949268,0.09828925,0.4873366,0.76539826,0.31475288,0.08165515,0.07849711,0.44206896,0.5681946,0.8621401,0.26476312,0.19756736,0.33324602,0.55713713,0.24838993,0.19168387,0.10263133,0.2823684
0.13424188,1.0,0.07769348,0.09936344,0.4874112,0.5514237,1.0,0.081636384,0.0785004,0.44206622,0.34841076,1.0,0.26313984,0.19819051,0.33274573,0.31240943,0.8529229,0.19099045,0.10172849,0.28390253
0.15604483,1.0,0.1060309,0.10677017,0.60434055,0.6110327,1.0,0.101505056,0.071323775,0.7921549,0.37255564,1.0,0.35397717,0.19726215,0.67567295,0.33195338,0.98842144,0.2580057,0.097067215,0.37605742
0.15696408,0.63322794,0.4602768,0.105285645,0.6040283,0.613612,0.2581652,0.028381731,0.07226694,0.7997113,0.36959663,0.705981,0.4492923,0.1969392,0.6823937,0.33029577,0.2013655,0.3998967,0.09821182,0.3727458
0.15739098,0.63304436,0.1076736,0.34541026,0.60427266,0.61409086,0.25811344,0.101264566,0.5990201,0.79969037,0.3694372,0.7054821,0.35628262,0.6785961,0.68215173,0.3300404,0.20135647,0.26013795,0.44717446,0.37229088
0.1572974,0.63303494,0.107501574,0.1051258,0.8030964,0.6140715,0.25827706,0.10148508,0.0722986,0.2132449,0.3690513,0.7062528,0.35642964,0.19678016,0.4580389,0.3297057,0.20120351,0.2603382,0.098293155,0.88048047
0.5416767,0.6405675,0.1092704,0.08890473,0.4645121,0.7801964,0.2610911,0.10252953,0.086384684,0.4688591,0.57058716,0.7136842,0.36031666,0.19490238,0.3739094,0.5551322,0.20386934,0.26234138,0.101143986,0.27407724
0.15788388,1.0,0.10738374,0.08967445,0.464957,0.6174171,0.90580773,0.10253015,0.086360954,0.4688052,0.373418,1.0,0.35833803,0.19558066,0.3736507,0.33261046,0.7482106,0.26117486,0.10043455,0.27632347
1.0,0.66300744,0.10271334,0.10875608,0.5807746,0.8921109,0.2709859,0.09043633,0.07231855,0.7676482,1.0,0.7371075,0.33245042,0.19906966,0.6571837,0.7659084,0.21160509,0.23998089,0.0971448,0.3592162
0.16071296,1.0,0.10251351,0.10930835,0.5843174,0.6292829,1.0,0.09077155,0.07200212,0.767737,0.38558355,1.0,0.33870214,0.20018983,0.6561804,0.34329525,0.99010754,0.24824046,0.09721638,0.36448494
0.16133007,0.6529256,0.4568613,0.10801291,0.5840593,0.6318404,0.2657107,0.030465702,0.07306347,0.77455,0.38194686,0.726947,0.46161616,0.1999343,0.66207397,0.34110993,0.20785017,0.40850386,0.09864407,0.36144
0.16148171,0.65249956,0.103983,0.10772415,0.78344905,0.6318132,0.2657298,0.09054777,0.073071055,0.20451468,0.3814566,0.7269586,0.3408846,0.19990332,0.4494234,0.34083852,0.20769341,0.25006214,0.098603144,0.8702701
0.6322493,0.6595476,0.10578378,0.08688714,0.42481697,0.8363672,0.2683019,0.09167035,0.09025613,0.4015005,0.6168638,0.7338981,0.34446836,0.19707254,0.31323004,0.6022278,0.21005604,0.25182095,0.10168926,0.25034636
0.1618166,1.0,0.103727266,0.08789895,0.42505848,0.63539505,1.0,0.09186087,0.09027351,0.40133035,0.38590977,1.0,0.34220567,0.19771788,0.31274697,0.34383202,0.84538734,0.2506872,0.100984596,0.25227845
1.0,0.7727818,0.06206196,0.1355775,0.62328213,0.96916926,0.3200281,0.061764874,0.07640764,0.71307325,1.0,0.8685082,0.20265748,0.21686266,0.6010029,0.733249,0.24528411,0.14487863,0.11075209,0.38408884
0.13602555,1.0,0.06235049,0.13631026,0.6273478,0.50266594,1.0,0.061642602,0.07552256,0.71387166,0.33676678,1.0,0.2095721,0.21831824,0.6004572,0.30670366,1.0,0.15308188,0.1109484,0.38864514
0.12802248,0.7589453,0.42976218,0.13475876,0.6272566,0.5051012,0.31349412,0.049617052,0.07644072,0.7205295,0.3344396,0.85598296,0.5819151,0.21822324,0.6064429,0.3055968,0.23988678,0.50025785,0.112439364,0.38633797
0.12702842,0.7576298,0.06345186,0.37508076,0.6277752,0.50520027,0.313395,0.06150756,0.5781111,0.7200808,0.33416328,0.85485655,0.21136911,0.69904363,0.60612065,0.3055216,0.23952077,0.15484144,0.4546921,0.38605967
0.12662078,0.7573256,0.06350692,0.13449824,0.82833236,0.50521314,0.31368372,0.061355047,0.07618225,0.14423719,0.3337391,0.8551027,0.21089725,0.21837483,0.40703905,0.30511925,0.23934142,0.15450764,0.1125414,0.908066
0.7854252,0.76427627,0.06488301,0.10266646,0.4692415,0.809631,0.31610942,0.062121958,0.09461661,0.36665085,0.6010361,0.86224204,0.21243541,0.21269515,0.26609108,0.5953192,0.24170415,0.15437369,0.1170403,0.2829845
1.0,0.61947054,0.097194545,0.104025535,0.60443306,0.90766466,0.25752497,0.08336272,0.07997951,0.8036823,1.0,0.6987834,0.3135456,0.20549376,0.6937959,0.7665864,0.19600059,0.22656244,0.10487498,0.37870136
0.15357631,1.0,0.09728215,0.10477593,0.60870445,0.6146191,1.0,0.08387681,0.08029478,0.8045275,0.3837786,1.0,0.32001832,0.2065988,0.69354844,0.34367335,0.97435105,0.23497988,0.10519854,0.38478
0.15222046,0.61225426,0.45276,0.10350686,0.6083587,0.6168357,0.25352263,0.03398458,0.08089803,0.8120611,0.3804234,0.6909672,0.47809675,0.20621641,0.700354,0.34147972,0.19311406,0.42084104,0.10612736,0.38118038
0.15166657,0.612232,0.09857263,0.34342915,0.60850525,0.61608845,0.25396225,0.08361038,0.6197003,0.8118074,0.37983295,0.6908891,0.32198593,0.6882656,0.7001483,0.34094232,0.19329426,0.23666285,0.45652804,0.38094476
0.5981586,0.6177423,0.100179665,0.09120161,0.44850388,0.80671227,0.25576356,0.08444693,0.09694117,0.43302658,0.59527737,0.69679993,0.32517803,0.20517126,0.34724396,0.580505,0.19499472,0.2382465,0.10883875,0.2698336
0.15304132,1.0,0.09858516,0.09200019,0.449371,0.62016916,0.9400733,0.08461772,0.09714825,0.43317363,0.3845046,1.0,0.32335553,0.20570792,0.34695715,0.3438992,0.77463096,0.23762794,0.10855315,0.27248907
1.0,0.5745271,0.1127138,0.09839491,0.57042783,0.8847143,0.23787941,0.08952322,0.08425323,0.7998342,1.0,0.6461824,0.36085525,0.20557855,0.6959979,0.7796641,0.18198937,0.26195583,0.10293714,0.3612796
0.17111734,1.0,0.11274284,0.09897479,0.57454866,0.66274846,1.0,0.089958735,0.08459058,0.80019766,0.4023746,1.0,0.3672393,0.20670572,0.69520843,0.35772473,0.95946604,0.2706023,0.10333928,0.36738095
0.17265211,0.5672048,0.46295568,0.09776897,0.57381403,0.6645838,0.23405002,0.031072246,0.08511958,0.8071141,0.39861637,0.63811487,0.43448535,0.20626059,0.7015091,0.35503146,0.1791958,0.38656506,0.10419457,0.36343864
0.17278412,0.56719476,0.11445616,0.33745918,0.5739255,0.6647308,0.23412243,0.089651436,0.6264674,0.8069471,0.39797673,0.63787097,0.36953628,0.68833214,0.7012705,0.35471335,0.17929447,0.27253965,0.45465577,0.36312804
0.17288691,0.56699187,0.11425125,0.097666584,0.7730612,0.6651806,0.2344385,0.08953051,0.085151084,0.25320625,0.39806953,0.638607,0.36904022,0.2061814,0.49289012,0.35443512,0.1791754,0.27230135,0.104204126,0.86836296
0.17288251,1.0,0.11434626,0.089042254,0.4273462,0.66989166,0.85002464,0.09061915,0.098710366,0.453611,0.4030606,1.0,0.371264,0.20649208,0.37472385,0.35840592,0.69999254,0.2736186,0.10602653,0.26183864
1.0,0.80183697,0.064990744,0.13657999,0.5985599,0.95166975,0.32837528,0.0709013,0.07972281,0.70272607,1.0,0.8919367,0.2157651,0.21030976,0.5872475,0.742376,0.25617513,0.15321407,0.10325099,0.3630681
0.13626537,1.0,0.06519097,0.1371479,0.60197854,0.5320264,1.0,0.07123465,0.07871476,0.7024316,0.34965008,1.0,0.22245136,0.21174169,0.585889,0.3161956,1.0,0.1611498,0.10318207,0.3671491
0.1295247,0.7865908,0.06614533,0.3759369,0.60222334,0.5342732,0.32104728,0.07095928,0.5617424,0.7075931,0.34646907,0.87770796,0.22397144,0.6921265,0.59046674,0.31466874,0.25011793,0.16282408,0.44506904,0.36472085
0.12936811,0.7859747,0.06639093,0.13518177,0.80285144,0.534648,0.32122654,0.07121209,0.07979174,0.13496166,0.34597585,0.8780513,0.22424652,0.21162371,0.38948157,0.3141674,0.24997722,0.16301015,0.105065554,0.884483
0.69086826,0.792997,0.067262724,0.101238795,0.47108224,0.78276694,0.32363045,0.07162242,0.08465951,0.41012177,0.58238876,0.8850775,0.22520274,0.20566064,0.3071028,0.5737501,0.25224167,0.1626335,0.10892015,0.27641743
0.13058154,1.0,0.06574731,0.10211236,0.4710147,0.53438425,1.0,0.071924075,0.084683776,0.40968663,0.34971353,1.0,0.22422484,0.20612974,0.30624628,0.31587622,0.89158535,0.16253841,0.10822804,0.277861
1.0,0.7527334,0.06339257,0.1247558,0.6224201,0.9620409,0.3126338,0.060631566,0.07263513,0.74167156,1.0,0.84807754,0.20751865,0.20979744,0.6308106,0.75581205,0.23839429,0.14879045,0.107664384,0.38598236
0.14424178,1.0,0.06438215,0.1253675,0.6266555,0.5452753,1.0,0.060670484,0.07231906,0.742394,0.3635567,1.0,0.21463862,0.21105868,0.6303009,0.3302007,1.0,0.15739149,0.108160675,0.39095148
0.13667965,0.7394488,0.4305854,0.12396743,0.6265606,0.5475452,0.30622104,0.05036774,0.07301629,0.7493262,0.3606679,0.83558756,0.57688993,0.21072863,0.63649297,0.32877684,0.2334174,0.4959852,0.1093879,0.38837194
0.13509588,0.7388577,0.06547372,0.36436033,0.62680763,0.5470415,0.30644804,0.060215246,0.58973515,0.7488123,0.36004755,0.83504003,0.21616174,0.69208306,0.63604283,0.3281582,0.23311971,0.15872394,0.45516637,0.3880924
0.13479576,0.7388505,0.06544181,0.123787984,0.82690614,0.5472523,0.30661985,0.060398728,0.07286136,0.1701833,0.36034954,0.83579516,0.21604304,0.21096444,0.43061954,0.32825914,0.23324679,0.15880689,0.10925792,0.9068347
0.7649196,0.74522996,0.06690471,0.09839856,0.46057323,0.8308262,0.30877244,0.061232794,0.09354426,0.37119266,0.61891073,0.8420728,0.21754763,0.20686543,0.27636927,0.6111122,0.23505858,0.15856747,0.113417596,0.27823406
1.0,0.58026016,0.10566383,0.10261331,0.5695933,0.88587695,0.2406922,0.084814996,0.088050745,0.7969649,1.0,0.65403885,0.33868235,0.21374159,0.6937213,0.7761691,0.18358612,0.24575196,0.10815534,0.36107486
0.1684262,1.0,0.10569411,0.1033789,0.57352555,0.6551926,1.0,0.08500012,0.08838176,0.79758,0.39870217,1.0,0.3447475,0.21486288,0.6932861,0.3545922,0.96130466,0.25394678,0.108732626,0.3672495
0.16985819,0.5744222,0.45803827,0.10214829,0.57334405,0.6573276,0.23761073,0.03333961,0.08879552,0.80538017,0.39512187,0.64725804,0.45463848,0.21437909,0.7001644,0.3521503,0.18138227,0.40219834,0.1096078,0.3635277
0.1699019,0.5741424,0.10703763,0.34159368,0.57341677,0.6573725,0.23741917,0.08494672,0.6304078,0.8050253,0.394055,0.64691204,0.34677953,0.6963145,0.6998749,0.35142457,0.18141656,0.25566593,0.45855868,0.36305013
0.16996188,0.57421565,0.10719909,0.10199406,0.7727306,0.65715337,0.23784053,0.08492729,0.08902204,0.25279287,0.3940976,0.64773864,0.34676182,0.21439993,0.49269894,0.3513588,0.18118033,0.2558055,0.10950053,0.86869305
0.17007254,1.0,0.107340515,0.093791015,0.42908794,0.6618687,0.8424352,0.085968934,0.102396,0.4571497,0.39942515,1.0,0.3487964,0.2147693,0.3784421,0.35500145,0.69362915,0.25717413,0.11152843,0.2634868
0.15233055,1.0,0.10316826,0.10813228,0.5972059,0.60594016,1.0,0.0934713,0.07245594,0.78378224,0.3726282,1.0,0.34210628,0.1998887,0.67069703,0.33268952,0.9956762,0.25032726,0.099075645,0.3736827
0.15323713,0.6545389,0.4576602,0.106714815,0.59672433,0.6088728,0.26839295,0.029441904,0.073152736,0.79010653,0.36975756,0.7335486,0.45918977,0.19953124,0.6763654,0.3308871,0.2076327,0.40694365,0.10033056,0.37009454
0.1533679,0.65398175,0.104721166,0.34662485,0.59703475,0.60942596,0.26834416,0.09310395,0.60089415,0.7901295,0.36940074,0.73281556,0.3443816,0.680949,0.67619187,0.3307655,0.20740403,0.25233927,0.4487527,0.36981726
0.15361352,0.6541448,0.10485711,0.10647479,0.79640204,0.6093357,0.26864526,0.09336985,0.07301137,0.21343677,0.36923468,0.7335635,0.34472796,0.1995305,0.45925245,0.33044854,0.20741758,0.2525574,0.1002355,0.8793932
0.5448415,0.6606009,0.106440075,0.090671465,0.45709547,0.7775211,0.2708464,0.09439537,0.08751555,0.45842654,0.5701363,0.7402132,0.3479546,0.19756988,0.36734006,0.55447435,0.20954874,0.25427392,0.10327036,0.27176952
0.15438066,1.0,0.10473904,0.091430575,0.4577212,0.61287063,0.91260046,0.09441846,0.08763755,0.45878956,0.37387678,1.0,0.34618723,0.19824713,0.3671021,0.3334515,0.7523364,0.25335565,0.102614984,0.2741767
1.0,0.5613223,0.1080443,0.10238221,0.5644105,0.8810876,0.23225673,0.083055414,0.09217448,0.79983544,1.0,0.6312624,0.34410906,0.21837795,0.6977282,0.77694756,0.17765316,0.25024456,0.11000099,0.35868514
0.17252609,1.0,0.10794111,0.10307649,0.5682052,0.6626252,1.0,0.08339639,0.09252619,0.7998919,0.40016788,1.0,0.35020503,0.21945861,0.6966472,0.3554269,0.9548188,0.25861597,0.110387094,0.36500838
0.17461579,0.55472875,0.4591977,0.10190281,0.5678508,0.6651006,0.2289814,0.034229077,0.092816405,0.8070778,0.39632693,0.6239985,0.4492882,0.21900433,0.70295185,0.35270774,0.17540257,0.39791235,0.11140422,0.36103073
0.17492028,0.55450773,0.10952887,0.34115136,0.5679213,0.66556615,0.2286674,0.08307615,0.63513625,0.80705553,0.3959612,0.6232718,0.3522505,0.70085806,0.7029002,0.35238177,0.17530096,0.26018855,0.4594281,0.360569
0.17556506,0.55382454,0.10956737,0.101710476,0.7670431,0.6659743,0.22840068,0.08301526,0.09304364,0.25816602,0.39544526,0.6235653,0.35212904,0.21890861,0.49682078,0.35220024,0.17494078,0.26036525,0.11131604,0.8653761
0.17538215,1.0,0.10959581,0.09391312,0.41840285,0.67010707,0.8487566,0.084126584,0.10660504,0.44639358,0.40067708,1.0,0.3542443,0.21954148,0.36998412,0.3557143,0.6996739,0.26167506,0.11317061,0.25721163
1.0,0.61284935,0.10292663,0.10510034,0.591795,0.8969412,0.2534007,0.088013336,0.07854085,0.7963944,1.0,0.6886493,0.3323206,0.20523952,0.6869544,0.7671289,0.19428189,0.24026714,0.10299192,0.36999387
0.15926558,1.0,0.1029006,0.10574777,0.5953844,0.62778103,1.0,0.08872889,0.07848342,0.7954308,0.38565865,1.0,0.33878222,0.20631425,0.68491024,0.3440448,0.97173584,0.24864627,0.10319638,0.3757046
0.16022073,0.60412264,0.45683575,0.10455949,0.5950773,0.6305275,0.24874103,0.031614553,0.07915319,0.8020434,0.3819114,0.679356,0.46146813,0.20610945,0.6909439,0.34162745,0.19097532,0.4081669,0.104448296,0.37209877
0.16021542,0.6042501,0.104363546,0.3441837,0.59526795,0.6302843,0.24930534,0.08826423,0.61435205,0.80178005,0.3813577,0.679476,0.34070382,0.6875509,0.69040656,0.34110498,0.19109033,0.25047287,0.45331034,0.3716865
0.5804997,0.6089853,0.106161065,0.09051289,0.43858254,0.8125298,0.25057983,0.08929704,0.09553826,0.430783,0.5958717,0.6842042,0.3443557,0.20450304,0.34546307,0.5801364,0.19255513,0.25214547,0.10735339,0.2624344
0.16058514,1.0,0.10428301,0.09142514,0.43931848,0.6344913,0.93512887,0.08924457,0.095691696,0.43059722,0.3861797,1.0,0.3422492,0.20516796,0.3448831,0.34422764,0.7715062,0.25133464,0.106851034,0.26511273
1.0,0.6265866,0.10074639,0.104713164,0.5883431,0.90214103,0.25934446,0.08406956,0.07787385,0.78766435,1.0,0.7040558,0.32423934,0.20422423,0.6805657,0.7712908,0.19879098,0.2347149,0.10249197,0.36908528
0.1580717,1.0,0.100799,0.10530651,0.5921571,0.6292272,1.0,0.08467451,0.0780551,0.7876683,0.39024904,1.0,0.330752,0.2053004,0.6794131,0.3487476,0.97661877,0.24330622,0.10285543,0.37479016
0.15740055,0.6179852,0.45507422,0.10402671,0.5921074,0.631495,0.25473946,0.03355876,0.078527786,0.7950193,0.38712892,0.695191,0.46817258,0.20489576,0.6860145,0.34660602,0.19542477,0.4129383,0.104037374,0.37139353
0.15746985,0.6179138,0.1022475,0.34377477,0.5922651,0.63168263,0.2548179,0.08446672,0.61388814,0.79465187,0.38625008,0.69483435,0.33281538,0.68646216,0.68564564,0.3461132,0.1953302,0.24501401,0.45314348,0.37107477
0.57722616,0.6236333,0.10389191,0.09047329,0.43862775,0.81110173,0.25698593,0.08529222,0.09459473,0.43018344,0.5956484,0.701338,0.33616558,0.20365046,0.34686542,0.57976866,0.19734,0.24665129,0.10677249,0.26421404
0.15820815,1.0,0.1021955,0.09134648,0.43939057,0.6352893,0.92657924,0.085336424,0.094678484,0.43021405,0.3910469,1.0,0.3344858,0.20425993,0.34640583,0.34906754,0.76407975,0.24610877,0.10624264,0.26691175
1.0,0.64177054,0.09754858,0.10810274,0.58723795,0.90281475,0.2652486,0.08148148,0.07679256,0.7794314,1.0,0.72008425,0.31337148,0.20637877,0.6713445,0.76833266,0.20373619,0.2268664,0.10305304,0.3665747
0.15700425,1.0,0.09755596,0.10876781,0.59091216,0.6235645,1.0,0.081732765,0.077032104,0.7792618,0.3865314,1.0,0.31998447,0.20741989,0.6703288,0.3454918,0.98161876,0.23537129,0.10328468,0.37217477
0.1567593,0.6324233,0.45262232,0.107461624,0.5905997,0.62616414,0.26030433,0.035143074,0.07760533,0.78641796,0.38309234,0.71051055,0.47814488,0.2071485,0.67654306,0.34312543,0.2002528,0.42064452,0.104597904,0.36894482
0.15652448,0.63188046,0.09897742,0.34740123,0.59101105,0.62625605,0.26023194,0.081597485,0.6091501,0.78622913,0.3825047,0.70976204,0.32191035,0.688612,0.6763574,0.34266144,0.2000693,0.2370388,0.45237333,0.36873347
0.58646363,0.6379243,0.10038414,0.0919674,0.43892848,0.81093687,0.26239258,0.08240662,0.094349094,0.42662728,0.59590703,0.71630114,0.32502124,0.20552287,0.3412908,0.5807747,0.2020263,0.2384571,0.10769241,0.26293388
0.15748298,1.0,0.09887153,0.09285355,0.43956202,0.6298181,0.94369584,0.0824378,0.09453496,0.4265827,0.3871966,1.0,0.32323542,0.2061118,0.34091353,0.34571284,0.7786005,0.23792303,0.10700044,0.26547843
0.15545653,1.0,0.10305984,0.10929182,0.606302,0.6075529,1.0,0.09600126,0.07131435,0.7882877,0.3695631,1.0,0.34270754,0.19917835,0.6711169,0.32920173,0.99494433,0.25038382,0.09818743,0.37666926
0.15705568,0.6490764,0.4577549,0.10798662,0.6058817,0.6113585,0.26498127,0.02903866,0.07205676,0.79519355,0.3669843,0.724834,0.45925093,0.19876495,0.67746264,0.32784402,0.2063325,0.407241,0.099408455,0.37319496
0.15724899,0.6486147,0.10450845,0.34783065,0.6061076,0.6116037,0.26504242,0.09588835,0.59651923,0.7951906,0.36627942,0.7240868,0.3450811,0.6800341,0.6774287,0.32741374,0.20613572,0.25240216,0.44728568,0.37294102
0.1571145,0.64826196,0.10446384,0.107622325,0.80510265,0.61192775,0.26507416,0.0958758,0.07213309,0.20792532,0.36653492,0.724398,0.34517875,0.19878167,0.45394233,0.32751498,0.2058069,0.25248462,0.09937921,0.8824435
0.5407585,0.65546167,0.106156036,0.09059094,0.46756512,0.7777437,0.26770514,0.09696025,0.086183876,0.467998,0.5685695,0.7313559,0.34873074,0.19670112,0.37205064,0.55332786,0.20827197,0.2543314,0.102411956,0.27582893
0.13880731,1.0,0.0873371,0.06999533,0.39591536,0.46406627,0.8264418,0.06712692,0.09867429,0.42347836,0.26580548,1.0,0.27538776,0.15533654,0.29748815,0.25589755,0.63013405,0.22796662,0.1011146,0.25254908
1.0,0.76374733,0.07230272,0.13374971,0.59709394,0.9387465,0.31231847,0.07304225,0.07939899,0.7097239,1.0,0.8484617,0.23748459,0.21117903,0.59390926,0.74192774,0.24404198,0.16981,0.10263688,0.36209315
0.1327042,0.74924225,0.43664607,0.13246594,0.600526,0.5459294,0.3051621,0.04070689,0.07976819,0.7155325,0.34833714,0.8352449,0.54960024,0.21230955,0.59835565,0.31543472,0.23856443,0.4764168,0.104449935,0.36396086
0.1314719,0.7485674,0.0737987,0.37275067,0.60084116,0.54596984,0.30519584,0.07252321,0.56530964,0.71538603,0.34738594,0.8343072,0.2459374,0.692918,0.59796584,0.31491724,0.23846705,0.17970416,0.44370362,0.3636476
0.131427,0.7480878,0.07363819,0.13231082,0.80137324,0.5462501,0.30484912,0.072756395,0.07956108,0.13987759,0.34749052,0.83456093,0.24600713,0.21246879,0.39405212,0.31496146,0.23815449,0.17965409,0.10451858,0.88227606
0.6466674,0.7562382,0.07505297,0.101006135,0.4747087,0.77097225,0.3076303,0.0735756,0.08495748,0.42672363,0.57252914,0.84279627,0.24818592,0.20751686,0.32379866,0.5628331,0.24087124,0.18039075,0.10823468,0.27815342
0.13269216,1.0,0.07334769,0.101924874,0.47511464,0.54742503,1.0,0.07371259,0.085107245,0.42625678,0.35207018,1.0,0.24685457,0.20811601,0.32301906,0.31711355,0.8478583,0.17976284,0.107434906,0.27986082
1.0,0.6250913,0.102576666,0.11744988,0.57484776,0.8868699,0.2557875,0.09146306,0.07778737,0.75272113,1.0,0.69644344,0.33272862,0.21506307,0.6450601,0.751401,0.19926248,0.24000736,0.10615782,0.3564434
0.1581926,1.0,0.10242721,0.11814511,0.578458,0.6101276,1.0,0.09176807,0.07760861,0.7525825,0.36927179,1.0,0.33913168,0.21633975,0.6439519,0.32848173,0.976985,0.24831252,0.1062074,0.36179993
0.15986347,0.6155616,0.45692447,0.11662934,0.57818586,0.61325985,0.25091362,0.03037495,0.07861437,0.7595368,0.36592045,0.6865826,0.4617218,0.21587893,0.6500731,0.3263588,0.19580078,0.40885517,0.107567854,0.35842508
0.16035198,0.6150241,0.103810824,0.116527356,0.77817243,0.61370397,0.2511322,0.0916674,0.07877206,0.19864711,0.36487824,0.6865399,0.34124234,0.21585788,0.4445304,0.3258815,0.19530238,0.25014183,0.10752128,0.8693892
0.62315494,0.6214244,0.10591651,0.09499013,0.42063674,0.8174168,0.25324878,0.09261015,0.09765995,0.3906023,0.6010235,0.6927694,0.34502584,0.21305034,0.30452654,0.58767337,0.19775577,0.25200525,0.11116185,0.24928853
0.16127858,1.0,0.103515126,0.096087724,0.421215,0.6165749,1.0,0.09279914,0.09777535,0.39024714,0.36963436,1.0,0.34261745,0.21360931,0.3038842,0.3287372,0.83218825,0.25076628,0.11044475,0.2516311
1.0,0.7527625,0.074676424,0.12186441,0.6234115,0.9459553,0.31095734,0.07156815,0.07038777,0.7471362,1.0,0.8444001,0.24329123,0.20149073,0.63291675,0.7491242,0.23916046,0.1744112,0.102041885,0.38427544
0.13996838,1.0,0.07476397,0.1225051,0.6276483,0.54876333,1.0,0.07190616,0.069886796,0.74783,0.35821423,1.0,0.24990436,0.20268354,0.6322942,0.32436085,1.0,0.18264131,0.10228569,0.38925433
0.13424993,0.7395425,0.43806854,0.12104278,0.6275446,0.5515012,0.30471832,0.041585524,0.07081785,0.7543916,0.35558674,0.83236915,0.544064,0.20266713,0.63843375,0.3228634,0.23405431,0.4717846,0.10380019,0.38668677
0.13312952,0.73873556,0.07600383,0.3613689,0.62770236,0.55115473,0.30463818,0.07167372,0.5825801,0.7542786,0.35535064,0.83152604,0.2520924,0.6835034,0.63811344,0.32258385,0.23381425,0.18476295,0.44987968,0.38638633
0.13185714,0.7382988,0.07606241,0.12077602,0.82798517,0.54994607,0.3043699,0.07161742,0.07052184,0.16782272,0.35492676,0.83184844,0.2515448,0.20271999,0.426904,0.322245,0.23372085,0.18413964,0.10368518,0.9043994
0.73008585,0.7459813,0.07735739,0.09478338,0.46842477,0.81542444,0.3068878,0.07254799,0.08795302,0.39099503,0.6067998,0.83968306,0.25387162,0.19864959,0.29265156,0.5984405,0.236078,0.18475415,0.107747704,0.2801716
1.0,0.6311016,0.10515133,0.11200638,0.57848144,0.8881179,0.25718504,0.09351724,0.075802505,0.7657682,1.0,0.70044494,0.34102884,0.2075641,0.6544771,0.7553736,0.20142037,0.24599227,0.10054371,0.35703653
0.15855683,1.0,0.10497175,0.11271539,0.582363,0.61594135,1.0,0.093813926,0.07537279,0.76637053,0.37396917,1.0,0.34742686,0.20880517,0.65397984,0.33297294,0.9802061,0.25445583,0.100479975,0.36253417
0.16022818,0.62311333,0.4585891,0.1111975,0.58217734,0.61876386,0.2528608,0.029508693,0.07650661,0.7732077,0.37065604,0.6922293,0.45434812,0.20856962,0.66012424,0.33083764,0.19852199,0.4030131,0.1020824,0.3593679
0.16071217,0.62240106,0.10631967,0.11089318,0.78158826,0.6191668,0.25287724,0.093447596,0.07648679,0.20240358,0.3701688,0.692033,0.34941697,0.20845032,0.44675568,0.33034927,0.19836378,0.25621876,0.10201474,0.8678948
0.62745136,0.6295121,0.10835004,0.08941098,0.42368153,0.82368594,0.25518575,0.09455622,0.094923235,0.40268958,0.60626024,0.6989314,0.35301512,0.20556034,0.3137026,0.5924114,0.20082434,0.25799307,0.105341986,0.24870521
0.16134244,1.0,0.106139556,0.09053544,0.4242023,0.62191373,1.0,0.09465708,0.094790146,0.40261477,0.37449107,1.0,0.350708,0.20619187,0.31301188,0.333097,0.83688045,0.25680396,0.104407266,0.25095528
1.0,0.77788407,0.081273764,0.1319325,0.5978145,0.9222383,0.31577927,0.08140023,0.08026574,0.7099988,1.0,0.8591103,0.26727632,0.20314497,0.59182036,0.7369992,0.2495881,0.1910983,0.09763296,0.3605692
0.13537174,0.7625184,0.4427784,0.13068439,0.6013931,0.55341876,0.3083388,0.03494352,0.08022058,0.71598685,0.34491184,0.84482086,0.5222357,0.20457734,0.59630305,0.31101885,0.24381413,0.4558024,0.09936115,0.3625707
0.13482091,0.76112497,0.0827586,0.370706,0.6018908,0.5538027,0.3079086,0.081430316,0.5571865,0.7160571,0.3442,0.84324133,0.27586454,0.6847941,0.5960363,0.310648,0.24322149,0.20123437,0.4386449,0.36230767
0.1346432,0.76093537,0.08261882,0.13041964,0.8021227,0.55381155,0.30793923,0.08167585,0.08012792,0.13465674,0.34428987,0.8435132,0.275692,0.20462607,0.3885463,0.31039384,0.24321768,0.20104198,0.099415444,0.88077205
0.6019568,0.76777434,0.08380497,0.098578155,0.4830127,0.7555225,0.31024164,0.08241129,0.07896092,0.44416103,0.5589756,0.85055315,0.27797136,0.19920453,0.33840513,0.5480418,0.24536246,0.20179419,0.10250108,0.28133833
0.13533649,1.0,0.082168885,0.09960356,0.48333126,0.5547207,0.9997335,0.08238171,0.079019986,0.44399706,0.3482581,1.0,0.27607527,0.19984786,0.33776194,0.31217894,0.82746077,0.20085676,0.10167244,0.28290105
1.0,0.68684584,0.10155783,0.116498895,0.5824475,0.88684654,0.27904713,0.09130888,0.07353116,0.75161666,1.0,0.7592957,0.32987085,0.20319903,0.63802135,0.75052977,0.22002415,0.23772894,0.097864054,0.35659328
0.15790315,1.0,0.10134748,0.11713585,0.58580124,0.60871387,1.0,0.09167192,0.07315253,0.75168145,0.36854732,1.0,0.33573502,0.20444737,0.636797,0.32755804,0.9989543,0.2457277,0.0975843,0.36141458
0.15975614,0.675813,0.45617604,0.11549625,0.5856777,0.61162686,0.27318197,0.030408768,0.07437639,0.7577579,0.36491707,0.7481862,0.46451825,0.20434584,0.6425821,0.325774,0.21587488,0.411116,0.0992973,0.35858423
0.16007303,0.67479455,0.10271225,0.115382545,0.78571755,0.61158645,0.27314973,0.09151167,0.07430695,0.18276602,0.36421245,0.747761,0.3378754,0.20414308,0.42958,0.32513532,0.21554664,0.24756122,0.09934042,0.8698453
0.6249733,0.68114555,0.1044326,0.08968455,0.4351757,0.81616884,0.2747596,0.09240892,0.088978015,0.4086541,0.6006372,0.75400233,0.34124708,0.20028931,0.31466207,0.58713996,0.2176657,0.24929863,0.1025052,0.2538892
0.15988229,1.0,0.10236193,0.09071002,0.43537188,0.61362344,1.0,0.092212364,0.08900604,0.4084443,0.3685672,1.0,0.33845207,0.20078935,0.31412983,0.32747334,0.8559058,0.24764639,0.10153163,0.25563094
1.0,0.79216367,0.06802277,0.14111355,0.5945204,0.9423297,0.32267678,0.07430426,0.086122565,0.6866577,1.0,0.87767094,0.22599602,0.21006702,0.56858593,0.73720205,0.253532,0.16062282,0.10129241,0.3573718
0.13481615,1.0,0.06831205,0.14194347,0.5982029,0.5320465,1.0,0.074178964,0.08446761,0.6870885,0.34498164,1.0,0.2328405,0.21187516,0.5679075,0.3115904,1.0,0.1687871,0.10104999,0.3613026
0.12903632,0.775009,0.06940324,0.37996808,0.5983569,0.53486603,0.31492227,0.07406105,0.5496236,0.6925199,0.34195426,0.86187303,0.2344819,0.6914966,0.57267004,0.31025717,0.24718992,0.1704214,0.43954498,0.35883024
0.12865084,0.7746176,0.06940954,0.13963011,0.7993069,0.53470933,0.31463948,0.074217334,0.08578759,0.12146166,0.34173185,0.8617585,0.2343464,0.21177281,0.37312955,0.31016812,0.24695677,0.17044361,0.10312197,0.88005155
0.6905799,0.78205305,0.070676215,0.100608215,0.47427642,0.7831573,0.31725565,0.07487787,0.083084606,0.4134196,0.5823076,0.8693261,0.23620538,0.20485577,0.30602238,0.57379574,0.24941525,0.17060676,0.10686075,0.2755605
0.12998351,1.0,0.068814695,0.10154602,0.47398433,0.5346227,1.0,0.07491019,0.08309198,0.41309267,0.3456356,1.0,0.23447806,0.2053182,0.3051676,0.31141496,0.8978818,0.17002985,0.105949596,0.2767559
1.0,0.77606815,0.061867073,0.13190147,0.6212023,0.96977645,0.3210664,0.061134767,0.0743925,0.71733326,1.0,0.8716787,0.20206362,0.2111219,0.60468894,0.744279,0.2465345,0.14449911,0.10664191,0.382647
0.14119327,1.0,0.06252792,0.13267554,0.62544847,0.52039194,1.0,0.061081935,0.07379481,0.71827614,0.34959605,1.0,0.20905617,0.21251811,0.60424155,0.31803074,1.0,0.15294063,0.10700806,0.38716877
0.1334662,0.7616589,0.42958662,0.13108581,0.62555164,0.5231628,0.31435606,0.0500409,0.07464114,0.7248593,0.34691048,0.85863364,0.5824851,0.21214825,0.610235,0.31707877,0.24091674,0.5007,0.10850793,0.38501006
0.13198733,0.7607295,0.063322864,0.3712876,0.6257687,0.5228967,0.31437284,0.060854297,0.57538676,0.72438335,0.3462921,0.85785085,0.21046907,0.6928338,0.6098123,0.31670022,0.24036367,0.15444079,0.45084202,0.3846165
0.13137062,0.7605705,0.06331215,0.13084562,0.82621175,0.52257997,0.3145576,0.060833376,0.07449656,0.1469819,0.34622598,0.85803795,0.2105846,0.2125325,0.40897673,0.31658906,0.24049245,0.15443206,0.10844797,0.9059775
0.777484,0.7679563,0.06473433,0.09976284,0.4695897,0.81805784,0.3169866,0.061526395,0.09108907,0.3740137,0.60839325,0.86554533,0.21204707,0.20721418,0.27388626,0.6020405,0.2428919,0.15433803,0.11279544,0.28217167
1.0,0.6117559,0.104642294,0.10440784,0.59511656,0.8928759,0.25234696,0.088213354,0.076817416,0.7912381,1.0,0.6860527,0.33719096,0.20305179,0.6820328,0.76618296,0.19405226,0.24402693,0.10175908,0.37207603
0.1607395,1.0,0.10442391,0.10523326,0.5989527,0.6294485,1.0,0.08866302,0.07716412,0.7921696,0.38551012,1.0,0.34332824,0.20446965,0.68170726,0.34363014,0.97263086,0.2521841,0.102102816,0.37783056
0.16107382,0.6048465,0.4577356,0.10381855,0.59868145,0.631932,0.2484806,0.031543583,0.07775815,0.79955214,0.38222906,0.6786527,0.45687607,0.20396513,0.688415,0.3418805,0.19157076,0.40464252,0.10312604,0.37447083
0.16094978,0.6048103,0.106066994,0.34363085,0.59897953,0.63194704,0.24859862,0.08844623,0.6122065,0.79946226,0.38163614,0.67838216,0.34544247,0.68516994,0.68825454,0.3412498,0.19157267,0.25421655,0.45189622,0.37416458
0.5555316,0.61086226,0.10752016,0.09033399,0.449384,0.8021233,0.25080404,0.08976961,0.09345435,0.4446212,0.5865722,0.6850506,0.34931758,0.20270501,0.3581075,0.5704562,0.19347426,0.2561833,0.10604903,0.26972958
0.16227135,1.0,0.105975874,0.09124244,0.4500654,0.6357784,0.9050274,0.0896409,0.09351857,0.4443965,0.3861658,1.0,0.34722182,0.20335345,0.3577032,0.34430286,0.74682367,0.25513104,0.105431125,0.27240887
0.1567698,1.0,0.098945566,0.10696111,0.6045892,0.6222712,1.0,0.09162765,0.07276522,0.7927102,0.38270453,1.0,0.32870084,0.19939196,0.67928624,0.3415096,0.99255127,0.24034387,0.100630075,0.37937713
0.15761827,0.643352,0.4548568,0.10562447,0.60419136,0.62491447,0.2644836,0.030274395,0.073364146,0.8001484,0.3796583,0.7227306,0.47163504,0.19899374,0.6860077,0.33977237,0.20368944,0.41675642,0.10151803,0.37589595
0.15753697,0.64342344,0.10016102,0.34530813,0.6044823,0.6248708,0.2647435,0.091524616,0.6048212,0.8000417,0.37929964,0.72265714,0.33082634,0.6801883,0.68590796,0.33962575,0.20383427,0.24214363,0.4508416,0.37549514
0.15785468,0.64345086,0.10028445,0.105463296,0.80361074,0.6249556,0.26501095,0.09177135,0.07344893,0.22140147,0.3789029,0.72332406,0.3308641,0.19889721,0.46750057,0.3393831,0.20373039,0.24225152,0.10146687,0.88530785
0.5709923,0.64974767,0.101794034,0.09054492,0.4547556,0.80126876,0.2670599,0.092869714,0.08902857,0.44616807,0.5889285,0.7296205,0.33428565,0.1972528,0.35605824,0.5733379,0.20578426,0.24382092,0.10453444,0.27124792
0.15845591,1.0,0.10019424,0.09138748,0.4555235,0.6282456,0.9365959,0.09260856,0.089233585,0.4462151,0.38346946,1.0,0.3323298,0.19788761,0.3556991,0.34239137,0.7728337,0.24304728,0.10390739,0.2737544
0.15121482,1.0,0.10529266,0.10725393,0.6107916,0.59870327,1.0,0.094991036,0.07140778,0.7893871,0.3667183,1.0,0.3488336,0.19788295,0.67469406,0.32693937,0.99509084,0.25528952,0.09869254,0.38192803
0.15208578,0.64447397,0.45917553,0.105962366,0.6104559,0.6018398,0.2643559,0.029268622,0.072086826,0.7969666,0.36384097,0.7227439,0.45357287,0.1974219,0.68141985,0.32580483,0.20426658,0.40267295,0.09992619,0.37844488
0.15241346,0.6443436,0.10694209,0.34560472,0.6106312,0.60197765,0.2644794,0.09484301,0.60038185,0.7967666,0.363457,0.7224821,0.35135007,0.67855376,0.68120664,0.32585707,0.20413975,0.25757498,0.44845703,0.37813455
0.15243119,0.6438853,0.106832184,0.10575165,0.80973345,0.6023227,0.26474234,0.09482364,0.072035864,0.21349263,0.3636102,0.7229627,0.3510948,0.19748272,0.46141168,0.32593468,0.2040774,0.25736937,0.09982658,0.8890158
0.55457294,0.6508576,0.10851601,0.09011145,0.46691218,0.7750088,0.26702273,0.09594443,0.08694587,0.45722237,0.56883675,0.7297393,0.35498828,0.19568652,0.3644231,0.5541166,0.20629339,0.25954017,0.10280961,0.2780213
0.15323511,1.0,0.10674314,0.09095188,0.46745607,0.60515565,0.9209018,0.09602785,0.08710255,0.45746523,0.36808202,1.0,0.35268408,0.19638477,0.3641255,0.32838655,0.7597136,0.25824147,0.10226505,0.2804251
0.15548646,1.0,0.100824,0.10923022,0.6081735,0.6129498,1.0,0.08948129,0.071403675,0.7831279,0.37362623,1.0,0.33308974,0.1994342,0.6674898,0.3331326,0.99984473,0.24406672,0.0983234,0.37886465
0.15702383,0.6547492,0.45592445,0.107933335,0.60786974,0.61616653,0.26706305,0.031230392,0.072085835,0.7905418,0.37139118,0.7309567,0.46771163,0.19908045,0.67415917,0.33210707,0.2081918,0.41338074,0.09953607,0.3757178
0.15704386,0.6547621,0.10251225,0.34747455,0.6080109,0.615824,0.26755062,0.089358814,0.5965681,0.79024094,0.37061256,0.73075545,0.33567232,0.68006235,0.67390656,0.33176658,0.20812109,0.2463095,0.44680718,0.3750835
0.15737157,0.65401924,0.10236543,0.10769395,0.8073225,0.61625636,0.2673766,0.08942639,0.07234014,0.20658065,0.37057933,0.7308552,0.3355845,0.19899447,0.45456874,0.3315332,0.20785433,0.24614803,0.099515624,0.8866082
0.5377734,0.66088915,0.10406019,0.09089368,0.47099927,0.78023446,0.26969317,0.090392925,0.08602646,0.46650755,0.5705343,0.7376707,0.3392905,0.19711602,0.3716651,0.55479836,0.21017596,0.24838081,0.10259485,0.2795317
0.15794078,1.0,0.10223824,0.09187494,0.47145626,0.61971164,0.90869683,0.09056535,0.086122744,0.4665554,0.37543672,1.0,0.3370469,0.19764793,0.37147468,0.33486003,0.7502753,0.24713859,0.101859435,0.28186294
0.15581584,1.0,0.10219029,0.11010507,0.59753376,0.6133655,1.0,0.09370624,0.06935718,0.77312094,0.37342662,1.0,0.33888435,0.19628222,0.6586826,0.33266932,1.0,0.24772185,0.096718736,0.37212285
0.15742917,0.67592543,0.45733243,0.108766295,0.5970352,0.6165999,0.2764607,0.029556507,0.07028547,0.7801206,0.3709683,0.75562453,0.4631269,0.19596024,0.6653526,0.33170992,0.21470125,0.4102096,0.09795345,0.3686231
0.15734634,0.67530894,0.10368017,0.34851527,0.5973936,0.6168375,0.27600387,0.0936876,0.59136665,0.78034663,0.3706799,0.75482464,0.34140468,0.67682135,0.6651815,0.3316006,0.21455365,0.25003958,0.44531715,0.36836678
0.15787892,0.6751674,0.103529274,0.10864608,0.79693335,0.6169781,0.2765676,0.09365974,0.07030429,0.202414,0.37064266,0.75531185,0.34114105,0.19591966,0.449337,0.33167607,0.21446542,0.24971238,0.09784325,0.879928
0.535321,0.6824264,0.10512034,0.09075859,0.4625672,0.77968043,0.2786376,0.09484737,0.083071746,0.46174902,0.5698356,0.7623019,0.34484538,0.19363357,0.3679214,0.55413944,0.21664907,0.25180852,0.10085918,0.27417928
0.15844871,1.0,0.10347373,0.0916203,0.46302807,0.62061745,0.9177484,0.094879515,0.08318836,0.46171764,0.37507,1.0,0.34280694,0.19426292,0.36761045,0.3348336,0.75722617,0.25075677,0.100217834,0.27628744
1.0,0.7862405,0.076905206,0.13396865,0.6047341,0.93164915,0.31961468,0.083589576,0.08182381,0.7194911,1.0,0.87128276,0.25751925,0.20190974,0.5963769,0.73668367,0.25165814,0.18348786,0.096036226,0.3632842
0.13628171,0.77594954,0.44139066,0.1325254,0.6075395,0.552966,0.31413192,0.03376792,0.08195563,0.72222453,0.34395278,0.8611237,0.53460133,0.20264243,0.5977415,0.31071526,0.24798287,0.46659943,0.09777461,0.36452276
0.13442592,0.7754642,0.07863553,0.37092298,0.6075176,0.55196184,0.31389982,0.08370641,0.54896015,0.72158915,0.34277546,0.860906,0.2658256,0.68059886,0.59711593,0.3099165,0.24775381,0.1932109,0.4335645,0.36408976
0.13501108,0.77500874,0.078783914,0.13234228,0.8085507,0.5534133,0.31389293,0.08376061,0.08155267,0.12611507,0.34378052,0.8609799,0.2655279,0.20279367,0.38283706,0.31062177,0.24764583,0.19296232,0.097890615,0.8844538
0.62962854,0.78140473,0.07963791,0.09710103,0.4846382,0.7678771,0.3159456,0.084561974,0.07759933,0.44335634,0.568848,0.86717504,0.26747397,0.19634603,0.33319372,0.5583527,0.24964574,0.19356331,0.1009847,0.28020257
0.13508779,1.0,0.07809623,0.098200224,0.48460734,0.55257183,1.0,0.08468038,0.07761372,0.44285217,0.34733057,1.0,0.26547816,0.1968297,0.33200124,0.31195566,0.86051023,0.1924746,0.10008365,0.28168055
1.0,0.6563119,0.10596892,0.11017024,0.57911164,0.89021987,0.26775452,0.092472054,0.07356518,0.769794,1.0,0.72896564,0.34348732,0.2034437,0.6583888,0.7592989,0.2096403,0.24828984,0.097969465,0.3588268
0.16189533,1.0,0.105887674,0.11064752,0.5824584,0.6253908,1.0,0.09291805,0.0733271,0.769071,0.37819898,1.0,0.34932277,0.20451379,0.6567126,0.3365844,0.9890993,0.25628942,0.097810306,0.36396334
0.16338848,0.6455924,0.45963928,0.10920586,0.582296,0.6285559,0.2619767,0.029891102,0.07434538,0.7756407,0.37444752,0.7180457,0.45319334,0.2041192,0.6625085,0.33463973,0.20587054,0.402438,0.09956208,0.36081275
0.16508602,0.6456828,0.10743876,0.10904661,0.7826204,0.6301537,0.26213378,0.09276775,0.07455544,0.20573796,0.373937,0.7186946,0.3517149,0.20409344,0.4509591,0.33431995,0.2059881,0.2583435,0.09952265,0.8720621
0.60753274,0.6524995,0.10914214,0.08841574,0.4259827,0.8224996,0.26466155,0.0940367,0.09112813,0.40902027,0.6038361,0.7253986,0.3553466,0.20123275,0.32021016,0.58938545,0.20812564,0.26019892,0.10233868,0.25151038
0.16450122,1.0,0.10706952,0.089343615,0.4263988,0.63178736,1.0,0.093885325,0.09116483,0.408716,0.3787416,1.0,0.35261872,0.20188999,0.31957614,0.33696967,0.82873756,0.25873846,0.10162279,0.25377426
1.0,0.66007775,0.10035388,0.11489584,0.58019173,0.89111215,0.26887065,0.090340756,0.07389606,0.75963813,1.0,0.732498,0.326565,0.2059845,0.6467462,0.7585996,0.21115468,0.23552455,0.098848715,0.35734946
0.16080284,1.0,0.10032495,0.11555986,0.58381176,0.62299055,1.0,0.0904729,0.07353765,0.7596723,0.37723407,1.0,0.3325347,0.20729186,0.6454562,0.3359382,0.990737,0.24355996,0.098822586,0.3624094
0.16320969,0.6489276,0.4560887,0.11403498,0.58373415,0.62692636,0.26300633,0.030759452,0.07480081,0.7661112,0.3740253,0.7208005,0.46849123,0.20691568,0.6513193,0.334097,0.20696081,0.41444057,0.10038877,0.35933033
0.1630267,0.6491557,0.101881355,0.11382786,0.7840657,0.62624955,0.26314363,0.09034928,0.07468483,0.19311732,0.37278363,0.72177273,0.334632,0.20672278,0.43940455,0.3330915,0.20708658,0.24555664,0.10033435,0.87168056
0.5970178,0.655029,0.103317685,0.09104255,0.43572414,0.8165504,0.26513866,0.091352284,0.08991616,0.42003453,0.5993286,0.72749925,0.33823755,0.20355012,0.3276486,0.58452946,0.20902857,0.24724604,0.103570774,0.25605693
0.16349082,1.0,0.10154234,0.09205665,0.43623528,0.63019145,0.9870997,0.091322,0.08995352,0.41986755,0.37785083,1.0,0.33555147,0.20408787,0.32701072,0.3367016,0.8181111,0.24584267,0.102697164,0.2581902
0.16240586,1.0,0.10336843,0.1086272,0.5846511,0.63427293,1.0,0.09904784,0.070795976,0.77711165,0.3845047,1.0,0.3456543,0.19904888,0.66522497,0.34229836,0.99618894,0.25245237,0.09801898,0.36678454
0.16355772,0.6505798,0.45921755,0.10736876,0.58442783,0.6360692,0.26608598,0.028565587,0.07152485,0.7846411,0.38117334,0.72832066,0.4583297,0.19873524,0.67170095,0.34080416,0.20673737,0.40710768,0.09910428,0.3633588
0.16507615,0.65012187,0.10487174,0.34593517,0.5846224,0.63813835,0.26597008,0.09874733,0.595417,0.7846008,0.38151,0.7275051,0.34793836,0.6777974,0.67169106,0.3410958,0.20633358,0.25446653,0.44405878,0.36306787
0.16437185,0.6491529,0.104794174,0.10729793,0.78456396,0.6367501,0.26606056,0.09862678,0.07161695,0.21537986,0.38044205,0.7272927,0.3475547,0.19865341,0.45972455,0.3398938,0.20598938,0.25416932,0.09905995,0.87413836
0.5300656,0.6557115,0.10654963,0.09111933,0.44640872,0.7967632,0.2685636,0.09989792,0.08537083,0.45625475,0.5799562,0.73409235,0.3515654,0.19679596,0.36643216,0.5627922,0.20830086,0.2562883,0.10206205,0.2657107
0.16406555,1.0,0.10483324,0.09200605,0.4468794,0.6401871,0.9024126,0.09990686,0.085527316,0.45618445,0.38530433,1.0,0.34938174,0.1973577,0.3662329,0.34356135,0.74467766,0.25519875,0.101228654,0.26807955
1.0,0.5981197,0.10533426,0.102021724,0.57328993,0.8979772,0.24824,0.08424085,0.086623564,0.80105,1.0,0.6748499,0.33767405,0.21263033,0.69703627,0.77371645,0.18918379,0.24537218,0.10667772,0.36438408
0.16375114,1.0,0.10534592,0.102661125,0.57727075,0.64278716,1.0,0.08432603,0.08727857,0.80099,0.39198297,1.0,0.3435325,0.21376006,0.69588184,0.35060263,0.9677716,0.25345835,0.10706384,0.3704658
0.16470988,0.59024405,0.45820022,0.101472266,0.5769496,0.6457435,0.24420923,0.033680845,0.0874424,0.8084439,0.38952753,0.6664444,0.4567167,0.21304227,0.7023353,0.34901783,0.18632422,0.40427184,0.10819248,0.36663124
0.1646589,0.5907799,0.10696599,0.33935353,0.57700926,0.6448818,0.24481529,0.08413054,0.62664163,0.8079203,0.38891366,0.6669552,0.34564084,0.6926308,0.70196295,0.3481326,0.18675707,0.25526926,0.45378372,0.3663747
0.16532984,0.5895946,0.10681364,0.101312295,0.77703524,0.64673024,0.24441065,0.08424926,0.08760384,0.25470877,0.38917527,0.6665614,0.34570768,0.21330301,0.4960593,0.34842604,0.18615416,0.25542492,0.10805147,0.8747789
0.16464883,1.0,0.10695915,0.09278531,0.4262069,0.6489841,0.87228286,0.08498101,0.10148425,0.44506773,0.3933436,1.0,0.34739828,0.21351616,0.36667708,0.35131192,0.7183106,0.2564135,0.10988281,0.2624678
1.0,0.78652567,0.06333835,0.13958216,0.6033777,0.9609042,0.32167888,0.071045205,0.08263359,0.6987683,1.0,0.87500805,0.21273543,0.21257965,0.5798557,0.7393288,0.25135297,0.15118487,0.102116644,0.3649748
0.13583396,1.0,0.06411154,0.140272,0.6069511,0.52035743,1.0,0.07082337,0.08155477,0.69816965,0.34371394,1.0,0.21921787,0.21391284,0.5781025,0.3120627,1.0,0.15902637,0.10196379,0.368934
0.12716156,0.7721482,0.0652528,0.3772641,0.6072021,0.52227,0.3142571,0.070837095,0.55277604,0.70331436,0.34025517,0.86178213,0.22108684,0.6914599,0.58278817,0.3104485,0.24582884,0.16075076,0.43801582,0.3665225
0.12882206,0.7695498,0.06521473,0.13807717,0.80874646,0.52408105,0.31404462,0.0707735,0.08275818,0.12462338,0.340523,0.8598635,0.22078396,0.21369822,0.38112906,0.3109492,0.245028,0.16066375,0.10401757,0.8894644
0.6995498,0.77514523,0.06601052,0.1009888,0.4783418,0.7778947,0.31590858,0.0713969,0.08388652,0.41549695,0.578599,0.8650004,0.22150682,0.20661294,0.3080731,0.5709624,0.24702387,0.16011065,0.107591696,0.28043845
0.12882628,1.0,0.064577505,0.1022816,0.4793871,0.5218586,1.0,0.07157946,0.08397825,0.41545016,0.34390038,1.0,0.22065428,0.20762666,0.30749503,0.31134135,0.8887315,0.1600101,0.1067766,0.28201306
1.0,0.6148594,0.10014932,0.10628918,0.5860642,0.9076822,0.25544125,0.082925536,0.079597436,0.7871593,1.0,0.69374424,0.32191515,0.209125,0.68061304,0.7698527,0.19483571,0.23340356,0.10443821,0.36931148
0.15707561,1.0,0.10020547,0.106847666,0.58994806,0.6249346,1.0,0.08266762,0.08008507,0.78712654,0.38740447,1.0,0.32791185,0.21025653,0.6795114,0.34658477,0.97323024,0.24171932,0.10473342,0.37494946
0.15604147,0.6061467,0.45466676,0.10563835,0.58950496,0.6269021,0.25069922,0.034609456,0.08044938,0.794218,0.38394493,0.6847129,0.4712938,0.209945,0.6857946,0.34444734,0.19149993,0.41588783,0.10594708,0.3714483
0.15692091,0.60495555,0.1018578,0.34396264,0.5899757,0.62827075,0.25041854,0.082340434,0.61403894,0.7940898,0.38390127,0.6832008,0.33003014,0.6890928,0.68565196,0.34431374,0.1910988,0.24365826,0.4508356,0.37116247
0.5810147,0.61078954,0.10300519,0.09229452,0.43386263,0.8094098,0.25267637,0.08346161,0.09681678,0.4242229,0.5943091,0.6897451,0.3332818,0.20846033,0.34218013,0.5791458,0.19302209,0.24500892,0.10871079,0.2628165
0.15649594,1.0,0.1014839,0.09314764,0.43478268,0.6304168,0.92322385,0.083318755,0.09684788,0.42417657,0.38777396,1.0,0.33116922,0.20918599,0.34161916,0.34682152,0.7613194,0.24408965,0.10815759,0.26557973
1.0,0.65553266,0.09901172,0.11470568,0.58350074,0.89742523,0.2674932,0.088558085,0.07528669,0.7659707,1.0,0.728972,0.32184616,0.2099861,0.6534543,0.754287,0.20943232,0.23241243,0.10140077,0.3607537
0.15325978,1.0,0.09911846,0.1151637,0.5870409,0.6057407,1.0,0.08892977,0.075129755,0.7656795,0.37007177,1.0,0.32783362,0.21115872,0.6521189,0.33024982,0.98888344,0.24042426,0.10136725,0.36578485
0.1556644,0.6462546,0.45498547,0.113735415,0.5871549,0.6106457,0.26271188,0.0313911,0.07632958,0.77254534,0.36757708,0.7194554,0.47204888,0.21095805,0.6582011,0.32887283,0.20590636,0.41722,0.10305288,0.3629906
0.15612873,0.6458197,0.100504994,0.1135411,0.7873619,0.6102209,0.26275152,0.088752724,0.076139875,0.19960563,0.366578,0.7194365,0.3300162,0.21086203,0.44636485,0.32805505,0.20573865,0.24231933,0.102864176,0.87484896
0.64381063,0.65111274,0.102357194,0.091182016,0.42658025,0.82450235,0.2643447,0.08986539,0.09484571,0.3985363,0.60741645,0.72454566,0.33376518,0.20761293,0.30809098,0.59469634,0.20739318,0.24399723,0.10626608,0.25143588
0.15593146,1.0,0.100060076,0.09218884,0.42701274,0.6137904,1.0,0.08985535,0.09467987,0.3981448,0.37148517,1.0,0.33102056,0.20816776,0.30730712,0.33127555,0.85505146,0.24265948,0.105475925,0.25328463
1.0,0.80229264,0.066169955,0.13579212,0.6087388,0.947606,0.3283899,0.072779894,0.07996173,0.71427333,1.0,0.89269596,0.22189611,0.20748676,0.59324944,0.7376138,0.25646895,0.1578093,0.100208744,0.36782777
0.12962309,0.78466,0.4340778,0.13467695,0.6127347,0.53191966,0.31983736,0.0409941,0.08003617,0.7205834,0.34219712,0.87613565,0.56596625,0.20870696,0.5977847,0.3109714,0.24988309,0.48961705,0.10187062,0.36990073
0.12948063,0.78378606,0.06802529,0.37336177,0.6128945,0.53405213,0.31980044,0.072353095,0.5544728,0.7202153,0.34242103,0.87520874,0.22998308,0.68654424,0.5974501,0.31115627,0.24945356,0.16743335,0.4377917,0.3695398
0.12795793,0.7842377,0.06806107,0.1343562,0.81392425,0.53273666,0.3201387,0.072331145,0.07980366,0.12977545,0.34116155,0.8764475,0.22995204,0.20888324,0.3876781,0.31029078,0.24960011,0.16741924,0.10196961,0.8907338
0.67736953,0.79147935,0.069101125,0.099737935,0.48393014,0.77492505,0.32282186,0.07293189,0.08150427,0.42941,0.57646096,0.88398904,0.23140638,0.20255478,0.32057145,0.5674494,0.25196788,0.1674692,0.1055566,0.28246033
0.12914176,1.0,0.06757992,0.100784086,0.4841911,0.5326647,1.0,0.07283475,0.08150809,0.4289813,0.3453415,1.0,0.2296879,0.2031369,0.31984434,0.3119651,0.8829019,0.16686276,0.104758054,0.2838177
1.0,0.6568312,0.097531974,0.11592656,0.5763266,0.8977438,0.2681646,0.08493366,0.074730285,0.7514258,1.0,0.7307287,0.31593826,0.20974529,0.6418833,0.7630402,0.20976879,0.2283389,0.10127552,0.35710967
0.15726319,1.0,0.09751291,0.11639412,0.5797602,0.620216,1.0,0.085084215,0.07457241,0.75130063,0.37987506,1.0,0.32178977,0.21088439,0.6407592,0.33883837,0.9881505,0.2363271,0.10130598,0.36221266
0.15842766,0.6450349,0.45344985,0.115046434,0.57967734,0.6241773,0.26261932,0.033094723,0.075592086,0.7580787,0.37645817,0.7186845,0.47741294,0.2106564,0.6467124,0.33761543,0.20554376,0.42113662,0.10287685,0.35927108
0.15755205,0.64433557,0.099007696,0.11484835,0.78027725,0.62366986,0.26264518,0.0848004,0.075771496,0.19552103,0.3759432,0.7185193,0.32373536,0.21054685,0.44237986,0.33639747,0.20526457,0.23828058,0.1026768,0.87256867
0.65000194,0.6507799,0.1005701,0.09148622,0.41991305,0.8390804,0.26449963,0.086107485,0.09416359,0.38581926,0.6191323,0.72470844,0.32730472,0.2072075,0.2977099,0.6050669,0.20732754,0.23985773,0.10623274,0.24859357
0.15859443,1.0,0.09870976,0.092473306,0.42037377,0.62606126,1.0,0.085738584,0.09404054,0.38531843,0.38082758,1.0,0.32448804,0.20781317,0.29696319,0.33943504,0.8586358,0.238472,0.105246715,0.25066498
1.0,0.6442998,0.10692033,0.111424915,0.57974046,0.8845303,0.2625485,0.09371507,0.07273434,0.7651273,1.0,0.7153007,0.3470591,0.20315976,0.6534474,0.75963444,0.20590939,0.25100163,0.097699076,0.3589905
0.16525938,1.0,0.10688955,0.111777864,0.5834162,0.6308843,1.0,0.09396532,0.0724728,0.76527804,0.3792351,1.0,0.35278186,0.20438138,0.65259176,0.337243,0.98459756,0.2588393,0.09771599,0.36404708
0.1655301,0.6335486,0.46038133,0.11035106,0.5833005,0.6319492,0.25716895,0.029677927,0.07374163,0.77221674,0.37494457,0.7042583,0.4489629,0.20399599,0.65867746,0.33425364,0.20195414,0.39932233,0.09923516,0.36121705
0.16745722,0.63354665,0.10827835,0.11027552,0.78356004,0.6325956,0.25719318,0.0936493,0.073853746,0.202458,0.3743209,0.70502234,0.35509378,0.20399189,0.4479986,0.33381292,0.20195752,0.26091254,0.099012434,0.872539
0.62765944,0.64033246,0.11024709,0.08814577,0.42243105,0.8372742,0.25962552,0.09465861,0.09132148,0.3968542,0.61494064,0.71150875,0.35914397,0.20082684,0.3074908,0.6003621,0.20412724,0.26301393,0.10242514,0.24915543
0.16713424,1.0,0.10812085,0.0891283,0.42281148,0.6359229,1.0,0.09464818,0.09143732,0.3960981,0.37901875,1.0,0.35629883,0.20139715,0.30655974,0.3369311,0.8489977,0.26142636,0.101708226,0.2511479
1.0,0.77215004,0.0598099,0.14386803,0.6145619,0.96615934,0.31595203,0.07261257,0.08658638,0.69665354,1.0,0.8585069,0.2031813,0.21338537,0.5732245,0.73313355,0.2468379,0.14345291,0.10241597,0.36918226
0.13487619,1.0,0.0606176,0.14443393,0.61861193,0.50536513,1.0,0.07233145,0.0850439,0.69702697,0.33670956,1.0,0.20991522,0.21483083,0.57248485,0.30625933,1.0,0.15132448,0.102132976,0.37324902
0.12578681,0.7565641,0.061772447,0.38125247,0.61897284,0.50720763,0.30847165,0.07229245,0.546252,0.7025799,0.3331043,0.84431154,0.21167879,0.69220984,0.5773311,0.30441305,0.24097884,0.15327382,0.4368066,0.37095976
0.12547435,0.7551387,0.06171239,0.14214754,0.820429,0.50939894,0.30781776,0.072406,0.08614938,0.110759966,0.33327028,0.8432857,0.21149544,0.2149196,0.37031016,0.30480218,0.24033135,0.1531626,0.1043595,0.8945003
0.7407231,0.76098496,0.06264964,0.10086602,0.48860684,0.7875527,0.3098896,0.07283763,0.084368385,0.41606244,0.58472735,0.8490338,0.21205425,0.20683236,0.3025004,0.5781701,0.2423556,0.1524855,0.10770863,0.2842809
0.12662354,1.0,0.06071718,0.10173617,0.4885683,0.5033936,1.0,0.07257408,0.084314644,0.41532773,0.33571836,1.0,0.21039785,0.20724699,0.30142218,0.30432427,0.91527796,0.1517814,0.10690553,0.28532603
1.0,0.80607533,0.05396133,0.13688944,0.6045068,0.9745756,0.3343523,0.051240727,0.07590378,0.69438154,1.0,0.9070931,0.17609093,0.21631378,0.5858113,0.7528495,0.25591642,0.12642287,0.108847626,0.37470642
0.14565648,1.0,0.05487185,0.13755985,0.60884076,0.5312632,1.0,0.05142066,0.075108394,0.6952052,0.3577974,1.0,0.1830788,0.21785818,0.5853833,0.3260882,1.0,0.13471492,0.10892264,0.3790401
0.13677812,0.79125077,0.42491853,0.13608979,0.6089611,0.5342742,0.3272108,0.058349222,0.07599628,0.701895,0.35510468,0.8940544,0.6073834,0.21769567,0.59155405,0.32494906,0.24992713,0.51953113,0.11050612,0.3770591
0.13574426,0.78810865,0.055681664,0.37403268,0.6078636,0.5328228,0.3265068,0.05102185,0.5697278,0.70117635,0.35356146,0.89075863,0.1838214,0.6944898,0.5903424,0.32406044,0.24922104,0.13578537,0.44790065,0.3762018
0.13612624,0.7900373,0.055814423,0.13569365,0.8110165,0.5332359,0.32727385,0.051388733,0.07570276,0.14810762,0.35455528,0.89347404,0.18458277,0.21784577,0.40598464,0.32421523,0.24963439,0.13631718,0.11044332,0.90191555
0.8167895,0.7963581,0.057333954,0.10146365,0.44799787,0.846844,0.32926047,0.05162532,0.0936965,0.3433348,0.6297779,0.89959985,0.18536842,0.2115991,0.2463974,0.62310255,0.2516242,0.13550754,0.114975296,0.27168792
1.0,0.78337145,0.05892421,0.13101673,0.6201641,0.9724481,0.32455263,0.0576338,0.07345102,0.7207434,1.0,0.8820478,0.19371471,0.21147871,0.607763,0.7489757,0.24852248,0.13883762,0.10617592,0.38336354
0.14279974,1.0,0.059735533,0.1317569,0.62447023,0.5277348,1.0,0.05756479,0.0729447,0.7222262,0.35475063,1.0,0.2002672,0.21287099,0.60771346,0.32339188,1.0,0.14689383,0.106354095,0.3877235
0.13528366,0.7701494,0.4283091,0.13022931,0.62458456,0.52783406,0.31812376,0.052977145,0.073889926,0.7289409,0.35080293,0.8697313,0.5907207,0.21273874,0.6140926,0.3209895,0.24344687,0.5072739,0.10788268,0.38566843
0.13417311,0.76964927,0.060948882,0.36911818,0.6248988,0.52850354,0.3183779,0.05722993,0.57427114,0.72877216,0.35080191,0.869108,0.20218569,0.69083816,0.6137078,0.32132596,0.24324735,0.14903423,0.4471783,0.3852406
0.1338119,0.7688598,0.060936645,0.12992105,0.82609767,0.52951014,0.31848136,0.057284392,0.07346366,0.15163754,0.3508865,0.86891013,0.20231202,0.21277404,0.4139354,0.32119608,0.24299304,0.14882605,0.10781403,0.90818155
0.797239,0.77611756,0.062448073,0.09887445,0.46260893,0.8343805,0.3208535,0.057831757,0.0918244,0.3656581,0.62058103,0.8763818,0.20310004,0.20732537,0.26569173,0.61380893,0.24537121,0.14829768,0.11214497,0.27878007
1.0,0.8066946,0.058603786,0.14711191,0.58702755,0.96954685,0.33090106,0.0710845,0.08773102,0.6673737,1.0,0.8990674,0.19907983,0.21735154,0.5520827,0.7330302,0.25754595,0.1405765,0.105325475,0.35503182
0.13386339,1.0,0.059327986,0.14788958,0.59083676,0.50222194,1.0,0.071133,0.08623269,0.6685557,0.33640757,1.0,0.2057761,0.21913867,0.55194974,0.30621374,1.0,0.14840844,0.10486683,0.35887843
0.1276056,0.7916468,0.06036631,0.38470635,0.5911337,0.5052703,0.3233092,0.070829116,0.5459523,0.67391855,0.33351767,0.8851976,0.20756727,0.6962867,0.5567714,0.30493274,0.2518373,0.15026036,0.43853736,0.35670787
0.127166,0.78956676,0.060414284,0.14566414,0.79330254,0.50521183,0.3231067,0.070834674,0.087130904,0.12382896,0.33306557,0.8837437,0.20734411,0.21916874,0.3707241,0.30483872,0.2509799,0.15011,0.10708341,0.88151926
0.7375082,0.79458004,0.061214283,0.10403071,0.4632031,0.78366846,0.32444328,0.071297064,0.08590163,0.39143175,0.58230174,0.8886314,0.2078962,0.21083355,0.28611004,0.5755432,0.25258875,0.14927423,0.11058112,0.27160287
0.12754595,1.0,0.05962389,0.10491517,0.46329877,0.5014026,1.0,0.071186714,0.08539463,0.39108047,0.335179,1.0,0.20636757,0.2113899,0.28523904,0.30434117,0.92168546,0.14882159,0.109683804,0.2726606
1.0,0.8104582,0.066520885,0.1440692,0.6129331,0.94739556,0.3294853,0.07776182,0.0887662,0.6915362,1.0,0.8960551,0.22528094,0.20822896,0.56679845,0.7260224,0.25985777,0.15958922,0.099453665,0.36684045
0.123913616,0.7923368,0.4349796,0.14263582,0.6165809,0.5125917,0.32065985,0.037605744,0.08846611,0.69726,0.32841912,0.8793862,0.56337273,0.20962064,0.5711955,0.29798478,0.2532183,0.48836932,0.10115941,0.3687437
0.123078145,0.7913306,0.06851783,0.3811801,0.6169877,0.5116796,0.32063895,0.0772909,0.5388992,0.6971783,0.3273009,0.87854975,0.23382369,0.6870098,0.57089657,0.2974382,0.2528016,0.16943851,0.43318963,0.36832532
0.12351067,0.7901945,0.06842991,0.14238681,0.818305,0.51197815,0.32007638,0.077189215,0.08837931,0.10636244,0.3270664,0.87761045,0.23335765,0.20980974,0.36439362,0.29734647,0.25228536,0.16906631,0.10127815,0.8925066
0.6713269,0.7969569,0.06937789,0.10164708,0.49922034,0.755951,0.32229763,0.07793634,0.078305334,0.43620473,0.56170434,0.8846994,0.23459654,0.20195836,0.3209091,0.55353737,0.25480133,0.16905192,0.10442164,0.28946352
0.124496445,1.0,0.06764578,0.102837086,0.49943784,0.5115099,1.0,0.077997506,0.07856979,0.43602297,0.33075348,1.0,0.2331109,0.2026721,0.32012543,0.29852965,0.88494164,0.16840182,0.10352295,0.29069206
1.0,0.6498196,0.1085439,0.108899914,0.5709918,0.8850146,0.26510465,0.09254455,0.073694736,0.76538736,1.0,0.7218876,0.3509675,0.20367402,0.65628856,0.763235,0.20753439,0.25434327,0.097919986,0.35563117
0.16553447,1.0,0.10843859,0.1095144,0.57454395,0.63451654,1.0,0.092808835,0.073454686,0.76561743,0.38243237,1.0,0.3568674,0.20490374,0.65546006,0.33987075,0.9863836,0.26234895,0.09790899,0.36075893
0.16597237,0.6402617,0.4612,0.108041,0.57425165,0.6373228,0.2600143,0.02982233,0.07455716,0.7728928,0.37865975,0.7124964,0.4450016,0.20454943,0.66173524,0.3380203,0.20420411,0.3960818,0.099433854,0.35749272
0.16680455,0.6388359,0.11014303,0.10782775,0.7748075,0.63668984,0.25983822,0.09254464,0.07461427,0.21153167,0.37857747,0.7113415,0.3592853,0.20449276,0.45518744,0.3372546,0.20357825,0.2645322,0.09933536,0.8682085
0.6088169,0.64496,0.11186836,0.087942295,0.41570595,0.8299175,0.2616253,0.09377853,0.09216173,0.3994989,0.60902894,0.71724933,0.36331216,0.20182827,0.3141035,0.59390676,0.20560394,0.26648846,0.10239712,0.24640395
0.16791892,1.0,0.109754145,0.08882361,0.4161143,0.6401432,1.0,0.093277976,0.09196288,0.39938524,0.38251516,1.0,0.360275,0.20232756,0.31343782,0.33973646,0.8285395,0.2648282,0.10161762,0.24851477
1.0,0.60041416,0.105128154,0.10537771,0.58788395,0.8931903,0.248113,0.08862511,0.07946107,0.7930604,1.0,0.6746752,0.3397176,0.20840383,0.6850132,0.76735264,0.19053863,0.24614634,0.10386243,0.3698718
0.16204248,1.0,0.10503031,0.10600347,0.5918911,0.63463914,1.0,0.088804394,0.07977808,0.7930294,0.38619253,1.0,0.34548414,0.20950924,0.68391055,0.34416625,0.9680258,0.25422353,0.1041436,0.3756635
0.16359216,0.59058124,0.4587832,0.104831874,0.59151894,0.63737833,0.24321257,0.03127383,0.08025633,0.8006917,0.38262987,0.66412944,0.4551132,0.20912343,0.6905149,0.3417879,0.18701497,0.40358981,0.10532009,0.37190846
0.16417027,0.5909035,0.10679773,0.3427531,0.59150577,0.63708824,0.24350883,0.08878855,0.6138057,0.80028766,0.38223693,0.6642784,0.34773612,0.68777853,0.69020164,0.3413505,0.18700428,0.2562416,0.44989836,0.37158087
0.55968434,0.59515214,0.10821747,0.09168249,0.43683168,0.80827516,0.2448694,0.089794554,0.09631581,0.43281937,0.590696,0.6691991,0.3515708,0.20778099,0.34921125,0.5747253,0.18857014,0.25807667,0.108031206,0.2636039
0.16410458,1.0,0.106584795,0.09265553,0.43793097,0.6404787,0.90916556,0.089736305,0.096534796,0.43321165,0.38636434,1.0,0.34951946,0.20848855,0.34906268,0.3442472,0.75030464,0.2571979,0.10741822,0.26646203
1.0,0.79835284,0.06837972,0.14019471,0.61010224,0.9511971,0.32618198,0.075173534,0.081818305,0.6973944,1.0,0.88725275,0.2281017,0.21179807,0.57864004,0.72727257,0.25532317,0.16219819,0.10294008,0.36996135
0.1300264,1.0,0.068442866,0.14098713,0.6140049,0.5089499,1.0,0.07480133,0.08060062,0.6977425,0.3320321,1.0,0.23418032,0.21326822,0.5776876,0.3006086,1.0,0.16987467,0.10279335,0.37398416
0.124559216,0.7809072,0.069634944,0.37784582,0.61419463,0.5129507,0.31818947,0.07469035,0.55244994,0.70321923,0.32970956,0.87113833,0.23611028,0.69049305,0.5826254,0.29981473,0.2487373,0.17164855,0.43917122,0.37180182
0.12356873,0.7796046,0.06982704,0.13873519,0.81567377,0.5123045,0.31770694,0.07487045,0.08161628,0.12412133,0.3289865,0.87025034,0.23611957,0.21315394,0.38253123,0.29930326,0.24831848,0.17171273,0.104915686,0.89581734
0.69684917,0.7860628,0.070926756,0.10190736,0.48403785,0.767754,0.319896,0.07532438,0.083359115,0.41194516,0.57080644,0.8767179,0.23766337,0.20630169,0.30389914,0.56334907,0.2503892,0.17183124,0.108485386,0.28508353
0.12528512,1.0,0.069152854,0.10310379,0.48428243,0.51039505,1.0,0.07531451,0.083389185,0.41160208,0.33218798,1.0,0.23572321,0.20698227,0.30303964,0.30014765,0.8999006,0.17084251,0.10778386,0.28638437
1.0,0.607739,0.10067964,0.10390541,0.595322,0.89600855,0.2514333,0.08572793,0.07843873,0.80225724,1.0,0.6834237,0.3254494,0.20558,0.69195235,0.7726626,0.19269927,0.23563102,0.10267452,0.37383676
0.16190365,1.0,0.100777835,0.10451391,0.59946454,0.6389672,1.0,0.08586052,0.07879394,0.8026776,0.39201623,1.0,0.33138856,0.20670094,0.69115114,0.34985948,0.9706759,0.24376294,0.1029685,0.37957945
0.16390406,0.59848744,0.4556123,0.10344792,0.5988274,0.64313537,0.24660905,0.032787953,0.079342045,0.8100725,0.38928252,0.67384356,0.46833187,0.20630069,0.69771874,0.348296,0.18935347,0.4137065,0.10401128,0.37593162
0.16315104,0.598002,0.10229699,0.34144706,0.5990445,0.64313793,0.24627353,0.08559755,0.61338705,0.8098334,0.38843012,0.6730042,0.3332621,0.6851134,0.69736904,0.34739825,0.18923916,0.24539632,0.4494879,0.37549594
0.5833623,0.60305494,0.10391908,0.09033646,0.43957308,0.82418954,0.24865626,0.08669471,0.09572167,0.431305,0.6039463,0.67864436,0.33709586,0.20498833,0.3456923,0.58808523,0.19071957,0.24739335,0.10679824,0.2641831
0.16387971,1.0,0.102044776,0.091110386,0.44037202,0.64724433,0.9319087,0.08655604,0.0957787,0.43134585,0.3934957,1.0,0.33480674,0.20576172,0.3454099,0.35090512,0.7691799,0.24649455,0.10607958,0.26697263
0.15768053,1.0,0.10600019,0.09891358,0.6133684,0.6280825,1.0,0.09524199,0.07080871,0.81242585,0.3866742,1.0,0.35110208,0.19118252,0.6964664,0.34582558,0.98755544,0.25747386,0.09443953,0.38623378
0.1585233,0.6282352,0.46024305,0.09759365,0.6129976,0.63261724,0.2575799,0.029187836,0.07129589,0.8202195,0.38495725,0.7052281,0.45167717,0.19082293,0.70327467,0.34506318,0.19913475,0.4016141,0.09543718,0.3825608
0.15855007,0.6277721,0.10748251,0.335871,0.61313665,0.6314593,0.25740132,0.09520673,0.60403144,0.82007,0.38386643,0.70427436,0.35361367,0.6695278,0.70311224,0.34447438,0.19896275,0.2595928,0.4434814,0.38212675
0.15734999,0.6279214,0.10759352,0.09747666,0.81261605,0.6314124,0.25816867,0.09507275,0.071394876,0.2359192,0.38366696,0.70547,0.3532213,0.19060336,0.4807257,0.34389678,0.19901744,0.25941288,0.09532839,0.89243907
0.54441696,0.63458085,0.109117106,0.084888875,0.4670262,0.796881,0.26019052,0.09625265,0.08540083,0.47263646,0.5829972,0.7119316,0.3573281,0.18945652,0.38055927,0.56629044,0.20129193,0.26148283,0.09810526,0.2795225
0.15805764,1.0,0.10754525,0.085795596,0.46771267,0.6355648,0.89211226,0.096184425,0.085443616,0.4728365,0.38872764,1.0,0.35519096,0.19003572,0.3802258,0.34697494,0.7356255,0.26057205,0.09730528,0.28222778
1.0,0.7942342,0.053153336,0.1307501,0.6302726,0.9944424,0.32944363,0.053976998,0.07227247,0.71353245,1.0,0.8944425,0.17517874,0.20393868,0.5994178,0.75909984,0.2519467,0.12516658,0.102173775,0.38951582
0.15666437,1.0,0.054006476,0.13134748,0.6342811,0.5258865,1.0,0.05383002,0.071548484,0.7139893,0.36291206,1.0,0.18203083,0.20523219,0.5987028,0.3323062,1.0,0.13360779,0.10220611,0.39375293
0.14630425,0.7791674,0.42482486,0.12978186,0.6343022,0.5267679,0.32219177,0.055895183,0.07241365,0.72070855,0.35957095,0.88101196,0.60828435,0.20503058,0.60470617,0.33065408,0.24607208,0.52051395,0.103771515,0.39174375
0.14485265,0.7785398,0.055176627,0.36850005,0.634555,0.5261403,0.32255238,0.053864133,0.565387,0.7203209,0.3584011,0.88034075,0.18366206,0.6828815,0.6042561,0.33020827,0.24590918,0.13553286,0.4435485,0.3911394
0.14482473,0.7792236,0.05522252,0.12957305,0.8358189,0.527594,0.32293615,0.053848404,0.072199345,0.1408905,0.35951,0.8818079,0.18367727,0.205208,0.40659174,0.33067438,0.24625783,0.13543212,0.10363981,0.9164012
0.83529073,0.78569394,0.05654182,0.09601711,0.4734562,0.84991866,0.32479787,0.054260608,0.086927265,0.36338627,0.63267136,0.8880965,0.18441273,0.19906798,0.25994524,0.626548,0.24814063,0.13433535,0.10793046,0.28676474
1.0,0.58013004,0.10506743,0.102119625,0.5736082,0.89266926,0.24123597,0.083370805,0.08820215,0.80212516,1.0,0.65531653,0.33610785,0.21467376,0.6981192,0.7756833,0.18324487,0.24425259,0.10758349,0.36491933
0.16553025,1.0,0.10500328,0.10262479,0.57765096,0.6477447,1.0,0.083707616,0.08865445,0.80305135,0.39634362,1.0,0.34228757,0.21563107,0.69794387,0.3531913,0.96198565,0.25271824,0.10819284,0.37127808
0.16609326,0.5730211,0.45799756,0.10166504,0.5772245,0.6514783,0.23730335,0.033946496,0.08887015,0.81076413,0.3930622,0.64759994,0.45736587,0.2152298,0.7047171,0.35107702,0.1807095,0.40486798,0.10901026,0.36738846
0.1647884,0.5736466,0.106679335,0.3392995,0.57743883,0.65042615,0.23766364,0.083364375,0.6285305,0.81084293,0.39178193,0.64785683,0.34433004,0.6940991,0.7044188,0.3499304,0.18094337,0.25450718,0.45421538,0.36697227
0.1654198,0.5732468,0.10642936,0.10142191,0.7774144,0.6502117,0.23775043,0.08348071,0.08913849,0.25767896,0.39174446,0.64851767,0.3445119,0.21514533,0.4986327,0.34986305,0.1807663,0.25474676,0.109038375,0.87516713
0.16629459,1.0,0.10653039,0.09315122,0.4238654,0.6555777,0.8722338,0.08445813,0.10299538,0.44076756,0.3971899,1.0,0.34620038,0.21549131,0.36301097,0.35412705,0.71871006,0.25582388,0.11087368,0.26111513
1.0,0.66065043,0.100477815,0.11703699,0.5887182,0.8974629,0.26813033,0.091806516,0.0748148,0.7617509,1.0,0.73128504,0.32791957,0.20923424,0.6460827,0.7468234,0.21153086,0.23643377,0.09952311,0.3614168
0.15046531,1.0,0.10036274,0.11756304,0.5922067,0.5911902,1.0,0.09199619,0.07432202,0.76074237,0.36065826,1.0,0.33380964,0.21039604,0.64408034,0.3214871,0.9903094,0.2444376,0.09956136,0.36646974
0.15131189,0.6500237,0.45626146,0.11596311,0.5921303,0.593476,0.26256576,0.030164452,0.075445354,0.76725006,0.35764426,0.72045565,0.4671163,0.21027088,0.64994717,0.3196223,0.20759419,0.4136546,0.10113887,0.36350036
0.15237625,0.64991844,0.10210409,0.11585684,0.79241025,0.5954095,0.2629041,0.0919131,0.07566772,0.18724371,0.35747913,0.72114354,0.33608624,0.20997453,0.43504363,0.31970114,0.20750575,0.2464462,0.10111767,0.8762535
0.63298965,0.65563285,0.10369137,0.09097905,0.43919316,0.80705374,0.2645699,0.092892796,0.09219419,0.4122365,0.5951796,0.72627527,0.33982268,0.20636247,0.31695697,0.5823988,0.209486,0.24822426,0.10421898,0.2570285
0.15123603,1.0,0.101639755,0.09191502,0.43949622,0.59650457,1.0,0.0927924,0.09198026,0.4116374,0.36108747,1.0,0.33688644,0.20688908,0.31608444,0.32141742,0.8471786,0.24666403,0.10330224,0.25905415
1.0,0.5918089,0.10364671,0.10096337,0.58071905,0.8986711,0.24610779,0.08181736,0.08742748,0.8073019,1.0,0.6686662,0.33134863,0.21187854,0.70250595,0.7767029,0.18721339,0.24098149,0.10677476,0.36947584
0.16395545,1.0,0.103545405,0.10149184,0.5846459,0.6460037,1.0,0.08211831,0.087759465,0.80725396,0.39662188,1.0,0.3373998,0.2128682,0.7015457,0.354294,0.9647858,0.24934427,0.10718952,0.37548614
0.16358612,0.5827964,0.45706174,0.10042349,0.5843786,0.64809513,0.24172707,0.03496028,0.08814158,0.815258,0.39341852,0.65924716,0.4615791,0.21245,0.7083359,0.35195297,0.18390873,0.40800008,0.10818533,0.37189806
0.16312335,0.58336914,0.10503142,0.33805853,0.58438843,0.64752567,0.24188991,0.08166506,0.6282288,0.8147496,0.3920001,0.65947115,0.33935744,0.6912775,0.7078569,0.35101736,0.18404423,0.25089747,0.45386517,0.37137038
0.16295633,0.58191204,0.10496892,0.10018687,0.78430134,0.64728236,0.24166207,0.08171037,0.088103674,0.25869146,0.3917622,0.658906,0.33973756,0.21225457,0.5008265,0.35063058,0.18341401,0.2512858,0.10817527,0.8800758
0.16326615,1.0,0.10518027,0.092571855,0.43422747,0.6516505,0.8599335,0.08267135,0.101382114,0.45281705,0.3975797,1.0,0.3413376,0.21268703,0.3735867,0.3547124,0.70785743,0.25232247,0.10996429,0.26808205
1.0,0.63305646,0.107648045,0.1096196,0.5862212,0.8917285,0.25839946,0.093561746,0.07366455,0.7759156,1.0,0.704085,0.34905487,0.20420857,0.6631941,0.7573913,0.20224786,0.25250775,0.09806191,0.36346906
0.15772986,1.0,0.10744298,0.11005998,0.58985513,0.6159228,1.0,0.09382126,0.07343637,0.7747076,0.3738059,1.0,0.35491914,0.20538126,0.6611795,0.3330163,0.98054636,0.2604822,0.097959906,0.36874002
0.15928997,0.6230332,0.46086282,0.108589426,0.5896318,0.6183124,0.25303823,0.029562838,0.07430888,0.78140193,0.3703679,0.69364285,0.44729072,0.20517084,0.6671486,0.3309701,0.19855455,0.3978346,0.099558175,0.36543387
0.15948655,0.6228024,0.1092519,0.108445026,0.78961843,0.6183249,0.2532975,0.093805306,0.07465834,0.2074895,0.3695208,0.6938219,0.35728827,0.20490666,0.45368376,0.33002162,0.19831032,0.26282832,0.0995392,0.87692606
0.6212942,0.6291434,0.11109973,0.087942116,0.42997178,0.8221925,0.25530797,0.09474975,0.092243016,0.40775162,0.604134,0.6998202,0.3613938,0.20211563,0.31776717,0.5904102,0.2005866,0.26474532,0.10269991,0.2540978
0.1604834,1.0,0.10882334,0.08907124,0.43077078,0.62262917,1.0,0.09484025,0.09218826,0.40738347,0.37470594,1.0,0.35859475,0.20267984,0.31704086,0.33350956,0.82933,0.26322132,0.1018596,0.2565534
0.15806292,1.0,0.101988636,0.10920358,0.60313493,0.618473,1.0,0.09155699,0.06991164,0.78118974,0.3760156,1.0,0.33806157,0.19856216,0.665809,0.33533677,0.9979549,0.24787027,0.0969106,0.3770702
0.15767206,0.65729487,0.45736048,0.10778006,0.6028023,0.62076646,0.26864007,0.030427095,0.07072565,0.78851944,0.3731336,0.73511577,0.463465,0.19822861,0.67244583,0.33417305,0.20880927,0.41072205,0.09827817,0.37376106
0.15800673,0.6559486,0.103595525,0.3461181,0.6029758,0.620044,0.2680651,0.091201834,0.5924422,0.7884529,0.37232247,0.7336764,0.34059092,0.67667484,0.67232966,0.33329588,0.20835665,0.25014082,0.44229922,0.3732367
0.15844032,0.65518486,0.103554934,0.107665926,0.8029276,0.62061954,0.26793358,0.09116242,0.07081968,0.20861594,0.37254995,0.7335559,0.3403051,0.19820057,0.45654362,0.33341035,0.20805301,0.24986161,0.09824815,0.88650626
0.5484998,0.6615389,0.10526335,0.09038581,0.46275556,0.7889319,0.2704658,0.09232118,0.08496984,0.45688057,0.5774136,0.7397673,0.3442672,0.19608665,0.3629928,0.56167066,0.21007052,0.25207236,0.10115795,0.27536064
0.15839987,1.0,0.103640586,0.09116275,0.46322522,0.6248925,0.9215678,0.092410654,0.085094504,0.4568924,0.37771052,1.0,0.3419126,0.19658056,0.36272046,0.33724082,0.7610478,0.25085688,0.10045477,0.27780512
1.0,0.7963826,0.059885837,0.14421184,0.59654266,0.9674635,0.32558087,0.068825476,0.08585715,0.6818273,1.0,0.8855553,0.20155425,0.21723951,0.56418335,0.7358723,0.25456873,0.1428806,0.10422967,0.3606989
0.13593836,1.0,0.060428742,0.14486477,0.60037,0.5097596,1.0,0.06849523,0.08464408,0.68237144,0.33964872,1.0,0.2080708,0.21882673,0.56334513,0.308603,1.0,0.15071054,0.104090855,0.36476493
0.12718298,0.7805709,0.061451487,0.3815309,0.60070395,0.51171994,0.3180167,0.068486445,0.5492336,0.6876044,0.3361754,0.8709205,0.2099663,0.695687,0.56816137,0.3070373,0.24839805,0.15268166,0.43748727,0.3624248
0.12712596,0.7797021,0.061704405,0.14263207,0.8027187,0.51199865,0.3179495,0.068572976,0.08575248,0.122271016,0.33579308,0.8706979,0.20960654,0.21876645,0.37486735,0.3070403,0.24824941,0.15236644,0.106184624,0.88711387
0.71596915,0.78576505,0.06275087,0.10329917,0.47478142,0.7763651,0.31965575,0.06909275,0.085081905,0.4069682,0.577842,0.8767411,0.21077603,0.2114507,0.2998683,0.5709164,0.25030193,0.15215296,0.10952489,0.27833557
0.12816878,1.0,0.061018262,0.10450889,0.47507817,0.50959057,1.0,0.06905588,0.08517621,0.40657887,0.33920798,1.0,0.20908327,0.21195318,0.29892626,0.3074864,0.89883083,0.15156396,0.108752444,0.27982143
1.0,0.5817758,0.1050879,0.10039498,0.5791482,0.89666796,0.24185623,0.082827374,0.08746723,0.80686384,1.0,0.65745664,0.3360856,0.21173677,0.7023861,0.77763194,0.1838817,0.24441315,0.10639689,0.36874604
0.16342083,1.0,0.10502847,0.10106156,0.58327967,0.646678,1.0,0.08307175,0.088046454,0.80738765,0.3970543,1.0,0.34206328,0.21284674,0.7016857,0.35449558,0.9620201,0.2526497,0.10684114,0.3749831
0.16409236,0.5737106,0.45813853,0.09995045,0.58291656,0.6490639,0.23758966,0.03432538,0.08823443,0.81493115,0.39366537,0.6490144,0.45742464,0.21231513,0.70837295,0.3520692,0.18089028,0.40474206,0.107742965,0.37099907
0.1635627,0.57203305,0.10658071,0.33749172,0.58299434,0.6491632,0.2372357,0.082844734,0.6283787,0.81480545,0.39355737,0.6470537,0.34439933,0.69119537,0.7082045,0.35178605,0.18025295,0.25468686,0.45334184,0.3706404
0.16411974,0.57294714,0.10659714,0.09972178,0.78287464,0.64973694,0.23812795,0.08288651,0.088432044,0.25932276,0.39274943,0.64904666,0.34437683,0.21232879,0.501115,0.35127154,0.18061139,0.25483912,0.107670285,0.8791846
0.16435881,1.0,0.1067424,0.09226088,0.43300515,0.653225,0.8534344,0.08382134,0.10144743,0.45311192,0.39764157,1.0,0.3464782,0.21268535,0.37425685,0.35472158,0.70258564,0.2560997,0.109458685,0.26749927
1.0,0.61571974,0.10650455,0.1013559,0.6021462,0.89541864,0.2548474,0.0916229,0.07698461,0.8147377,1.0,0.692783,0.34499115,0.2010268,0.7018161,0.76460814,0.19519469,0.2497593,0.10023015,0.3775144
0.15929191,1.0,0.1065946,0.1019441,0.6059452,0.6260114,1.0,0.0916093,0.07700109,0.81356215,0.38227078,1.0,0.35121062,0.20198424,0.69976217,0.34078947,0.97373706,0.25804743,0.100494005,0.38315892
0.16085699,0.60702485,0.45999664,0.1006247,0.6055401,0.62941194,0.25036982,0.030135524,0.07741627,0.82072383,0.37921447,0.68368465,0.45066413,0.20154706,0.7059525,0.33899894,0.191836,0.40038675,0.101573035,0.37959203
0.16058917,0.6066596,0.10827494,0.33872527,0.60560155,0.628516,0.2501481,0.091487385,0.6125056,0.8207012,0.37879112,0.68331504,0.3533322,0.6801878,0.7058144,0.3386007,0.19192046,0.26003653,0.4479056,0.37913543
0.5735397,0.6129152,0.10984816,0.08818668,0.44643632,0.8085129,0.25250956,0.09248421,0.09332262,0.442704,0.59107727,0.6901982,0.35708693,0.20036343,0.35494798,0.5757752,0.19380274,0.26208133,0.10420251,0.26775032
0.16049679,1.0,0.10810508,0.08908238,0.447393,0.6319914,0.92989725,0.092430145,0.09331013,0.44246915,0.38308734,1.0,0.3549692,0.2009242,0.35434246,0.34161496,0.7673684,0.26084933,0.103594065,0.27042466
1.0,0.7849227,0.063581616,0.14340705,0.5914091,0.9532179,0.32077667,0.06977454,0.08640913,0.6804476,1.0,0.87194455,0.21262209,0.2147781,0.5628074,0.741271,0.25116345,0.15128769,0.102364816,0.35687524
0.13613832,1.0,0.064256534,0.14407256,0.5950489,0.53021485,1.0,0.06954606,0.08505693,0.68063986,0.3470353,1.0,0.21915363,0.21642646,0.5618936,0.31451458,1.0,0.1592021,0.10207343,0.36082307
0.12904525,0.76817715,0.0653803,0.3805504,0.5954717,0.53140295,0.3123865,0.069530584,0.546565,0.68602,0.3435433,0.85612017,0.22101285,0.69329125,0.56667095,0.31233516,0.24493812,0.16115977,0.4355328,0.35848448
0.12786387,0.768636,0.065346576,0.14180323,0.7973002,0.5311917,0.31286806,0.069217995,0.08622869,0.12264375,0.34290668,0.85734606,0.22057867,0.21637417,0.37334186,0.3118268,0.24485801,0.16084777,0.104179814,0.882562
0.7085754,0.77599365,0.06666077,0.101899825,0.47052827,0.7897955,0.31559214,0.07005089,0.084396094,0.40632397,0.5870081,0.86485046,0.22256342,0.20917292,0.29915076,0.5789022,0.24730065,0.16116926,0.10798105,0.27475056
0.13021396,1.0,0.06498127,0.10292414,0.47063768,0.53062403,1.0,0.070224665,0.08431966,0.4058306,0.34760097,1.0,0.2211926,0.20974821,0.29826325,0.31381616,0.90194774,0.16076514,0.10710183,0.27602136
0.14844163,1.0,0.105063826,0.10882695,0.6104249,0.59075296,1.0,0.096533574,0.06876177,0.7854637,0.36246833,1.0,0.34910434,0.1963059,0.66740847,0.323112,1.0,0.25556076,0.09524268,0.3797786
0.15060559,0.66604453,0.45965546,0.10738457,0.61018336,0.59541076,0.27161926,0.02887686,0.06975808,0.79305047,0.36020297,0.74411714,0.4542388,0.19604437,0.6740512,0.3224883,0.21196343,0.4039817,0.09651089,0.3767154
0.15048811,0.6667129,0.10656591,0.34581885,0.61043644,0.59466213,0.2717756,0.09645652,0.58885235,0.79299456,0.35855073,0.7445544,0.35151464,0.6741346,0.67388743,0.32138836,0.21214457,0.25776607,0.4402069,0.37642962
0.15069942,0.66608065,0.10662397,0.10709125,0.8102768,0.59498644,0.27215412,0.09621981,0.06983361,0.20480499,0.35877067,0.7447361,0.3513968,0.19584501,0.45310113,0.32166272,0.21186481,0.25772327,0.09637645,0.8893985
0.53535306,0.6736121,0.10825828,0.08975263,0.4758518,0.7612938,0.27452457,0.09744318,0.08266294,0.47496703,0.5572113,0.7524102,0.35550037,0.1937557,0.37738612,0.542746,0.21437845,0.2599515,0.09926538,0.28216872
0.15092336,1.0,0.106526315,0.09066646,0.4762187,0.5982986,0.9060062,0.09746799,0.08272819,0.47507426,0.36369312,1.0,0.35311773,0.19420381,0.37696424,0.32464406,0.74829936,0.25842565,0.09859229,0.28437674
1.0,0.7927305,0.07667815,0.13585299,0.5951801,0.9293706,0.32177988,0.081665374,0.08259169,0.70198166,1.0,0.87619925,0.2543585,0.20429315,0.58152086,0.73826253,0.254453,0.1812828,0.09685623,0.35826227
0.13417286,0.7756362,0.4409857,0.13457645,0.5987742,0.5510333,0.31352055,0.034723125,0.082779534,0.70757735,0.3453892,0.8598818,0.5354366,0.20541473,0.5858348,0.3117158,0.24794129,0.46681434,0.098499805,0.36035612
0.13291107,0.77546394,0.078082,0.37289825,0.5991394,0.55005383,0.31362,0.081887394,0.5469693,0.70732623,0.34385023,0.8597187,0.26310703,0.68268627,0.5854366,0.31069043,0.24789712,0.19140026,0.43237218,0.3601193
0.13274388,0.7749855,0.07797877,0.13429877,0.8003028,0.5492884,0.3135498,0.081693575,0.0826184,0.12778014,0.34395388,0.8599955,0.26296252,0.20562777,0.38133693,0.310688,0.24781467,0.19136071,0.09875943,0.88159025
0.6177348,0.78281915,0.07922398,0.09949206,0.48241505,0.76032853,0.31632584,0.08275628,0.07725107,0.44156164,0.5630428,0.86800534,0.26513076,0.19956253,0.33307162,0.5526719,0.25027922,0.19196357,0.101793386,0.2804384
0.13367589,1.0,0.07757591,0.10062608,0.48263174,0.5500752,1.0,0.082818285,0.07714906,0.4414201,0.34785372,1.0,0.26337194,0.20014755,0.33255395,0.31239948,0.84266555,0.19114763,0.10070328,0.28198823
1.0,0.5542602,0.11001266,0.10297289,0.57016635,0.8829908,0.22973098,0.086805865,0.09052602,0.80407906,1.0,0.62465066,0.35196674,0.21857709,0.6998692,0.772105,0.17543137,0.2559197,0.1091023,0.36304894
0.170328,1.0,0.10992401,0.10359777,0.5739553,0.6529859,1.0,0.08723664,0.0908009,0.8040503,0.3929051,1.0,0.3582596,0.21950705,0.6987924,0.3489611,0.95304596,0.26445776,0.109519236,0.36890087
0.17325126,0.547631,0.46141544,0.10244656,0.5736096,0.6561826,0.22612552,0.032191984,0.09106192,0.81166285,0.38965464,0.61746705,0.44313782,0.21905977,0.7054098,0.3467127,0.17290737,0.3938795,0.11032853,0.36491635
0.17336504,0.547283,0.11166684,0.3398095,0.57379264,0.65723616,0.22605166,0.08702351,0.6298468,0.81169647,0.3889641,0.6169755,0.3603279,0.6974966,0.70544094,0.34650314,0.17297412,0.26614684,0.45390445,0.3644242
0.1741151,0.5480802,0.11144425,0.10225683,0.77386254,0.6576388,0.22672403,0.08705003,0.09136122,0.2595079,0.38865274,0.61849654,0.36041644,0.21890879,0.4995034,0.34615085,0.17300412,0.26637644,0.11040664,0.8723585
0.17326623,1.0,0.11161882,0.09416872,0.42237124,0.6617185,0.85146475,0.087926,0.10502343,0.44593146,0.39410877,1.0,0.36219513,0.21947975,0.36805958,0.3499367,0.70195794,0.26758334,0.11217786,0.26003882
1.0,0.59509647,0.10179353,0.1018969,0.56987655,0.8934928,0.24699792,0.081811845,0.086276084,0.8036325,1.0,0.671282,0.3262022,0.21232457,0.6989932,0.7847847,0.1884214,0.23696864,0.10620598,0.3624088
0.16904673,1.0,0.10177693,0.10238528,0.5736564,0.66423684,1.0,0.08195996,0.086472414,0.80255526,0.40547022,1.0,0.33267465,0.21324381,0.6971398,0.3616498,0.96604663,0.24544083,0.106538646,0.3683703
0.16995935,0.5876953,0.45586634,0.101333454,0.57328814,0.6663586,0.24288699,0.035052165,0.08683614,0.80955523,0.40205663,0.6632888,0.4663352,0.21267949,0.7032161,0.35924172,0.18563242,0.4117555,0.10742354,0.36460623
0.17112724,0.5865646,0.1033364,0.3389499,0.5734382,0.6669952,0.24255121,0.08180001,0.62511384,0.809468,0.40192196,0.66220134,0.33464202,0.69138706,0.70296234,0.3589462,0.18525937,0.24722509,0.45217565,0.36415735
0.1706094,0.58646286,0.10329246,0.10113204,0.77344614,0.6669656,0.24284783,0.08183366,0.08682009,0.2571668,0.40163505,0.66289735,0.3347481,0.21274881,0.49734843,0.3586035,0.18508922,0.2474291,0.10748429,0.8722268
0.17045577,1.0,0.10328013,0.09243302,0.420459,0.67096424,0.87995565,0.082801305,0.10097349,0.44112557,0.40709466,1.0,0.33628494,0.21302557,0.36290628,0.36245415,0.7252046,0.24824786,0.109245434,0.258568
0.16084683,1.0,0.10072394,0.110997245,0.5891246,0.6306797,1.0,0.09260185,0.07002116,0.776723,0.3828578,1.0,0.33444735,0.20019399,0.66218877,0.3405665,0.9999301,0.24499224,0.0974911,0.368119
0.16357341,0.66370577,0.45684248,0.109555244,0.58843255,0.63335705,0.2716182,0.030076347,0.07082386,0.78281975,0.37942854,0.74336076,0.4670628,0.19966172,0.667842,0.33851692,0.21074282,0.4137584,0.09871872,0.36461794
0.16336328,0.6634254,0.102018856,0.34771937,0.58874315,0.6338514,0.27131817,0.092300296,0.5904856,0.7825347,0.37860203,0.74296546,0.33680955,0.6776602,0.66747296,0.33819064,0.21061614,0.24704506,0.44173765,0.36431357
0.16370359,0.66360086,0.102051124,0.10928308,0.7886457,0.6339417,0.2719147,0.09243572,0.07104797,0.20886712,0.37858498,0.74377555,0.3366016,0.19966832,0.45406613,0.3380399,0.2106524,0.24691331,0.098705575,0.87647045
0.5331617,0.66924864,0.10362122,0.09166001,0.45196065,0.79631853,0.27389425,0.09358139,0.08435699,0.45836055,0.57881355,0.74944806,0.3405239,0.19741736,0.36569875,0.5624427,0.21253927,0.24895398,0.10169846,0.26803753
0.16392885,1.0,0.10206121,0.092513695,0.4522733,0.63735765,0.9148375,0.09367443,0.084489696,0.45822605,0.38369605,1.0,0.3384766,0.19789907,0.36515775,0.34134272,0.75525606,0.24787839,0.10095389,0.27026147
1.0,0.7723436,0.059942853,0.127689,0.6270377,0.97060573,0.31997263,0.05864463,0.07189626,0.73637307,1.0,0.86901456,0.19654696,0.21019395,0.6225825,0.7534845,0.24527884,0.14088762,0.10570992,0.38845053
0.14409406,1.0,0.06077432,0.12825362,0.63099515,0.5360642,1.0,0.058515906,0.07141473,0.73676497,0.3591218,1.0,0.20327878,0.21124989,0.62172025,0.32647017,1.0,0.1490462,0.10585005,0.3929347
0.1370085,0.7576616,0.42908362,0.12672843,0.6310765,0.5384769,0.31298137,0.052365728,0.07220566,0.7434702,0.3564066,0.8554339,0.5882013,0.21109793,0.62765807,0.32565594,0.23948926,0.5055848,0.10732371,0.39054596
0.13476138,0.7568321,0.06182935,0.36520657,0.63111854,0.538072,0.3128848,0.058445778,0.5785359,0.7430423,0.3556683,0.8544936,0.20511827,0.68840027,0.62702584,0.3251413,0.23914556,0.15088974,0.44719592,0.39014256
0.13463372,0.75755477,0.061850026,0.12646975,0.83235186,0.53682435,0.31328952,0.058598246,0.07194448,0.16037343,0.35559237,0.85589075,0.2051892,0.21126084,0.42333868,0.3248016,0.23950177,0.15103106,0.10742429,0.9128725
0.80299497,0.7660189,0.06377935,0.098259784,0.46425638,0.8419108,0.3159494,0.059124038,0.09197256,0.3661245,0.6270606,0.8643665,0.2074135,0.20689338,0.2662193,0.61985606,0.24209094,0.1512707,0.11175646,0.28014606
1.0,0.59593683,0.10428583,0.10280332,0.57193995,0.8970502,0.24723105,0.08370912,0.08441164,0.79627943,1.0,0.672341,0.33371246,0.21174812,0.69156885,0.7789088,0.18833229,0.2424494,0.10543202,0.36294383
0.16497271,1.0,0.10385457,0.10323447,0.5753569,0.64938277,1.0,0.0841579,0.08458261,0.79661226,0.39842114,1.0,0.33969623,0.21256192,0.690873,0.355122,0.9668809,0.25053135,0.10566365,0.36864358
0.16572818,0.58880186,0.45747006,0.10205354,0.57506347,0.652275,0.24327885,0.03366856,0.08501278,0.8039172,0.39454448,0.6647128,0.46052694,0.21202481,0.697529,0.35303986,0.18601044,0.40739253,0.10676359,0.36503726
0.16448085,0.5887271,0.10540863,0.33976057,0.57526994,0.65142053,0.24362254,0.08370173,0.6218948,0.80428034,0.39395985,0.66448677,0.34137657,0.6905342,0.6974042,0.35237813,0.18589932,0.25198627,0.45104638,0.3646922
0.16519983,0.5882106,0.10541646,0.10192556,0.77532375,0.65297407,0.24381685,0.08395714,0.08518184,0.25136057,0.3942766,0.66484654,0.34168085,0.21193507,0.49254695,0.35288724,0.18563335,0.25246605,0.10667275,0.873524
0.1650934,1.0,0.10558717,0.09303095,0.43296152,0.6555912,0.8425569,0.08489116,0.098911636,0.4606799,0.39836267,1.0,0.3435216,0.2121858,0.38034934,0.35533577,0.6932197,0.25356644,0.1086232,0.26650393
0.1593133,1.0,0.105862156,0.10687886,0.6054525,0.6211646,1.0,0.09724454,0.0686831,0.7909209,0.3764198,1.0,0.35179603,0.19511178,0.6735768,0.33513695,0.99503475,0.257681,0.094729826,0.3778871
0.1605281,0.6480411,0.46043536,0.10555116,0.6050044,0.62367666,0.264347,0.02885223,0.06962877,0.7977132,0.37319326,0.7243122,0.4512714,0.19467549,0.679523,0.33321324,0.2060523,0.40156174,0.09603126,0.37435892
0.16124225,0.64779973,0.1075203,0.34379494,0.6053403,0.6234127,0.26439822,0.09705537,0.5911202,0.7976481,0.3729427,0.72378415,0.3545231,0.6727204,0.67925614,0.33307585,0.20588242,0.25999436,0.44023332,0.37402079
0.1609664,0.6475562,0.10756232,0.10538473,0.805051,0.6235855,0.26478994,0.0969535,0.06958013,0.21228921,0.37260526,0.72415566,0.3539684,0.19458039,0.45892075,0.33279133,0.2058009,0.2595876,0.095798865,0.88626486
0.54264355,0.65436196,0.10916696,0.08827253,0.46418327,0.79098064,0.26699173,0.09814011,0.083286986,0.46396893,0.57656056,0.7309943,0.35818037,0.19246367,0.36839658,0.56073886,0.20792206,0.26188394,0.09881594,0.27504385
0.16209479,1.0,0.107352585,0.08909688,0.46466744,0.62705284,0.9188831,0.09813319,0.08345631,0.4637542,0.37667084,1.0,0.35580936,0.1929853,0.3679212,0.33542123,0.7593388,0.26063737,0.09811366,0.27747977
1.0,0.7541476,0.0681107,0.12362696,0.62310266,0.95800555,0.31181934,0.06402705,0.07077502,0.74294794,1.0,0.84706223,0.22255547,0.20635657,0.6293551,0.75506127,0.23990418,0.15991937,0.103230916,0.3862105
0.1425465,1.0,0.068798095,0.12424729,0.62702435,0.5512671,1.0,0.064705886,0.07049167,0.743276,0.3634675,1.0,0.22961795,0.20773205,0.62837535,0.32966405,1.0,0.16849679,0.10363726,0.39079407
0.13620047,0.7394621,0.43441176,0.12275605,0.6270457,0.5528058,0.30462357,0.04704309,0.071274996,0.75027156,0.3603188,0.83315295,0.563566,0.20732415,0.6346161,0.32810754,0.23402748,0.48686314,0.10490781,0.3885567
0.13519783,0.73984766,0.07008296,0.361091,0.6274903,0.5515282,0.30524516,0.06440329,0.58020014,0.7498344,0.35965675,0.83368385,0.23140107,0.6850332,0.6343359,0.32739747,0.23413265,0.17027657,0.44567418,0.388159
0.1340558,0.7390412,0.07006251,0.122567385,0.8282807,0.55322254,0.30516005,0.06420739,0.07122672,0.16798866,0.35983014,0.8331629,0.23101258,0.20744433,0.42929795,0.32784724,0.23370703,0.1700128,0.10494666,0.9097241
0.76274806,0.74594605,0.07132727,0.0956167,0.4618569,0.8335249,0.30741665,0.06512054,0.09025867,0.37495065,0.6206935,0.8405001,0.23270954,0.20282274,0.2770069,0.61239576,0.23612961,0.17004903,0.10887413,0.27850404
0.15229532,1.0,0.100102514,0.108133286,0.6104612,0.6062467,1.0,0.09301315,0.07021497,0.7923651,0.3722209,1.0,0.3335275,0.19851854,0.67534256,0.33213034,0.99793655,0.2441005,0.097918674,0.38154027
0.15429363,0.656722,0.45647612,0.10696935,0.6103077,0.610623,0.2691665,0.029644445,0.07108143,0.800736,0.36957884,0.73661816,0.46821687,0.19819295,0.6827521,0.33112374,0.20828268,0.41477877,0.0989809,0.37839273
0.15288113,0.65671015,0.10169048,0.34492484,0.61041015,0.6096755,0.26895764,0.092786014,0.5951229,0.80056155,0.36922118,0.736375,0.33585373,0.676227,0.6824389,0.33083493,0.2082921,0.24637707,0.44322103,0.3780668
0.15309612,0.65549624,0.10179686,0.106797114,0.8103219,0.6091272,0.26890868,0.092793606,0.071089566,0.21524408,0.36941063,0.73562616,0.3356639,0.19816867,0.46245947,0.33082366,0.20780511,0.24627586,0.099024735,0.89054394
0.5589633,0.663197,0.10329017,0.09032814,0.4661363,0.785625,0.27180994,0.093679376,0.08574374,0.4601031,0.5763517,0.7432191,0.3395066,0.19626169,0.36509952,0.5613287,0.21032715,0.24801442,0.1019528,0.2772343
0.15490484,1.0,0.101623714,0.09120059,0.4666501,0.61313075,0.9295415,0.09406328,0.08591479,0.46007198,0.3730356,1.0,0.33736435,0.19677196,0.3647268,0.33316264,0.7675311,0.24694201,0.10131408,0.27946264
1.0,0.63502467,0.10521455,0.11028191,0.57377714,0.89441526,0.25959384,0.090781055,0.076529495,0.77240664,1.0,0.70654035,0.34041607,0.21017113,0.6620746,0.75881976,0.20284614,0.24648938,0.100753725,0.3572102
0.15958461,1.0,0.10513689,0.11088283,0.57744044,0.618534,1.0,0.09106055,0.07627897,0.77238005,0.37630305,1.0,0.34666973,0.21150222,0.66090125,0.33512884,0.9817606,0.25468495,0.10097573,0.36245397
0.15997618,0.6249046,0.4589833,0.10943439,0.57720953,0.62183285,0.25398198,0.030616287,0.0774276,0.77923113,0.37293655,0.69592535,0.45500064,0.2110633,0.6669875,0.3332323,0.19905357,0.40410978,0.102300316,0.35935125
0.16028953,0.6235706,0.10654608,0.10938603,0.7775064,0.62110597,0.25393635,0.09091308,0.07750132,0.21471614,0.37188533,0.69497985,0.34890196,0.21101987,0.4581332,0.33243623,0.19857427,0.2566407,0.102418914,0.8699216
0.62292486,0.63130563,0.108582966,0.08968552,0.41575998,0.82592547,0.25633085,0.09206493,0.096005894,0.40018034,0.60682434,0.7026555,0.3527099,0.20843804,0.3137811,0.5928779,0.20120475,0.25860435,0.1054505,0.24601582
0.16032626,1.0,0.10629004,0.09055905,0.41637042,0.6242177,1.0,0.09193032,0.096148945,0.39967966,0.37663636,1.0,0.35017878,0.20899323,0.31304008,0.3351907,0.83001465,0.2572686,0.10465495,0.24838832
0.1570882,1.0,0.10602759,0.10832001,0.6107646,0.61236084,1.0,0.10080709,0.06854142,0.7896848,0.3715755,1.0,0.35403737,0.19570333,0.6712616,0.33044395,0.9913608,0.25881505,0.09537058,0.3803905
0.15851076,0.6353437,0.46111646,0.106991366,0.61032987,0.6148887,0.2591355,0.02832277,0.06949168,0.7972346,0.3680365,0.70993227,0.4501958,0.19528553,0.677993,0.32853892,0.20200871,0.4010312,0.09659168,0.3769682
0.1581173,0.6352143,0.107604176,0.34501177,0.6106316,0.61523145,0.25911608,0.10076927,0.5896475,0.7971822,0.36794165,0.70971626,0.35658595,0.67321765,0.67780536,0.32884005,0.2019171,0.26104835,0.44031397,0.3765869
0.1579151,0.6346014,0.1075726,0.10670838,0.8103028,0.61553013,0.2592143,0.10073378,0.06958253,0.20887616,0.3676272,0.7095865,0.35645247,0.19523059,0.45648664,0.32850403,0.20173168,0.26089674,0.096539296,0.8892702
0.5541285,0.6416054,0.10928666,0.08896759,0.46813262,0.7879879,0.26155296,0.10191305,0.08337711,0.4615675,0.5760776,0.7166577,0.3605082,0.19291502,0.3644674,0.5608768,0.20399831,0.26309752,0.09949573,0.27695212
0.15958898,1.0,0.10743924,0.089732744,0.4687284,0.6191063,0.92428803,0.10189923,0.08334605,0.46147716,0.37209222,1.0,0.35816085,0.19346394,0.36396092,0.3315545,0.76418805,0.2617795,0.098645754,0.27943087
1.0,0.61619633,0.103420906,0.10331845,0.59894824,0.90138316,0.25484416,0.08731364,0.077854924,0.8052294,1.0,0.69269824,0.3331776,0.20471875,0.6936392,0.7649194,0.19558835,0.2415481,0.101449944,0.3757155
0.15733449,1.0,0.103120826,0.10400541,0.60305613,0.6223857,1.0,0.087749384,0.07802162,0.80531234,0.38290614,1.0,0.33949015,0.20578608,0.6925379,0.3417685,0.9745635,0.24978495,0.10183559,0.3815927
0.15710227,0.6069782,0.45747527,0.10269602,0.6026451,0.6244918,0.2500063,0.031926468,0.078687005,0.8124505,0.37889862,0.68264806,0.46110374,0.20535292,0.69909865,0.33929595,0.19200468,0.4081602,0.10292855,0.37805143
0.15820786,0.6073154,0.10467501,0.34054628,0.6030369,0.6269331,0.25019744,0.08739084,0.6118343,0.8126503,0.37915903,0.6831666,0.34161568,0.68360144,0.69897604,0.33972147,0.19227567,0.25163308,0.44752607,0.37771142
0.56785536,0.61279356,0.10622346,0.08989211,0.44819033,0.8024206,0.25208175,0.08833658,0.09434007,0.44541016,0.5874716,0.6892443,0.3448958,0.20419602,0.357889,0.5723388,0.19396609,0.25328168,0.10563761,0.26946464
0.15787603,1.0,0.104596496,0.09077506,0.44902173,0.62955093,0.9152097,0.08850892,0.09460846,0.4452668,0.38320982,1.0,0.34329253,0.20490044,0.3574286,0.3423822,0.75563717,0.25272977,0.105191685,0.27229387
1.0,0.5690292,0.10972612,0.0991182,0.5756108,0.89027244,0.23609775,0.08670609,0.08580751,0.80724204,1.0,0.641479,0.3506791,0.20937458,0.7019419,0.7802513,0.18003312,0.25505605,0.104035765,0.36603448
0.16852762,1.0,0.10953637,0.09959089,0.5796428,0.66018003,1.0,0.0869944,0.0858873,0.8072438,0.40147036,1.0,0.35704428,0.21029525,0.70083165,0.357719,0.9579392,0.26371047,0.10418431,0.37215328
0.17010696,0.5608059,0.46125722,0.09845433,0.57897335,0.6629989,0.23146197,0.032298665,0.086495526,0.81470686,0.39737996,0.63248265,0.444243,0.20989664,0.70734274,0.3548049,0.1772236,0.39471394,0.10526461,0.3680262
0.16915756,0.5615375,0.111269854,0.33600134,0.57924515,0.66206664,0.23208411,0.08674281,0.62513924,0.8147582,0.3975543,0.63306385,0.3592391,0.6882703,0.7074151,0.35474664,0.17732191,0.265511,0.45013788,0.3677483
0.17032056,0.5608464,0.111087315,0.09839459,0.77892226,0.66276824,0.23221062,0.086548895,0.08655781,0.25918865,0.39667282,0.63332015,0.3589431,0.20983233,0.49978766,0.35453007,0.17731063,0.26549032,0.10513411,0.87582517
0.17005602,1.0,0.11115343,0.0902313,0.42848215,0.6674776,0.85494137,0.08785832,0.10007747,0.45107058,0.4022398,1.0,0.3609864,0.21016188,0.37159675,0.35826844,0.70485955,0.26658338,0.10696527,0.2636508
1.0,0.63617486,0.10657253,0.1108442,0.57506794,0.8855261,0.2601645,0.09189051,0.074470274,0.7705355,1.0,0.7081444,0.34502983,0.20733893,0.6601105,0.76154983,0.20291226,0.24983276,0.099955164,0.3579212
0.16478752,1.0,0.10649053,0.11148337,0.5784883,0.63167274,1.0,0.09236471,0.074356325,0.76932395,0.3802211,1.0,0.35125488,0.20843633,0.65800637,0.33776072,0.981771,0.25797078,0.100033216,0.36288586
0.16713013,0.6258128,0.46004376,0.10989696,0.57804364,0.6332366,0.25451395,0.030142764,0.07546096,0.7756075,0.37677655,0.6975524,0.45081136,0.20804802,0.66370946,0.33569303,0.19920523,0.40055358,0.10135398,0.35975504
0.16722016,0.6254658,0.10810146,0.10977298,0.77836525,0.63434076,0.25474268,0.09211405,0.07553335,0.21177612,0.37577048,0.69782835,0.353343,0.20790473,0.45603025,0.33507887,0.1991594,0.25989679,0.101372495,0.8711089
0.6141238,0.63161707,0.10978784,0.089693904,0.4177811,0.83227116,0.25669432,0.093195595,0.09368107,0.39870098,0.60986096,0.7037648,0.35707593,0.205298,0.31194124,0.5952796,0.20104139,0.26183495,0.104521096,0.24755687
0.16758329,1.0,0.107808776,0.0907914,0.41807863,0.63735753,1.0,0.09299589,0.093655795,0.39842892,0.3801231,1.0,0.35458365,0.20589684,0.31134877,0.33759758,0.83118105,0.26046968,0.103798896,0.24967155
1.0,0.81038624,0.073826455,0.13832358,0.5912952,0.93287885,0.32963103,0.08101875,0.08485057,0.69279754,1.0,0.89639103,0.24598293,0.20389831,0.5726024,0.7382909,0.2600216,0.17493299,0.09660085,0.355512
0.13320951,0.79633594,0.43946362,0.13709973,0.5950488,0.5476068,0.32271817,0.0350089,0.084494606,0.6983841,0.34463555,0.8835474,0.54313904,0.20524389,0.576748,0.31162465,0.25461954,0.47283742,0.09828278,0.3574817
0.13259575,0.79289335,0.07519003,0.3752059,0.5953719,0.5480297,0.3211776,0.08125042,0.54187405,0.69840026,0.34360942,0.8804157,0.254593,0.68188035,0.5765566,0.31086984,0.2534626,0.18523146,0.43116742,0.3573052
0.13145483,0.791943,0.07514828,0.13687615,0.79692745,0.5474863,0.32094985,0.08118708,0.08457984,0.12403747,0.3438438,0.87977594,0.2545793,0.20531103,0.3760988,0.31099105,0.2529739,0.18494366,0.09848527,0.8799767
0.6229015,0.79787666,0.076113276,0.10040481,0.48042125,0.7607874,0.32264954,0.081984766,0.07583448,0.4379707,0.5638055,0.8857571,0.25616995,0.19861552,0.32918927,0.55341107,0.2549651,0.1851719,0.10138105,0.2790126
0.13339059,1.0,0.07455805,0.10133151,0.48051438,0.5481711,1.0,0.08182653,0.07586014,0.43748543,0.3472959,1.0,0.2544849,0.19924916,0.32832503,0.3123844,0.8507381,0.18445596,0.1005075,0.28033322
1.0,0.65159166,0.100478984,0.11234911,0.5825447,0.8958657,0.2664783,0.08923724,0.07426325,0.76980644,1.0,0.7260125,0.32634395,0.20770647,0.65770084,0.7584344,0.20798415,0.23580468,0.10021445,0.3613683
0.15644455,1.0,0.10056067,0.112835184,0.5860396,0.61288893,1.0,0.08967866,0.074241824,0.7697392,0.37536573,1.0,0.33302647,0.20883568,0.65668356,0.3348206,0.98691386,0.24433511,0.10028788,0.36634898
0.15689032,0.64001894,0.4561256,0.11139723,0.58589756,0.6161055,0.2606347,0.031154525,0.07505033,0.77660215,0.37150672,0.71411246,0.46771502,0.20840435,0.66276693,0.33252922,0.20374018,0.41391945,0.101665355,0.3634186
0.15753748,0.6402344,0.10205615,0.111132875,0.7862636,0.6160862,0.26105332,0.089490294,0.07519089,0.20625086,0.3712694,0.714969,0.33519742,0.20847759,0.45218793,0.3321845,0.2036719,0.24628828,0.10181659,0.8754079
0.61204845,0.6468217,0.103764385,0.09097323,0.43172514,0.8143748,0.26310554,0.09058814,0.092502475,0.41441196,0.5985407,0.7212252,0.3387024,0.20582797,0.32467687,0.58472705,0.20579502,0.24799258,0.10474705,0.25549617
0.15774041,1.0,0.10179446,0.09191779,0.4319977,0.62034994,0.9881466,0.09054535,0.0923803,0.41413066,0.37592617,1.0,0.3364293,0.20627567,0.3238142,0.3351467,0.81850463,0.24683906,0.10395155,0.25770092
1.0,0.65255266,0.09797948,0.10932713,0.5857871,0.89552295,0.26655382,0.08705786,0.07295101,0.77785635,1.0,0.7261739,0.31774056,0.2033914,0.66501427,0.770265,0.20839769,0.22956336,0.09828912,0.36371607
0.16235197,1.0,0.097836,0.10992346,0.5896647,0.6367391,1.0,0.08738245,0.0727964,0.7782856,0.38926408,1.0,0.32419938,0.20448457,0.66425836,0.347262,0.9875308,0.23798144,0.098280594,0.36905605
0.16274974,0.64142317,0.4544363,0.10842343,0.5892671,0.63838524,0.26092255,0.032043997,0.073682055,0.7851108,0.38532606,0.715214,0.47541648,0.20431104,0.67045087,0.34481317,0.20435694,0.4198052,0.09971301,0.36583632
0.16345762,0.64098924,0.09932464,0.10835205,0.78946656,0.63869756,0.2611987,0.087258376,0.07355502,0.21202904,0.38465443,0.71525097,0.32616675,0.20414895,0.45718646,0.34428316,0.20391035,0.2397335,0.0996776,0.8771404
0.60651493,0.6483802,0.10094889,0.08904832,0.4344739,0.8317734,0.2640216,0.088103406,0.09070849,0.4205701,0.61020184,0.72235906,0.3297725,0.20166941,0.33049977,0.5951823,0.20639038,0.24151425,0.10278527,0.25730625
0.1638374,1.0,0.099183366,0.09024582,0.43481943,0.64193845,0.98234355,0.088215955,0.09081197,0.4203875,0.38927445,1.0,0.32744938,0.20234078,0.32978538,0.34690955,0.81359774,0.24050792,0.10206015,0.25936145
1.0,0.784786,0.056356076,0.12836407,0.62953645,0.9876509,0.32617906,0.055373795,0.07205126,0.73226017,1.0,0.8856856,0.18454713,0.21205477,0.620215,0.7499631,0.24878997,0.13236351,0.107438006,0.39193356
0.1494327,1.0,0.057260014,0.12896325,0.6340064,0.5160097,1.0,0.055123027,0.071576335,0.73316014,0.3523443,1.0,0.19182256,0.21328418,0.6196801,0.32263798,1.0,0.1408333,0.10790859,0.39649114
0.14026617,0.7689659,0.42679727,0.12752761,0.63414353,0.51748866,0.31873667,0.05491705,0.07222008,0.7401673,0.34995407,0.8712898,0.59908515,0.2130821,0.626029,0.32143697,0.24270478,0.5136797,0.10919728,0.3944697
0.13800636,0.7691406,0.05832746,0.3657213,0.634198,0.515583,0.31934947,0.055225912,0.5807103,0.73982555,0.34891534,0.87147075,0.19358617,0.69045514,0.6255483,0.32068262,0.24271856,0.14273238,0.4487225,0.3939288
0.13812846,0.76839733,0.058315553,0.1271807,0.835599,0.51639867,0.31898093,0.055040844,0.07195759,0.16117394,0.34924346,0.8710519,0.19326535,0.21311273,0.4258935,0.3209419,0.2423385,0.1424845,0.109083824,0.91798156
0.8257926,0.7743901,0.05968979,0.098680146,0.46251744,0.8397179,0.32101938,0.05569858,0.09343715,0.35535833,0.6228732,0.87713355,0.19414905,0.20811273,0.25685748,0.61720437,0.24436623,0.14174262,0.11314639,0.28213567
1.0,0.5844186,0.106761925,0.09968349,0.5787042,0.8933836,0.24267198,0.08439558,0.08551855,0.8051365,1.0,0.6596919,0.34141108,0.20924927,0.7002654,0.77885956,0.18494664,0.24833994,0.104483515,0.36831862
0.1668061,1.0,0.10676607,0.10019611,0.58269554,0.65364105,1.0,0.084909275,0.08584181,0.80591977,0.39936844,1.0,0.34798878,0.21029405,0.6997602,0.3562263,0.96397436,0.25706,0.1049983,0.3742897
0.1670853,0.5770597,0.45921925,0.09918621,0.58246434,0.6549909,0.2385795,0.033423755,0.08621343,0.81373185,0.3955544,0.65167886,0.45229676,0.20979442,0.7068642,0.35338104,0.18218005,0.40099704,0.10597128,0.3707865
0.16673085,0.57781994,0.108287536,0.3365287,0.58245367,0.65503734,0.23890388,0.08448305,0.62504107,0.81341195,0.3946921,0.65205467,0.35001573,0.6880763,0.7065297,0.35290694,0.18252829,0.25877053,0.45101026,0.37021613
0.16748315,0.5770075,0.108274356,0.09897448,0.78266853,0.6550843,0.23894729,0.0843148,0.08621098,0.25845873,0.39499238,0.6523498,0.34980226,0.20981464,0.5002779,0.35303262,0.18208748,0.25883245,0.105842374,0.8794212
0.16774061,1.0,0.10823014,0.09105679,0.4315312,0.65956736,0.86160207,0.08555536,0.09974073,0.4497522,0.3996467,1.0,0.35187876,0.21015851,0.3706415,0.35663176,0.7100947,0.25990856,0.10764132,0.26631907
1.0,0.8036174,0.07076557,0.13723126,0.5993472,0.9430027,0.3272709,0.07846281,0.082609,0.70084053,1.0,0.8905743,0.23567536,0.20543659,0.58032537,0.73964596,0.25748238,0.16775373,0.09772126,0.36150897
0.1300098,0.78656775,0.43725875,0.13588518,0.60298586,0.5381367,0.31867024,0.036977336,0.08247981,0.70617944,0.34358346,0.8747184,0.55236775,0.20649725,0.5840228,0.3113161,0.25124177,0.47984242,0.099390395,0.36348677
0.12945908,0.78643525,0.07222545,0.37408185,0.60328037,0.53695345,0.31907102,0.07822168,0.54617745,0.70557946,0.34234822,0.87442243,0.2446163,0.68317515,0.5834901,0.31040817,0.25101525,0.17779705,0.43280548,0.3632135
0.12966664,0.78629726,0.072206065,0.13567188,0.8046842,0.5379273,0.31918532,0.07827852,0.08232448,0.12562367,0.34223366,0.87479085,0.24456412,0.20664348,0.38072464,0.3104675,0.25100017,0.17778848,0.09951154,0.88587964
0.6574273,0.7928984,0.07309278,0.09925247,0.48126286,0.76947623,0.32130975,0.078826286,0.07821942,0.43036819,0.5710796,0.88169163,0.2458873,0.20004256,0.32147127,0.5619001,0.25303808,0.17776501,0.10270316,0.28055516
0.1304357,1.0,0.07145075,0.10037328,0.48118663,0.53769344,1.0,0.07882645,0.078231476,0.42970765,0.34624135,1.0,0.24418007,0.20060602,0.3206317,0.31245387,0.87020576,0.17694652,0.10183684,0.28174323
1.0,0.57838523,0.10774281,0.09976681,0.57452476,0.8937439,0.24049403,0.0849857,0.08723298,0.8073867,1.0,0.65328664,0.34477353,0.21114719,0.70280063,0.7785994,0.18290742,0.25096303,0.105480656,0.36599627
0.16709131,1.0,0.10776482,0.10020562,0.5784637,0.652967,1.0,0.08534404,0.087432146,0.80749303,0.39809367,1.0,0.35119995,0.21210946,0.70191044,0.35471523,0.9611312,0.2594717,0.105784796,0.37227625
0.16758673,0.5705202,0.46000382,0.09920431,0.57803494,0.6554318,0.23621668,0.033241887,0.08789987,0.8149952,0.39458847,0.6449476,0.44935334,0.21169004,0.70850945,0.3525666,0.18000059,0.39849237,0.10690838,0.36843428
0.16697572,0.57031614,0.10945598,0.33650658,0.57829595,0.65497965,0.23632275,0.08496291,0.6271385,0.8148339,0.39382583,0.6445563,0.35349157,0.68993485,0.7082921,0.35207784,0.18000539,0.26127368,0.45151687,0.36791694
0.16771841,0.5701796,0.109421425,0.099036574,0.7781989,0.65586877,0.23652698,0.08500843,0.08802529,0.26174474,0.39444062,0.64529973,0.353086,0.21168621,0.5024121,0.35259736,0.17986703,0.26122764,0.106748655,0.87644804
0.16766885,1.0,0.10937441,0.09142755,0.42956963,0.6593804,0.84613204,0.08595781,0.10104278,0.45564458,0.3990034,1.0,0.35513508,0.21217851,0.37690258,0.35571462,0.6967106,0.26243272,0.10853174,0.2654065
1.0,0.78992736,0.06024914,0.14051236,0.59834784,0.96629304,0.32391778,0.06955263,0.08119666,0.6968135,1.0,0.8807245,0.20263131,0.21732306,0.58035123,0.7401744,0.25242478,0.14351583,0.10488929,0.36423776
0.13131407,0.7729541,0.43042755,0.13907878,0.6019349,0.51926947,0.31582153,0.04306972,0.0812571,0.70201,0.34126493,0.8647014,0.5837174,0.2183078,0.58406204,0.3113816,0.24583109,0.5033736,0.10680164,0.36584246
0.12842739,0.7737857,0.06178114,0.3774837,0.60246414,0.517971,0.31635123,0.0692052,0.5566047,0.7016696,0.3403146,0.86600214,0.21101911,0.6952223,0.583515,0.3106607,0.24622898,0.1534229,0.439264,0.36561534
0.12859306,0.77286774,0.061806697,0.13890454,0.80421907,0.51964444,0.31603724,0.06942814,0.08111704,0.13252862,0.3404998,0.8652933,0.21101697,0.21866974,0.3877425,0.31112757,0.24568439,0.15349732,0.1069116,0.8893428
0.7006419,0.77808267,0.062825926,0.103785425,0.47249082,0.77491,0.31768864,0.0698135,0.085485615,0.4096258,0.5764723,0.8706944,0.2115987,0.21193533,0.30518225,0.5688551,0.2473895,0.15280776,0.11031793,0.2786054
0.12933578,1.0,0.061266165,0.1048247,0.47273934,0.5178608,1.0,0.06991099,0.085775375,0.4091838,0.34335542,1.0,0.21048473,0.21253254,0.30428323,0.3116173,0.88141936,0.15259849,0.10954039,0.2799358
1.0,0.81084776,0.07337156,0.13647853,0.5968024,0.94161344,0.3304354,0.078557685,0.08102102,0.6977866,1.0,0.89892644,0.24321683,0.20548938,0.5791826,0.7374287,0.25970882,0.17363632,0.09838876,0.36168244
0.1300614,0.7956904,0.43893868,0.13526137,0.60055554,0.53612834,0.32345986,0.036862615,0.08117995,0.7038647,0.34128892,0.8857614,0.54545975,0.20665924,0.5837736,0.3091685,0.25402567,0.474483,0.09993553,0.3633111
0.12943354,0.7923289,0.07457965,0.3733602,0.6006913,0.5376084,0.32197022,0.07810063,0.54815924,0.7035826,0.3409941,0.88187855,0.25167403,0.68315876,0.58355254,0.30920926,0.2527845,0.18344304,0.43357182,0.3629717
0.12943226,0.79205745,0.07460418,0.13494931,0.80230176,0.5364022,0.321946,0.07810073,0.08089376,0.13012895,0.34059367,0.88222474,0.25170854,0.20669463,0.38457307,0.3082628,0.25270572,0.18344927,0.09994677,0.8860998
0.6569656,0.79842776,0.07590783,0.09931357,0.47647342,0.770853,0.32411066,0.07886291,0.07856079,0.42261058,0.5706561,0.88873947,0.25325745,0.200394,0.31608015,0.56225103,0.25477695,0.18346307,0.10316463,0.27904266
0.12925164,1.0,0.07399464,0.100463495,0.4766285,0.53669995,1.0,0.078863606,0.07882873,0.4223803,0.34389985,1.0,0.251561,0.20088139,0.3152682,0.30993724,0.8763972,0.18274759,0.10249816,0.28034133
1.0,0.6082963,0.10176108,0.10414093,0.5818578,0.8983993,0.25202274,0.08457104,0.08066729,0.7939951,1.0,0.68495864,0.32771423,0.20903753,0.6874622,0.7751979,0.1927862,0.23765957,0.10392407,0.36793545
0.16152377,1.0,0.10176134,0.10471353,0.5857024,0.6407772,1.0,0.08505391,0.08102442,0.7943747,0.39446506,1.0,0.33416358,0.20981343,0.68661785,0.3521715,0.9710075,0.24616411,0.104306646,0.37365106
0.16275686,0.5986301,0.4564932,0.10351706,0.58532983,0.64285743,0.24707526,0.03307668,0.081389524,0.8018401,0.39063856,0.67531943,0.46521732,0.2095065,0.69314003,0.3496615,0.18922888,0.41127676,0.10529177,0.37005067
0.16273431,0.5985371,0.103378974,0.34109327,0.58567667,0.64402527,0.24716517,0.08463523,0.61560696,0.80161566,0.39038548,0.67486393,0.33632374,0.68750024,0.69296855,0.34955466,0.1891499,0.2479824,0.4489134,0.3697775
0.5731953,0.6037876,0.10475168,0.09123601,0.42751127,0.82155114,0.24906906,0.08581133,0.0971156,0.42527664,0.60029,0.680746,0.33954445,0.20845684,0.34434766,0.5842124,0.19082002,0.24966727,0.107915774,0.25925955
0.16332829,1.0,0.103109375,0.092209645,0.42840046,0.6481899,0.9173411,0.08593554,0.0973634,0.42555118,0.3950282,1.0,0.33775982,0.20914009,0.34415242,0.35260686,0.75718665,0.24900979,0.107424594,0.2621025
1.0,0.6217649,0.10334599,0.103841506,0.5994289,0.8978891,0.25698963,0.08614479,0.07730705,0.8007264,1.0,0.6990991,0.33276147,0.20430492,0.6904853,0.7666065,0.19731838,0.24133816,0.10182767,0.37717986
0.15870367,1.0,0.103270955,0.10435706,0.60323596,0.6252123,1.0,0.08663307,0.077518076,0.8007107,0.38388693,1.0,0.33883125,0.20519017,0.6894712,0.34256062,0.9757562,0.24955282,0.10219794,0.38259828
0.15883729,0.6120075,0.45755425,0.10327587,0.602983,0.6300891,0.25184032,0.032614227,0.07810611,0.8080679,0.3805193,0.68943703,0.4611821,0.20480295,0.6959843,0.34109724,0.19373731,0.408359,0.103237696,0.37927204
0.15919283,0.6119298,0.10490307,0.34074304,0.6032433,0.6287244,0.25225633,0.08615672,0.6112331,0.8080371,0.38010088,0.6891661,0.34121168,0.6827019,0.69589174,0.34032896,0.19352043,0.25151917,0.44760123,0.37913248
0.57263565,0.61753154,0.10643237,0.090233535,0.44649005,0.80715466,0.2541781,0.087247826,0.093759574,0.4361309,0.59098005,0.69487315,0.3446898,0.20350696,0.35027865,0.5755506,0.19531332,0.25328904,0.1059118,0.26982036
0.16067258,1.0,0.104595006,0.091142416,0.44723466,0.63250184,0.9240774,0.08726904,0.09385495,0.4361639,0.38486165,1.0,0.34259528,0.20412423,0.3497448,0.34356382,0.76326025,0.25232193,0.10531754,0.27267167
1.0,0.78908974,0.07535011,0.13746633,0.5979681,0.92848235,0.3204743,0.08081578,0.08388834,0.70293844,1.0,0.8724124,0.25052643,0.20547695,0.5806847,0.73690546,0.25332734,0.17862764,0.097080186,0.35909736
0.13310795,0.772119,0.44042978,0.13611965,0.60130316,0.5476153,0.31216106,0.035228085,0.08396186,0.708399,0.3430754,0.85639596,0.5389142,0.2067311,0.5847902,0.30959073,0.2469866,0.4696867,0.09869911,0.3610121
0.1336536,0.77223223,0.076621495,0.37389323,0.6018317,0.54860723,0.31229833,0.08095824,0.54396164,0.7085387,0.34204227,0.856684,0.25914016,0.68306077,0.58455914,0.30940664,0.24694033,0.18856706,0.4308737,0.36075908
0.13323255,0.77115667,0.076723516,0.13589472,0.80305415,0.5488599,0.31194726,0.08108067,0.08383384,0.123584956,0.34148753,0.856122,0.25903168,0.2069273,0.37821147,0.30906186,0.24644832,0.1884719,0.09869674,0.882914
0.640557,0.7794072,0.07811481,0.09882812,0.48179775,0.7712689,0.3149009,0.08179902,0.07829483,0.4372193,0.57108194,0.86441267,0.26111504,0.20021881,0.3266982,0.56076056,0.24923754,0.189218,0.10185479,0.2790812
0.13296393,1.0,0.076136105,0.09994171,0.48197308,0.54814595,1.0,0.08184417,0.07819155,0.4370061,0.34586862,1.0,0.25946,0.20086177,0.32593474,0.31058794,0.86445475,0.18843362,0.101021886,0.28051364
1.0,0.67580533,0.101462126,0.11544777,0.57550055,0.88494235,0.27426514,0.08907401,0.07301412,0.7514868,1.0,0.74825853,0.32892814,0.20507036,0.6390017,0.7589745,0.21672931,0.23788467,0.09730068,0.3549989
0.16271429,1.0,0.10135593,0.116112925,0.57916087,0.6266522,1.0,0.08946108,0.072461344,0.7514945,0.3776106,1.0,0.3354852,0.2062439,0.6379807,0.33583692,0.9960678,0.24641106,0.09737802,0.35988474
0.16490264,0.66425824,0.45674026,0.11446565,0.5791241,0.630338,0.26847526,0.03117972,0.07351824,0.75827354,0.37463343,0.7364736,0.46503964,0.20596917,0.64395183,0.33430055,0.2122564,0.41191038,0.098994724,0.35720587
0.1658471,0.66400546,0.10304392,0.114357546,0.7800632,0.62895,0.26861483,0.08931062,0.07368909,0.1910178,0.37408847,0.73681337,0.33763838,0.20600963,0.43719137,0.3335989,0.21215694,0.24830553,0.09899184,0.8711691
0.60976803,0.6695678,0.10458986,0.09001218,0.4286367,0.8253423,0.27029353,0.09030354,0.08879301,0.40714082,0.6052038,0.7421641,0.3409808,0.20218368,0.31566897,0.5908757,0.21399538,0.24980877,0.10181737,0.2522144
0.16488683,1.0,0.10249333,0.09112659,0.42868173,0.6308838,1.0,0.09026942,0.08883414,0.40669554,0.37762976,1.0,0.3384193,0.2027454,0.31476277,0.33559057,0.83912164,0.24849294,0.10099075,0.25403604
1.0,0.6392253,0.09637549,0.10821303,0.59282964,0.90441406,0.26467106,0.08126638,0.075149626,0.7839739,1.0,0.71969616,0.31036624,0.20574823,0.67453915,0.77066886,0.2027288,0.22491477,0.10223684,0.37179166
0.1577376,1.0,0.09651097,0.10883726,0.59657633,0.62737674,1.0,0.08150524,0.075312346,0.784351,0.38743734,1.0,0.31693757,0.20685364,0.67368966,0.34660065,0.9814191,0.2334674,0.10265256,0.37727186
0.15719421,0.6291529,0.4527343,0.10738455,0.59621024,0.63080573,0.2594425,0.03505101,0.075801626,0.7916856,0.38406923,0.7096854,0.48127425,0.2064715,0.68020314,0.34477106,0.19890091,0.42383412,0.10362383,0.37404695
0.15707095,0.6284743,0.09782654,0.34525892,0.59671503,0.63054085,0.2593931,0.08112873,0.6046233,0.7913474,0.38383412,0.7084898,0.31907085,0.6841844,0.6799591,0.34458333,0.19869897,0.23532052,0.4466028,0.3738853
0.5830837,0.6349126,0.09950596,0.092408955,0.44375437,0.81366336,0.26188302,0.08220278,0.0924433,0.42915428,0.59627295,0.7159248,0.32234102,0.2049437,0.34283814,0.5813658,0.20081846,0.23691551,0.10664909,0.2676133
0.15764081,1.0,0.09768412,0.09333224,0.44442093,0.63387287,0.9370356,0.08224658,0.09261883,0.42922485,0.38861254,1.0,0.32025924,0.20552103,0.34249866,0.3473376,0.7731094,0.23594062,0.106121324,0.27005014
0.15274496,1.0,0.10268263,0.10622809,0.6302026,0.6010598,1.0,0.09713915,0.066803075,0.8097924,0.36511472,1.0,0.34272668,0.19162121,0.6858387,0.32611355,0.9981714,0.2506785,0.09365114,0.39058843
0.15391491,0.65679544,0.45866194,0.10509399,0.6300577,0.6048045,0.2682675,0.028789937,0.067627616,0.81743866,0.36315626,0.73500717,0.4600474,0.1914226,0.69262624,0.32515684,0.20852372,0.40869766,0.09479763,0.38772154
0.15434082,0.65649545,0.10416353,0.34272036,0.6302251,0.6041583,0.26851958,0.0968697,0.5887419,0.81717986,0.3624608,0.7348338,0.34505492,0.66877735,0.6924369,0.32462996,0.20852976,0.25268102,0.43909353,0.3873096
0.15377799,0.65609777,0.10421087,0.10475393,0.829691,0.6038599,0.26841566,0.09706718,0.06774098,0.21395944,0.36272305,0.73522425,0.34524596,0.19142367,0.46057734,0.32451382,0.20828947,0.25281122,0.09483242,0.89995503
0.5401615,0.663325,0.105897166,0.08817347,0.49134097,0.7723261,0.2711014,0.09797139,0.08080542,0.4897536,0.5640172,0.7421717,0.34888744,0.18926252,0.386615,0.54949033,0.21065013,0.25464493,0.09757326,0.28992984
0.15518609,1.0,0.103989325,0.088863336,0.49178302,0.60747963,0.91273224,0.09824045,0.08093977,0.48956257,0.3666546,1.0,0.3467006,0.18979052,0.38616565,0.32716087,0.75371605,0.25361162,0.096953996,0.29223678
1.0,0.5695182,0.1079507,0.100293234,0.5736852,0.8878328,0.23607096,0.08551366,0.08744047,0.8080645,1.0,0.64176625,0.34550405,0.21261369,0.7027196,0.7792621,0.18036896,0.2513312,0.10562229,0.3651006
0.17140761,1.0,0.10784294,0.10102017,0.57753456,0.6629398,1.0,0.08596129,0.087721854,0.8080783,0.40087616,1.0,0.35182184,0.21355705,0.7016741,0.35681906,0.95830154,0.25979972,0.105992794,0.37118188
0.17366129,0.5626711,0.46029204,0.09991928,0.57692224,0.6657985,0.23236583,0.03277222,0.088003464,0.8155251,0.39684156,0.6344024,0.44872153,0.21310991,0.7080912,0.35459867,0.17781763,0.39821807,0.106868215,0.36714527
0.17297763,0.5618317,0.10944477,0.3368982,0.57724786,0.66493237,0.23221044,0.08557626,0.62630534,0.815272,0.39624757,0.63330716,0.35378703,0.6910096,0.70806015,0.35386497,0.17755426,0.26165903,0.45074072,0.36700088
0.17292558,0.56204325,0.10952446,0.09972434,0.77733636,0.6649586,0.23237327,0.08557243,0.08821948,0.2615732,0.39684567,0.63422775,0.3539819,0.21313737,0.5014811,0.35400283,0.17750245,0.26171273,0.10686642,0.8753431
0.1735969,1.0,0.10925363,0.09137218,0.4210486,0.6690427,0.8746763,0.0865331,0.10216152,0.43937635,0.4022624,1.0,0.3555854,0.21353321,0.3611406,0.3576007,0.7219399,0.2627705,0.108778335,0.25905868
1.0,0.75636643,0.06359971,0.12542154,0.6248526,0.9727572,0.31363493,0.06018,0.071620725,0.7414722,1.0,0.8522638,0.20827712,0.21029235,0.6281708,0.7538543,0.24017388,0.14966758,0.105417386,0.3884914
0.14394002,1.0,0.064322874,0.12620506,0.62918425,0.53474003,1.0,0.06059472,0.07142452,0.741323,0.35767,1.0,0.21515824,0.21161677,0.6268124,0.32627606,1.0,0.15792297,0.10573478,0.39301682
0.13567322,0.7424655,0.4315796,0.12462648,0.6292042,0.53607935,0.3072357,0.050349765,0.0720602,0.7479111,0.35496446,0.8393243,0.5769332,0.21111125,0.6327657,0.32453522,0.23457848,0.49711832,0.10702975,0.39067355
0.13506724,0.7414334,0.06555838,0.3627543,0.6292051,0.5376093,0.3067993,0.060414754,0.5812355,0.74746805,0.35539106,0.83824396,0.2169429,0.6883705,0.63211954,0.32496324,0.23411304,0.15983827,0.4464653,0.39008772
0.13419391,0.7414302,0.06555152,0.12446113,0.8301321,0.53794277,0.30725107,0.060456492,0.07208451,0.16672148,0.3547706,0.83889025,0.21684808,0.21124862,0.42908603,0.32449016,0.2340372,0.15983105,0.10708113,0.9127159
0.77869606,0.74796766,0.0670233,0.09749824,0.46292055,0.83047915,0.30949628,0.06105882,0.09206014,0.37116918,0.61741155,0.8453918,0.21834956,0.20666714,0.27342942,0.61046016,0.23631121,0.15973109,0.11102573,0.28049272
1.0,0.7925219,0.06457634,0.13993116,0.5985039,0.96019775,0.32434326,0.071537256,0.08306067,0.6918775,1.0,0.8826252,0.21651217,0.2117602,0.5734713,0.738795,0.25326777,0.15413652,0.10156882,0.3624844
0.13472724,1.0,0.06525747,0.14073674,0.6024646,0.5217402,1.0,0.07123422,0.081529245,0.6926368,0.34327328,1.0,0.22311474,0.2133807,0.57307976,0.31179273,1.0,0.16206966,0.10127879,0.36662844
0.12834448,0.77698094,0.0665061,0.37713635,0.6027339,0.52349585,0.31675935,0.071215615,0.5491812,0.69824624,0.3402781,0.86825734,0.22492887,0.6896938,0.5781148,0.3100839,0.24721296,0.16385755,0.43529686,0.3642112
0.12784337,0.77712697,0.06655379,0.13862039,0.804645,0.52356553,0.3170713,0.07122917,0.08272982,0.12637457,0.33944052,0.86884576,0.22487131,0.21336766,0.3810755,0.3096683,0.24725033,0.16375282,0.10337452,0.88817346
0.71475935,0.7826438,0.06764445,0.100414716,0.47263104,0.78732586,0.3191244,0.0718401,0.08340919,0.4071153,0.58461475,0.87461704,0.22615926,0.20630884,0.30006465,0.5770958,0.24901545,0.16370365,0.106695645,0.2770017
0.12894821,1.0,0.06591601,0.10140774,0.47259858,0.5215561,1.0,0.071964696,0.083312854,0.40671453,0.34333742,1.0,0.22476333,0.20686328,0.2991302,0.31053373,0.90460646,0.16320276,0.10597831,0.278298
1.0,0.79107034,0.07827636,0.13496174,0.60458463,0.92913747,0.32038403,0.08462258,0.08257519,0.7079891,1.0,0.8728735,0.26050267,0.20143728,0.5849791,0.7355955,0.25427318,0.18561041,0.095113814,0.36353886
0.1326553,0.77401716,0.44228107,0.13368359,0.60787797,0.5469277,0.31250975,0.033386294,0.08247833,0.7138364,0.3414909,0.8568896,0.5294753,0.2026546,0.58907765,0.30823886,0.2478427,0.46269372,0.09684058,0.3654125
0.13149272,0.7732267,0.079670995,0.37155944,0.60837567,0.5472204,0.3120691,0.08410996,0.5436941,0.71363384,0.34093788,0.85620433,0.268867,0.6790975,0.5887903,0.3079004,0.24751168,0.19572082,0.4298745,0.3652274
0.13186547,0.7721019,0.0795827,0.13350205,0.8097162,0.5466018,0.3115929,0.08404633,0.082386315,0.12378752,0.34030724,0.85532176,0.26873899,0.2029341,0.38029465,0.3074102,0.2471431,0.19549784,0.096830964,0.8874321
0.61318225,0.7805953,0.08098971,0.09835048,0.49233013,0.7561584,0.3146288,0.0850327,0.0753436,0.45003197,0.5589985,0.8640747,0.27094996,0.19662967,0.3385072,0.5487905,0.24978817,0.19640736,0.09975226,0.28604683
0.13175182,1.0,0.07910358,0.09944377,0.4924996,0.5474013,1.0,0.08497707,0.075180545,0.4497753,0.3445902,1.0,0.26896584,0.19722714,0.33780158,0.3092295,0.83989215,0.19517922,0.09888397,0.28741395
1.0,0.5757654,0.10068762,0.10130066,0.5928346,0.91047525,0.24009155,0.07975558,0.0866276,0.81071174,1.0,0.6527421,0.32193688,0.21210548,0.70429635,0.7762899,0.18173285,0.23408778,0.10646199,0.376821
0.15806246,1.0,0.10066895,0.10186435,0.5970698,0.63194823,1.0,0.080035426,0.087109946,0.8110948,0.39322668,1.0,0.32832572,0.21307781,0.70345074,0.3522693,0.9595655,0.24270199,0.10699285,0.38285705
0.15633261,0.5682624,0.4549961,0.100786895,0.5961486,0.6345787,0.23659366,0.03599409,0.08750301,0.8183668,0.38952228,0.6449876,0.46981803,0.21247435,0.7095022,0.35040674,0.17918038,0.41493475,0.10801461,0.37918028
0.15556055,0.5685324,0.10235184,0.33793786,0.5968183,0.63377094,0.23669666,0.079829924,0.626365,0.81875986,0.38916585,0.644855,0.33048594,0.6906145,0.71005243,0.34956905,0.17904973,0.24444188,0.4522167,0.37867495
0.15661031,0.5680437,0.1023367,0.1006671,0.7967855,0.6336789,0.23661542,0.079743735,0.08747395,0.25613543,0.38878825,0.64521164,0.33065024,0.21262752,0.50058025,0.34940696,0.17875375,0.24465801,0.10781267,0.889174
0.15606315,1.0,0.10228847,0.0926646,0.44440874,0.63790923,0.8624457,0.080755934,0.10120391,0.45239612,0.39449945,1.0,0.33240756,0.21305245,0.37093744,0.35309467,0.7098431,0.24564956,0.10973144,0.2744707
1.0,0.76838416,0.08219375,0.13031377,0.60323435,0.9226656,0.31257322,0.08264246,0.078229815,0.722381,1.0,0.8506479,0.27105826,0.20027356,0.60026497,0.7426786,0.24641617,0.19411993,0.09449576,0.36426774
0.13796456,0.7533315,0.44461903,0.12895185,0.60679,0.56290287,0.30522653,0.034124665,0.07832742,0.7275861,0.34960768,0.8368011,0.51960486,0.20134138,0.6040402,0.31489056,0.24053605,0.45447645,0.09610223,0.3659957
0.13686518,0.75234383,0.08369262,0.366953,0.60687196,0.5619769,0.3049125,0.08275083,0.55082697,0.7269604,0.34892556,0.8358103,0.2794686,0.67777646,0.60319424,0.3142697,0.24030189,0.20431027,0.43101606,0.3657177
0.13636519,0.751939,0.08351718,0.12874624,0.8079027,0.56314135,0.30485606,0.08299066,0.07844205,0.13618793,0.34859648,0.83608246,0.2793583,0.20132312,0.3921725,0.31443292,0.24006319,0.20422433,0.09623773,0.8863609
0.60910815,0.7594799,0.08500607,0.09631569,0.48575866,0.76934236,0.30736974,0.08356731,0.07655182,0.44946048,0.5672484,0.8436641,0.28212264,0.19570476,0.3404942,0.5559748,0.24251446,0.20523174,0.09942106,0.28283715
0.13767524,1.0,0.083201855,0.09743692,0.48618698,0.5641871,1.0,0.08371698,0.07653307,0.44959792,0.353014,1.0,0.2800386,0.19643348,0.33998698,0.31627965,0.83234745,0.20405573,0.098438,0.28431627
1.0,0.7653697,0.07405221,0.13237114,0.6097739,0.9418357,0.31166115,0.07574012,0.07825498,0.7200481,1.0,0.8487637,0.24397655,0.20786296,0.5992852,0.7409796,0.24524526,0.17443255,0.09891483,0.3699009
0.1352418,1.0,0.074037805,0.13299884,0.61328,0.5397822,1.0,0.07549243,0.07718612,0.7201236,0.34809473,1.0,0.24994457,0.20904666,0.59836376,0.3140556,1.0,0.18237567,0.098750286,0.37385726
0.12999472,0.747881,0.075204924,0.3692789,0.6135244,0.54315984,0.30332184,0.07538622,0.5568001,0.72588825,0.34444323,0.83205724,0.25202635,0.6853571,0.6033175,0.31263733,0.23858854,0.1842304,0.4344954,0.3714663
0.12983097,0.74784034,0.07501291,0.13080047,0.8145134,0.5443572,0.30374777,0.07522212,0.078399085,0.1365485,0.34423625,0.8328979,0.25170055,0.20902954,0.394629,0.31256256,0.23853946,0.18390523,0.10068361,0.8931235
0.6502252,0.7566742,0.07663238,0.09853055,0.4869595,0.77206546,0.3068958,0.07602272,0.081698604,0.4369824,0.57205594,0.8418396,0.25436333,0.20353183,0.32885534,0.5624086,0.24136718,0.18492573,0.10413752,0.285539
0.13161348,1.0,0.074853554,0.09956862,0.48723814,0.54414237,1.0,0.07614945,0.081714116,0.4365853,0.34900463,1.0,0.25252572,0.20409858,0.32819816,0.31466135,0.85169,0.18418944,0.10324667,0.2870746
1.0,0.5766135,0.104087695,0.10165641,0.5699729,0.8938299,0.2394819,0.082435794,0.08686274,0.801744,1.0,0.6508885,0.33302686,0.213483,0.69730204,0.78382695,0.18246548,0.24219036,0.106103435,0.3629435
0.16816138,1.0,0.10401914,0.10230823,0.5738507,0.6610153,1.0,0.08289178,0.08720949,0.80196816,0.4042266,1.0,0.33922797,0.21445736,0.6964284,0.35998797,0.9602429,0.25077078,0.10647702,0.36887792
0.16941464,0.5685559,0.45753604,0.10115814,0.57343924,0.665439,0.23533255,0.034289297,0.08754242,0.8095575,0.40008414,0.64242643,0.4599722,0.21408941,0.7032044,0.3579695,0.1796579,0.40690768,0.10748351,0.36524972
0.1699229,0.56774306,0.10548446,0.33827877,0.5738206,0.6652446,0.23492926,0.082503445,0.62519735,0.8092965,0.40033165,0.641154,0.3412199,0.69184667,0.7029729,0.35784894,0.17921972,0.25234163,0.45083526,0.36487335
0.17036164,0.5681307,0.10555723,0.100859664,0.7740154,0.66558427,0.23548178,0.082600586,0.0875155,0.2586706,0.40020242,0.64264333,0.3413505,0.21389371,0.49875063,0.35766575,0.17928131,0.25252005,0.107403696,0.8736008
0.16972165,1.0,0.10548639,0.09233623,0.42086625,0.6688422,0.86774194,0.08373017,0.101578586,0.4415831,0.40496233,1.0,0.34294578,0.2143276,0.3635642,0.360942,0.7152926,0.25335896,0.10923565,0.25940716
1.0,0.62594146,0.09826732,0.10555606,0.59197605,0.9050106,0.25925452,0.08212668,0.078385495,0.79532766,1.0,0.70449084,0.31664208,0.20779882,0.6865284,0.77303654,0.19857661,0.2296362,0.10331375,0.37292373
0.1578655,1.0,0.09826257,0.106095,0.5956574,0.6295724,1.0,0.08244927,0.078553565,0.7945149,0.38975576,1.0,0.32289785,0.2088107,0.6846398,0.34844488,0.97661996,0.23800766,0.10365487,0.3784626
0.15764213,0.61566985,0.45407692,0.104909346,0.59536105,0.631815,0.2538418,0.034635838,0.07900858,0.80138785,0.38572532,0.69394755,0.47575298,0.20825979,0.69076043,0.34604064,0.19480546,0.4195775,0.10461223,0.37505117
0.15766479,0.6155026,0.09973196,0.3424013,0.5955895,0.6323284,0.25401434,0.082273036,0.61149687,0.8010584,0.38527444,0.69354135,0.324776,0.6858386,0.6903946,0.34587353,0.19466734,0.23976648,0.4479328,0.37487254
0.57002586,0.62080586,0.101245284,0.09193543,0.44203565,0.8107179,0.25587475,0.083151035,0.09499744,0.4361143,0.59224945,0.6995153,0.32822612,0.20702226,0.35152256,0.5773674,0.19642983,0.24128722,0.10731238,0.2677781
0.15773249,1.0,0.09976239,0.09286632,0.44297087,0.6366954,0.9154302,0.08331644,0.09510074,0.4360888,0.3903393,1.0,0.32676935,0.20773031,0.35126105,0.3488116,0.7552591,0.24087158,0.10684389,0.27051228
1.0,0.764793,0.07723938,0.12998179,0.6095087,0.93358946,0.31146196,0.07992199,0.07669492,0.72548753,1.0,0.8476476,0.25473166,0.20345506,0.60425407,0.74298286,0.24506271,0.18222289,0.09704616,0.36972913
0.13453938,0.74936223,0.4408907,0.12879562,0.6128418,0.55507463,0.3037095,0.036336407,0.07701937,0.7312193,0.34931272,0.8330608,0.5342069,0.20448995,0.60848796,0.31578684,0.23921235,0.46577364,0.09866407,0.37163556
0.13421102,0.748189,0.07854646,0.36680576,0.6134747,0.5544808,0.30328417,0.079410434,0.55628115,0.7311089,0.34896204,0.83176774,0.26323667,0.6812134,0.60829216,0.31525388,0.23895575,0.19219333,0.43375513,0.37154558
0.132672,0.7480298,0.07833367,0.12855601,0.8144851,0.5552857,0.30353817,0.07935323,0.07693271,0.14029038,0.34851342,0.8319483,0.26312792,0.20477296,0.39800996,0.3151889,0.23875423,0.19220787,0.09886028,0.8926661
0.63756263,0.7551869,0.07983108,0.09708325,0.48596546,0.7752809,0.30577263,0.08030516,0.07976099,0.43972364,0.57433105,0.839412,0.26561818,0.19942458,0.33199638,0.56401676,0.24100837,0.1929083,0.10215081,0.28453848
0.13476,1.0,0.07806904,0.09810129,0.48625708,0.55515784,1.0,0.080280274,0.07979794,0.4395228,0.35306028,1.0,0.2636515,0.19995072,0.33118504,0.31735277,0.8480594,0.1919431,0.10137418,0.28628498
1.0,0.66977966,0.09769691,0.11910575,0.5777421,0.8913425,0.27151552,0.088232815,0.07363584,0.74162775,1.0,0.74049264,0.31819883,0.20640516,0.62825143,0.76051706,0.21479045,0.22963569,0.09749732,0.35482636
0.15975249,1.0,0.09765134,0.11982788,0.5811559,0.62143475,1.0,0.08859994,0.07309637,0.7416256,0.3775438,1.0,0.32421896,0.20765835,0.6270809,0.33600476,0.99379736,0.23776263,0.09739659,0.35961866
0.16184095,0.6576877,0.45451444,0.118204005,0.5811016,0.6251491,0.26507217,0.031532604,0.074470304,0.74836355,0.37401834,0.7283821,0.47547024,0.20742732,0.63304317,0.33423707,0.21043535,0.42004287,0.09914873,0.35701555
0.162029,0.657448,0.098956645,0.1179438,0.78200346,0.62619835,0.2658337,0.088479884,0.07450946,0.17972817,0.373227,0.72868353,0.32629162,0.20747009,0.4272879,0.33396438,0.21042283,0.2396267,0.09924579,0.8722998
0.6304624,0.6634325,0.100915566,0.09087078,0.43188006,0.8321846,0.26730037,0.08950633,0.0886593,0.40217656,0.61085427,0.73430246,0.3298202,0.2030781,0.30827367,0.59693575,0.21231997,0.24115117,0.10222448,0.2532798
0.16267812,1.0,0.09857063,0.09183932,0.43185538,0.62831897,1.0,0.08934092,0.08859964,0.40168932,0.37720314,1.0,0.3268767,0.20366727,0.30721352,0.33590648,0.85213345,0.23979636,0.10137464,0.25504693
1.0,0.6142073,0.10314615,0.104436465,0.5938342,0.89702594,0.2534144,0.08725425,0.07720901,0.79974526,1.0,0.68935525,0.33295768,0.20538354,0.6885456,0.76908034,0.19469073,0.2412242,0.10135913,0.37266624
0.16085355,1.0,0.10304137,0.10483637,0.5975096,0.63314605,1.0,0.08739698,0.077293575,0.79985213,0.38667,1.0,0.33897647,0.20637962,0.68758315,0.345157,0.97313184,0.24942906,0.101548724,0.3781178
0.16092108,0.6042581,0.4576379,0.10371273,0.59736425,0.6355842,0.24835293,0.03190744,0.07787878,0.80721986,0.38339347,0.6794452,0.46100807,0.20580038,0.6942329,0.3436166,0.19116257,0.4083302,0.102625936,0.37476233
0.16171598,0.6047783,0.104627706,0.3410731,0.59739673,0.63543904,0.2489101,0.08742757,0.60908836,0.8070675,0.3831435,0.6798686,0.34140348,0.68350834,0.6937507,0.34285557,0.19150479,0.25157443,0.44569603,0.3744185
0.5656427,0.6099078,0.106217645,0.090135574,0.44334164,0.81152934,0.25063753,0.08825752,0.09385111,0.44122723,0.5919779,0.68523234,0.34503484,0.20455115,0.35416606,0.57691485,0.19317666,0.25347197,0.105312034,0.26645416
0.16280852,1.0,0.10442162,0.091014355,0.44408154,0.6399649,0.9160193,0.0884448,0.09395786,0.4409834,0.38745075,1.0,0.3427641,0.2051097,0.35370854,0.34587872,0.7566434,0.25238603,0.104713045,0.26931998
0.15189075,1.0,0.09871133,0.10946852,0.60860586,0.60817367,1.0,0.092398785,0.07085395,0.79188424,0.37282425,1.0,0.3291261,0.20117213,0.67361295,0.3330403,0.99509364,0.24086086,0.0978794,0.37975875
0.15466717,0.6489807,0.455927,0.10839975,0.6091555,0.61244756,0.26518577,0.030189304,0.071649626,0.7996074,0.36967918,0.726332,0.47345304,0.20115773,0.6805101,0.33191922,0.20594725,0.41903085,0.099317305,0.3769028
0.15390506,0.6473192,0.10024756,0.34595862,0.60849476,0.61186045,0.2645741,0.09220593,0.59266955,0.7990931,0.37009364,0.7244653,0.3315488,0.6780021,0.6798692,0.33189556,0.2056179,0.24296129,0.4409791,0.37603402
0.15386173,0.64734584,0.10001902,0.10799083,0.80828327,0.61075765,0.26491213,0.092136174,0.07160312,0.21256775,0.36926866,0.7251939,0.33106616,0.2008603,0.4593324,0.33109424,0.20550498,0.24267249,0.098976195,0.88899297
0.55149996,0.6527079,0.10184096,0.09106298,0.46819487,0.7833924,0.2666175,0.09342842,0.086118534,0.4675317,0.57301164,0.73047066,0.3350262,0.19876446,0.3709778,0.55844414,0.20735236,0.24479185,0.10191111,0.2777409
0.15422565,1.0,0.09994409,0.09192742,0.46867812,0.61443967,0.9141517,0.093295805,0.086212546,0.4675065,0.37388933,1.0,0.33275154,0.19919728,0.37053195,0.3338364,0.7554644,0.2435841,0.10126155,0.28010654
1.0,0.7539236,0.06256622,0.14570758,0.5930115,0.9456738,0.30718923,0.06889414,0.08800197,0.67336386,1.0,0.8364632,0.20758727,0.2163991,0.5552693,0.7485917,0.24155274,0.14771374,0.102923684,0.3583105
0.13892208,1.0,0.06257364,0.1465302,0.5965885,0.5507489,1.0,0.06870052,0.086370364,0.6734484,0.35648006,1.0,0.21426079,0.21821345,0.554286,0.32276618,1.0,0.15583874,0.10246346,0.3618879
0.13271892,0.73795414,0.06388921,0.3824498,0.59676766,0.5505795,0.29930285,0.06845378,0.54280573,0.6789014,0.35347235,0.8212519,0.21592581,0.6939269,0.559237,0.32063296,0.23540412,0.15728319,0.43360293,0.35974702
0.13223271,0.73710936,0.063898414,0.1443813,0.80027986,0.55204844,0.29908612,0.0682795,0.08750982,0.11972072,0.3528277,0.82057387,0.21627177,0.21830244,0.36959055,0.3207842,0.23514785,0.1578528,0.104929894,0.88644993
0.7357273,0.7455418,0.06519288,0.101134285,0.46804363,0.8214824,0.30211627,0.069317885,0.0861335,0.39297056,0.6096395,0.8296117,0.21761099,0.21040042,0.28435582,0.6015041,0.23789641,0.15734452,0.108622134,0.2742187
0.13422829,1.0,0.063149855,0.102170564,0.46801212,0.55259764,1.0,0.06926922,0.086268015,0.39196992,0.35731646,1.0,0.21604373,0.21072903,0.28301522,0.32220724,0.9243968,0.15705614,0.10785183,0.27535152
1.0,0.77873826,0.07335954,0.1351499,0.5946293,0.939206,0.3168341,0.07407488,0.08021642,0.7046365,1.0,0.86260456,0.24144664,0.21160114,0.58699226,0.7407511,0.2496661,0.17289367,0.10054153,0.36113447
0.1313237,0.7617926,0.43827978,0.13390833,0.59834695,0.54601884,0.3087138,0.039963998,0.08036591,0.7108575,0.34575844,0.8469385,0.5468091,0.2126378,0.59165627,0.31327966,0.24329156,0.4750919,0.10214899,0.36302936
0.13075568,0.7606489,0.07481201,0.37162486,0.59850687,0.5447562,0.30836713,0.07392006,0.5554168,0.7107983,0.3449644,0.8456757,0.2499816,0.6888187,0.5913497,0.31228277,0.24296997,0.1829172,0.434282,0.36276117
0.1309028,0.76109093,0.0746617,0.13367435,0.7998419,0.5467502,0.3087954,0.07368636,0.080435075,0.1374693,0.34520262,0.84668887,0.24951972,0.21295118,0.39177436,0.3127963,0.24298204,0.18244658,0.1021893,0.88475394
0.64143556,0.7694677,0.075925656,0.10049107,0.4745086,0.77019376,0.3116819,0.07458522,0.08275942,0.42783314,0.5696364,0.8550699,0.2519608,0.20718448,0.3229909,0.5599971,0.24571197,0.18341382,0.105648786,0.2784942
0.1319114,1.0,0.074317165,0.10155739,0.4750074,0.5469965,1.0,0.07460411,0.082569145,0.4276457,0.34913564,1.0,0.25013506,0.20775965,0.3222405,0.31465632,0.8501424,0.18255252,0.10460529,0.28014356
1.0,0.6644007,0.09619194,0.11906432,0.6002858,0.9037186,0.2697538,0.08895796,0.07371002,0.7576721,1.0,0.7351864,0.31404963,0.20724416,0.63930494,0.7473235,0.212967,0.22638199,0.097948626,0.36748344
0.14802937,1.0,0.09603775,0.119722046,0.6041737,0.5859336,1.0,0.08941292,0.07323574,0.75793636,0.36049998,1.0,0.32030216,0.20853776,0.63816386,0.32200128,0.99198467,0.23452617,0.09783444,0.37225315
0.14829442,0.6526428,0.45358378,0.11799185,0.60384613,0.5901115,0.26337504,0.030999301,0.074493214,0.76450646,0.35722923,0.7232102,0.4796874,0.20832282,0.6442841,0.32035854,0.20855625,0.4236095,0.099619314,0.36951193
0.14850612,0.65230036,0.09765006,0.11766973,0.80456424,0.59082216,0.26354074,0.089059606,0.0745662,0.17670068,0.3572987,0.7234801,0.3223416,0.20819633,0.42794836,0.3204965,0.20838025,0.23651598,0.09975798,0.88524467
0.6489348,0.6589672,0.09932412,0.090781115,0.45277435,0.81201535,0.26587301,0.09012072,0.08961214,0.41596892,0.5975197,0.72999465,0.325518,0.20383225,0.3158324,0.5866135,0.21070966,0.23772751,0.10264465,0.2651311
0.14862245,1.0,0.09708668,0.09175017,0.4530458,0.59193313,1.0,0.090045735,0.08952427,0.41503614,0.36106604,1.0,0.32305413,0.20449322,0.31492743,0.32221353,0.8570499,0.2364854,0.10187127,0.2668563
1.0,0.7680512,0.06601136,0.12789534,0.61366105,0.9617569,0.31773022,0.06438403,0.07257799,0.73059094,1.0,0.8629411,0.21516438,0.21058187,0.6172687,0.7506511,0.24410775,0.15426616,0.10465855,0.37989378
0.141634,1.0,0.06598929,0.1284532,0.6177147,0.5395118,1.0,0.06428757,0.071875915,0.7311494,0.35701165,1.0,0.2217196,0.21214157,0.61665875,0.3246985,1.0,0.16258973,0.1049512,0.38444197
0.13471746,0.752788,0.43319353,0.1270049,0.6179027,0.54183936,0.31040448,0.047336716,0.072642006,0.73827106,0.35402697,0.8490603,0.57082164,0.21179856,0.6231337,0.3230809,0.2381462,0.4928165,0.10622116,0.3821288
0.13286826,0.7524465,0.067238875,0.36491212,0.6181978,0.5412833,0.31047997,0.06402312,0.57554823,0.7378564,0.3529122,0.8486638,0.22345628,0.6883419,0.6226216,0.3226034,0.23795669,0.16417517,0.44382054,0.38181508
0.13337012,0.75234246,0.06742247,0.12679099,0.81969744,0.5412384,0.3106134,0.06405077,0.072631754,0.16200593,0.3534003,0.8491935,0.22369646,0.21190535,0.4219536,0.322582,0.23797517,0.16446206,0.10647755,0.90449435
0.78758645,0.7583051,0.0687232,0.09692551,0.45193547,0.83823633,0.31241778,0.064712085,0.091869354,0.36394587,0.6227557,0.85514516,0.22492942,0.20667182,0.26565298,0.6157891,0.23989329,0.16406924,0.110404536,0.27184966
1.0,0.5881333,0.10167411,0.10170376,0.5771112,0.8982092,0.24441744,0.081030555,0.08631343,0.80372685,1.0,0.6654038,0.3252512,0.21232732,0.69871825,0.7814017,0.18609849,0.23648322,0.10627101,0.3674389
0.16500865,1.0,0.10138182,0.102188535,0.5813307,0.653576,1.0,0.08132512,0.08650929,0.804686,0.40141562,1.0,0.33136055,0.2133384,0.69846433,0.3583659,0.96509975,0.24478146,0.1064951,0.3736552
0.16554579,0.58131486,0.45602548,0.1010593,0.5808856,0.6548137,0.24090798,0.035320614,0.08690336,0.812522,0.39808336,0.6576724,0.4673307,0.21282737,0.70528674,0.3561201,0.18344042,0.41275313,0.10763165,0.36997116
0.16540332,0.5813822,0.10284471,0.3381076,0.5812361,0.6543998,0.24111627,0.08104918,0.6248769,0.8124527,0.3966829,0.6576349,0.33334962,0.69055957,0.70524544,0.35497403,0.18336517,0.24644516,0.45094278,0.36958745
0.16599484,0.581336,0.103091866,0.10087744,0.7813274,0.6565884,0.2414772,0.08095407,0.08693118,0.2581811,0.397171,0.65832806,0.33357018,0.2129886,0.5000075,0.3555153,0.18332148,0.24667032,0.10739303,0.8792298
0.16612779,1.0,0.1028973,0.09262929,0.42755833,0.66075456,0.87474275,0.08190743,0.100932226,0.44286618,0.40184298,1.0,0.33495677,0.21323003,0.3639791,0.35891628,0.7211661,0.24771777,0.10927472,0.26372117
1.0,0.77422065,0.059911273,0.13152024,0.62538797,0.9699051,0.32006598,0.06042181,0.07293782,0.7249669,1.0,0.8697958,0.19744928,0.20984617,0.60883105,0.7513955,0.24618742,0.14137699,0.10401109,0.38582805
0.14231637,1.0,0.06053066,0.13212445,0.6289469,0.53305364,1.0,0.060090348,0.072206944,0.72438985,0.35587004,1.0,0.20411178,0.21111508,0.60710156,0.32412082,1.0,0.14974177,0.10439148,0.3901341
0.13538009,0.76020813,0.42961034,0.13035911,0.62942505,0.53617877,0.31314757,0.0505628,0.07303086,0.7314058,0.35342208,0.85694987,0.5876314,0.21084937,0.61353505,0.32287195,0.24067669,0.50560147,0.105644,0.38796318
0.13370788,0.75828,0.061689176,0.368501,0.62966704,0.5364125,0.31273872,0.059910715,0.56810546,0.73082817,0.35226807,0.8552595,0.20579018,0.6872678,0.6130424,0.32264403,0.23988682,0.15132126,0.44258288,0.38754195
0.13379207,0.7590256,0.061718244,0.13027103,0.8308857,0.53485477,0.31346223,0.060075037,0.07297949,0.14729823,0.35275662,0.856405,0.2057838,0.21097425,0.41108635,0.32239312,0.24016395,0.15123501,0.10576323,0.9120683
0.7771253,0.7667529,0.06315256,0.09839275,0.47252706,0.828588,0.31592798,0.060633082,0.0885212,0.3792924,0.6158632,0.86430144,0.2070811,0.20524237,0.2760435,0.60958964,0.24259955,0.15091878,0.109817,0.2842215
1.0,0.78738153,0.07832041,0.1304402,0.6055742,0.92975956,0.32091185,0.08090077,0.077312134,0.7201099,1.0,0.8735686,0.2584069,0.20025995,0.5990421,0.7412395,0.25213873,0.18474375,0.095700495,0.3667254
0.13416892,0.77257246,0.44195607,0.1293151,0.6092679,0.55534893,0.31333837,0.035414625,0.07722454,0.7270181,0.34754097,0.85994375,0.5310186,0.20158598,0.60408795,0.31399482,0.2466693,0.46343943,0.09720399,0.3688192
0.13310662,0.7721953,0.079813056,0.36726898,0.6097071,0.5557404,0.31343883,0.08049225,0.5517829,0.7267056,0.34665307,0.85920745,0.26721036,0.67776895,0.60382575,0.31358117,0.24636039,0.19484715,0.43213046,0.36860132
0.13394783,0.77153057,0.079527706,0.12908617,0.81097215,0.5565214,0.3134077,0.08039445,0.077084586,0.1377253,0.3472421,0.8593322,0.26678714,0.20173536,0.3946934,0.31360665,0.24608102,0.1947196,0.09734821,0.89004576
0.6184928,0.7799519,0.08092938,0.09746352,0.48732257,0.7666457,0.31632808,0.08155944,0.076386265,0.44649678,0.56656677,0.8681566,0.26936126,0.19627157,0.3381192,0.55570906,0.2490263,0.1956652,0.10058886,0.28484392
0.13398844,1.0,0.07916404,0.098536454,0.48747405,0.5572637,1.0,0.081436574,0.07653914,0.4463597,0.35116008,1.0,0.26745638,0.19680929,0.3375548,0.31571034,0.8404781,0.19473729,0.09971725,0.28642353
1.0,0.626219,0.099406645,0.10460303,0.5961339,0.9050551,0.25965008,0.08340716,0.0764422,0.7963289,1.0,0.7060539,0.31998974,0.20434634,0.6864895,0.7718376,0.1984584,0.23197661,0.10157203,0.3751571
0.15764631,1.0,0.09923547,0.10511925,0.60012174,0.628574,1.0,0.08366911,0.07663585,0.7966884,0.38922283,1.0,0.3263772,0.20524578,0.6857353,0.34816605,0.9770577,0.24047469,0.10182072,0.38091063
0.1569619,0.61783826,0.4549563,0.10389138,0.60011184,0.63096035,0.2553909,0.03374874,0.07707579,0.8040085,0.38510078,0.69729435,0.47255898,0.20491788,0.69218445,0.3457101,0.19529194,0.41726577,0.102934256,0.37777483
0.15677914,0.61573064,0.100680135,0.34124365,0.60019,0.630729,0.2543441,0.08358214,0.60911924,0.8039358,0.38531518,0.6951144,0.32845736,0.6822348,0.6920266,0.34559715,0.19457373,0.24216397,0.44651738,0.37726852
0.59509486,0.62212425,0.10253178,0.090281785,0.44054076,0.8186395,0.2567007,0.08452912,0.09370941,0.4257573,0.6010455,0.7018424,0.3319158,0.20357408,0.34044454,0.58636993,0.19646473,0.24386545,0.10566393,0.26619306
0.15687658,1.0,0.10056776,0.09122228,0.44123343,0.63430685,0.9422162,0.08454078,0.093786426,0.4256227,0.38941455,1.0,0.33001256,0.20417607,0.33998913,0.34807098,0.77778494,0.24300732,0.10521489,0.2688742
1.0,0.7719003,0.07007729,0.13458194,0.61185616,0.9516345,0.31548598,0.07321495,0.07779843,0.71313214,1.0,0.8586373,0.2315041,0.20961198,0.5939569,0.7391193,0.2468933,0.16529651,0.10104539,0.37277907
0.13398153,1.0,0.07002413,0.13516283,0.61551744,0.5279714,1.0,0.07350857,0.07684221,0.71354735,0.3442584,1.0,0.23791198,0.2108668,0.59311527,0.311743,1.0,0.17321944,0.10099746,0.37679183
0.12840511,0.75751364,0.07129913,0.37139603,0.6157521,0.5315311,0.30843464,0.07324699,0.5570211,0.71918046,0.34110802,0.845447,0.23985966,0.68701464,0.5982495,0.31014845,0.24120776,0.17521887,0.43620786,0.3743068
0.1274859,0.7551698,0.071317874,0.13300619,0.817424,0.53105175,0.30779546,0.07312536,0.07789461,0.13521554,0.34093636,0.84352666,0.23969652,0.21093988,0.39463687,0.3100889,0.24044426,0.17509905,0.102632396,0.8980624
0.6733815,0.7642133,0.072714455,0.100372836,0.4861819,0.77312964,0.3109765,0.07412981,0.08234014,0.42473564,0.5732587,0.8529174,0.24198247,0.20531751,0.31774986,0.5651058,0.24351051,0.17549726,0.106350794,0.2871151
0.12953237,1.0,0.07080933,0.101345316,0.48641247,0.53184414,1.0,0.07414649,0.082419805,0.42438856,0.34505004,1.0,0.2403511,0.20583208,0.31699812,0.31175157,0.8659527,0.17506048,0.10550646,0.28861344
0.14627664,1.0,0.10243341,0.10637782,0.62468976,0.58707196,1.0,0.0937712,0.06938494,0.8032879,0.36175644,1.0,0.34022292,0.19650576,0.6835113,0.32380706,0.9978322,0.24916828,0.09632796,0.3902268
0.14729309,0.6576892,0.4580383,0.10508587,0.62450117,0.591107,0.2695813,0.029587576,0.070025615,0.81104726,0.35893396,0.73804855,0.46194088,0.19618492,0.6903149,0.32264447,0.20874965,0.41009876,0.09739368,0.38712683
0.1461739,0.65670675,0.10392364,0.34237167,0.6246602,0.59127086,0.26927334,0.09344927,0.59429187,0.81098163,0.35882023,0.7366954,0.3426208,0.67321324,0.69022125,0.32277766,0.20834042,0.2514873,0.4405895,0.38683006
0.14615658,0.656068,0.10375648,0.1047285,0.8244745,0.58958787,0.26905045,0.09339493,0.070002146,0.21771142,0.358709,0.7369022,0.34232745,0.19602185,0.46583498,0.32225794,0.20803599,0.25129306,0.09727378,0.9004793
0.55927616,0.6629987,0.1056664,0.08897008,0.4808303,0.7681096,0.2714981,0.09446253,0.0844819,0.47153416,0.5638413,0.7436982,0.346191,0.19417526,0.37332204,0.55057985,0.21049768,0.25321445,0.10013066,0.28647557
0.14830796,1.0,0.10370607,0.08983359,0.4811014,0.5944719,0.92288023,0.09452457,0.0848602,0.47156474,0.36320585,1.0,0.3439142,0.19470045,0.37298587,0.32492426,0.7619438,0.25207824,0.09966023,0.2886462
1.0,0.7764291,0.061351076,0.13111116,0.62943596,0.97736734,0.3212956,0.062084965,0.07238925,0.7207621,1.0,0.87309754,0.20244594,0.20702115,0.6049594,0.74779415,0.24668254,0.14485705,0.10287968,0.388686
0.14223783,1.0,0.062069826,0.13180761,0.6335581,0.5207552,1.0,0.06190638,0.07163001,0.72126675,0.3508782,1.0,0.2091533,0.20832692,0.604094,0.32020468,1.0,0.15310764,0.10304583,0.39295924
0.13549688,0.7613947,0.430719,0.13017328,0.6336837,0.5248351,0.3142735,0.049240172,0.07239289,0.7281292,0.34877858,0.8593925,0.5829972,0.20825587,0.6104019,0.31938663,0.24083814,0.50206465,0.104606144,0.3911003
0.13306883,0.76084983,0.06313505,0.3679504,0.6339162,0.5228855,0.31409055,0.06168435,0.56591886,0.72774154,0.34755653,0.85899615,0.21087149,0.68452746,0.6098826,0.3184508,0.24069545,0.15495352,0.44170913,0.39061293
0.13365594,0.7609132,0.06325135,0.12995394,0.83536255,0.5245097,0.31436568,0.06173989,0.072127804,0.14439632,0.3482031,0.8594901,0.21087138,0.20831078,0.40961957,0.3190635,0.24071302,0.15488385,0.104557134,0.9162434
0.7859555,0.76705635,0.06457303,0.09781638,0.47746962,0.8249449,0.31603947,0.062270675,0.08679376,0.37826866,0.61186236,0.8659525,0.21218434,0.20252201,0.27420896,0.6059731,0.24259114,0.15465768,0.10867861,0.2883122
0.16198751,1.0,0.10354038,0.107017204,0.5895912,0.63848144,1.0,0.094424024,0.06677421,0.7757568,0.3880522,1.0,0.3439233,0.19235449,0.6617969,0.34578356,1.0,0.2520314,0.09333616,0.36951745
0.16481528,0.67601836,0.45902297,0.10563359,0.5895302,0.64144194,0.27626735,0.029418737,0.06752707,0.78373796,0.38496405,0.7576043,0.4582852,0.19208029,0.668956,0.3439301,0.21471502,0.40711367,0.09460732,0.36658642
0.16455865,0.6761151,0.105055705,0.3432078,0.5896874,0.64019895,0.27669084,0.09427936,0.5866354,0.78371775,0.38360253,0.7574629,0.34615865,0.66880083,0.6688857,0.3431377,0.21467692,0.25415653,0.43770304,0.36631024
0.16458471,0.6760215,0.104997866,0.105323866,0.7901032,0.64153534,0.2766999,0.09438848,0.06749062,0.21286798,0.38437524,0.7579008,0.34617764,0.1919062,0.4583641,0.34347305,0.21459864,0.25428706,0.094489746,0.879703
0.54341215,0.68236405,0.106684506,0.08794387,0.44940132,0.80681574,0.2788333,0.09549098,0.0808583,0.45157382,0.5875794,0.76433825,0.35009784,0.18968245,0.35989094,0.5713056,0.21661884,0.25614583,0.097223215,0.267769
0.16569619,1.0,0.1047758,0.08885696,0.44992012,0.6451057,0.92893547,0.09543688,0.08075467,0.4518991,0.38905853,1.0,0.34783655,0.19016168,0.35978195,0.34641057,0.7671788,0.2551415,0.0966117,0.26984784
1.0,0.6227187,0.10112841,0.10330513,0.6026826,0.9049207,0.25793427,0.085244484,0.07682695,0.805449,1.0,0.70114565,0.3259808,0.2035266,0.69382894,0.76789093,0.19761501,0.23613793,0.10120934,0.37899926
0.15622437,1.0,0.100987576,0.10394149,0.60657465,0.6228717,1.0,0.0856495,0.07713438,0.805415,0.38519984,1.0,0.33215636,0.20465074,0.6927831,0.34421757,0.9765112,0.24469785,0.10154759,0.38464788
0.15694469,0.61340725,0.45629266,0.10254587,0.60636544,0.62751096,0.2528742,0.032923345,0.07754511,0.81286025,0.38213405,0.69177216,0.46769667,0.20416206,0.69927627,0.34280542,0.19391486,0.4135615,0.102644876,0.38119262
0.15687752,0.61306435,0.10252301,0.33981663,0.60656893,0.62764424,0.2528937,0.08526909,0.61051315,0.81284094,0.3809609,0.6914198,0.33423826,0.6815271,0.6990677,0.34177202,0.19388188,0.24642876,0.4463671,0.3808546
0.56087005,0.618492,0.104180254,0.090332456,0.45438784,0.8014985,0.25500107,0.08624447,0.092886984,0.45052582,0.58579654,0.6973781,0.33778742,0.2030845,0.3628908,0.57032305,0.1956417,0.24830641,0.105164155,0.2746197
0.15758523,1.0,0.10249993,0.09122071,0.45503563,0.63102144,0.90419817,0.08635797,0.09310175,0.45061672,0.3854697,1.0,0.33579034,0.20368887,0.3625882,0.34466675,0.74602157,0.24757151,0.10475024,0.27718988
1.0,0.55794245,0.10991837,0.09909705,0.58088654,0.89475477,0.23203108,0.08474845,0.08772844,0.8106085,1.0,0.6309265,0.35017997,0.21158929,0.70546687,0.77768624,0.17647925,0.2549994,0.10514426,0.370523
0.1667063,1.0,0.109661356,0.099654675,0.58481026,0.65152967,1.0,0.0848385,0.08810491,0.81099826,0.39694208,1.0,0.35607347,0.21252778,0.7045388,0.3542286,0.95389044,0.26350874,0.10555136,0.37663585
0.16787378,0.551784,0.46157017,0.0986153,0.58445233,0.6549134,0.22848214,0.0331593,0.08829519,0.81857437,0.393616,0.6240167,0.44448018,0.21204284,0.711271,0.3517889,0.17405471,0.39491862,0.1064813,0.37258458
0.16708252,0.55110776,0.11118409,0.33535486,0.58449715,0.6532497,0.22843662,0.084711924,0.62733984,0.8185124,0.39264032,0.62310207,0.35859525,0.68958944,0.71111774,0.3510286,0.17380986,0.26546186,0.45019537,0.37224188
0.1663746,0.55046374,0.11126,0.09842584,0.78482985,0.65382534,0.22852911,0.08479182,0.08848326,0.26279098,0.39295676,0.6233908,0.35886472,0.21207735,0.50469947,0.3511534,0.17357185,0.26567614,0.10643284,0.8818309
0.16749607,1.0,0.11116064,0.09097536,0.43298283,0.6581004,0.8459067,0.08572078,0.101400755,0.45250586,0.39785692,1.0,0.36030996,0.21255362,0.37347236,0.3547686,0.6968033,0.2666784,0.10809906,0.26792437
1.0,0.7718093,0.052909702,0.14354268,0.61108464,0.98263526,0.31791782,0.05994352,0.08227928,0.69670755,1.0,0.864982,0.17713568,0.22055341,0.577415,0.7419374,0.24590904,0.12580338,0.106296785,0.37161514
0.14128062,1.0,0.053676907,0.14411284,0.6148282,0.506351,1.0,0.060074512,0.08130102,0.69632506,0.34260044,1.0,0.18413526,0.22183712,0.5760636,0.3131538,1.0,0.13383007,0.10634757,0.37554088
0.13123262,0.75722843,0.05479586,0.3801234,0.61518276,0.5075937,0.3111112,0.06018813,0.55424356,0.7017249,0.3400417,0.8513389,0.18583491,0.6973271,0.58088577,0.31179667,0.24017794,0.13565691,0.43866825,0.37312347
0.1315748,0.756781,0.054548506,0.14190157,0.816968,0.5089805,0.31127593,0.059744738,0.08211117,0.123687044,0.33963192,0.8515543,0.18574253,0.2218087,0.38284668,0.3116301,0.23985389,0.13556206,0.10830309,0.8988432
0.76395184,0.7623551,0.055959225,0.10340888,0.4782339,0.8010535,0.31279927,0.060557477,0.088728085,0.39806986,0.59354275,0.85704345,0.18634532,0.21450661,0.28956527,0.5885222,0.24165964,0.13479467,0.11215626,0.28252044
0.13351412,1.0,0.05414468,0.104448505,0.4786101,0.50638574,1.0,0.06037286,0.088986956,0.397239,0.34304634,1.0,0.18525736,0.21501324,0.28842822,0.31237015,0.9213295,0.1347674,0.11156112,0.2837921
1.0,0.7976014,0.054988485,0.14314234,0.6044145,0.97586715,0.32776582,0.06575394,0.082348116,0.6880857,1.0,0.89138377,0.18596405,0.21636662,0.5704214,0.74135715,0.2543684,0.1315358,0.10479037,0.3677241
0.14029618,1.0,0.05561344,0.14397714,0.6084373,0.5107792,1.0,0.06570433,0.081168495,0.688797,0.34367222,1.0,0.19312206,0.21791221,0.5699144,0.31332332,1.0,0.13978565,0.104607195,0.37176234
0.13002002,0.7798635,0.05680986,0.37999794,0.60857147,0.5127046,0.3194477,0.0655076,0.55020624,0.69404614,0.3406801,0.87492466,0.19463004,0.69328254,0.5746151,0.31183168,0.24749187,0.14134774,0.43755546,0.36931968
0.13013141,0.77960825,0.05678113,0.14176676,0.8107237,0.51137334,0.3195543,0.0653467,0.0821392,0.12503646,0.34030512,0.87547797,0.19446951,0.21776801,0.38153857,0.31145665,0.24766922,0.1412752,0.10653958,0.8954225
0.742194,0.78378326,0.0576844,0.10327977,0.47506052,0.7909846,0.3208266,0.065910675,0.08496106,0.39864814,0.5876681,0.87942487,0.19466332,0.21012352,0.2917439,0.5814466,0.2489628,0.14011067,0.11005192,0.28083092
0.13114323,1.0,0.055974733,0.10432748,0.47537246,0.50946057,1.0,0.065847315,0.085125014,0.39807725,0.34298214,1.0,0.19369401,0.21083255,0.29058072,0.3118717,0.91299593,0.14020993,0.1093814,0.28200242
1.0,0.7571154,0.067625284,0.13870698,0.59255254,0.9420267,0.308659,0.07092091,0.08115578,0.70211864,1.0,0.84138167,0.22325656,0.21763235,0.585021,0.74694246,0.24194506,0.15906258,0.10344611,0.35904148
0.13791904,1.0,0.06736397,0.13894106,0.59458846,0.5493277,1.0,0.07069197,0.08008431,0.7015326,0.3545625,1.0,0.22904037,0.21841037,0.5829308,0.3202322,1.0,0.16684465,0.1031264,0.36283535
0.1329214,0.7390246,0.0686222,0.37497485,0.59490854,0.55244815,0.30044612,0.07069023,0.5561143,0.707252,0.35101166,0.8242596,0.2308717,0.69403195,0.588084,0.31860653,0.2354342,0.16873135,0.4359149,0.3604387
0.13170342,0.7388584,0.06845459,0.13676101,0.7966846,0.55234665,0.30100223,0.07053854,0.0812949,0.13684967,0.3513736,0.82492095,0.23071772,0.21827541,0.38979065,0.318558,0.235357,0.16856219,0.1051693,0.8829356
0.7103067,0.7456891,0.07009617,0.10024,0.45924845,0.80938244,0.30323532,0.071308255,0.088203825,0.40078688,0.600961,0.831724,0.23273185,0.21204677,0.29630652,0.59192413,0.23764224,0.1689036,0.10895633,0.2687331
0.13337314,1.0,0.06821699,0.101264454,0.45928285,0.5531556,1.0,0.07143801,0.088401,0.40051627,0.35612518,1.0,0.23121434,0.21244402,0.29536363,0.32084942,0.9051476,0.16839439,0.108091936,0.2699215
1.0,0.797687,0.05700353,0.13271564,0.6247741,0.984139,0.33070788,0.05701291,0.07260497,0.71543115,1.0,0.89872116,0.18776233,0.21048976,0.6016673,0.7473703,0.2531683,0.13440049,0.105182424,0.38711715
0.14619622,1.0,0.057900276,0.13331039,0.62885475,0.51454127,1.0,0.05718993,0.07201514,0.7162704,0.34998813,1.0,0.1945932,0.2119219,0.60116845,0.31958073,1.0,0.1427584,0.1053773,0.39132053
0.13703758,0.7810712,0.427666,0.13169803,0.62918985,0.5164053,0.32305595,0.05308364,0.07271861,0.72331554,0.34678274,0.8837577,0.5968043,0.21153997,0.60755247,0.31838682,0.24690695,0.51231843,0.10682308,0.38941842
0.13510974,0.7805627,0.058877606,0.36948383,0.62953717,0.51648206,0.32319847,0.057113692,0.56801564,0.7232345,0.3460813,0.8831276,0.1963033,0.6876885,0.60721195,0.31836417,0.24648307,0.14457467,0.44342262,0.38903603
0.13529967,0.7809551,0.059109405,0.13135606,0.83100426,0.5156303,0.32357335,0.056976225,0.07267636,0.1467861,0.34642333,0.88394564,0.19629082,0.21175113,0.41109806,0.31810564,0.24659093,0.14436418,0.1068598,0.9148421
0.82241285,0.7876695,0.060335513,0.09856046,0.46582973,0.83699185,0.32587337,0.057618085,0.09018324,0.3598472,0.62068176,0.89091027,0.19730258,0.20570199,0.2577142,0.6153888,0.24890599,0.14374872,0.11114449,0.2824502
1.0,0.7954838,0.05866635,0.13272455,0.62298834,0.97322243,0.32898936,0.060218524,0.07315096,0.71583223,1.0,0.8948582,0.19387718,0.2091305,0.6007816,0.747198,0.2528076,0.13864137,0.104400866,0.38462967
0.14164932,1.0,0.05948274,0.13357827,0.6272182,0.5219604,1.0,0.060196362,0.07224127,0.71720934,0.35053593,1.0,0.20103364,0.21043262,0.6009084,0.31961465,1.0,0.14713976,0.10431954,0.38890716
0.13357912,0.7813952,0.4291662,0.13187242,0.6273707,0.52401155,0.32212368,0.05063378,0.0731415,0.7243639,0.34802616,0.88210696,0.59099877,0.21029988,0.6072195,0.31858453,0.24728967,0.5082894,0.10578106,0.3870329
0.13271661,0.78107524,0.060608763,0.369748,0.62779075,0.5231142,0.32236505,0.060163733,0.56522447,0.7242639,0.34769806,0.88177276,0.20271017,0.68653375,0.60679024,0.31834748,0.24711807,0.14893772,0.44224706,0.386633
0.1318325,0.7807667,0.060680952,0.1316153,0.829225,0.5248453,0.32270503,0.060206234,0.07280881,0.14503247,0.34780926,0.8821336,0.20244555,0.21054891,0.40859482,0.31798017,0.24698198,0.14855032,0.105854474,0.9119941
0.7782298,0.78802294,0.061931137,0.09935537,0.4734065,0.81965256,0.32503563,0.06078867,0.08725467,0.37883452,0.60879004,0.88950413,0.20376967,0.20475417,0.27573738,0.6030464,0.24941276,0.14828715,0.10998655,0.28524116
1.0,0.78342336,0.054524347,0.1463656,0.598773,0.9722853,0.32204786,0.062422995,0.08283818,0.685856,1.0,0.8770842,0.18287061,0.22788763,0.57090443,0.73269,0.24937789,0.1295808,0.11115804,0.36550763
0.13404615,1.0,0.05495687,0.14698228,0.602308,0.4999899,1.0,0.062375758,0.08191233,0.6867756,0.33442095,1.0,0.18949848,0.22933707,0.57038534,0.30468124,1.0,0.13740674,0.1111601,0.36934215
0.12539397,0.769539,0.056126308,0.38303363,0.6026717,0.50069225,0.31562945,0.06234997,0.558749,0.69270587,0.3312163,0.8639284,0.19104554,0.7048959,0.5756281,0.3025522,0.24417534,0.1389021,0.44215357,0.36707854
0.12516057,0.77015907,0.056136396,0.14476606,0.80499357,0.50291014,0.31586847,0.062408075,0.08276665,0.1316224,0.33100963,0.8651737,0.19116539,0.22932172,0.38630354,0.30317762,0.2443368,0.13925238,0.11309755,0.893006
0.73628235,0.7748868,0.057327114,0.10787815,0.46759933,0.7831886,0.31737012,0.06288401,0.09174955,0.39106163,0.58055264,0.86994267,0.19180577,0.22235058,0.2870459,0.57454973,0.24592946,0.1386866,0.11682484,0.27749598
0.12646955,1.0,0.055544756,0.10898447,0.46773404,0.49945688,1.0,0.063045464,0.092032135,0.39034525,0.3339919,1.0,0.19083932,0.22302255,0.2859866,0.30331618,0.9117012,0.13848177,0.11616606,0.27871507
0.15756431,1.0,0.101747215,0.108038396,0.60078496,0.6224705,1.0,0.09203051,0.06930816,0.78400266,0.37995493,1.0,0.33729085,0.19800615,0.6696395,0.33897507,0.99778545,0.24737999,0.09726883,0.37765843
0.15809405,0.65714914,0.4576203,0.10670456,0.6004544,0.6255164,0.26950464,0.030232238,0.06997261,0.79177076,0.37776536,0.73772717,0.46404025,0.19764073,0.67657304,0.33740363,0.2084122,0.411607,0.098397896,0.37435475
0.15780862,0.656839,0.10325542,0.34407622,0.60061216,0.62637055,0.26948723,0.09205231,0.59289527,0.79158264,0.3772088,0.7371348,0.33980295,0.674205,0.6762844,0.33773836,0.20826869,0.24968542,0.44078955,0.3739275
0.15930633,0.6563893,0.10317072,0.10653864,0.8008255,0.6271677,0.26949358,0.09215516,0.06994883,0.21640545,0.3766986,0.7374993,0.3398063,0.19763015,0.46370685,0.3372139,0.20801303,0.24966195,0.098272584,0.8879719
0.55772215,0.6625795,0.104894035,0.090053834,0.45543537,0.7988153,0.27162814,0.0933607,0.0848096,0.44808242,0.5841165,0.7435575,0.3434973,0.19556579,0.3564252,0.56862575,0.20992896,0.25148267,0.10134168,0.27258638
0.15952162,1.0,0.102824114,0.09097793,0.45589292,0.6296056,0.9306592,0.09309193,0.08502434,0.44800436,0.38181835,1.0,0.34117085,0.19597569,0.3560078,0.3404221,0.7689132,0.25038803,0.100450836,0.27487424
0.15934624,1.0,0.10296892,0.103148356,0.6183196,0.6301758,1.0,0.095053,0.06877313,0.8080147,0.38417962,1.0,0.34259516,0.19337103,0.6893839,0.34280977,0.9904428,0.25106156,0.095178366,0.38810915
0.15969965,0.6283703,0.4587025,0.10199895,0.617985,0.6318319,0.2574325,0.029328031,0.06952254,0.81556624,0.38130727,0.70517325,0.46016273,0.19299608,0.696445,0.34119678,0.19910334,0.4087627,0.09616423,0.3845881
0.1597771,0.62889636,0.10467417,0.33908385,0.61846966,0.63286954,0.25788838,0.094732076,0.5965293,0.81583875,0.38101205,0.70560765,0.34514397,0.6698733,0.6963863,0.34106064,0.19948177,0.25314632,0.44046903,0.38442573
0.15953903,0.6284851,0.10438636,0.10176263,0.8179729,0.63168824,0.2581693,0.094970904,0.06968004,0.2275754,0.38012183,0.70618844,0.34483323,0.19303499,0.47388586,0.34062496,0.19945002,0.2530663,0.09608812,0.897188
0.52999705,0.6341691,0.10611255,0.08788114,0.47701293,0.7919595,0.25996917,0.095957175,0.08327301,0.48051363,0.577288,0.71173006,0.34864512,0.19149768,0.38470685,0.5607537,0.20109597,0.25503188,0.098975174,0.28514817
0.16119945,1.0,0.1043948,0.08861739,0.47766677,0.63715506,0.88380426,0.0960263,0.08361752,0.48081085,0.38551494,1.0,0.34670347,0.1920638,0.38440412,0.34403723,0.729463,0.25413653,0.09831121,0.28772387
1.0,0.779433,0.075463556,0.13160926,0.59534246,0.93598086,0.3184767,0.07764665,0.07607631,0.7148988,1.0,0.86696833,0.24890997,0.20843203,0.5987236,0.7426381,0.24929337,0.17790194,0.10028091,0.36371404
0.13331485,0.76270366,0.44007432,0.1303797,0.598844,0.549752,0.31033567,0.037240133,0.07612401,0.7212127,0.34863174,0.8514193,0.5399672,0.2095025,0.6033564,0.31499878,0.24300954,0.47036594,0.10192113,0.36552474
0.13268562,0.7633139,0.07690365,0.36806285,0.599326,0.5516068,0.31071156,0.077799045,0.55996823,0.7210519,0.34801367,0.8518943,0.25744316,0.6852805,0.60319036,0.3147678,0.24319772,0.18799083,0.43580028,0.3654869
0.13208751,0.76360846,0.07673313,0.1302532,0.80167043,0.5512514,0.31114483,0.07781615,0.076035574,0.14843048,0.34739542,0.85273147,0.25762463,0.20996186,0.40310517,0.31453204,0.24312547,0.1880183,0.10210112,0.8876975
0.64399004,0.76960635,0.07816778,0.0996734,0.46917224,0.77429146,0.31319568,0.07865905,0.082025506,0.42275548,0.57406116,0.85915047,0.25964707,0.20446458,0.3203984,0.56410664,0.24521199,0.18864456,0.105602875,0.2768074
0.13333212,1.0,0.07630217,0.10070565,0.4696135,0.5522173,1.0,0.07866638,0.082166426,0.4226208,0.35193494,1.0,0.25801876,0.20515169,0.31987396,0.31670222,0.85469604,0.18793432,0.1046496,0.27846646
1.0,0.7482367,0.056665357,0.12562762,0.62220067,0.97723705,0.3107183,0.05453771,0.07409293,0.7464373,1.0,0.8437344,0.1853329,0.21790072,0.63492274,0.7602919,0.23735097,0.13303058,0.10956582,0.38870966
0.1479424,1.0,0.05750348,0.12624933,0.6266119,0.5409586,1.0,0.055040374,0.073963344,0.7472163,0.36388037,1.0,0.19257547,0.21907407,0.6343883,0.33271578,1.0,0.14159708,0.1100513,0.39358193
0.13988158,0.73426235,0.42742223,0.124872,0.62674487,0.542803,0.30374187,0.05516096,0.074591175,0.7544438,0.36168802,0.8310981,0.59862834,0.21892418,0.6409393,0.33106637,0.23193328,0.5134293,0.111256726,0.39129847
0.13876534,0.73183864,0.05831769,0.36172715,0.62553567,0.5416887,0.3032521,0.054695163,0.5894658,0.75355,0.36099032,0.8282206,0.19344199,0.69418925,0.6397293,0.33092704,0.23121737,0.14272848,0.4485898,0.3905163
0.13769847,0.7328312,0.058634613,0.12460657,0.82829046,0.5423756,0.30374143,0.054771286,0.07435037,0.17810023,0.36152798,0.8301865,0.19415157,0.21892327,0.43923485,0.33076894,0.2312528,0.14317182,0.11131186,0.91322154
0.7995238,0.73896664,0.0598965,0.09946098,0.45186463,0.8461171,0.30572662,0.055481665,0.09771326,0.35844234,0.62857896,0.83638686,0.19508576,0.21473879,0.26367825,0.6224255,0.2333511,0.14257668,0.11505709,0.27536678
1.0,0.61536527,0.106589146,0.109116994,0.58232623,0.8882282,0.2509327,0.093687505,0.073974095,0.77748626,1.0,0.6853125,0.34602764,0.206535,0.6651912,0.7621296,0.19635606,0.25026527,0.09908777,0.36237144
0.16244243,1.0,0.106480025,0.1097259,0.5862161,0.62994915,1.0,0.0940707,0.07404288,0.77817136,0.38000542,1.0,0.35224447,0.20768866,0.6647332,0.33818653,0.97590095,0.25870523,0.09901371,0.36794087
0.16442755,0.60742456,0.4607136,0.10832486,0.5861499,0.63243085,0.24664189,0.029678581,0.07507773,0.7857414,0.3772199,0.67681223,0.45038256,0.2073802,0.671372,0.3364817,0.19355923,0.40076777,0.1004785,0.36488298
0.16518807,0.60751796,0.10804444,0.10807151,0.7866493,0.6328243,0.24707523,0.093836255,0.07500222,0.21560147,0.3766997,0.6775742,0.35445666,0.20732266,0.46026644,0.33567291,0.19348314,0.26067787,0.10030071,0.8767458
0.6039422,0.61384124,0.10994056,0.088907145,0.42758444,0.8266152,0.24907044,0.095024236,0.09271314,0.41249493,0.60553205,0.6834001,0.3587656,0.20473804,0.32352164,0.59104395,0.19553904,0.26287648,0.103287816,0.25357196
0.16642864,1.0,0.107730135,0.09007667,0.42789215,0.63773257,0.9773911,0.094912075,0.09297123,0.41206864,0.38110632,1.0,0.35588625,0.20537327,0.3227884,0.33901513,0.8104794,0.2613465,0.10263478,0.25582662
0.15124118,1.0,0.09880784,0.10920274,0.6092694,0.60678554,1.0,0.09100864,0.07013738,0.7868694,0.37367195,1.0,0.32836843,0.20033784,0.6703205,0.3341886,0.9958192,0.24073856,0.097766005,0.38173085
0.15094815,0.6507973,0.4555816,0.10777111,0.6090023,0.6086802,0.26626346,0.030580929,0.07076913,0.79439646,0.37040716,0.72962916,0.47249335,0.1999841,0.677045,0.33238608,0.20650917,0.4181586,0.09890636,0.37844107
0.1514692,0.6500719,0.10030823,0.3452876,0.6093218,0.6084477,0.2663343,0.09077548,0.5923826,0.79456353,0.37037772,0.7291002,0.33072898,0.67645234,0.6768648,0.3324098,0.20632544,0.24278954,0.4402681,0.3782562
0.15277424,0.6500863,0.100212336,0.1076884,0.8095773,0.6094989,0.26639614,0.09066493,0.07073848,0.21250227,0.37032238,0.7295775,0.33068237,0.1998647,0.4609227,0.33224705,0.20626445,0.2427286,0.09892954,0.8928383
0.57553375,0.6561487,0.10198942,0.09058963,0.46309787,0.7916261,0.26854676,0.09181173,0.086115964,0.44944033,0.5817029,0.7358944,0.3342871,0.19779246,0.35524777,0.567549,0.20833033,0.24450995,0.101808354,0.2763976
0.15276751,1.0,0.10012776,0.09133979,0.4637695,0.61214083,0.93856287,0.0918074,0.08616878,0.4496152,0.37456974,1.0,0.33234248,0.19823809,0.35482553,0.33491805,0.77594745,0.24367166,0.10121316,0.27873263
1.0,0.62402123,0.1002749,0.103201896,0.5951907,0.9065562,0.258451,0.082994305,0.07743531,0.798673,1.0,0.7030372,0.32228294,0.20441543,0.689514,0.7735855,0.19801573,0.23387936,0.10147718,0.37570915
0.1587623,1.0,0.100084886,0.103701375,0.5990588,0.6314069,1.0,0.08341922,0.07786199,0.7988281,0.3906566,1.0,0.32881594,0.20543885,0.688659,0.34959447,0.97712857,0.2425155,0.1018558,0.3814442
0.15670699,0.61571056,0.45571104,0.1025243,0.5987947,0.6325381,0.25408456,0.034070913,0.078016326,0.80649865,0.3871049,0.6945139,0.47069195,0.20504932,0.6954222,0.3472352,0.19477431,0.41574,0.10287464,0.37815654
0.15711372,0.6141084,0.10151482,0.339512,0.59913415,0.6338489,0.25315186,0.08305823,0.6111473,0.806295,0.38711488,0.6928501,0.33106422,0.6818998,0.69514567,0.3476894,0.19425002,0.24440767,0.44589365,0.37775603
0.5527977,0.6206099,0.10316509,0.09057467,0.44909087,0.8037534,0.25599432,0.084000856,0.093082495,0.44860485,0.58607066,0.6999598,0.3342486,0.2041134,0.36349735,0.5707118,0.19619706,0.24590202,0.105493866,0.2728839
0.15845513,1.0,0.101568736,0.09137198,0.44983143,0.63645047,0.89188296,0.08396684,0.09334933,0.44871992,0.39153102,1.0,0.33247167,0.20481595,0.36321425,0.3500252,0.73543894,0.24534868,0.104869775,0.27565
1.0,0.7987109,0.07650999,0.13298343,0.60622346,0.9261561,0.32443783,0.08071515,0.080394685,0.71657753,1.0,0.8832819,0.25365952,0.19968155,0.59254634,0.7406794,0.25634047,0.18107648,0.09413203,0.3648827
0.13510562,0.78161466,0.44109294,0.1317327,0.6098677,0.5551009,0.31586152,0.035142977,0.08040774,0.7226407,0.34690535,0.867433,0.53565663,0.2009508,0.5968958,0.31316638,0.24989772,0.46741503,0.09568337,0.36693457
0.13521938,0.7813651,0.07796039,0.36914614,0.61022305,0.5575267,0.31604955,0.0809891,0.5441454,0.72246057,0.34642136,0.86707497,0.26227662,0.676348,0.59646916,0.31347775,0.24974553,0.19109906,0.42834684,0.36685374
0.13356028,0.78075355,0.0778079,0.13145988,0.81145805,0.5560393,0.3160554,0.08083135,0.08039032,0.12835225,0.34589487,0.8668845,0.26238662,0.20110734,0.38541076,0.31244776,0.24966963,0.19108194,0.09589122,0.889008
0.619913,0.78807265,0.07919466,0.09711786,0.4909647,0.7667084,0.31858408,0.08179088,0.07495241,0.45091006,0.5669984,0.87442994,0.26462752,0.19490443,0.33910385,0.5566758,0.25194797,0.19217221,0.09876152,0.28515607
0.13561888,1.0,0.07740367,0.09808235,0.4910127,0.55749136,1.0,0.08199022,0.074863456,0.45072773,0.35054502,1.0,0.26286888,0.19545825,0.3383641,0.31492406,0.848758,0.19117902,0.09781953,0.2865106
1.0,0.78379416,0.06362003,0.12760623,0.61834234,0.9625604,0.32412425,0.060100406,0.0708181,0.7283293,1.0,0.88127595,0.2070102,0.2075379,0.6150786,0.7542002,0.2490161,0.14870138,0.103572726,0.38367435
0.14274453,1.0,0.06411509,0.12833603,0.62263304,0.54295105,1.0,0.060720205,0.07038057,0.72905517,0.36062297,1.0,0.21402428,0.20896092,0.61451405,0.3279735,1.0,0.15708484,0.10377722,0.3881051
0.13660045,0.7677784,0.4317726,0.12688926,0.62254107,0.54526466,0.3170719,0.050740987,0.07105942,0.73593813,0.35815498,0.8668553,0.5782052,0.20868362,0.62066984,0.32658684,0.24293669,0.49829945,0.105062045,0.38600034
0.13451357,0.7665636,0.065192975,0.36444354,0.62280184,0.5464332,0.31642795,0.06045183,0.5725054,0.73552656,0.3575829,0.8656954,0.21602117,0.6846402,0.62027985,0.32644758,0.24253283,0.15900886,0.44265637,0.38563877
0.13456355,0.7669291,0.065117896,0.12652327,0.8245018,0.54674834,0.31678656,0.060469262,0.07096132,0.1598611,0.35728595,0.86657536,0.2157289,0.20877433,0.421582,0.326,0.2425839,0.15898743,0.10519998,0.90976065
0.76734275,0.77388394,0.066450864,0.09753955,0.46203786,0.8309958,0.31902158,0.061117567,0.08834896,0.37295085,0.61734724,0.8736293,0.21735072,0.20384905,0.27409673,0.6104333,0.24471343,0.1588145,0.109233886,0.27931166
