0.12743694,1.0,0.070682235,0.13983269,0.6008344,0.5250335,1.0,0.07837787,0.08668401,0.6938417,0.3412411,1.0,0.24137379,0.2070598,0.575448,0.30631196,1.0,0.17366958,0.100688025,0.36049613
0.12681238,1.0,0.07076008,0.13992473,0.6002257,0.5247722,1.0,0.07853964,0.08638833,0.6936139,0.34136057,1.0,0.24139845,0.20693997,0.5751674,0.30641288,1.0,0.17359033,0.100612484,0.36034334
0.12653689,1.0,0.07055225,0.13994467,0.59984356,0.5244917,1.0,0.07828529,0.08635375,0.6934861,0.3414513,1.0,0.24113075,0.20695849,0.5750638,0.3061613,1.0,0.17350873,0.10054137,0.36021525
0.1266957,1.0,0.07062775,0.1398974,0.5995934,0.52430296,1.0,0.07847512,0.08636046,0.6932518,0.34142047,1.0,0.24125747,0.20700988,0.57487947,0.3065029,1.0,0.1735659,0.100444876,0.36002555
0.12638696,1.0,0.07052339,0.13976042,0.59929425,0.5240766,1.0,0.07829453,0.08631892,0.69305694,0.34127575,1.0,0.24088274,0.20678136,0.57457685,0.30633867,1.0,0.17331739,0.10041706,0.36000335
0.12597096,1.0,0.07069275,0.13996024,0.5992949,0.5242139,1.0,0.07825823,0.08622538,0.6930945,0.34158298,1.0,0.24110007,0.20701183,0.5746501,0.3065821,1.0,0.17355275,0.100463755,0.3599701
0.1294606,1.0,0.07708122,0.13433123,0.59858483,0.5424582,1.0,0.08015046,0.08125405,0.7119105,0.34694222,1.0,0.26062998,0.2084209,0.59554493,0.31015626,1.0,0.1882662,0.10223362,0.36207163
0.12983765,1.0,0.07719796,0.13426502,0.59849775,0.5429888,1.0,0.08014989,0.08125006,0.71179515,0.34719014,1.0,0.26084363,0.20844452,0.59547246,0.31009904,1.0,0.18844773,0.10229615,0.36188477
0.13013181,1.0,0.07718877,0.13429162,0.59846675,0.54322684,1.0,0.080345444,0.08124757,0.71203864,0.34714535,1.0,0.26061743,0.20842847,0.5953936,0.31046984,1.0,0.18812326,0.102211945,0.36197886
0.12952945,1.0,0.07719638,0.13429278,0.5988287,0.54289144,1.0,0.08007439,0.081327066,0.7122623,0.34727463,1.0,0.26094815,0.20856799,0.5956713,0.3104397,1.0,0.18846121,0.10222597,0.3621615
0.12939286,1.0,0.07716798,0.13435784,0.5983564,0.5427195,1.0,0.08025286,0.08136362,0.71176153,0.34733212,1.0,0.2606642,0.20837118,0.5953504,0.3103708,1.0,0.18830091,0.102189265,0.3619556
0.12981045,1.0,0.07722577,0.13443016,0.5983358,0.5427454,1.0,0.08031994,0.081250004,0.7118009,0.3472378,1.0,0.26094314,0.20846368,0.595375,0.31048557,1.0,0.18841009,0.102157384,0.36195716
1.0,0.6530048,0.10239612,0.108796835,0.5635046,0.88029927,0.26899937,0.09372166,0.07592739,0.76662827,1.0,0.7303079,0.3336537,0.19999869,0.6629483,0.77594197,0.20748998,0.2389307,0.101818494,0.35071883
1.0,0.65272266,0.102243125,0.10884237,0.56284696,0.87428707,0.2691936,0.09380967,0.075789765,0.76593757,1.0,0.7299106,0.33340845,0.19977173,0.6625301,0.7758736,0.20750672,0.23875797,0.10173494,0.3501242
1.0,0.65265614,0.102148406,0.10875491,0.56260765,0.87238187,0.2693723,0.09376128,0.0756684,0.7656194,1.0,0.7297729,0.33305192,0.19976607,0.6620136,0.7760392,0.20743546,0.23858255,0.10154532,0.35004824
1.0,0.6521127,0.10216056,0.10879408,0.5625911,0.8705918,0.26895818,0.09392542,0.075624645,0.7655359,1.0,0.7293926,0.33332834,0.19957447,0.66206557,0.7755828,0.20721786,0.23883498,0.10162655,0.34988546
1.0,0.6519598,0.10216586,0.108833864,0.56252855,0.8699895,0.26911473,0.093711555,0.075609535,0.7651691,1.0,0.7292329,0.33314428,0.19949874,0.6618465,0.7759266,0.20706582,0.23864156,0.101540715,0.34978142
1.0,0.65153486,0.10226206,0.10873062,0.5622737,0.8695367,0.26884794,0.09389625,0.07560321,0.7650988,1.0,0.72875875,0.3333965,0.19953911,0.6618126,0.7757065,0.20713644,0.23871858,0.10148766,0.34971267
0.13217811,1.0,0.07194746,0.14148146,0.58149487,0.5339803,1.0,0.078099184,0.08620521,0.6823511,0.346168,1.0,0.24480897,0.21256483,0.56859106,0.31075153,1.0,0.17641516,0.10325558,0.35041395
0.13124904,1.0,0.07206249,0.14149708,0.58168614,0.53385586,1.0,0.07814247,0.08617684,0.6825095,0.34583184,1.0,0.24485248,0.21268786,0.5686732,0.3104854,1.0,0.17648493,0.10327654,0.3505328
0.1306569,1.0,0.07174831,0.14149751,0.58178097,0.53364,1.0,0.078155704,0.086186536,0.68247676,0.34553307,1.0,0.24469303,0.21282154,0.5685982,0.3101843,1.0,0.17627585,0.10339304,0.35072058
0.13001673,1.0,0.07203836,0.14134425,0.5819036,0.5338955,1.0,0.07803851,0.08614787,0.6826914,0.34587428,1.0,0.2448893,0.21271388,0.56874573,0.31042144,1.0,0.17655589,0.103376895,0.35075882
0.1296826,1.0,0.07199645,0.14124614,0.58190733,0.5333047,1.0,0.07799968,0.086046785,0.6826636,0.34548357,1.0,0.24477476,0.21282993,0.5686526,0.31002876,1.0,0.17635076,0.10350737,0.3507819
0.12965822,1.0,0.07196994,0.14143674,0.58197784,0.5337121,1.0,0.07806811,0.086147904,0.6828418,0.3453905,1.0,0.24473518,0.21267131,0.5688711,0.31010008,1.0,0.17641711,0.10332262,0.35080877
0.1545971,0.636817,0.10434819,0.35603857,0.5756909,0.61485726,0.25926706,0.08937191,0.61444056,0.76444423,0.37218535,0.7063328,0.3403007,0.7001563,0.6574883,0.33140177,0.20274615,0.2484153,0.46376127,0.35575476
0.1547148,0.63663095,0.10432666,0.3557175,0.5757371,0.6146951,0.25945243,0.08953234,0.6143061,0.7643645,0.37184486,0.7064026,0.3405646,0.70002043,0.65753406,0.3311729,0.20275493,0.24865279,0.46345156,0.35570952
0.15451157,0.6362461,0.10434789,0.35549816,0.57597303,0.6147559,0.25932568,0.089425795,0.6143579,0.7643452,0.37175742,0.70611787,0.34041834,0.70011985,0.6576238,0.3310165,0.2026973,0.248504,0.46331245,0.35574567
0.15480259,0.63674814,0.1045304,0.35543174,0.576219,0.6149863,0.2595835,0.08954093,0.61427283,0.764555,0.37181073,0.7065984,0.34073958,0.70011,0.6577443,0.33098343,0.20270202,0.24883473,0.46336976,0.3557761
0.15501466,0.6362811,0.10438405,0.35519293,0.57581484,0.6148668,0.25952938,0.08949599,0.6142199,0.76440316,0.37158298,0.7061116,0.34012187,0.6997623,0.6575486,0.33122912,0.20263138,0.24849667,0.46319035,0.35561594
0.15513021,0.63684106,0.104456566,0.35527116,0.5760592,0.61528367,0.25971973,0.089476995,0.6142934,0.7645361,0.37162164,0.7067763,0.34090483,0.7002999,0.6578368,0.33119336,0.20278297,0.24875288,0.4631439,0.35564172
0.12461699,0.79660493,0.43286473,0.14085509,0.5929594,0.5227913,0.32516578,0.03948076,0.08774813,0.684264,0.33874702,0.8851047,0.5626153,0.21029744,0.5691459,0.3065536,0.25372362,0.48506376,0.10530578,0.3547903
0.124403626,0.79639775,0.4329721,0.14080684,0.59300363,0.523362,0.32484984,0.039416518,0.08769626,0.6845961,0.33880553,0.8851331,0.5623504,0.21040434,0.5692727,0.3064879,0.2536885,0.48483762,0.105396,0.35486338
0.12466801,0.79622406,0.43299228,0.14091443,0.5932974,0.5236438,0.32503352,0.039376505,0.08755385,0.6846199,0.33902776,0.8851607,0.5626961,0.21047287,0.56935066,0.30691186,0.2535327,0.4849927,0.10539178,0.35502663
0.12419427,0.79632944,0.43285638,0.14087434,0.593234,0.5233386,0.32494763,0.039529122,0.08766426,0.68466157,0.33908778,0.8851083,0.5626452,0.21036743,0.5692199,0.3069418,0.25359607,0.48520577,0.10546488,0.35506526
0.12417615,0.7965246,0.4328883,0.14088154,0.59330916,0.5232184,0.32490516,0.039470825,0.087607525,0.68441993,0.33896506,0.8853725,0.56258094,0.21048972,0.56936246,0.30671775,0.2536485,0.48498097,0.105450444,0.35503966
0.12407177,0.7966044,0.43286568,0.14076501,0.5930568,0.52342445,0.3251586,0.039228518,0.087685205,0.6845902,0.33897611,0.8855488,0.562487,0.21045248,0.56930184,0.30690423,0.25374693,0.48493907,0.10546492,0.35495317
0.53757274,0.5903041,0.10735029,0.09336103,0.40759203,0.8105194,0.2452147,0.08481985,0.107757725,0.42789498,0.5932655,0.66468847,0.34546262,0.21589047,0.355423,0.5738919,0.18609633,0.25267884,0.116076484,0.24692166
0.5397197,0.5898734,0.10760126,0.09338927,0.40737486,0.8085223,0.24472047,0.08514799,0.10784163,0.42659208,0.59517884,0.66377604,0.34588462,0.21580042,0.354268,0.57463187,0.1859464,0.252946,0.116110384,0.24661684
0.5404356,0.5899998,0.10747266,0.09330942,0.40704688,0.8069053,0.24512261,0.08497902,0.10768032,0.4259949,0.59586465,0.6638882,0.34561512,0.2157247,0.35377875,0.5749564,0.18612069,0.25271124,0.11607641,0.24631283
0.5408431,0.58968276,0.10751744,0.09326715,0.4070479,0.80658793,0.24483566,0.08518993,0.10761835,0.42554483,0.59638774,0.663625,0.34590515,0.21565154,0.35336426,0.5753656,0.18597077,0.25291795,0.11607684,0.24627502
0.541655,0.58978707,0.10747996,0.0932819,0.40697637,0.8063377,0.24471204,0.08500657,0.10757862,0.42525402,0.59695715,0.66359675,0.34576872,0.21563031,0.35300732,0.5756766,0.18589954,0.25285515,0.11604119,0.2462671
0.5419527,0.5898219,0.10753813,0.09320908,0.40682343,0.8055653,0.24491906,0.08494509,0.107667126,0.42491964,0.5973406,0.66366374,0.3460747,0.21568212,0.35291335,0.57574594,0.1858752,0.25289539,0.11611891,0.24600296
0.13294059,1.0,0.057525914,0.10210804,0.4663042,0.50538725,1.0,0.05859606,0.09371851,0.3585844,0.34668404,1.0,0.19361897,0.20636702,0.26002496,0.3143469,0.97479403,0.1405721,0.116301745,0.28089806
0.13245502,1.0,0.057470597,0.102134705,0.46658793,0.50529546,1.0,0.058517147,0.09370373,0.3591169,0.34694645,1.0,0.19357951,0.2063149,0.26049754,0.31439358,0.9763232,0.14050621,0.11625202,0.2810352
0.13195612,1.0,0.057422996,0.10216769,0.46664014,0.5051561,1.0,0.058554642,0.09355942,0.35920197,0.34716088,1.0,0.1935372,0.20635282,0.2604435,0.31439233,0.9770536,0.14061472,0.11644938,0.28118628
0.13122003,1.0,0.057452273,0.10217766,0.46651432,0.50452286,1.0,0.058493473,0.09373997,0.35935688,0.34729576,1.0,0.1935052,0.20640516,0.2605997,0.31434625,0.97778577,0.14066699,0.116379194,0.28123102
0.13119334,1.0,0.057464607,0.10226151,0.4666301,0.5047482,1.0,0.058680914,0.093883835,0.3592951,0.3472574,1.0,0.19370551,0.20660523,0.26068288,0.3144507,0.9784847,0.14060292,0.11649588,0.28145596
0.1304947,1.0,0.05747251,0.102090284,0.46650374,0.5047895,1.0,0.05859139,0.09370197,0.35938358,0.34726998,1.0,0.19349308,0.2064373,0.26068735,0.31422564,0.9784314,0.14041926,0.116293624,0.2813581
0.14448684,0.68227094,0.10077392,0.3578978,0.58249503,0.5915742,0.27834833,0.08880151,0.60542756,0.75450826,0.36185932,0.7576164,0.3305439,0.6955836,0.6463456,0.3225808,0.2172506,0.24096873,0.46122977,0.35839072
0.144501,0.6815136,0.10110444,0.3578389,0.5827036,0.5922932,0.27828184,0.08885692,0.60520756,0.7549857,0.3617497,0.75708485,0.33095542,0.6957271,0.6467925,0.3228764,0.21688683,0.2413713,0.46114454,0.35840616
0.14465675,0.6817536,0.10112284,0.35765842,0.5826854,0.5921419,0.27825496,0.08890835,0.60541046,0.7551739,0.3615603,0.757363,0.33081457,0.6958804,0.64699316,0.32286948,0.21710113,0.24131969,0.46114942,0.3582522
0.14518781,0.68152696,0.101286165,0.3576436,0.582706,0.59225255,0.27823383,0.08876889,0.605375,0.7556003,0.3614826,0.7570155,0.33141044,0.69574946,0.647048,0.32253972,0.2169424,0.24166103,0.46105698,0.35825273
0.14530712,0.6813354,0.10103529,0.35760638,0.58267087,0.59242517,0.2782317,0.08872171,0.6054441,0.7554533,0.36143327,0.75692296,0.33100125,0.69564927,0.64703244,0.32283235,0.2169126,0.24155062,0.460975,0.35808048
0.14512572,0.68140876,0.101217374,0.35762697,0.58286405,0.5926941,0.27805457,0.08879359,0.60539347,0.7555375,0.36148724,0.75697654,0.33131835,0.6957576,0.64718777,0.32282764,0.21690816,0.24175242,0.46098012,0.35819027
0.52762055,0.5827986,0.10879214,0.09254728,0.4290011,0.7885628,0.24238823,0.08455479,0.10620434,0.442658,0.58270067,0.6565316,0.34940484,0.21272385,0.3680993,0.5624721,0.1835317,0.2558874,0.11504251,0.26065916
0.5291796,0.5832813,0.10890305,0.092562824,0.4289225,0.7881417,0.24244884,0.08472822,0.10620468,0.44219154,0.58408344,0.65695363,0.34958774,0.21270917,0.36749524,0.56336737,0.18371312,0.25602317,0.11497328,0.260529
0.53022295,0.5828096,0.108950265,0.09247068,0.4288469,0.78776014,0.24228711,0.08446672,0.1060358,0.44172415,0.58454716,0.65655804,0.34936523,0.21277636,0.36708724,0.56359524,0.18356146,0.25575805,0.11511261,0.26044533
0.5307771,0.5828226,0.10896048,0.09244817,0.428769,0.78767467,0.24236695,0.08459092,0.10609512,0.44158047,0.5848032,0.6563137,0.34964585,0.21274027,0.36694977,0.5637605,0.18350865,0.25606722,0.11511857,0.2604622
0.5307442,0.5825445,0.10886904,0.0924633,0.42882055,0.78744984,0.24229544,0.08472633,0.10601147,0.44153908,0.58492297,0.65620357,0.34940264,0.21269454,0.36688614,0.5637895,0.1834532,0.25573123,0.11508853,0.2603917
0.53103703,0.58311415,0.108993396,0.09259421,0.42888957,0.7874041,0.24237098,0.084519714,0.10607744,0.44156617,0.5851579,0.65667534,0.34966314,0.21268834,0.36681494,0.56395245,0.183648,0.2561126,0.115140505,0.26047066
0.12346487,0.79405004,0.42948306,0.14379711,0.5881907,0.49076334,0.32548538,0.04124336,0.08872387,0.67013246,0.3286809,0.8857781,0.5791671,0.21583258,0.5581724,0.29959565,0.25227728,0.49779183,0.109513015,0.35351864
0.122626625,0.7941693,0.42949292,0.14394411,0.588338,0.49091813,0.32558444,0.0410345,0.088604026,0.67081296,0.32896602,0.8860381,0.57899106,0.21613394,0.5587812,0.29961938,0.25239488,0.4976193,0.10944562,0.3536948
0.12221273,0.794463,0.42952132,0.14396249,0.58833665,0.49075088,0.3256834,0.041143544,0.088565,0.6708328,0.32912442,0.8863642,0.5791238,0.21622337,0.55892587,0.29985732,0.25226787,0.49763083,0.10950477,0.3537261
0.12241773,0.7947518,0.4295986,0.14401217,0.5886154,0.49106255,0.32584864,0.04131888,0.08843694,0.67128783,0.32916355,0.8869393,0.578993,0.21634817,0.55921197,0.29990345,0.2525104,0.4977749,0.109545924,0.3538538
0.12265927,0.7942743,0.42941654,0.1438795,0.5886294,0.49131417,0.3257559,0.041117877,0.088438846,0.67140967,0.32922047,0.8862947,0.57902306,0.2163861,0.5592938,0.30000907,0.2524022,0.49759227,0.10946001,0.35393426
0.122077994,0.7947567,0.4295316,0.14385563,0.58859766,0.49138615,0.32631925,0.04148571,0.08836134,0.6714536,0.32894072,0.88718486,0.5792446,0.21654147,0.5593599,0.3002446,0.25257978,0.49782178,0.10950173,0.3537947
1.0,0.63493687,0.107071884,0.1053344,0.58457863,0.88471997,0.26249218,0.09653156,0.07459013,0.78133446,1.0,0.7110501,0.348003,0.19566727,0.6735813,0.7643503,0.20135522,0.24972442,0.10014903,0.36170337
1.0,0.63627297,0.10680557,0.10536204,0.5842074,0.87963736,0.26321077,0.09671565,0.07439431,0.7807629,1.0,0.7125094,0.34764513,0.19545299,0.67312115,0.76453996,0.2018314,0.24943557,0.09979658,0.36158076
1.0,0.63602036,0.106599346,0.1053689,0.58411527,0.8778288,0.26309592,0.096586086,0.0744575,0.78062683,1.0,0.71235013,0.34766355,0.19539854,0.6731238,0.764468,0.20183456,0.24938856,0.09970771,0.36146548
1.0,0.6368869,0.10676559,0.10537778,0.5840703,0.87707436,0.26365498,0.096608296,0.074354716,0.7807084,1.0,0.7129898,0.3475513,0.19538718,0.6730809,0.76436424,0.20205523,0.24921627,0.09971033,0.3615015
1.0,0.6364303,0.106544696,0.10543777,0.58388054,0.87628627,0.26339814,0.096683405,0.074298285,0.78069127,1.0,0.7127219,0.34750214,0.19538462,0.67308116,0.76430017,0.20200902,0.24927688,0.0996545,0.36140877
1.0,0.6372074,0.10671176,0.1054588,0.58383787,0.8760259,0.26336297,0.096665815,0.07429966,0.78063655,1.0,0.7133051,0.34767377,0.19533212,0.67307,0.7644579,0.20218182,0.24934314,0.09959971,0.3613509
0.13315432,1.0,0.060813278,0.10015577,0.4598722,0.5312102,1.0,0.062040694,0.09599698,0.36109665,0.3588917,1.0,0.2055025,0.20700747,0.26355118,0.32384828,0.9678927,0.14931875,0.11575835,0.27638608
0.131735,1.0,0.061031055,0.10020783,0.46014977,0.5308051,1.0,0.061995044,0.096154414,0.3609943,0.3589079,1.0,0.20543145,0.20719977,0.26364708,0.32362306,0.96901405,0.14914018,0.115824066,0.27646124
0.13132396,1.0,0.061068367,0.100243576,0.460337,0.5307525,1.0,0.061994374,0.09601986,0.36113968,0.35871446,1.0,0.20582236,0.20734556,0.2637363,0.323589,0.9693009,0.1492784,0.11599217,0.2765574
0.13095818,1.0,0.060978632,0.100126214,0.46016333,0.5306262,1.0,0.061941106,0.096122555,0.36104986,0.35884833,1.0,0.20531844,0.20719542,0.26355153,0.3235612,0.96902233,0.14921989,0.11589475,0.2765803
0.1309816,1.0,0.060936432,0.100157656,0.4603914,0.53071576,1.0,0.061952796,0.09623402,0.36127836,0.35902625,1.0,0.20571113,0.20726682,0.2636852,0.32366386,0.9694716,0.14932986,0.11588043,0.2766006
0.13024987,1.0,0.06101559,0.10024881,0.46032384,0.53021234,1.0,0.061808806,0.09633685,0.3610419,0.35896987,1.0,0.20532736,0.20725156,0.2637119,0.32374525,0.9695887,0.14915729,0.11599286,0.27654448
0.12734099,1.0,0.07960402,0.13258418,0.5979237,0.5378581,1.0,0.08275601,0.079303525,0.7066033,0.34702608,1.0,0.2691357,0.20563754,0.59210855,0.31040648,1.0,0.19447477,0.10150061,0.3628126
0.12776032,1.0,0.079676315,0.13256736,0.5977893,0.53800535,1.0,0.082867466,0.07929955,0.70691806,0.3470522,1.0,0.26904356,0.20559698,0.5923193,0.31023246,1.0,0.19420154,0.10137343,0.36287427
0.12775035,1.0,0.079528354,0.13259673,0.59778947,0.53813523,1.0,0.082681894,0.07925873,0.7069636,0.34687048,1.0,0.26884705,0.20562299,0.59251285,0.31041497,1.0,0.19435835,0.101431265,0.36293605
0.12783465,1.0,0.0797302,0.1326041,0.5979837,0.5379006,1.0,0.08274011,0.0792711,0.70754534,0.3467011,1.0,0.2689172,0.20567198,0.5928071,0.310235,1.0,0.19442189,0.10134441,0.36300108
0.12771776,1.0,0.07962882,0.1325366,0.59809875,0.53806573,1.0,0.08280363,0.07946116,0.7076017,0.34669194,1.0,0.26915547,0.20565484,0.5930244,0.3104066,1.0,0.19459715,0.10134894,0.36298642
0.1281201,1.0,0.079692736,0.13267359,0.59814674,0.538001,1.0,0.08271327,0.079333596,0.70768654,0.34662423,1.0,0.26913267,0.2058373,0.5930854,0.3101645,1.0,0.19446634,0.10136538,0.3630147
0.13126741,1.0,0.07692604,0.13592821,0.5850212,0.5531427,1.0,0.08245598,0.08189243,0.6964655,0.35292053,1.0,0.26149338,0.20621867,0.5819536,0.31516048,1.0,0.18863212,0.10087064,0.35326225
0.13089739,1.0,0.07708795,0.13581479,0.585138,0.5530698,1.0,0.082418114,0.08182285,0.6966866,0.35284916,1.0,0.26145616,0.20613295,0.58201396,0.31502315,1.0,0.18854415,0.10088274,0.35340273
0.13127515,1.0,0.077092305,0.13604116,0.585074,0.5530668,1.0,0.08228,0.081947915,0.6967349,0.3528627,1.0,0.26143596,0.20631374,0.5821099,0.31502882,1.0,0.1885436,0.10098203,0.35338435
0.13119777,1.0,0.07698838,0.13589878,0.58527327,0.5533458,1.0,0.082335934,0.08184641,0.69694597,0.35290384,1.0,0.26145846,0.20616415,0.58235294,0.3151276,1.0,0.18867257,0.1008688,0.35345754
0.13119507,1.0,0.07711583,0.13593906,0.585066,0.5529028,1.0,0.082515284,0.08183088,0.69676924,0.3527524,1.0,0.26155213,0.2061716,0.5823298,0.3151902,1.0,0.1886142,0.10092179,0.35341692
0.1307851,1.0,0.07710002,0.13591303,0.58512545,0.5529741,1.0,0.08235857,0.08187146,0.6968121,0.3528575,1.0,0.2612649,0.2062092,0.58225083,0.31521684,1.0,0.1884771,0.10090592,0.3534003
0.120966844,0.7857771,0.43112707,0.14302842,0.60176533,0.5069938,0.3202163,0.041226864,0.08932868,0.68413115,0.33344543,0.8727617,0.5699074,0.21334937,0.5666293,0.30212155,0.25052032,0.4905672,0.106285505,0.35947272
0.1210187,0.78492445,0.43103683,0.14304492,0.60192806,0.50791043,0.3200353,0.041454308,0.08942934,0.6844996,0.3334305,0.87201345,0.5705625,0.21345758,0.5668636,0.30250973,0.25012305,0.49100125,0.10638239,0.35951114
0.12068149,0.78434646,0.43096384,0.14305788,0.6020619,0.50815326,0.31983227,0.041359104,0.08931876,0.6846937,0.33339074,0.87132406,0.5706477,0.21340199,0.5669496,0.30213466,0.24986796,0.49109733,0.10634917,0.35945216
0.12058561,0.7845246,0.4310909,0.14291818,0.6021678,0.50789535,0.31994474,0.041443534,0.089356914,0.68474126,0.33342236,0.8715403,0.570988,0.21355757,0.5669857,0.30223545,0.24997023,0.49133468,0.10640606,0.35947266
0.12073528,0.783947,0.43087023,0.1429788,0.6021023,0.5078851,0.31984982,0.041401163,0.08954242,0.68472445,0.33313522,0.8711515,0.57115555,0.21349809,0.566979,0.30206895,0.24986742,0.49153683,0.106436335,0.35947847
0.12092007,0.78441703,0.43091795,0.1429181,0.6021337,0.5078916,0.32001385,0.041540243,0.08920681,0.6848096,0.3332043,0.87133414,0.57124776,0.21358296,0.5670572,0.30202746,0.2499165,0.4916582,0.10640254,0.35944209
1.0,0.66160077,0.0985128,0.10801899,0.6040055,0.903348,0.27381727,0.08720918,0.07698447,0.78723454,1.0,0.7420055,0.31976053,0.20132121,0.6786886,0.7543591,0.20962064,0.22964074,0.1041348,0.37486103
1.0,0.6623513,0.098520614,0.10796373,0.6035476,0.89983004,0.27436516,0.087238945,0.07711302,0.78656924,1.0,0.7426674,0.31918144,0.20102283,0.67812043,0.7544877,0.21002275,0.22930354,0.10384893,0.37449864
1.0,0.6623945,0.098490365,0.10795766,0.60337466,0.8986981,0.2743053,0.08726671,0.07692242,0.7859523,1.0,0.74277836,0.3194506,0.20102991,0.6777794,0.75460905,0.20999564,0.22930954,0.103788055,0.3744701
1.0,0.66224426,0.098544754,0.10799172,0.6033098,0.8980049,0.27438176,0.087455854,0.076863006,0.7860742,1.0,0.7427388,0.31925115,0.20090894,0.67768776,0.7544355,0.20996308,0.22916934,0.103807785,0.37441552
1.0,0.6623433,0.09839544,0.10798637,0.6031841,0.8982716,0.27444094,0.08748376,0.076830976,0.78575325,1.0,0.7428847,0.31942642,0.20098102,0.677558,0.7547444,0.20992048,0.22935453,0.10374486,0.37436277
1.0,0.6623236,0.09845846,0.107960194,0.6031573,0.89759314,0.27439478,0.08736071,0.076779604,0.78566486,1.0,0.7428194,0.31924215,0.20085894,0.6774499,0.7545165,0.2101219,0.2292703,0.103735745,0.3742733
1.0,0.63703495,0.106634595,0.1051963,0.5860242,0.87676495,0.2633493,0.09482955,0.07543952,0.7817242,1.0,0.7135311,0.34680843,0.19686173,0.6759473,0.7652015,0.20224793,0.24916574,0.101211734,0.36469927
1.0,0.63710994,0.106685266,0.10522208,0.58593816,0.87668633,0.26346782,0.09489459,0.07559134,0.78157574,1.0,0.7135583,0.3467788,0.1968343,0.6757965,0.76532155,0.20219478,0.2490711,0.10118262,0.3645469
1.0,0.6369846,0.10670008,0.1051045,0.58599,0.8771395,0.26352304,0.09500106,0.075670995,0.7815661,1.0,0.7132628,0.34690952,0.19678015,0.6757925,0.7653316,0.20206352,0.24910809,0.10110246,0.36464626
1.0,0.63689387,0.1068493,0.10516127,0.5860912,0.87651765,0.26321462,0.0947727,0.075637355,0.78166264,1.0,0.7133406,0.34653676,0.19677372,0.675841,0.7651924,0.20204484,0.24905828,0.10112142,0.36455062
1.0,0.63723516,0.10676247,0.105197184,0.58601123,0.87622476,0.26364005,0.094930224,0.07560764,0.781356,1.0,0.71359396,0.34688094,0.19691923,0.67570287,0.7653567,0.20212957,0.24915044,0.10116254,0.36459735
1.0,0.63735634,0.10677973,0.10528803,0.5857754,0.8760375,0.2637356,0.0949626,0.075464964,0.7815563,1.0,0.7136584,0.34675622,0.19681628,0.6756597,0.7653538,0.20220186,0.24902469,0.10108716,0.36453858
0.12853363,0.8188583,0.4248802,0.14803642,0.59352887,0.50257444,0.33665994,0.046135012,0.09112938,0.6613817,0.33671653,0.91477287,0.59671324,0.21376413,0.5478606,0.30668467,0.26023936,0.5106751,0.10806297,0.3561458
0.12627587,0.81856203,0.42489538,0.14786646,0.5939878,0.5022191,0.33681053,0.046201773,0.090844356,0.6618614,0.3365496,0.9145705,0.597981,0.21425061,0.54812825,0.3063139,0.2600659,0.5116541,0.10830111,0.35632125
0.12579681,0.8188113,0.42481127,0.14798878,0.5941251,0.5025077,0.33662963,0.04629285,0.090688646,0.6619161,0.33680198,0.91496605,0.59823287,0.21433806,0.548308,0.30675796,0.26012313,0.51177293,0.108251326,0.3564306
0.12540105,0.818726,0.42484343,0.14784403,0.59416646,0.50225586,0.33658066,0.046356916,0.090654604,0.66191924,0.33652353,0.91493994,0.59859586,0.21443285,0.54829913,0.30644962,0.260194,0.5121577,0.10837308,0.3564346
0.12525794,0.8180203,0.42472658,0.14790833,0.59435016,0.50252515,0.33665282,0.04626671,0.09066149,0.6620422,0.33707377,0.9142586,0.59867704,0.21447599,0.5484079,0.30697018,0.25986955,0.5121659,0.10835539,0.35647964
0.12480782,0.8184149,0.42492,0.14786373,0.59443253,0.5027012,0.3369112,0.046510037,0.09067379,0.6621764,0.33672982,0.9146348,0.59904295,0.21451303,0.5484746,0.30680758,0.26005945,0.51244515,0.10839763,0.35652757
0.12895334,1.0,0.079851784,0.13568047,0.5816543,0.5478311,1.0,0.083501786,0.08251995,0.6933719,0.34897423,1.0,0.27000734,0.20554182,0.5793085,0.31134498,1.0,0.19502494,0.100001425,0.3512268
0.12961747,1.0,0.079757795,0.13566059,0.5812,0.5475759,1.0,0.08352998,0.08236728,0.69340575,0.34874958,1.0,0.26965058,0.20563835,0.5793004,0.31110546,1.0,0.19472289,0.09987186,0.35097858
0.12935384,1.0,0.07956806,0.13575596,0.58123344,0.5477826,1.0,0.08355451,0.08246229,0.69323856,0.34873626,1.0,0.2697808,0.20543584,0.57925314,0.31111524,1.0,0.19482516,0.099741794,0.35103
0.1295692,1.0,0.07971208,0.13570377,0.58133304,0.54786855,1.0,0.08351169,0.08250959,0.6936165,0.34856087,1.0,0.26968342,0.20537676,0.5793989,0.3112245,1.0,0.19473773,0.0999022,0.3511061
0.12977493,1.0,0.07964113,0.13571325,0.58133185,0.5486064,1.0,0.08343555,0.08250615,0.6934201,0.34901932,1.0,0.2696406,0.20541511,0.57931674,0.31152305,1.0,0.19466615,0.09968642,0.35113803
0.12978038,1.0,0.07981599,0.13569392,0.58130795,0.5476416,1.0,0.0834878,0.08240348,0.69336,0.34826183,1.0,0.26969045,0.20543198,0.57930446,0.31119287,1.0,0.19481468,0.09977056,0.35104656
1.0,0.6802645,0.09378041,0.111218885,0.5893868,0.89643276,0.2808512,0.087097175,0.07420998,0.77151567,1.0,0.7604642,0.3058246,0.19968039,0.6625031,0.76383924,0.2160546,0.21911667,0.10165194,0.36374283
1.0,0.6803695,0.09370719,0.11132425,0.5889892,0.8946681,0.28104356,0.08696443,0.07430926,0.7708615,1.0,0.760786,0.30540746,0.19953078,0.6621873,0.76405865,0.21620618,0.21869723,0.1015081,0.36354747
1.0,0.68026364,0.09360016,0.11126939,0.5888786,0.8940322,0.28077936,0.08694064,0.07414548,0.77076006,1.0,0.76070726,0.3057483,0.19947298,0.66200405,0.76397157,0.21601903,0.21883105,0.10142831,0.36334735
1.0,0.68045956,0.093730494,0.11136321,0.5890458,0.89382905,0.2809006,0.08711182,0.074244596,0.7708762,1.0,0.7608555,0.3056659,0.19949484,0.662011,0.7640224,0.21619022,0.21871206,0.10149181,0.36340398
1.0,0.6803718,0.09358583,0.11135266,0.5891071,0.8930944,0.2809721,0.08714088,0.07426798,0.7705995,1.0,0.7609198,0.30584276,0.19946209,0.66184944,0.7641721,0.2161705,0.2190621,0.10146779,0.3633319
1.0,0.680964,0.09381201,0.11120485,0.5887873,0.8933685,0.28109172,0.08706386,0.0742286,0.7703541,1.0,0.76151013,0.30551434,0.19943956,0.66167694,0.7640401,0.21635197,0.21879359,0.10140234,0.36328706
0.15209557,0.6052904,0.10401653,0.10162435,0.79355174,0.6225559,0.25168866,0.08714945,0.08495497,0.23431908,0.38217658,0.68225855,0.33848712,0.20523351,0.4775092,0.34037572,0.19092922,0.24774885,0.10802041,0.8728834
0.15167291,0.605823,0.104048386,0.10169596,0.7943027,0.62319,0.252031,0.08692838,0.08527947,0.23491673,0.38168496,0.6826529,0.33838895,0.20550194,0.47819147,0.34051102,0.19097838,0.24779359,0.108118825,0.87386405
0.15199146,0.60559213,0.104156315,0.101607405,0.7944342,0.6231879,0.25215226,0.087107435,0.085310966,0.2351532,0.3816381,0.68245393,0.33883956,0.2054557,0.47835118,0.34055656,0.19091645,0.24809588,0.10826212,0.87439567
0.15160175,0.60545564,0.10410664,0.10166375,0.7946011,0.6232483,0.25218642,0.08696077,0.08530754,0.23532973,0.38162154,0.6822472,0.3384321,0.20560732,0.47863266,0.34025335,0.19100855,0.2478568,0.10820585,0.87467325
0.15145531,0.60524434,0.10407845,0.101636805,0.79458976,0.6228,0.25206643,0.087067686,0.08536654,0.23556861,0.38134488,0.6823251,0.33861354,0.20563921,0.4787388,0.34009624,0.19079557,0.24783528,0.10824095,0.87479484
0.15175,0.6055502,0.10420568,0.101662606,0.79464185,0.6231805,0.25215212,0.08690335,0.08525941,0.23567192,0.38158527,0.68258244,0.338544,0.205697,0.47888732,0.34053314,0.19102117,0.24783772,0.10812262,0.8749321
0.5332102,0.57333636,0.11038592,0.09268005,0.41558772,0.8121231,0.23741883,0.08721462,0.10617111,0.43104726,0.593521,0.64379716,0.355321,0.21402182,0.356833,0.57384443,0.18100557,0.26003444,0.114787474,0.2513509
0.5348427,0.5731167,0.11058921,0.09259378,0.41543168,0.8104564,0.23725441,0.0870365,0.10605077,0.43003303,0.59528404,0.64352435,0.35517114,0.2138577,0.35585815,0.5745476,0.18090755,0.25992313,0.114882134,0.25112242
0.5351794,0.57376987,0.110503875,0.09266916,0.4153506,0.8094066,0.23741521,0.087063216,0.10610794,0.4294607,0.5959396,0.6441407,0.35552776,0.21394794,0.3554184,0.574925,0.18114184,0.26008156,0.114801414,0.2510642
0.5350829,0.5734194,0.11061041,0.09268854,0.4153308,0.81013733,0.23737282,0.08695095,0.10617534,0.42910838,0.59615594,0.64375144,0.35527822,0.2139212,0.35511887,0.57553816,0.18099447,0.26003453,0.11483486,0.2509608
0.53636205,0.57329047,0.110424176,0.09262956,0.4153174,0.80911845,0.23736513,0.08718814,0.10607378,0.42906463,0.596751,0.64371485,0.35556155,0.21390373,0.35491782,0.5754469,0.18091255,0.26017228,0.11483399,0.25108546
0.5362413,0.57330465,0.110592194,0.09267589,0.4150206,0.8089337,0.23724851,0.08706628,0.10619336,0.42877886,0.59678775,0.64356244,0.3554175,0.21385595,0.35471854,0.5753911,0.18082224,0.2601353,0.11493017,0.25084424
0.15536247,0.6253996,0.10292765,0.3528668,0.585008,0.62201875,0.25472766,0.08778196,0.6153253,0.7724304,0.37614208,0.69334984,0.3358313,0.6972771,0.6644747,0.33533853,0.19900857,0.24540892,0.46255866,0.36117372
0.15522578,0.6256072,0.10305861,0.3529033,0.585147,0.6228794,0.2547426,0.08774328,0.61549056,0.77339876,0.37649348,0.69334406,0.33572364,0.69734937,0.6650806,0.33552235,0.19894214,0.24545808,0.46260685,0.36131024
0.15539205,0.6255282,0.102894336,0.35281533,0.58525306,0.6229023,0.25485227,0.08776797,0.61532617,0.7737212,0.37642103,0.6935185,0.335526,0.69750094,0.66536254,0.33543035,0.19919951,0.2453078,0.46253264,0.36139387
0.15509185,0.62550956,0.10315191,0.35288453,0.5852956,0.6230615,0.25487748,0.08782955,0.615385,0.77383024,0.37650377,0.6934587,0.33566973,0.69754857,0.6655475,0.33550957,0.1991123,0.2453457,0.4625781,0.36143294
0.1548127,0.62510747,0.10295085,0.3528537,0.58538866,0.6226056,0.25467265,0.08774804,0.61550814,0.7740678,0.37655377,0.69338125,0.33570433,0.69744545,0.6658123,0.33548403,0.19891515,0.24543089,0.462621,0.3615211
0.15477602,0.6255008,0.10322845,0.35271955,0.5853358,0.6233718,0.25466067,0.08765705,0.615469,0.77407426,0.37655434,0.6935723,0.33559602,0.69733894,0.6657391,0.33536014,0.19908413,0.24535781,0.46245053,0.3614169
0.14928435,0.61489856,0.10025956,0.10636706,0.7921813,0.61737275,0.25445485,0.08437757,0.082440145,0.2187557,0.3787794,0.6903355,0.3264956,0.20755088,0.46406958,0.3383656,0.19429271,0.23900332,0.108561434,0.87316936
0.14878254,0.6151239,0.10045068,0.10620349,0.7922834,0.6167971,0.25421053,0.08445703,0.08248498,0.21876946,0.378719,0.69071275,0.32638094,0.20756575,0.46404567,0.33836883,0.19427209,0.2389534,0.1084841,0.8733079
0.14871433,0.6150274,0.10030631,0.10615676,0.7922435,0.61643475,0.2545416,0.08453683,0.08230852,0.21885079,0.3787699,0.6904742,0.32674783,0.20763688,0.46425718,0.33853304,0.19425589,0.23918644,0.10846321,0.8735035
0.14930876,0.61523104,0.10036958,0.106281154,0.79221135,0.61705,0.25454417,0.08436094,0.08252318,0.21892172,0.3788162,0.69075686,0.32633784,0.20770012,0.46428674,0.33844516,0.19428736,0.23891543,0.10845194,0.87350136
0.1491903,0.6154218,0.10032159,0.106252566,0.7924899,0.6172064,0.2548008,0.08441902,0.08247492,0.21886459,0.37886545,0.6908419,0.32667777,0.20769756,0.46435243,0.33855608,0.19455191,0.23911962,0.108445406,0.87366736
0.14888215,0.6152091,0.10042061,0.10619149,0.79239213,0.6168431,0.25465485,0.08449222,0.08247011,0.21893759,0.37879252,0.6908079,0.32657066,0.20767461,0.46431738,0.33851227,0.19430092,0.23907512,0.10846711,0.87365127
1.0,0.6657852,0.100033484,0.11004011,0.5994254,0.8960856,0.27481955,0.09467786,0.07350067,0.7799119,1.0,0.7441872,0.3277056,0.19737554,0.6681963,0.75307655,0.2113065,0.23445691,0.10043392,0.36825415
1.0,0.66666675,0.10012396,0.110048756,0.59912974,0.8933027,0.27512762,0.094632335,0.07339433,0.77914786,1.0,0.7450941,0.32737908,0.19720885,0.6677333,0.75246626,0.2117826,0.23425029,0.10024256,0.36810225
1.0,0.66663206,0.099851005,0.110014275,0.59926575,0.8923964,0.2752916,0.094660476,0.073395774,0.778967,1.0,0.7452416,0.3273253,0.19710544,0.66756105,0.7528083,0.21172144,0.23415199,0.10014342,0.3681373
1.0,0.6666931,0.100011565,0.10996491,0.59903795,0.89197147,0.27519205,0.094493255,0.07337621,0.77904135,1.0,0.7451698,0.32700866,0.1971424,0.66741425,0.75281614,0.21171409,0.23400293,0.10011872,0.3681083
1.0,0.66657007,0.09982409,0.110055126,0.5990097,0.8917346,0.27521664,0.09469259,0.07332489,0.7789172,1.0,0.74516433,0.3272832,0.1969487,0.6672983,0.7528798,0.21173896,0.23424397,0.100193456,0.36813113
1.0,0.66652536,0.09989756,0.110066645,0.5989711,0.8916064,0.2751386,0.09464355,0.073311105,0.77902997,1.0,0.7450667,0.32706586,0.19697,0.66729254,0.7526668,0.21169905,0.23401631,0.100078255,0.368083
0.15870781,0.5919721,0.10590984,0.1030708,0.7784108,0.63722205,0.24567828,0.08902085,0.0858206,0.23224641,0.38747317,0.6655626,0.34532747,0.2082296,0.47378024,0.34480062,0.1869875,0.25261825,0.10865609,0.863125
0.1580645,0.59237945,0.10607145,0.10306436,0.7788028,0.63695437,0.24597734,0.088903435,0.085947335,0.23293865,0.38701594,0.66622,0.3450571,0.20854884,0.4744572,0.34463343,0.18697968,0.25254595,0.1088082,0.8641677
0.15819946,0.5924363,0.105972104,0.103063114,0.7789464,0.63751763,0.24610332,0.08897117,0.08611401,0.23319866,0.3869622,0.6661956,0.34529606,0.20855266,0.4748598,0.34448284,0.18711106,0.25258467,0.10889416,0.8645382
0.15812512,0.5921169,0.106087945,0.10303058,0.77917683,0.6374688,0.24604505,0.088835746,0.086068116,0.23342672,0.38704675,0.6660866,0.34516326,0.2086934,0.47495216,0.34448472,0.1870419,0.25266582,0.10897454,0.8650265
0.15775727,0.5920111,0.10609871,0.10292315,0.7792062,0.63736,0.2459451,0.08895278,0.08627605,0.2335687,0.38709843,0.6658388,0.34527227,0.20870988,0.47493964,0.34461904,0.18705982,0.25273755,0.10891796,0.86509466
0.15785609,0.5918927,0.10608607,0.1029398,0.77933884,0.63730484,0.24579619,0.08896521,0.08607443,0.2336064,0.38706046,0.66598123,0.34509602,0.20869657,0.4750786,0.3446247,0.18699972,0.25264704,0.10884272,0.86527646
0.12665297,1.0,0.06640071,0.101575404,0.4626372,0.5191469,1.0,0.063116394,0.09533559,0.37167665,0.34824947,1.0,0.22133787,0.2095549,0.2750943,0.31442842,0.9426422,0.16113597,0.11587209,0.27791426
0.12640049,1.0,0.06630457,0.10155922,0.46262023,0.5188925,1.0,0.06311693,0.095481105,0.37160844,0.34822568,1.0,0.22099513,0.20945688,0.2750438,0.31403267,0.94346255,0.16105871,0.115936816,0.27806962
0.12585129,1.0,0.066373006,0.10153289,0.46265438,0.5183405,1.0,0.06320531,0.095565625,0.37148944,0.34821784,1.0,0.22140992,0.20942041,0.27492318,0.31399664,0.94338876,0.16108757,0.115999065,0.27805635
0.12553625,1.0,0.06628344,0.101496674,0.4627567,0.5187094,1.0,0.06317706,0.09539103,0.37156466,0.34837383,1.0,0.2208457,0.2094697,0.274878,0.31401503,0.94359964,0.16080198,0.116054736,0.27804416
0.12553284,1.0,0.06640675,0.10151836,0.46275443,0.5185472,1.0,0.06350375,0.09552054,0.37157446,0.3483642,1.0,0.22134817,0.20955224,0.2750284,0.3140141,0.94371873,0.16116801,0.11603895,0.27793878
0.12581617,1.0,0.06640574,0.10154949,0.46270248,0.51888347,1.0,0.06329513,0.09545553,0.3716027,0.34825918,1.0,0.22104917,0.2095965,0.2749834,0.31428427,0.9438433,0.16093431,0.11609084,0.27804655
0.12758213,1.0,0.06334716,0.100319706,0.46246448,0.5266733,1.0,0.06435576,0.092536576,0.37023768,0.35427716,1.0,0.21356346,0.20479313,0.27222237,0.31916898,0.9596682,0.15492865,0.113712855,0.27687413
0.1270796,1.0,0.06354262,0.1002544,0.46260732,0.5261876,1.0,0.064201914,0.09257115,0.3703087,0.35413918,1.0,0.21340193,0.20492059,0.27240998,0.31908226,0.95959294,0.15499526,0.11383742,0.27709422
0.12700039,1.0,0.06345631,0.10021616,0.46241334,0.52627647,1.0,0.06435214,0.09255866,0.37017438,0.35412028,1.0,0.21345367,0.20482951,0.27215788,0.31905195,0.959806,0.15497082,0.1138113,0.276905
0.12727164,1.0,0.06355134,0.10020878,0.4626348,0.5262394,1.0,0.064284824,0.092613764,0.37024465,0.35416824,1.0,0.21334243,0.20480841,0.27220222,0.31901076,0.9600468,0.15477455,0.113791026,0.27712736
0.12703703,1.0,0.06334053,0.10027899,0.46261358,0.5256433,1.0,0.06435641,0.09248003,0.37026563,0.3539988,1.0,0.21352021,0.20481429,0.27218506,0.3189703,0.9599648,0.15494297,0.113807596,0.27707198
0.12671717,1.0,0.06352929,0.10015011,0.4624936,0.5259806,1.0,0.06422774,0.09264949,0.37025282,0.35404027,1.0,0.2135738,0.20491727,0.2720871,0.31901866,0.96021456,0.15497923,0.113767505,0.2770112
0.15594292,0.64013267,0.10782807,0.35559908,0.5720607,0.61849236,0.2607451,0.09438428,0.6066079,0.75930136,0.37106454,0.7097295,0.35315332,0.6953612,0.65115815,0.32913664,0.20404728,0.2575734,0.4593556,0.3518139
0.15663818,0.63953197,0.10804594,0.3556275,0.5724141,0.6191234,0.260497,0.094231136,0.60664904,0.75988865,0.3707296,0.7090211,0.3533827,0.6953462,0.65158874,0.32912534,0.20353222,0.25782892,0.4592581,0.35181496
0.15730616,0.639577,0.10802797,0.35540834,0.57231635,0.61969244,0.2604252,0.0944032,0.6066349,0.76017046,0.37068132,0.7091274,0.35346627,0.69536304,0.6517874,0.32913157,0.20363425,0.25795907,0.45920613,0.35178685
0.1568925,0.63908076,0.10817393,0.3553497,0.57223517,0.61965066,0.2604336,0.094405584,0.6064994,0.7600923,0.37047,0.70860463,0.35339046,0.6953541,0.6518654,0.32905054,0.2035403,0.25799367,0.45924482,0.35168746
0.15721972,0.63921106,0.10812371,0.35527468,0.5725261,0.61954165,0.2603203,0.09435302,0.6066485,0.7602947,0.37052497,0.70882946,0.3536934,0.6953207,0.6519198,0.32914606,0.20350726,0.258307,0.45908108,0.35177174
0.15761556,0.63907313,0.1081839,0.3552467,0.5725527,0.62027377,0.2602886,0.09431159,0.60647637,0.7604799,0.370683,0.7086618,0.35355514,0.69537145,0.65209377,0.32913306,0.2034814,0.25817722,0.45910534,0.35178253
1.0,0.6761268,0.09698147,0.1131499,0.5869906,0.9012897,0.27916053,0.08882612,0.07535522,0.7617745,1.0,0.75555736,0.3154343,0.20274088,0.6544872,0.75659424,0.21479708,0.22616045,0.1030028,0.36238015
1.0,0.6761374,0.0968522,0.1131649,0.5868475,0.8980192,0.2791366,0.08865557,0.07531327,0.7613636,1.0,0.7557518,0.31503135,0.2025951,0.6542379,0.7565161,0.2148035,0.225835,0.10281556,0.36236262
1.0,0.676413,0.096521154,0.11315605,0.5866209,0.89685845,0.2791498,0.08871341,0.0752686,0.76115906,1.0,0.756022,0.31524557,0.20245197,0.65407103,0.75648284,0.21490447,0.22586395,0.10285876,0.36226436
1.0,0.6764873,0.09682019,0.11316037,0.58654153,0.8963829,0.27932164,0.08870935,0.075396374,0.7611346,1.0,0.75610673,0.31482235,0.20243539,0.6539069,0.75633323,0.21507882,0.22570933,0.102909155,0.36235029
1.0,0.67687285,0.09661801,0.113137744,0.5866912,0.89592665,0.27927157,0.08886164,0.07526185,0.76090604,1.0,0.75627005,0.31532562,0.20235479,0.6538328,0.75653297,0.2151557,0.22592996,0.10283626,0.3623804
1.0,0.6767189,0.096697666,0.11320978,0.5865919,0.89584404,0.27917618,0.08861485,0.07512737,0.7611677,1.0,0.75624,0.3149772,0.20246258,0.6537984,0.75651544,0.21492374,0.225591,0.1028062,0.36225033
0.12707707,1.0,0.071103714,0.099721394,0.4641627,0.5068694,1.0,0.06895186,0.09124436,0.36445412,0.34270087,1.0,0.2377873,0.20314571,0.26640356,0.30928698,0.95572615,0.17266834,0.11251084,0.27960366
0.12629981,1.0,0.070971325,0.09965039,0.464235,0.50648594,1.0,0.06917443,0.0914057,0.36424455,0.34293127,1.0,0.23770037,0.20325789,0.2662855,0.3094825,0.95641637,0.17276399,0.112632334,0.27954835
0.12572926,1.0,0.07108839,0.099627994,0.46428975,0.50671816,1.0,0.06912505,0.09153774,0.3644669,0.34298036,1.0,0.23762594,0.20328784,0.2664595,0.30958152,0.95666087,0.17290854,0.11265149,0.279655
0.12504263,1.0,0.071164444,0.099617675,0.464445,0.50606614,1.0,0.068800785,0.09149806,0.364562,0.34294325,1.0,0.23753391,0.20337373,0.26646224,0.30930072,0.9565927,0.17264833,0.112776384,0.2796205
0.12476893,1.0,0.07106002,0.099597834,0.46439543,0.50601244,1.0,0.06897103,0.09162729,0.36432746,0.34305412,1.0,0.23776077,0.20335588,0.26639852,0.30937,0.9568329,0.17286345,0.11267642,0.27954516
0.12489999,1.0,0.07104993,0.0996153,0.46456695,0.5065918,1.0,0.06893272,0.09149957,0.36447862,0.34279037,1.0,0.23753048,0.20336267,0.26649368,0.3092947,0.95677906,0.17265114,0.11278168,0.2797621
0.12694429,1.0,0.07334862,0.13648504,0.5867086,0.5354067,1.0,0.077080354,0.081257075,0.6936641,0.34876144,1.0,0.24845944,0.21171074,0.5817467,0.31261426,1.0,0.17957658,0.10448566,0.35657793
0.12719664,1.0,0.073391914,0.136476,0.5864786,0.53520924,1.0,0.076966375,0.08120518,0.69402915,0.34870684,1.0,0.24834058,0.21164352,0.5817684,0.3127628,1.0,0.17960161,0.10443542,0.35642943
0.12761444,1.0,0.07339344,0.13657242,0.586712,0.53511924,1.0,0.07698919,0.081252195,0.6943497,0.3487151,1.0,0.24855147,0.21184169,0.5820697,0.31269163,1.0,0.17979017,0.10441084,0.3565778
0.12789306,1.0,0.07334918,0.13650396,0.586645,0.53550065,1.0,0.07701593,0.08112512,0.6942961,0.34872848,1.0,0.24828428,0.21192974,0.5821108,0.31274846,1.0,0.17945258,0.10437649,0.3566643
0.12764215,1.0,0.07341741,0.13654205,0.58677804,0.53544474,1.0,0.07699452,0.08123354,0.6943362,0.34862053,1.0,0.24857308,0.21182267,0.5821625,0.312602,1.0,0.17974345,0.104364425,0.35675964
0.12721552,1.0,0.07347537,0.13652422,0.5866726,0.5351263,1.0,0.07696324,0.081314504,0.694458,0.34857905,1.0,0.24817398,0.21175893,0.5823064,0.31246623,1.0,0.17944202,0.10439875,0.35659596
0.5162033,0.5574989,0.11489851,0.09186411,0.41643456,0.8044417,0.23032962,0.09052833,0.10611787,0.44077995,0.5861835,0.6256113,0.37008786,0.21413404,0.3664917,0.56574637,0.17610942,0.27083838,0.11391558,0.25218144
0.5171308,0.5576113,0.115104645,0.091897935,0.41629684,0.8021502,0.23052338,0.090468094,0.10621018,0.43968317,0.58714515,0.62571806,0.36996529,0.21400301,0.36539525,0.56630206,0.17604701,0.27074862,0.11391218,0.25189343
0.5178684,0.5578169,0.11514377,0.091714166,0.41620523,0.80190843,0.23057698,0.09056981,0.10632228,0.43930775,0.58793974,0.6258092,0.3704009,0.21402836,0.36501402,0.56696296,0.17598748,0.2711237,0.11395334,0.2517278
0.5179573,0.5576363,0.115266606,0.09176432,0.41612366,0.80134565,0.2306241,0.09045758,0.10619609,0.43901262,0.58835036,0.6257002,0.3702344,0.21398151,0.3648523,0.5671024,0.17608039,0.27102828,0.11400049,0.2517789
0.5179743,0.5581855,0.115064315,0.09182997,0.4162236,0.80076516,0.23083015,0.090519294,0.10633128,0.43887833,0.588561,0.6263263,0.37048304,0.21407536,0.3647812,0.5668445,0.1760826,0.2711262,0.113957725,0.2517232
0.5181022,0.557701,0.11521932,0.091695346,0.4161588,0.80059266,0.23071986,0.09045546,0.10612659,0.43878433,0.5889128,0.6258421,0.37039217,0.21402973,0.36454174,0.5671724,0.17602865,0.27115154,0.113943726,0.25169006
1.0,0.6711802,0.10338856,0.10926633,0.5935335,0.8932111,0.27648368,0.09605096,0.073733896,0.77096784,1.0,0.7484375,0.3375061,0.19758348,0.6613482,0.7482398,0.21342689,0.24193896,0.10019321,0.36541116
1.0,0.6712674,0.1031899,0.10938694,0.5935586,0.89139193,0.2763362,0.09563028,0.073745735,0.7720063,1.0,0.7486785,0.33682042,0.19751503,0.6622112,0.74904996,0.21351546,0.24142265,0.09996461,0.36540106
1.0,0.6715819,0.103178136,0.10942287,0.5935059,0.89109313,0.27674285,0.09579298,0.073701516,0.77243304,1.0,0.74903864,0.33724102,0.19748129,0.6625665,0.7492263,0.21357457,0.24158444,0.09993577,0.36548245
1.0,0.6713253,0.10319118,0.10948976,0.59368163,0.89067596,0.2765796,0.09576948,0.07364081,0.7732111,1.0,0.7489138,0.3369192,0.19751503,0.6631049,0.74955255,0.21353222,0.24146797,0.099827155,0.36565584
1.0,0.6732444,0.1031236,0.10951286,0.59374887,0.89144874,0.27631575,0.09590664,0.07356835,0.77344704,1.0,0.7506929,0.33686575,0.19755307,0.6635904,0.74884844,0.21438324,0.24106918,0.09988052,0.36561584
1.0,0.67236614,0.103213735,0.109482475,0.59359825,0.89074594,0.27676624,0.09570892,0.07372996,0.77325094,1.0,0.74992305,0.3368808,0.19747742,0.6634938,0.7496127,0.21397565,0.24134672,0.09984487,0.36561915
0.12876645,0.78004485,0.428469,0.14247827,0.5858388,0.52282196,0.31957802,0.045171153,0.0872704,0.674004,0.3455298,0.86971706,0.579025,0.21726404,0.56308806,0.31349906,0.24812017,0.49698567,0.10917973,0.35354936
0.12777546,0.77936226,0.4284609,0.14238602,0.58629346,0.5226652,0.31940097,0.045490645,0.08709177,0.6746221,0.3452178,0.8692148,0.5802066,0.21748957,0.56348,0.3131957,0.24774915,0.49795756,0.10939728,0.35372657
0.1269688,0.7796242,0.42848283,0.14240813,0.58634377,0.5227609,0.31984237,0.04561434,0.087030604,0.67473745,0.34555256,0.86964047,0.5807107,0.2177009,0.56358343,0.3134911,0.24785778,0.49827096,0.10952586,0.35379615
0.12614435,0.77956265,0.42833728,0.14235805,0.58641165,0.52291435,0.3197611,0.04576185,0.08690952,0.6747878,0.34580407,0.86951685,0.58101594,0.21771954,0.56372464,0.31355265,0.24776083,0.49855646,0.109428145,0.35380524
0.12657113,0.7795506,0.42840517,0.14231735,0.5864772,0.5232278,0.3197675,0.045540605,0.08693565,0.6747085,0.34543407,0.86952746,0.58101934,0.21776053,0.5636745,0.31350607,0.24781348,0.49859372,0.109544925,0.3537233
0.1266566,0.7795971,0.42854342,0.14245369,0.58676064,0.5229276,0.31978697,0.04565558,0.086850174,0.6752135,0.34538767,0.8695301,0.58140737,0.21778761,0.56394625,0.31326228,0.24790893,0.4989591,0.109504394,0.3538506
0.12320741,1.0,0.07243366,0.1419283,0.5938053,0.51587915,1.0,0.07839907,0.08628859,0.6850486,0.33554068,1.0,0.24627265,0.21221127,0.5685179,0.30108625,1.0,0.17759004,0.10330556,0.35747233
0.1231094,1.0,0.07245642,0.14211431,0.59394354,0.5157993,1.0,0.078209385,0.086205475,0.6849288,0.3355177,1.0,0.24592984,0.21210812,0.56847686,0.30081645,1.0,0.17742832,0.103166826,0.3575522
0.12357365,1.0,0.07228392,0.14208387,0.59369564,0.5158261,1.0,0.0783444,0.08613228,0.68457013,0.33557418,1.0,0.24607572,0.2120444,0.5682463,0.30118838,1.0,0.17742746,0.10317757,0.3573724
0.12378046,1.0,0.07235905,0.14196952,0.5937909,0.5161294,1.0,0.07822915,0.086253054,0.68477875,0.33551744,1.0,0.24584498,0.21208453,0.5683992,0.30106497,1.0,0.17733616,0.10312354,0.35748246
0.12332646,1.0,0.07227388,0.14197461,0.593704,0.51575035,1.0,0.07806203,0.086068906,0.68480116,0.33557072,1.0,0.24613912,0.2120644,0.5684115,0.30100745,1.0,0.17751709,0.10315447,0.35732448
0.12351578,1.0,0.07239584,0.14206947,0.59384406,0.5160768,1.0,0.07810876,0.086087,0.68485725,0.3353077,1.0,0.24606913,0.21212214,0.56844467,0.30085295,1.0,0.17742634,0.10320195,0.35747135
0.15424728,0.6545377,0.10362573,0.35643375,0.5728252,0.61917645,0.26738024,0.09014111,0.6072599,0.7576347,0.37465793,0.72722465,0.3392034,0.695501,0.6503934,0.33268285,0.20827606,0.24785317,0.46065938,0.35335627
0.15470117,0.6541751,0.10380557,0.3561416,0.57284915,0.61923397,0.26705635,0.09000398,0.60720456,0.7578666,0.37409142,0.7270425,0.33910692,0.69558036,0.65053004,0.33275434,0.20828599,0.24774316,0.46037966,0.35332412
0.1546776,0.65410596,0.10367905,0.3559722,0.57298934,0.61972487,0.2673198,0.09018005,0.60708976,0.7580634,0.37412494,0.72676253,0.33944172,0.695435,0.6506618,0.3328931,0.20809488,0.24798073,0.46019766,0.3531938
0.15464328,0.6538781,0.10377344,0.35597587,0.5731194,0.6195457,0.26726583,0.090366505,0.6070574,0.7581488,0.3742652,0.7268125,0.3392754,0.6953921,0.65080184,0.33257085,0.20804374,0.24791284,0.46008304,0.3533137
0.1550001,0.6539459,0.10388777,0.35588622,0.5731777,0.6198236,0.2672424,0.09018767,0.6072316,0.7580888,0.3742372,0.7269541,0.33936384,0.69539505,0.6506638,0.33268672,0.2081447,0.24800895,0.46010664,0.35330194
0.15545492,0.6540837,0.10389385,0.35595575,0.5731459,0.6203904,0.2673897,0.09019548,0.60714936,0.7582473,0.3740116,0.7271055,0.33942917,0.6954931,0.6508106,0.33289737,0.20816629,0.24794415,0.45994875,0.3533378
0.12313118,0.766093,0.43555507,0.13648818,0.595914,0.52433515,0.31203717,0.038939267,0.08484203,0.69779325,0.33871284,0.85032004,0.55004245,0.2123121,0.58266425,0.30621016,0.24421221,0.47556666,0.105644725,0.35799336
0.12256819,0.7658471,0.43564352,0.13649459,0.5961317,0.524362,0.31199577,0.038953047,0.08486069,0.6978722,0.33882985,0.85005987,0.5499921,0.21236657,0.5826901,0.30625266,0.24414296,0.4755707,0.10579346,0.35817334
0.12280237,0.7662579,0.43552655,0.13643798,0.59607613,0.5242228,0.31202543,0.03881495,0.08478479,0.69792557,0.33878782,0.850398,0.5499846,0.21245219,0.5826807,0.3064246,0.24422322,0.4754581,0.10573926,0.35810277
0.12300137,0.7656545,0.43561915,0.13643378,0.5962752,0.52429956,0.31204158,0.03889715,0.08474777,0.69803053,0.3387793,0.84984523,0.5499191,0.2124022,0.58275366,0.30639455,0.24400863,0.47552145,0.105759025,0.35826606
0.12290041,0.76603377,0.43551576,0.13636592,0.59625053,0.52433825,0.3120773,0.039117042,0.0848416,0.69813883,0.33874154,0.8502572,0.5501164,0.21230517,0.5828329,0.3064981,0.24417876,0.47566167,0.10575433,0.35815787
0.122576505,0.7656779,0.4355663,0.1363276,0.59645665,0.5242879,0.31210527,0.039102066,0.08485765,0.698271,0.33882463,0.8500546,0.5503074,0.21239169,0.5829568,0.3062965,0.24416068,0.4757979,0.10578881,0.35828173
1.0,0.6365405,0.10687213,0.10585743,0.5869872,0.8807951,0.26255038,0.09851107,0.0746572,0.78796387,1.0,0.7115232,0.34889555,0.19665267,0.6782496,0.7629174,0.2022928,0.25013438,0.0996213,0.3625914
1.0,0.63731354,0.10686142,0.10572517,0.58675534,0.8777971,0.26261452,0.098501995,0.07436738,0.78723824,1.0,0.7122911,0.34861395,0.19648673,0.67763305,0.76281434,0.20252417,0.24990019,0.09949086,0.36235857
1.0,0.6378007,0.106762506,0.10580436,0.58648705,0.8766177,0.26281387,0.09857678,0.07454354,0.78697854,1.0,0.7126999,0.34878,0.1962703,0.6771538,0.76284045,0.20271613,0.25007415,0.09940997,0.36241102
1.0,0.63779885,0.106833994,0.105734065,0.58639634,0.8758103,0.26308894,0.098575845,0.07438665,0.7866227,1.0,0.71306056,0.3487319,0.19619276,0.67696255,0.76264745,0.20271862,0.24987084,0.09936186,0.36218685
1.0,0.63768727,0.10674827,0.10584772,0.58633906,0.8756908,0.2629221,0.09881887,0.07434596,0.78634596,1.0,0.71263605,0.3486573,0.19624355,0.67670596,0.762676,0.2026077,0.24982238,0.09936336,0.36225355
1.0,0.6372874,0.106851906,0.1057289,0.58623874,0.87520903,0.26288798,0.0986491,0.0743244,0.78641725,1.0,0.7123261,0.34861955,0.1963001,0.676805,0.76263076,0.20261666,0.24991944,0.099284396,0.3621434
0.12767766,0.75521195,0.43129998,0.13964576,0.5857997,0.5293834,0.30908316,0.042705145,0.08578469,0.68963027,0.34527144,0.84083104,0.5654263,0.2195523,0.5777248,0.31219998,0.24033739,0.4867733,0.11018922,0.35344246
0.12650955,0.754995,0.4315143,0.13963667,0.586124,0.5296797,0.30901003,0.042731464,0.085606605,0.6899478,0.3451775,0.8405842,0.5665447,0.21985438,0.57796466,0.31195194,0.24036838,0.48778048,0.110363476,0.35353932
0.12590761,0.7541167,0.43134966,0.13960604,0.5862964,0.5300057,0.30863553,0.04284167,0.08576399,0.6901631,0.34505188,0.8397143,0.56692135,0.2198854,0.5780584,0.3121639,0.23991168,0.48816457,0.11032376,0.35362056
0.12592147,0.7549554,0.43150115,0.13953346,0.5864993,0.52997816,0.30895886,0.042912174,0.085597165,0.69016933,0.34488517,0.84078205,0.56717473,0.22006132,0.5781671,0.3121542,0.24023454,0.48850396,0.11032086,0.35362828
0.12571017,0.75548434,0.4314086,0.13946025,0.58648074,0.5300971,0.30910343,0.043212455,0.08559218,0.6903132,0.34491798,0.84113175,0.56757724,0.22004299,0.5782251,0.31217897,0.2403229,0.48863938,0.11031978,0.35366055
0.12532154,0.75485533,0.43150964,0.13944666,0.5865318,0.52983433,0.30898398,0.043128014,0.08554332,0.6903443,0.34508336,0.8407444,0.5676221,0.22017758,0.57815945,0.31174204,0.24007688,0.48859555,0.11039169,0.3537581
1.0,0.64032805,0.103692554,0.109337755,0.59678733,0.88453007,0.26336476,0.095390365,0.07386068,0.7797136,1.0,0.71409136,0.3382353,0.19812742,0.66828483,0.75684553,0.20379682,0.24250597,0.09972846,0.36687455
1.0,0.6406027,0.103549935,0.10935409,0.596689,0.8827966,0.26378846,0.09515596,0.07395431,0.7793226,1.0,0.71437323,0.33797696,0.19801243,0.6680367,0.75650364,0.20388201,0.24229981,0.0995793,0.36682177
1.0,0.6407738,0.103483155,0.109279625,0.59664863,0.88247746,0.26369786,0.09525565,0.073921815,0.77937025,1.0,0.7145853,0.3378959,0.19785298,0.66784024,0.7568354,0.20397036,0.2423387,0.09956906,0.36675334
1.0,0.64068407,0.10365021,0.10932107,0.59652066,0.8819405,0.26370722,0.09540978,0.0739091,0.77894413,1.0,0.71454936,0.33805212,0.19791757,0.66761804,0.75684524,0.20384824,0.24230467,0.09947835,0.36675006
1.0,0.6408137,0.1034669,0.10935994,0.59669954,0.88165736,0.26386315,0.09529288,0.07391507,0.77929413,1.0,0.7145628,0.33815694,0.19780518,0.6677144,0.75684184,0.20384206,0.24231936,0.09951353,0.3669272
1.0,0.6407897,0.1037478,0.109369986,0.59656805,0.88189864,0.26339358,0.09531854,0.073840305,0.7789661,1.0,0.7145979,0.3379256,0.19785632,0.667543,0.7568417,0.20401536,0.24235216,0.0995746,0.36690062
0.15633015,0.6513363,0.10573202,0.35341117,0.5829867,0.61323446,0.26417813,0.08904232,0.6145799,0.7748788,0.36890358,0.7195893,0.34447637,0.6977896,0.66613805,0.32776493,0.20830503,0.25220534,0.46155643,0.36016768
0.15620758,0.6507382,0.105912685,0.35292247,0.58328503,0.61317086,0.263736,0.08883749,0.61467814,0.7754514,0.36835846,0.7192346,0.34443507,0.69779056,0.66646284,0.32759598,0.20803317,0.25213775,0.46112546,0.36021864
0.15576907,0.65074795,0.10588633,0.35269147,0.58348024,0.6132911,0.26402748,0.08912622,0.6146902,0.7755006,0.3685406,0.7192565,0.344614,0.69780195,0.6665195,0.32750264,0.20783482,0.2520854,0.46106234,0.36029124
0.15633994,0.65038705,0.105893806,0.3526218,0.5833702,0.6138013,0.2637355,0.088948816,0.6148745,0.7755877,0.36813837,0.7189292,0.34444278,0.69781405,0.6665441,0.32751408,0.20784679,0.25211948,0.461081,0.36020282
0.15599944,0.65066075,0.10590924,0.35258523,0.5836099,0.6136246,0.2639513,0.0889083,0.6148008,0.77590704,0.3680903,0.7191055,0.3445942,0.69787794,0.6668678,0.32760105,0.2078749,0.2522902,0.4609093,0.36031714
0.15586552,0.65054655,0.105966225,0.35266742,0.58366376,0.6133943,0.2639001,0.08896048,0.6147356,0.7756465,0.36837134,0.7189554,0.34461787,0.6978669,0.66672057,0.3275072,0.20779262,0.25224376,0.46088853,0.36032674
0.16476162,0.64980894,0.10904839,0.35682115,0.57067704,0.6276361,0.26334244,0.094517216,0.60081184,0.7529982,0.3714099,0.71810305,0.35649532,0.6939559,0.6441815,0.3293215,0.20752752,0.2605421,0.45664653,0.34974176
0.1647649,0.6497499,0.10919207,0.35682172,0.5706073,0.62775034,0.263511,0.094299816,0.60073304,0.7529274,0.37138963,0.7180821,0.3564282,0.6938954,0.64390194,0.32935593,0.20763019,0.26033664,0.45651624,0.3498015
0.16446665,0.6495317,0.10914535,0.35678327,0.570595,0.627721,0.26363334,0.09432725,0.6007157,0.7531196,0.37125444,0.7180397,0.35655552,0.69394183,0.6441083,0.32936564,0.20735821,0.2605619,0.4565868,0.34981328
0.16491872,0.649285,0.109145135,0.35677263,0.57075804,0.62785035,0.2635394,0.09422025,0.6008375,0.75316364,0.37106776,0.71768105,0.35647994,0.69392455,0.64421767,0.3291429,0.20754312,0.26034015,0.45659766,0.3498323
0.1647632,0.6496961,0.109114245,0.35666156,0.5707781,0.6277475,0.26346695,0.09417892,0.6008199,0.75327724,0.3711814,0.71814877,0.3565696,0.6938329,0.64430505,0.32920793,0.20746529,0.26060492,0.45644477,0.34969395
0.16526732,0.6493525,0.109237224,0.35666737,0.5706571,0.6283189,0.26337865,0.094274595,0.6009004,0.7532109,0.3713488,0.71774024,0.3564469,0.69389176,0.6442138,0.32938665,0.20737761,0.2605162,0.45657113,0.3497688
0.14549562,0.61680925,0.100585185,0.105305515,0.8045787,0.6035768,0.2556217,0.08273375,0.08304054,0.22061497,0.37244427,0.6933367,0.32637852,0.20760503,0.4676299,0.33316216,0.1949395,0.23938683,0.10823491,0.8821494
0.14559141,0.61639494,0.100633964,0.10537636,0.8046948,0.6034754,0.25563475,0.08242583,0.082872964,0.2207358,0.3723251,0.6929674,0.32611278,0.20745298,0.4678329,0.33293787,0.19467364,0.23932588,0.10818686,0.882214
0.14540118,0.6168804,0.100513734,0.105417155,0.8048094,0.60353017,0.2556503,0.08248634,0.08300986,0.22070515,0.37253392,0.69326514,0.32641205,0.2077108,0.46785203,0.33305684,0.1950402,0.23941961,0.1081662,0.8823007
0.14566027,0.61702603,0.100687295,0.1052904,0.80456877,0.60345227,0.25567216,0.08252622,0.08313345,0.22084095,0.37240973,0.69332254,0.32617953,0.20762312,0.4678949,0.33297446,0.19513169,0.23934418,0.10824425,0.88233596
0.14564063,0.61701375,0.10052674,0.105286084,0.80482733,0.60382164,0.25570282,0.08259879,0.083025634,0.22084302,0.3725449,0.69345486,0.32623786,0.20759995,0.4680086,0.33309042,0.19510774,0.23915398,0.10827195,0.8824175
0.14535534,0.61708915,0.10064674,0.10536044,0.8048034,0.60333186,0.2558948,0.08252537,0.082963474,0.220961,0.37250796,0.69348234,0.32617137,0.2076214,0.46794453,0.33305773,0.19510016,0.23920166,0.10822538,0.882495
0.15657446,0.60569805,0.10487056,0.103500575,0.7837544,0.6346202,0.25143784,0.085040644,0.0845457,0.22961918,0.38663638,0.68158966,0.34004337,0.20743898,0.47350907,0.3447746,0.19131349,0.24953897,0.10846614,0.8706486
0.15708904,0.60607225,0.105008654,0.10356406,0.783555,0.6348841,0.25168803,0.085077666,0.08438776,0.2299839,0.3867282,0.6821417,0.33995754,0.20738976,0.47371566,0.34473118,0.19150527,0.24949807,0.108320855,0.8705145
0.15671371,0.6061939,0.10499729,0.1036279,0.78362566,0.63474524,0.2516919,0.085072,0.08439835,0.22990826,0.3865401,0.68224794,0.33995432,0.2074475,0.47382167,0.34454834,0.1913852,0.2494005,0.108325966,0.87065667
0.15634167,0.60608345,0.10507006,0.103429124,0.78364086,0.63467854,0.2516806,0.085040346,0.08437666,0.22954756,0.38666525,0.6820343,0.33984065,0.20746434,0.47356686,0.34463874,0.19139606,0.24930137,0.10835106,0.8706564
0.15641893,0.6061301,0.10489698,0.103666216,0.78364116,0.6350511,0.25174627,0.08514731,0.084471405,0.22992374,0.38664863,0.6820094,0.33977523,0.20751026,0.47380322,0.3445888,0.19141164,0.24934693,0.10837444,0.8707646
0.15675555,0.60585505,0.10493378,0.103489615,0.7836747,0.6347095,0.25160933,0.084982,0.08440547,0.22979881,0.38652116,0.6817406,0.3397459,0.20731255,0.47371805,0.34458548,0.19140802,0.24944249,0.10847318,0.87067044
0.13244078,1.0,0.05960785,0.10078469,0.45822388,0.51373714,1.0,0.060394045,0.09364358,0.36144117,0.35195434,1.0,0.20064393,0.20595855,0.26463768,0.31887788,0.9743622,0.14590979,0.114658095,0.27558112
0.1313839,1.0,0.05950844,0.10073216,0.45828328,0.51299626,1.0,0.060493693,0.09339901,0.36130875,0.35207334,1.0,0.20070228,0.20591594,0.264478,0.3186548,0.97510755,0.14590912,0.114655346,0.27571863
0.13176532,1.0,0.05953126,0.1007226,0.45826733,0.51335925,1.0,0.06037278,0.093586184,0.36103487,0.35232547,1.0,0.20050253,0.20586424,0.2642248,0.31885478,0.9752951,0.14585458,0.114591844,0.27568346
0.13163358,1.0,0.05954328,0.100667655,0.45827833,0.5131532,1.0,0.060521666,0.093389966,0.36105728,0.35218373,1.0,0.20050335,0.20581451,0.26429814,0.3186478,0.97526354,0.14565635,0.11467929,0.27573708
0.13183631,1.0,0.059451137,0.10071929,0.4582074,0.5131246,1.0,0.060343876,0.093539305,0.3609839,0.35227138,1.0,0.20034942,0.20588177,0.26424617,0.31872723,0.9755888,0.14567643,0.11479338,0.2757627
0.13128178,1.0,0.059628982,0.1007322,0.45828056,0.5129343,1.0,0.06045741,0.09342817,0.36099115,0.35230348,1.0,0.20047326,0.20599648,0.26415706,0.3187932,0.975392,0.14565201,0.11464454,0.27580264
0.1499723,0.6188549,0.10295849,0.10388055,0.79212856,0.6198258,0.25651267,0.08620735,0.0819529,0.22599432,0.38115045,0.69620293,0.33524457,0.20491497,0.47033855,0.339547,0.19558,0.2455781,0.10711015,0.8756339
0.15059334,0.61877215,0.103045754,0.10391172,0.79244673,0.6203204,0.25666273,0.08626485,0.08210593,0.2259746,0.380649,0.6960994,0.33528665,0.20501457,0.47047096,0.33966473,0.19535212,0.24554805,0.107146025,0.8755588
0.15069455,0.61792403,0.10298281,0.10378302,0.79232186,0.6201686,0.25651973,0.08619065,0.08216727,0.22587845,0.3804608,0.69522816,0.33521777,0.20502517,0.4704944,0.3396546,0.19522315,0.24548192,0.10716785,0.8754706
0.1504077,0.61808604,0.10324802,0.10394665,0.7925873,0.6200654,0.25667718,0.08619628,0.082148835,0.22600648,0.38060078,0.69553924,0.3354305,0.2049613,0.47071406,0.33958408,0.19520581,0.24565928,0.10704233,0.8755264
0.1507036,0.6186135,0.10306968,0.103908405,0.7926237,0.6205921,0.25659,0.08636328,0.08219126,0.22595301,0.38082665,0.69619805,0.33541712,0.20503844,0.47062582,0.33961374,0.19542174,0.24569601,0.10701397,0.87549865
0.15083124,0.618234,0.103249356,0.1039312,0.7925938,0.62051976,0.25674698,0.086288825,0.082237795,0.22584118,0.3805371,0.69585514,0.33544615,0.20506829,0.4706308,0.33957034,0.19530123,0.24578857,0.10717911,0.87555885
0.15404758,0.6146037,0.10242372,0.10545402,0.79146177,0.6264064,0.25467357,0.08535324,0.08192972,0.22182192,0.38157392,0.69047624,0.3329633,0.20670491,0.4665997,0.34021568,0.19426212,0.24401806,0.107413635,0.8740099
0.15384349,0.6139632,0.10251807,0.10543358,0.7914987,0.6258918,0.25441858,0.085188136,0.08191443,0.2218817,0.38149902,0.6900397,0.33292213,0.20668758,0.46673957,0.3398935,0.19424818,0.24390799,0.107508264,0.87396866
0.15452513,0.6149452,0.10257692,0.10558075,0.79213256,0.62668604,0.2546027,0.085227504,0.08204316,0.22194183,0.38173547,0.6907795,0.33343822,0.20676379,0.46657875,0.3401579,0.19432671,0.24440777,0.10758157,0.8743199
0.1541445,0.6142289,0.10254145,0.1054369,0.7916159,0.6263762,0.2544841,0.085174024,0.082029976,0.22201556,0.38160914,0.69023174,0.3329442,0.20678395,0.4667967,0.3400676,0.1942355,0.24390827,0.10756027,0.87403584
0.15421468,0.6138673,0.10254999,0.105400614,0.79170763,0.62620026,0.2545391,0.08541165,0.08198018,0.22185552,0.3816449,0.6897756,0.3330024,0.20677453,0.46664616,0.33992976,0.1940651,0.24414945,0.10758386,0.8741028
0.15435654,0.6137298,0.102539115,0.10548491,0.7916447,0.6271389,0.254423,0.08527445,0.08201527,0.22215576,0.38170496,0.6895558,0.3330371,0.20672996,0.46682718,0.34009683,0.19402714,0.24400038,0.10753175,0.8740174
0.12465273,0.77451175,0.42872494,0.14005993,0.5988004,0.51184714,0.31841585,0.046033297,0.084086604,0.6876233,0.3398694,0.8661127,0.5827082,0.2170674,0.5756862,0.30891004,0.24582869,0.50013494,0.11032081,0.36244324
0.124846384,0.77504337,0.42886552,0.13996048,0.59905624,0.5118206,0.31869453,0.045956403,0.084148176,0.68780243,0.3398867,0.86666495,0.5824166,0.21720183,0.5758116,0.3092586,0.24601077,0.49996835,0.11027204,0.36253697
0.12447372,0.77537376,0.42872587,0.14006804,0.59913474,0.51216185,0.31865245,0.04584851,0.08402939,0.6879334,0.34012583,0.8670403,0.58248615,0.21726175,0.5758951,0.30945417,0.24613121,0.49996805,0.11027838,0.36262608
0.12401923,0.7752155,0.42878896,0.14001,0.5991712,0.5119349,0.31878304,0.045913532,0.083942026,0.6879546,0.34008917,0.86704195,0.5823705,0.21728645,0.5757787,0.30934715,0.24606153,0.4999168,0.11038975,0.3626398
0.12436143,0.7751394,0.42863196,0.14012623,0.5991963,0.51254064,0.31854805,0.04588137,0.08403503,0.6879688,0.34021866,0.86693776,0.58243805,0.21726114,0.5758678,0.30949274,0.2460379,0.49995434,0.110340424,0.36268762
0.12436053,0.77525353,0.4288259,0.13993506,0.5992323,0.5123257,0.31883422,0.04599288,0.084078036,0.688261,0.34021935,0.867012,0.5823166,0.21729581,0.576077,0.3092861,0.2460463,0.49986574,0.11031451,0.36270344
0.15613396,0.6045207,0.1039298,0.10168187,0.7863756,0.639041,0.25136793,0.08645433,0.08472017,0.23597388,0.3904228,0.6813257,0.33800262,0.20561895,0.4789116,0.34817958,0.19080974,0.24776544,0.10787389,0.8715337
0.15607846,0.60421884,0.104130924,0.10155005,0.786315,0.6387531,0.25139454,0.08651187,0.084877156,0.2360141,0.3903316,0.6809164,0.33820832,0.20561159,0.4789325,0.34826824,0.19063586,0.24797879,0.10783851,0.8716041
0.15645804,0.60382193,0.10400201,0.101739235,0.7860915,0.63873535,0.2513273,0.08636963,0.0848684,0.23610672,0.3906586,0.6807017,0.33828503,0.20556743,0.4789426,0.3482448,0.19053161,0.24783716,0.10787765,0.871512
0.15701139,0.6045242,0.104511485,0.10175775,0.7868431,0.63938284,0.25155312,0.08635819,0.08471892,0.23580553,0.390455,0.6814549,0.33885312,0.20577043,0.47879934,0.34833443,0.19097795,0.24857722,0.10802671,0.8721972
0.15644357,0.60393465,0.10386877,0.101684466,0.7861815,0.6388972,0.2512594,0.086279206,0.084764734,0.23626405,0.39050108,0.6807767,0.3382068,0.20558344,0.4792777,0.348177,0.19063601,0.24791153,0.10777639,0.8716506
0.15622433,0.60402286,0.10410101,0.1016879,0.78601986,0.6388276,0.25148997,0.08664425,0.08475357,0.23635086,0.39013132,0.68078613,0.3380567,0.20555197,0.47901213,0.3480417,0.19066267,0.24788092,0.10776584,0.8716058
1.0,0.63906586,0.10791443,0.104802534,0.58817303,0.8851613,0.2637561,0.10306023,0.073797494,0.7927968,1.0,0.715162,0.35376453,0.1945998,0.6825773,0.76237804,0.20290613,0.25311342,0.09917902,0.36341864
1.0,0.6408415,0.107797496,0.10469967,0.58764005,0.88052356,0.26460817,0.10302661,0.07373492,0.7920854,1.0,0.7169053,0.35357016,0.19435467,0.68216276,0.76198775,0.20346022,0.25288317,0.098990224,0.36320886
1.0,0.641096,0.10771608,0.104772486,0.5875971,0.8790899,0.2649429,0.10322418,0.073477596,0.79194367,1.0,0.7172869,0.35362172,0.19422667,0.6818776,0.76206064,0.20372161,0.25300446,0.09901458,0.36314836
1.0,0.640848,0.107897386,0.10475356,0.58762383,0.878528,0.26478314,0.10330766,0.07365356,0.7917629,1.0,0.71686876,0.35355914,0.19411676,0.6817051,0.76214844,0.20353001,0.25304228,0.09896196,0.3631595
1.0,0.6411018,0.10764396,0.104754016,0.5876133,0.87779933,0.26472285,0.103205666,0.07363132,0.79170334,1.0,0.7170606,0.35364744,0.19417334,0.681647,0.76205224,0.2035474,0.2529995,0.09894416,0.36317214
1.0,0.6409478,0.10782385,0.10480923,0.58741885,0.87763387,0.26483762,0.10321734,0.07358883,0.79169434,1.0,0.71698815,0.35363197,0.1942149,0.68159384,0.76196283,0.20359169,0.25310618,0.09890385,0.3632015
0.13840266,1.0,0.056461256,0.101727314,0.45680922,0.49564558,1.0,0.057094418,0.09588292,0.34474596,0.3460104,1.0,0.18989037,0.20829245,0.24682005,0.31443992,1.0,0.13822472,0.11672221,0.27662027
0.13747624,1.0,0.056497034,0.10181467,0.45728454,0.49570778,1.0,0.057227697,0.09586008,0.3450254,0.3463265,1.0,0.19015166,0.20855029,0.24697255,0.31466597,1.0,0.13844104,0.116894215,0.27685806
0.13663803,1.0,0.05651024,0.1017692,0.45722386,0.4952573,1.0,0.05697334,0.09590091,0.34496307,0.3461177,1.0,0.1898195,0.20848931,0.24698547,0.3141416,1.0,0.13823283,0.116910234,0.27683103
0.13633752,1.0,0.056540623,0.10169026,0.4572494,0.4954043,1.0,0.05720247,0.09580819,0.34499422,0.3464008,1.0,0.1900628,0.20845746,0.24688958,0.31435668,1.0,0.13829525,0.11689676,0.2769343
0.13637789,1.0,0.056470573,0.10159596,0.45713803,0.4949616,1.0,0.057160795,0.09583212,0.3448673,0.34602395,1.0,0.1896587,0.20837986,0.24691276,0.3142642,1.0,0.13808003,0.11693352,0.27679887
0.13573724,1.0,0.056577217,0.10171456,0.45739448,0.49499077,1.0,0.05720542,0.09597752,0.34507102,0.34637848,1.0,0.19002384,0.20843577,0.24709469,0.3140813,1.0,0.13837434,0.1170086,0.276894
0.14689337,0.6219439,0.09716141,0.10818495,0.7898516,0.6134431,0.25786784,0.08066192,0.083435304,0.21792103,0.38065574,0.69947773,0.31585994,0.21076046,0.46420375,0.33955216,0.196557,0.2316192,0.11033905,0.8751016
0.14777209,0.6207281,0.09730438,0.10816033,0.7900821,0.6142355,0.25727788,0.08061669,0.083316065,0.21825434,0.38036713,0.69819164,0.31612152,0.21086983,0.4644869,0.33963975,0.19610505,0.23187046,0.11029266,0.8751462
0.14764859,0.62073845,0.097201265,0.1080014,0.79025203,0.61423886,0.2573419,0.08057109,0.08353284,0.21827802,0.38031024,0.69832915,0.3161666,0.21090834,0.46464208,0.33961186,0.1959752,0.23184441,0.11029598,0.8750981
0.1473982,0.6207987,0.09746546,0.10808741,0.79022026,0.6139874,0.25722888,0.08062402,0.08348419,0.21833007,0.38032243,0.69827867,0.31614628,0.21092916,0.46469378,0.3398197,0.19610007,0.23205765,0.110306375,0.8752057
0.14764172,0.6210151,0.09722792,0.10801719,0.79047173,0.6142393,0.2574848,0.080621384,0.083515525,0.21829268,0.38018483,0.69860196,0.316017,0.21095496,0.46476495,0.3397229,0.19603853,0.23193666,0.11037462,0.8754805
0.14788385,0.6211103,0.0975293,0.1080317,0.790603,0.6146302,0.25735253,0.08062062,0.083501786,0.2184554,0.38019097,0.6987241,0.31649086,0.2109252,0.46482724,0.3398269,0.1961633,0.23213339,0.110323936,0.87536144
0.15776466,0.6696398,0.09884389,0.3639539,0.5665754,0.59855187,0.2739453,0.08842806,0.6152607,0.7587558,0.3528087,0.74519175,0.32491145,0.7124985,0.65138453,0.3129594,0.2130495,0.23694862,0.46737528,0.34908417
0.15771405,0.66923565,0.09920853,0.3638641,0.5665431,0.598946,0.2734333,0.08839689,0.6152356,0.75881416,0.3530556,0.7445468,0.32504725,0.71253705,0.65147775,0.31306738,0.21287666,0.23700872,0.46721372,0.3489742
0.15791607,0.66953254,0.0990256,0.36389014,0.5667266,0.5988001,0.27357244,0.088322684,0.61531925,0.75907624,0.352817,0.7447194,0.324964,0.7125099,0.65150785,0.31308997,0.21284053,0.23703228,0.46720597,0.34913135
0.1582942,0.66955197,0.0992641,0.3638498,0.5666242,0.59954375,0.27348167,0.0883813,0.61516136,0.75902647,0.35275158,0.7447264,0.32534173,0.71242803,0.65142226,0.3132131,0.21289656,0.23733284,0.46712485,0.3490801
0.15820196,0.6693287,0.09909006,0.36385643,0.5668328,0.5993819,0.2737972,0.0885009,0.6152383,0.7591038,0.3527732,0.74470925,0.32529727,0.7124325,0.6516509,0.31330064,0.21288858,0.23727556,0.46716177,0.34917268
0.157962,0.66945857,0.099220805,0.3638965,0.5667214,0.5990978,0.27371174,0.088415906,0.6152792,0.7590516,0.35288647,0.74473244,0.32526973,0.71264714,0.65159965,0.31304735,0.21292149,0.23724918,0.46726745,0.34902552
0.12397669,0.77805746,0.4322715,0.13678594,0.6014032,0.52106845,0.31918928,0.0414895,0.08317614,0.6967852,0.34058192,0.86806005,0.56431556,0.20972565,0.581916,0.3091146,0.24744844,0.48661697,0.10594983,0.36264256
0.124373585,0.77915555,0.43263894,0.13698971,0.6021759,0.52168584,0.3195444,0.041514564,0.08286207,0.6971572,0.34112686,0.8696833,0.5650655,0.21023056,0.5824652,0.30942488,0.24766254,0.48707533,0.106081225,0.36301938
0.12372859,0.77863044,0.4324652,0.13695498,0.60210687,0.5214874,0.3194494,0.041573647,0.08285155,0.6970254,0.3413564,0.8689707,0.5650568,0.21016107,0.58242846,0.30936727,0.24752133,0.48704615,0.10602092,0.3630447
0.12354268,0.77885073,0.43243325,0.13699414,0.60219306,0.5216342,0.3193555,0.041655686,0.08275831,0.69686383,0.34124407,0.869402,0.56481427,0.21017061,0.5822671,0.30937785,0.24750262,0.48707128,0.10612499,0.36314845
0.12389332,0.77919805,0.4325375,0.13699688,0.60233516,0.5215921,0.3198824,0.041633297,0.08279088,0.6973745,0.3412851,0.8696103,0.5651795,0.21020763,0.5825922,0.30947676,0.24760678,0.48719463,0.10618077,0.36307666
0.12409782,0.7789891,0.4326813,0.13687633,0.6024363,0.52191395,0.3194637,0.041426323,0.082877494,0.6973727,0.34123027,0.8695953,0.5649312,0.21030775,0.58263445,0.30954537,0.24762331,0.48704845,0.10618838,0.36324638
0.15524857,0.6210757,0.10350652,0.10313906,0.7870317,0.6345709,0.25828722,0.085958906,0.08207159,0.22881572,0.38766545,0.69982237,0.3365188,0.20398381,0.4729893,0.34572816,0.19606973,0.24665187,0.107083194,0.8721874
0.15553415,0.6212208,0.10368321,0.1030111,0.7869405,0.63495415,0.25839576,0.08593891,0.082103364,0.22898589,0.38772768,0.69982356,0.33618742,0.2038995,0.4731799,0.34591717,0.19612016,0.2464779,0.106986165,0.8724042
0.15594137,0.6210108,0.10342111,0.10315174,0.7869188,0.63454694,0.2582612,0.08573745,0.08213409,0.22921312,0.38760704,0.6997121,0.33635914,0.20392726,0.47325477,0.34567657,0.19623235,0.24657193,0.10713733,0.8723896
0.15552633,0.6216433,0.103627734,0.10307203,0.78677565,0.6346078,0.25862324,0.08590229,0.082045645,0.22906625,0.38762516,0.70021576,0.33636487,0.20400335,0.47328687,0.34596914,0.19623029,0.246606,0.10704985,0.8724977
0.15566094,0.6213904,0.10348271,0.10313143,0.7870513,0.63446933,0.258434,0.08611093,0.08205835,0.22911194,0.38769105,0.69988096,0.33640447,0.20395997,0.47326383,0.34568775,0.19615941,0.2466545,0.10697972,0.87242293
0.15534052,0.6212288,0.103610955,0.103180766,0.78694546,0.63430107,0.25820476,0.085968345,0.082096525,0.22908457,0.3877297,0.6997137,0.33632484,0.20391047,0.47315386,0.34565175,0.1961411,0.24667709,0.106985435,0.87258863
0.13031591,1.0,0.078884944,0.12990893,0.5996417,0.5503507,1.0,0.07796227,0.07753896,0.7177481,0.3530119,1.0,0.26420376,0.20599079,0.6028281,0.31614754,1.0,0.19184618,0.10153871,0.36516756
0.13074821,1.0,0.07885498,0.12988758,0.5995743,0.5503177,1.0,0.07796073,0.07746972,0.7177565,0.3531579,1.0,0.2642221,0.206052,0.60281175,0.3162035,1.0,0.1918812,0.10142543,0.3651968
0.13039857,1.0,0.078734376,0.12989211,0.5994604,0.5499865,1.0,0.07793485,0.077541985,0.71749395,0.35304,1.0,0.26413667,0.20601568,0.6027499,0.31628624,1.0,0.19176157,0.10155565,0.36515266
0.12999189,1.0,0.07884474,0.12991011,0.5995303,0.549538,1.0,0.07811269,0.07749443,0.71750516,0.35313702,1.0,0.26437673,0.20598182,0.6026356,0.31595412,1.0,0.19189209,0.101451054,0.36523277
0.1300255,1.0,0.07875173,0.12987946,0.59965706,0.5493356,1.0,0.077799805,0.0776132,0.717759,0.3528365,1.0,0.26400405,0.20588288,0.60281646,0.31570488,1.0,0.1916725,0.101367235,0.36519057
0.13051195,1.0,0.078812346,0.13000967,0.5995886,0.550299,1.0,0.07801566,0.07751617,0.71770304,0.3528852,1.0,0.26416272,0.20609798,0.60273474,0.3161354,1.0,0.19170001,0.101362094,0.36521566
0.15050822,0.61148435,0.101061605,0.10636168,0.7818506,0.6224648,0.2532675,0.08321829,0.084352866,0.22236262,0.3837064,0.68728155,0.32839417,0.21084729,0.4665065,0.34204066,0.19339924,0.24089149,0.10917146,0.8692029
0.15103546,0.611347,0.101208195,0.10629026,0.7821639,0.6229132,0.25313202,0.083192565,0.08443577,0.22285016,0.3832564,0.6872391,0.3286806,0.21087833,0.4670069,0.34202212,0.19341882,0.24104613,0.109260425,0.869388
0.15117653,0.61123216,0.101123184,0.1063248,0.78235906,0.6229213,0.25312445,0.0831713,0.08453357,0.22283928,0.38330394,0.6870105,0.3285258,0.21101119,0.4670277,0.34183586,0.19313207,0.24101448,0.109344706,0.86958504
0.15123904,0.61136365,0.10132391,0.106199786,0.7821551,0.6231548,0.25321436,0.083136156,0.08441082,0.22291227,0.38326135,0.6870836,0.32869405,0.21092147,0.46717578,0.341759,0.19331083,0.24114782,0.10923596,0.869556
0.15087429,0.61095226,0.101304255,0.10626227,0.7825193,0.6229153,0.25311926,0.08303544,0.08462476,0.22298136,0.38299888,0.68699515,0.32873252,0.21092167,0.4672067,0.34212023,0.19331683,0.24115533,0.109399594,0.8697208
0.15054691,0.61121416,0.10136415,0.106229156,0.7823865,0.6228084,0.2529381,0.08292095,0.08453866,0.22310145,0.38307652,0.6870391,0.3287872,0.21091801,0.4673131,0.34185278,0.19342081,0.24125065,0.10931405,0.86972785
0.15085793,0.6319147,0.097949445,0.108110756,0.777256,0.62452066,0.26197192,0.08064953,0.08388924,0.22081386,0.38461438,0.7110292,0.3185301,0.2119323,0.46481785,0.3433286,0.19982527,0.2336749,0.11022961,0.867556
0.15106405,0.6316641,0.09828758,0.10811677,0.7772104,0.6243324,0.26206312,0.08053236,0.08382481,0.22085223,0.38448554,0.71058017,0.31864372,0.21181107,0.4648427,0.3433474,0.19962612,0.23364784,0.110293314,0.8674375
0.1507166,0.63206303,0.09810097,0.10803139,0.77731353,0.62441456,0.26201242,0.08043256,0.08397117,0.22094257,0.38465914,0.7110233,0.3184289,0.21185885,0.46483296,0.34346056,0.19969445,0.23367411,0.11015071,0.8674734
0.15112306,0.63194525,0.09824417,0.108062685,0.7771887,0.62443197,0.26215798,0.08062357,0.08394594,0.22085957,0.3845221,0.71116304,0.3185689,0.21192972,0.46488717,0.34341514,0.19978824,0.23368596,0.11031229,0.86746216
0.15136957,0.63174117,0.098111704,0.10799498,0.7772705,0.624636,0.2620087,0.08047277,0.083859436,0.22099133,0.38433215,0.7105406,0.31849366,0.21179265,0.4649155,0.34344503,0.1997101,0.23358151,0.110311925,0.8674931
0.15144455,0.6321621,0.098321594,0.10809566,0.7774324,0.6251025,0.26227823,0.080669716,0.08394111,0.22091569,0.38444078,0.7110834,0.3186055,0.21193177,0.4649231,0.34338522,0.19978917,0.2337034,0.11031981,0.86757636
0.12860408,1.0,0.06834123,0.099592306,0.45558047,0.5326863,1.0,0.065725274,0.095731884,0.36969844,0.35608283,1.0,0.22833198,0.20809665,0.27472672,0.321062,0.94530576,0.1662602,0.1146274,0.273931
0.12824892,1.0,0.06847695,0.09959214,0.4553451,0.5323712,1.0,0.06583064,0.095610045,0.36911675,0.35647988,1.0,0.22826558,0.20797206,0.2744752,0.32109326,0.9457785,0.16614902,0.11444651,0.27385014
0.1281644,1.0,0.06837759,0.09969754,0.4553943,0.53260356,1.0,0.065820776,0.0956275,0.36896622,0.35652864,1.0,0.22812183,0.2079873,0.2743782,0.32095987,0.9456732,0.16611837,0.11454718,0.27382013
0.12804608,1.0,0.06830334,0.09958846,0.45539984,0.5320646,1.0,0.06587252,0.095718466,0.36906865,0.35628477,1.0,0.22807162,0.20794016,0.27450073,0.32107404,0.9457041,0.16612172,0.11459857,0.27386487
0.12752923,1.0,0.0685234,0.09958688,0.45541996,0.5320899,1.0,0.065785,0.095893085,0.36874148,0.3563386,1.0,0.22808017,0.20800972,0.27425838,0.32105967,0.94574755,0.16604708,0.114550546,0.27390948
0.12763973,1.0,0.0684097,0.099625744,0.4556481,0.5320657,1.0,0.06576335,0.095740676,0.3688966,0.35675415,1.0,0.2283255,0.20799501,0.27424192,0.3212518,0.9458807,0.16636758,0.11455898,0.27396476
0.5170334,0.561224,0.114967406,0.090844065,0.41595852,0.81585413,0.23157497,0.08943703,0.10501553,0.43771434,0.5929733,0.6297728,0.36959812,0.21168241,0.3632044,0.5720847,0.17736863,0.27072477,0.11273841,0.25211307
0.51868314,0.5606455,0.11520186,0.09074292,0.41582316,0.81495637,0.23163319,0.08969618,0.10498586,0.43663445,0.5938845,0.6293812,0.36986935,0.21160252,0.36234552,0.5728773,0.1770163,0.27104554,0.11279152,0.25190902
0.5189498,0.56068265,0.11500283,0.09067058,0.4153976,0.81386125,0.23174745,0.08937961,0.10498452,0.43604282,0.594577,0.62949103,0.36950493,0.21143623,0.36163762,0.57331485,0.17722091,0.2707295,0.112685256,0.25158092
0.51999223,0.56120396,0.11541569,0.09083921,0.41575587,0.8137131,0.23209445,0.08946241,0.10505575,0.43563107,0.5951781,0.6298561,0.37022173,0.2116899,0.3614644,0.57360345,0.17737356,0.27127954,0.11274781,0.25175083
0.52009964,0.56087726,0.11528087,0.09080555,0.41548872,0.8133005,0.23187764,0.089468405,0.10500769,0.4354254,0.59570366,0.62944776,0.37027237,0.21154033,0.36138377,0.5738282,0.17715894,0.27125788,0.11273686,0.25161815
0.52026105,0.5611791,0.11545219,0.09080851,0.41557714,0.8132435,0.23173451,0.08958416,0.10497193,0.43546456,0.59556985,0.62956715,0.37032956,0.21153231,0.36121875,0.5739171,0.17732307,0.27121523,0.11276722,0.25162897
0.123145305,0.79547745,0.4309162,0.1410359,0.5989867,0.51040035,0.32616898,0.04068638,0.08552652,0.6840121,0.33614874,0.88828063,0.5749889,0.20992711,0.56888926,0.30520973,0.25278255,0.4951609,0.10664606,0.36000416
0.122834794,0.7956372,0.4310142,0.14101866,0.5994534,0.51086366,0.32641932,0.04035065,0.085629545,0.6849272,0.3367239,0.88864905,0.57468265,0.21021596,0.5697776,0.30548897,0.25291377,0.49509567,0.1066021,0.3602635
0.12309962,0.79567784,0.4308842,0.14099145,0.59928983,0.5116728,0.32645398,0.0402558,0.08544841,0.6850604,0.33657396,0.88856,0.57501733,0.21015725,0.5697038,0.3057484,0.25295934,0.49549273,0.1066365,0.36051434
0.122832224,0.7958608,0.43110645,0.14113976,0.59952545,0.51125306,0.32657567,0.040209003,0.08531713,0.68534636,0.33668444,0.8888608,0.57497585,0.21033892,0.5701559,0.30585477,0.2528827,0.49522376,0.10652217,0.3602778
0.122676775,0.7956522,0.43087527,0.14110729,0.5996553,0.51168585,0.3262756,0.040168818,0.08553872,0.6856709,0.33656457,0.88860613,0.57485807,0.21026684,0.57033414,0.30567768,0.25295523,0.49501747,0.10654745,0.36037984
0.12246089,0.79581416,0.43091404,0.14108945,0.5995163,0.5114492,0.32655594,0.040417343,0.08528672,0.68547964,0.33695468,0.88894117,0.57484823,0.2103296,0.5702616,0.3060329,0.2528575,0.49504808,0.106534146,0.36031964
0.13074774,1.0,0.06567452,0.100384966,0.45194283,0.5337893,1.0,0.0626516,0.098101884,0.36323556,0.35890985,1.0,0.21896861,0.21039166,0.2703707,0.32405248,0.94691974,0.15966925,0.11664824,0.27273843
0.13033703,1.0,0.06564552,0.100412056,0.45170805,0.53368765,1.0,0.062626705,0.09809472,0.36275914,0.3590367,1.0,0.21881749,0.21037105,0.27011058,0.3238456,0.9468941,0.15967453,0.116720326,0.27267268
0.13020521,1.0,0.06559943,0.100351065,0.45158282,0.53327984,1.0,0.06248289,0.09788702,0.36291575,0.35906902,1.0,0.21869619,0.21024524,0.27028033,0.32381642,0.9470889,0.15943734,0.116545826,0.27267167
0.12995923,1.0,0.06560882,0.10030156,0.45174333,0.5333776,1.0,0.06269893,0.09794869,0.36283413,0.3593263,1.0,0.21886237,0.21025729,0.27014464,0.3238699,0.9474533,0.15956798,0.11662983,0.272684
0.1304727,1.0,0.06560588,0.10040978,0.45177752,0.5332685,1.0,0.06250606,0.098046914,0.3630118,0.35922346,1.0,0.21889645,0.21028769,0.27012506,0.324106,0.9470737,0.15971155,0.11657011,0.2727466
0.1301523,1.0,0.065721445,0.10037245,0.45193917,0.5332334,1.0,0.062638484,0.09801646,0.3630666,0.3593619,1.0,0.21884441,0.21034563,0.2703796,0.3240184,0.9473389,0.15959935,0.11652625,0.27279446
0.14688064,0.63296914,0.10789926,0.35400054,0.59791625,0.59378415,0.25775513,0.09531075,0.60368794,0.76961595,0.36007804,0.70160997,0.3535903,0.6910873,0.6576002,0.32064077,0.20184012,0.25811142,0.45719123,0.3668718
0.14729336,0.6324777,0.10798099,0.3538411,0.5980526,0.59359986,0.25769442,0.09540674,0.6038044,0.77003944,0.35999072,0.701263,0.35401884,0.6911973,0.6578279,0.3205964,0.2016239,0.25841603,0.45726287,0.3669778
0.14723988,0.6327379,0.107993245,0.35375053,0.59823364,0.593606,0.25774667,0.095376395,0.6034656,0.770438,0.3595878,0.70179385,0.3540586,0.6910665,0.6581203,0.3204767,0.20178065,0.25867444,0.45701018,0.3668443
0.14794527,0.63253593,0.10820469,0.35377404,0.5981343,0.59426284,0.25745782,0.09535994,0.60359734,0.7703726,0.35969675,0.70140773,0.35430905,0.6910591,0.6581705,0.3206153,0.20177758,0.25874722,0.45700023,0.3667893
0.14763543,0.63264596,0.10797039,0.35366064,0.5982045,0.59393704,0.25770727,0.09533053,0.60368204,0.7704828,0.35958886,0.70164496,0.35406998,0.69101346,0.6582073,0.3203399,0.20177472,0.2585031,0.45697486,0.3667798
0.14771375,0.63242203,0.108036116,0.35371795,0.59820837,0.5943809,0.25756532,0.09544172,0.6035779,0.77048063,0.35949507,0.7012857,0.35418677,0.69106025,0.65820545,0.32068843,0.20165586,0.25856143,0.45699948,0.36668167
0.13047276,1.0,0.06504961,0.10146391,0.4426088,0.5329942,1.0,0.059686027,0.09863734,0.35921052,0.35804778,1.0,0.21564555,0.21383537,0.2682544,0.32326674,0.94593835,0.157629,0.11711689,0.2664493
0.12998027,1.0,0.065150276,0.10147225,0.44245434,0.5322225,1.0,0.05952683,0.09866699,0.35906452,0.35813567,1.0,0.21547985,0.21382992,0.2681703,0.32322702,0.9461259,0.15742235,0.11706346,0.26654705
0.1300676,1.0,0.06498878,0.10139324,0.4423367,0.5322192,1.0,0.05958198,0.09862335,0.35896525,0.35830197,1.0,0.21546966,0.21380126,0.2680228,0.32312286,0.94622236,0.15740627,0.11702536,0.2665333
0.12967683,1.0,0.06513384,0.10137165,0.44228366,0.532175,1.0,0.05956195,0.09862813,0.35897824,0.35851339,1.0,0.21566491,0.21387145,0.26798964,0.3233686,0.9462735,0.15766996,0.116986334,0.26658076
0.12943216,1.0,0.06506538,0.10146706,0.44245607,0.5321964,1.0,0.059587587,0.09871575,0.35895893,0.35838917,1.0,0.21556328,0.21390083,0.26798093,0.32311377,0.946007,0.15760407,0.11707595,0.26657912
0.12953576,1.0,0.065032415,0.10137381,0.44244796,0.53141385,1.0,0.059542738,0.09855011,0.3589448,0.3583024,1.0,0.2156285,0.21371475,0.2681046,0.32313266,0.9461374,0.15762982,0.11714804,0.2665636
0.122587204,0.7648082,0.43272015,0.13902487,0.589409,0.5194839,0.31181705,0.041736905,0.08586613,0.68968284,0.34141615,0.8502787,0.5676042,0.2182923,0.57653755,0.30870363,0.24376008,0.48894012,0.10902548,0.35538924
0.122496575,0.76449054,0.43262944,0.13910405,0.58945864,0.51951206,0.31190866,0.04186607,0.085697316,0.68976194,0.34114903,0.8498898,0.56785893,0.21837477,0.57674676,0.3088075,0.24371481,0.48923802,0.108975485,0.35529265
0.122765884,0.7640615,0.43244353,0.13891935,0.5896818,0.51974714,0.31168926,0.041657075,0.08571553,0.6902526,0.34113044,0.84954524,0.5679165,0.21850641,0.57695323,0.30885783,0.24361216,0.48936895,0.10912043,0.35531333
0.1228517,0.7636374,0.43246365,0.13896538,0.5896534,0.520052,0.31129888,0.0418524,0.08575188,0.69023585,0.34092063,0.8492952,0.5680167,0.21849176,0.57712096,0.30885795,0.24349105,0.48933524,0.10900027,0.35526958
0.12277929,0.76340157,0.43237782,0.13893712,0.58978117,0.5200753,0.311525,0.041767586,0.08572088,0.6905832,0.34101304,0.8489589,0.5680609,0.21846683,0.577101,0.30901712,0.24327955,0.48942694,0.109129176,0.3554243
0.12337987,0.76317406,0.43252772,0.13892697,0.5899285,0.52024746,0.3115845,0.0416939,0.0858042,0.6905579,0.3408152,0.848925,0.56803167,0.21858174,0.57736534,0.30901766,0.243238,0.48958185,0.10906015,0.35547993
0.14870654,0.61672354,0.10196258,0.10442042,0.7957591,0.6147296,0.25592592,0.08669558,0.082847804,0.22713551,0.3778168,0.6939296,0.3324541,0.2068464,0.4717211,0.33715582,0.1947563,0.24352811,0.10797742,0.87688005
0.14916742,0.6168279,0.102100186,0.10439008,0.7956232,0.6151401,0.2558318,0.08693387,0.08284857,0.22734335,0.37752336,0.69399005,0.33272812,0.20679514,0.47175428,0.33715364,0.19487673,0.24367687,0.107893415,0.876772
0.14921248,0.616828,0.10203951,0.104404,0.79535854,0.6147983,0.2557618,0.086755365,0.082952805,0.2274192,0.37738264,0.6938236,0.33267722,0.20679995,0.4717664,0.3370134,0.1948696,0.24360323,0.107828,0.8767892
0.14923124,0.6171822,0.10202981,0.10433519,0.79550767,0.61490154,0.25629553,0.08687916,0.08294921,0.22738181,0.37742868,0.6945244,0.3326452,0.2067339,0.47186503,0.33705705,0.19505566,0.24357876,0.10789311,0.8769845
0.14937682,0.6165767,0.102040775,0.10430105,0.79570574,0.6149462,0.2556905,0.08688585,0.08292566,0.22749884,0.37753886,0.6938349,0.33282068,0.20678653,0.47193146,0.33690876,0.19468223,0.24361117,0.10790746,0.8769726
0.14918788,0.61651784,0.10203145,0.10441337,0.7956692,0.61506504,0.2558156,0.08681365,0.08281328,0.22723787,0.3776004,0.6937385,0.33275586,0.20664883,0.47174942,0.33718288,0.1947843,0.2435812,0.107781194,0.8769718
0.120999105,0.80232525,0.43153444,0.14208488,0.59641033,0.4986953,0.32830706,0.040189084,0.087617956,0.6768133,0.33123368,0.89427084,0.5722729,0.21092857,0.56212467,0.301329,0.25528628,0.49310842,0.10581448,0.35837007
0.12065127,0.80273104,0.4317237,0.14203833,0.59645724,0.49930233,0.32852525,0.040283784,0.08731587,0.67658705,0.3314244,0.89483,0.57204497,0.21102951,0.562149,0.30139697,0.25555676,0.49308798,0.10580919,0.35828468
0.12100118,0.80250674,0.43159,0.14204355,0.5963885,0.49937972,0.32871938,0.040334668,0.08735498,0.6768603,0.3314856,0.8946963,0.57205945,0.21113077,0.56222904,0.3016598,0.25540388,0.49297586,0.10582946,0.35825005
0.12136852,0.8028943,0.43169594,0.14189753,0.59646106,0.49974266,0.32868734,0.04007139,0.08727501,0.67681205,0.33141294,0.8949318,0.5719671,0.21112163,0.56223124,0.30168378,0.25558046,0.4930259,0.105905,0.35831314
0.12117638,0.8030095,0.4314686,0.14192653,0.5966706,0.49920416,0.3288512,0.040393487,0.087306485,0.67692673,0.33156782,0.89500946,0.57204014,0.21099566,0.56228244,0.30166003,0.2556213,0.49303958,0.10591521,0.3585098
0.121107444,0.8036627,0.4316326,0.14196962,0.5966199,0.49936357,0.32874423,0.04009306,0.087344095,0.67697364,0.331492,0.89549685,0.571946,0.21113336,0.5622861,0.30187026,0.25573096,0.49283218,0.10587835,0.35835126
0.12845404,1.0,0.069419965,0.09981963,0.453017,0.5312506,1.0,0.06433811,0.09616619,0.3696224,0.35525075,1.0,0.23001462,0.20875801,0.2770234,0.32051155,0.9397674,0.16800639,0.115050115,0.2730619
0.12850925,1.0,0.06924964,0.099780135,0.45271975,0.5307544,1.0,0.06417875,0.095995165,0.36937276,0.35488856,1.0,0.22999832,0.2085351,0.27681357,0.32027346,0.9399277,0.16798374,0.11489376,0.27299884
0.12801975,1.0,0.069277726,0.099850364,0.45279938,0.5305868,1.0,0.063981846,0.0959805,0.36947626,0.35552368,1.0,0.22987622,0.20862131,0.27686396,0.32037914,0.9398019,0.16780598,0.114992306,0.27311116
0.12755677,1.0,0.06924119,0.09976434,0.45278805,0.53024346,1.0,0.06421115,0.09604392,0.36919123,0.3553912,1.0,0.22986005,0.2085671,0.276721,0.320186,0.93972224,0.16793796,0.114876404,0.27305233
0.1280215,1.0,0.069266826,0.09980319,0.45269993,0.5308156,1.0,0.064150624,0.095922254,0.36914048,0.3552973,1.0,0.22983988,0.20859635,0.2766268,0.3202328,0.9398056,0.16767243,0.114953995,0.27299133
0.12756036,1.0,0.06929605,0.09971311,0.45260802,0.5303675,1.0,0.06411209,0.09594657,0.3690939,0.35525438,1.0,0.22981508,0.20856178,0.27657574,0.32014146,0.93971556,0.16772886,0.1149509,0.2729895
0.15734176,0.6750423,0.10061413,0.36214855,0.56468946,0.6185017,0.27313492,0.09057893,0.59490484,0.7346113,0.37015337,0.74521285,0.33070982,0.69793725,0.6263658,0.32862452,0.21605515,0.24130094,0.45581803,0.34552586
0.15814464,0.67462605,0.10088867,0.3621062,0.56477624,0.6192334,0.27323782,0.090491965,0.5950032,0.73497057,0.37027556,0.7449251,0.3312659,0.6979035,0.626634,0.32860827,0.21576284,0.24166526,0.45581383,0.34552088
0.15818624,0.6746231,0.100864775,0.3620456,0.56471336,0.61912817,0.27343336,0.09054239,0.59494275,0.73513526,0.37029067,0.7450331,0.33127415,0.6978445,0.6268463,0.32858923,0.21585605,0.24173178,0.4557075,0.34548098
0.15836012,0.6740921,0.10096798,0.3619719,0.5648228,0.61935574,0.27288595,0.090504654,0.59496963,0.73517585,0.36982128,0.7444141,0.3313351,0.69788885,0.6269554,0.32865217,0.21557789,0.2418314,0.4555791,0.34548178
0.15808378,0.6741859,0.10078481,0.36193085,0.56474394,0.619199,0.27291575,0.09041596,0.59482795,0.73528385,0.36996645,0.74443555,0.33124933,0.69794977,0.6269453,0.32860863,0.21571253,0.24178009,0.45561185,0.3453307
0.15857685,0.6736632,0.10090001,0.36193818,0.56490034,0.61952037,0.27286375,0.09054968,0.5949419,0.7354185,0.36994812,0.7441729,0.33145276,0.6978211,0.627122,0.328778,0.21535797,0.24184462,0.45561033,0.34538797
0.13068204,1.0,0.06256458,0.10054788,0.46359697,0.52334994,1.0,0.0605874,0.096192256,0.36566618,0.35556382,1.0,0.20881754,0.20815466,0.26987725,0.3216809,0.9555423,0.15236503,0.116069555,0.2805388
0.13092722,1.0,0.062496763,0.10051365,0.4634846,0.5234681,1.0,0.060482144,0.09613236,0.36538932,0.35587886,1.0,0.20889029,0.20805115,0.26967356,0.32185835,0.95587766,0.15234107,0.11611729,0.280525
0.13075519,1.0,0.06245317,0.10045499,0.46365663,0.52348363,1.0,0.06039225,0.096130945,0.36555964,0.35613608,1.0,0.20870133,0.20814131,0.26982743,0.3218197,0.9558626,0.15223062,0.11622991,0.28073153
0.13064635,1.0,0.06250987,0.100514874,0.46358043,0.52341753,1.0,0.06053174,0.09617003,0.36551052,0.3560335,1.0,0.20873277,0.20815612,0.2698003,0.32197353,0.95579755,0.15212786,0.11616457,0.28057465
0.13085392,1.0,0.06253128,0.10052687,0.46363294,0.52355045,1.0,0.060388092,0.096226215,0.36536652,0.35614514,1.0,0.2086219,0.20808265,0.26980907,0.32194477,0.9562919,0.15219118,0.11619366,0.28056297
0.13066414,1.0,0.06242489,0.100531355,0.46357778,0.5232666,1.0,0.060466666,0.096253,0.3654262,0.35601193,1.0,0.20879997,0.20810121,0.26970834,0.32171285,0.9562698,0.15221585,0.11611111,0.28062686
0.15546468,0.61828196,0.10950553,0.35131806,0.58651805,0.613474,0.25240234,0.094910696,0.61303604,0.78119946,0.36779776,0.6874349,0.3576713,0.69462574,0.6705643,0.32679683,0.19671401,0.26143238,0.4598045,0.36171186
0.15587324,0.61747724,0.109630615,0.35121232,0.5865932,0.61376137,0.2519339,0.095094934,0.61296153,0.78160214,0.36791867,0.68674415,0.3581978,0.694568,0.6708762,0.32685617,0.19651207,0.26173,0.45967275,0.36168125
0.15607288,0.61706287,0.10961819,0.35115778,0.5868446,0.6143336,0.2520545,0.09480692,0.61298424,0.78182244,0.3678697,0.686278,0.3579888,0.69482136,0.67102134,0.32669082,0.19633912,0.26160243,0.45972177,0.3617105
0.15661281,0.61721283,0.109777674,0.35112816,0.5867413,0.6143621,0.25214133,0.0948196,0.6129382,0.78189504,0.36768833,0.68637174,0.35837707,0.69462615,0.6710976,0.32662958,0.19638227,0.2619193,0.45962763,0.36168575
0.15619552,0.61706805,0.10958018,0.35096058,0.58669275,0.6142906,0.2521378,0.09489703,0.6128697,0.7819413,0.3675488,0.6860972,0.35833457,0.6945759,0.6713488,0.32700077,0.19632821,0.26183358,0.45955616,0.36148807
0.15660106,0.61732495,0.10977653,0.3511436,0.58668756,0.6144424,0.25205496,0.095018685,0.6128522,0.78215003,0.3675797,0.6863578,0.3583694,0.69452614,0.6713784,0.3268175,0.19635065,0.26192144,0.45961672,0.36158416
0.12306972,0.7876989,0.43129078,0.14360629,0.5886785,0.5187938,0.32260963,0.04053622,0.08920272,0.67531455,0.33989638,0.8782835,0.57398766,0.21277769,0.559971,0.30814186,0.2506302,0.49436992,0.106284566,0.3520223
0.12296873,0.7883787,0.43146604,0.1435787,0.58889854,0.519352,0.32253897,0.04054566,0.08906561,0.67530847,0.3398283,0.8791027,0.57414114,0.21290329,0.56002754,0.3081772,0.25088784,0.49445814,0.106166944,0.3522002
0.122935295,0.7878758,0.43134096,0.14357656,0.5887375,0.5195403,0.32276064,0.04048557,0.08914526,0.6753495,0.33995464,0.8788921,0.5738573,0.21293227,0.56009275,0.3085073,0.2506516,0.49440214,0.10625203,0.3521522
0.12275108,0.78804564,0.4314419,0.14366202,0.58885777,0.5192614,0.32274002,0.04053556,0.089152895,0.67556137,0.34012488,0.8787406,0.57385,0.21294953,0.5601426,0.30842164,0.25063196,0.4943725,0.1062821,0.35227776
0.12285757,0.7881107,0.43128684,0.14356905,0.58902955,0.51992106,0.32254094,0.040664636,0.08917241,0.6757026,0.3401538,0.87874806,0.57410896,0.21285337,0.56023973,0.3084131,0.25070095,0.49471524,0.106207296,0.35240722
0.123033956,0.787905,0.43142015,0.14351048,0.58907026,0.5199685,0.3225463,0.040600397,0.08908714,0.6755901,0.33990377,0.87847435,0.57395583,0.2128878,0.56029594,0.3084521,0.25069225,0.49452794,0.106327616,0.35226625
0.15766312,0.6074999,0.10841155,0.3510093,0.5748711,0.6244938,0.24828947,0.09028611,0.6208953,0.7758674,0.37485647,0.67592824,0.3522946,0.700846,0.66991484,0.33351287,0.19317456,0.2580957,0.46265292,0.35730213
0.1579653,0.60750294,0.10843817,0.35096362,0.5747425,0.6248914,0.24837492,0.09019078,0.62093914,0.7761788,0.37508035,0.6758807,0.35215276,0.7007451,0.6700867,0.3335947,0.19333096,0.25795,0.46271318,0.3571889
0.15792146,0.60758567,0.10845511,0.35087183,0.57487,0.6245121,0.24829964,0.09020514,0.62075543,0.77633446,0.3748617,0.6760238,0.3521741,0.7007951,0.67016125,0.33346862,0.1931938,0.25801808,0.46249145,0.3572325
0.15837546,0.6078614,0.10848276,0.35082203,0.5749038,0.62488043,0.24864143,0.090384156,0.62086535,0.77640444,0.3749208,0.6760578,0.3523648,0.7006709,0.6700733,0.33344218,0.19322187,0.25821385,0.46242934,0.35728553
0.15795545,0.6076161,0.10844747,0.35080346,0.57493824,0.62453204,0.24849746,0.0903063,0.62073743,0.7764316,0.37478727,0.6759082,0.352404,0.70064366,0.67028636,0.33329567,0.19319849,0.2582556,0.46251702,0.35732323
0.15794073,0.6076284,0.10845615,0.3509325,0.5747475,0.6247324,0.24845389,0.09027189,0.6207703,0.77621686,0.37504542,0.6760678,0.35237506,0.70070237,0.6700326,0.3334287,0.19336392,0.25807846,0.46243146,0.35711008
0.12835437,1.0,0.077296376,0.13537565,0.60233176,0.5452051,1.0,0.08122812,0.08181609,0.7059611,0.34651297,1.0,0.26102203,0.20478773,0.5870055,0.31021145,1.0,0.18859929,0.09970445,0.36284837
0.12864372,1.0,0.076825276,0.1353573,0.6021767,0.5449751,1.0,0.081162445,0.08202858,0.70583576,0.34658086,1.0,0.26060048,0.2046504,0.58687997,0.31011185,1.0,0.18838991,0.09959885,0.36293596
0.12820888,1.0,0.07705133,0.13550213,0.60226315,0.544883,1.0,0.08098642,0.081766255,0.7059427,0.3468857,1.0,0.26091373,0.20467402,0.5870327,0.31010276,1.0,0.188573,0.099469915,0.36303547
0.1286082,1.0,0.07705563,0.13556422,0.6021214,0.5455932,1.0,0.08116707,0.081839226,0.7056951,0.3471284,1.0,0.2605673,0.20467371,0.5869039,0.31039345,1.0,0.18842836,0.09953628,0.36291054
0.12902382,1.0,0.07708163,0.13550356,0.60209394,0.5457827,1.0,0.08110808,0.08191603,0.70562935,0.34695172,1.0,0.260679,0.20472372,0.586829,0.31021628,1.0,0.18844767,0.099587776,0.3628967
0.12869589,1.0,0.07708051,0.13555656,0.6019753,0.5451294,1.0,0.08110772,0.082000576,0.7056187,0.34678087,1.0,0.26058498,0.2046973,0.58675843,0.3102543,1.0,0.18840322,0.099500425,0.3629514
1.0,0.6429475,0.106426634,0.10688487,0.5956937,0.89498776,0.26363432,0.10146233,0.074030675,0.79019463,1.0,0.7157662,0.34834722,0.19725382,0.67759943,0.7560992,0.20503694,0.24942368,0.09896418,0.36676612
1.0,0.6419432,0.106092066,0.10697783,0.5953161,0.88996255,0.2634825,0.10153783,0.07399333,0.7896446,1.0,0.7147285,0.34798005,0.19701841,0.6772345,0.756023,0.20457397,0.24908523,0.09879308,0.3665803
1.0,0.6423878,0.1060477,0.107059754,0.59509796,0.88789266,0.2637081,0.1013239,0.07380343,0.78944767,1.0,0.7153405,0.3481329,0.19691369,0.6771273,0.7560992,0.20478359,0.24908674,0.09882251,0.36645874
1.0,0.6419266,0.10599302,0.10701351,0.59519684,0.8875429,0.26347595,0.101542376,0.07388072,0.7894706,1.0,0.7148362,0.34781858,0.1968883,0.6770131,0.75611085,0.20456776,0.24897376,0.098879166,0.36645308
1.0,0.641266,0.106148764,0.10695187,0.59501666,0.88637733,0.26315206,0.10155769,0.0739151,0.7894886,1.0,0.714391,0.34801453,0.19689597,0.67692417,0.7562069,0.2044475,0.2492069,0.09875928,0.366386
1.0,0.6412645,0.10607957,0.10702805,0.59505004,0.88560176,0.26322877,0.10139309,0.07394603,0.7894008,1.0,0.7143998,0.34801275,0.19678196,0.6769492,0.75621504,0.20441747,0.24907033,0.098796085,0.36632082
0.15828882,0.65424395,0.10418467,0.3525688,0.57852906,0.6299338,0.26733324,0.09090743,0.60459346,0.7668576,0.38176066,0.72705305,0.34095764,0.6884377,0.65780896,0.34008285,0.2084289,0.24917546,0.45716116,0.3567418
0.15818898,0.65432405,0.10420745,0.35211465,0.5786521,0.63048786,0.2671903,0.09051117,0.60463786,0.76698303,0.38136226,0.72713244,0.34086642,0.6883786,0.6580598,0.3398724,0.20834403,0.24915452,0.45683375,0.35677567
0.15725681,0.6545721,0.104204185,0.3520887,0.5788345,0.6297532,0.26743543,0.090509795,0.60482526,0.7670875,0.38158345,0.7273698,0.34096408,0.6885144,0.65822494,0.33968765,0.20852043,0.24918863,0.45688066,0.35664752
0.15762782,0.65441126,0.10431267,0.3520762,0.578803,0.6302755,0.2672253,0.090672836,0.6047269,0.76739985,0.3814444,0.72725105,0.34090728,0.6885698,0.6582142,0.33966094,0.2084442,0.24927166,0.4569031,0.35679555
0.15804121,0.6541931,0.104179114,0.35185844,0.57876146,0.6306005,0.2672514,0.090774715,0.6047856,0.76737684,0.38142022,0.7270649,0.341059,0.68854874,0.6582963,0.33994666,0.20833376,0.24926561,0.45665386,0.35683078
0.15753028,0.65417045,0.1042266,0.3517307,0.5790331,0.6302783,0.26700348,0.090678096,0.60481954,0.76751775,0.3815251,0.7272057,0.34096006,0.68851817,0.6583432,0.33999014,0.20836048,0.2492143,0.45677757,0.35688603
0.12476244,1.0,0.06313002,0.10477386,0.46554106,0.5008368,1.0,0.062386356,0.09791313,0.36322826,0.33832407,1.0,0.21118426,0.21467097,0.2652023,0.3055836,0.9623055,0.15357518,0.11978663,0.28119203
0.12399459,1.0,0.06304167,0.104725115,0.46551704,0.500977,1.0,0.062352184,0.097933486,0.36313257,0.33843517,1.0,0.2110205,0.214517,0.2649744,0.30588177,0.96303433,0.15340789,0.119742066,0.2811153
0.12404725,1.0,0.062997855,0.10480679,0.46571776,0.50059617,1.0,0.062282484,0.09794954,0.36325175,0.338221,1.0,0.21117806,0.21466933,0.26497507,0.30556935,0.9633081,0.15355615,0.11977324,0.28147328
0.12428474,1.0,0.06290499,0.10482358,0.46575093,0.50109845,1.0,0.062288515,0.09804474,0.3632409,0.3385054,1.0,0.2110104,0.21470982,0.2650679,0.3058197,0.96328735,0.15337437,0.119730495,0.28136137
0.12376832,1.0,0.06297804,0.10470427,0.46552232,0.5008325,1.0,0.06244965,0.09805684,0.36294064,0.33871993,1.0,0.21091357,0.21469279,0.26495185,0.3056487,0.96359813,0.15330364,0.11980572,0.2812358
0.123543,1.0,0.063015215,0.104658194,0.46569437,0.5009297,1.0,0.062316254,0.09793632,0.3631751,0.33873838,1.0,0.2109434,0.21456076,0.2651566,0.30560198,0.96365416,0.15349181,0.11978617,0.2813453
0.14726551,0.6140715,0.09855301,0.10435826,0.80027956,0.6139756,0.25530255,0.083762854,0.083727024,0.23007897,0.3802185,0.6923999,0.32166243,0.20737429,0.47513488,0.33955505,0.19379975,0.2356077,0.10899754,0.8810734
0.14740793,0.6135896,0.09878618,0.10428851,0.8006278,0.61426073,0.2551878,0.08340225,0.08382517,0.22991233,0.3803212,0.6920202,0.32174322,0.20745313,0.47524133,0.33976614,0.1937787,0.23569481,0.10890578,0.8812065
0.14732833,0.6131495,0.09872349,0.104347624,0.8004879,0.61445665,0.255143,0.08363738,0.08393571,0.23025629,0.38007945,0.69167,0.3217531,0.20745966,0.47539958,0.33976763,0.19349125,0.23572946,0.1089195,0.88112426
0.14786759,0.6130248,0.09882771,0.10434252,0.80107254,0.6144137,0.25503317,0.08376637,0.083793946,0.22987264,0.37983817,0.6914881,0.32199207,0.20748521,0.47532833,0.33972377,0.19343294,0.2358825,0.10895213,0.88134176
0.14779633,0.61309594,0.09860855,0.10414528,0.8007386,0.61417747,0.2551436,0.08367337,0.083707824,0.23002791,0.37998092,0.6917311,0.32178837,0.20739968,0.47542366,0.33968577,0.19347094,0.23581453,0.108946435,0.8810911
0.14800324,0.61264515,0.098631516,0.10433012,0.8008359,0.6146691,0.2550791,0.08362856,0.08380361,0.23013909,0.3797383,0.6912761,0.32181305,0.20752098,0.47548154,0.3397536,0.19329475,0.23579492,0.10899528,0.88112307
0.507728,0.5728529,0.116000995,0.08922227,0.42269474,0.8104751,0.23705125,0.09092065,0.10153823,0.4491205,0.5872711,0.6429094,0.37315482,0.20727545,0.37300628,0.56730527,0.18122393,0.27331477,0.10968584,0.25573558
0.5086386,0.57269627,0.116082415,0.08921369,0.42239195,0.808909,0.23654668,0.090798385,0.101652205,0.4481161,0.58878464,0.64257354,0.37312582,0.20730777,0.37209743,0.5679314,0.18126854,0.2732693,0.10971583,0.25552383
0.50897187,0.57290244,0.11599075,0.08915683,0.42235157,0.80885696,0.23702458,0.09091389,0.10162899,0.447862,0.58904403,0.6427782,0.37305027,0.207138,0.3717805,0.5681774,0.18108779,0.273276,0.10971023,0.25554162
0.509031,0.5722277,0.11586714,0.08904259,0.42201766,0.8077048,0.23637135,0.09088604,0.10154907,0.44750577,0.5893992,0.6413319,0.3726529,0.20689218,0.37141877,0.5683346,0.18099317,0.27304307,0.10971023,0.25527465
0.5099052,0.57227165,0.11603965,0.089177765,0.4223488,0.8078241,0.23638567,0.09088595,0.10156843,0.44759348,0.5896892,0.6417408,0.37314513,0.2070724,0.3714938,0.5684039,0.18098794,0.2733019,0.10982235,0.2555515
0.5097673,0.5723344,0.116033524,0.08915692,0.42235017,0.8074687,0.23617935,0.09082547,0.10161726,0.44727495,0.5899822,0.64189446,0.37333167,0.20717856,0.37123215,0.56868166,0.18107526,0.27355027,0.109839715,0.25536954
0.12678823,0.78664094,0.43129742,0.13580224,0.5963375,0.53222823,0.3217573,0.0426522,0.08216018,0.7000354,0.34579957,0.87685317,0.5713754,0.21222487,0.5864637,0.3130465,0.25025535,0.49197277,0.10788274,0.3604139
0.12579699,0.786451,0.43155125,0.13596371,0.5967517,0.5322777,0.32189405,0.04242456,0.08186935,0.70065784,0.34615257,0.87683177,0.5711535,0.21239024,0.5870185,0.31324086,0.25037012,0.4916977,0.10777499,0.3607461
0.1262932,0.7865044,0.431596,0.13599019,0.5968712,0.53292626,0.322008,0.042430542,0.08181347,0.70110404,0.3460084,0.876899,0.57105,0.21249254,0.58745545,0.31339473,0.25038284,0.49187014,0.107826814,0.36073843
0.12614089,0.7874547,0.43182108,0.13613991,0.59737456,0.5327026,0.32237238,0.04248426,0.08199683,0.70132375,0.3459295,0.8779508,0.5720515,0.2128053,0.587866,0.31344607,0.25039685,0.49248976,0.10777634,0.36089578
0.12604432,0.78668636,0.4314851,0.1360362,0.59704614,0.53288424,0.32201034,0.042313784,0.08170153,0.7012232,0.3460396,0.8771235,0.5712561,0.21258575,0.5876728,0.3134543,0.2503702,0.49200585,0.10777444,0.36082712
0.12539214,0.78672,0.43162152,0.13595587,0.5969816,0.5329565,0.32203442,0.04254571,0.0818171,0.70157534,0.34627104,0.8772435,0.5711829,0.21249834,0.5877529,0.3137792,0.25039047,0.49180743,0.10772628,0.3607932
0.13272476,1.0,0.06514686,0.10037464,0.4573314,0.5456095,1.0,0.061234713,0.09689091,0.36808616,0.36471447,1.0,0.21646792,0.20878857,0.27516198,0.32922354,0.9362584,0.15821043,0.116378784,0.2768948
0.13213407,1.0,0.065062016,0.10023798,0.4571575,0.5450744,1.0,0.061228584,0.09697907,0.36774036,0.36455885,1.0,0.21628287,0.20867552,0.27500913,0.32891047,0.936822,0.15794797,0.1162596,0.27668372
0.13180736,1.0,0.06506011,0.10042708,0.45716107,0.54474664,1.0,0.061142247,0.09682157,0.36785635,0.36483473,1.0,0.21635172,0.20869471,0.2749327,0.32894236,0.93690574,0.15796125,0.11634732,0.27673197
0.13156766,1.0,0.06513048,0.1003574,0.457191,0.5444745,1.0,0.061292615,0.09677938,0.36793697,0.36503756,1.0,0.21641034,0.20873293,0.2749628,0.32932815,0.9371798,0.1580706,0.11626579,0.2768932
0.13187146,1.0,0.06498229,0.10042126,0.45720235,0.5447063,1.0,0.061235167,0.09686991,0.36775747,0.36477634,1.0,0.21630682,0.20862234,0.2749944,0.32899386,0.93734103,0.15796143,0.11620557,0.276984
0.13228305,1.0,0.065078154,0.10041487,0.45730454,0.54450965,1.0,0.061124973,0.096860856,0.36779955,0.36456704,1.0,0.21623293,0.20874913,0.27495375,0.328846,0.93725437,0.15797974,0.11632333,0.27699172
0.5020203,0.57939124,0.10864551,0.09389038,0.42403582,0.7983739,0.23954974,0.08596484,0.10565002,0.451253,0.5824729,0.65085703,0.34986654,0.2153058,0.3754812,0.5614578,0.18307789,0.25619674,0.115221314,0.25715557
0.5028951,0.57919586,0.10878465,0.093851626,0.4240576,0.7979564,0.23960215,0.08593365,0.10540833,0.45087752,0.5831446,0.6508208,0.350145,0.21543999,0.37517855,0.5617164,0.18293111,0.25651267,0.11525134,0.25710723
0.50331587,0.579895,0.108824655,0.09382209,0.4241527,0.79799366,0.23992676,0.08599588,0.10548766,0.45060283,0.5833546,0.65161914,0.3504644,0.21540552,0.37500897,0.5620575,0.18311098,0.25660703,0.11520467,0.25712952
0.50310737,0.5794228,0.10888144,0.093878366,0.42413062,0.79798084,0.23961972,0.08604438,0.10547058,0.4505772,0.5831319,0.65094095,0.3503215,0.21534294,0.37479937,0.5620502,0.1828806,0.2565033,0.11536582,0.25712126
0.5038669,0.57928616,0.108706824,0.093849465,0.42404884,0.79777473,0.2394454,0.086058415,0.10548365,0.45048764,0.5832267,0.65089166,0.35041755,0.21538462,0.37464234,0.5621399,0.18314011,0.2565731,0.11530733,0.25707427
0.5037374,0.5799673,0.10890248,0.09389432,0.4240167,0.79738533,0.23979829,0.08606611,0.105431855,0.45042336,0.58349746,0.65123194,0.35039642,0.21545264,0.37465265,0.5619406,0.18322515,0.2566073,0.11526392,0.25718346
1.0,0.66327935,0.1035328,0.10817507,0.5872356,0.894831,0.27398697,0.09339839,0.074777886,0.77459204,1.0,0.7416917,0.33630967,0.19925365,0.6660081,0.7556437,0.21088557,0.24169098,0.10130018,0.36315212
1.0,0.6639323,0.10353962,0.108227186,0.58708835,0.8922999,0.2741302,0.093398295,0.074785516,0.77503526,1.0,0.742406,0.33640546,0.19930395,0.6665809,0.7557266,0.211026,0.24165864,0.10110747,0.36303082
1.0,0.66426873,0.103275456,0.10814598,0.58726907,0.89135474,0.27423143,0.093333706,0.074754834,0.7757201,1.0,0.74271315,0.33608815,0.19922312,0.66715705,0.7560754,0.21124758,0.24131018,0.10103886,0.36320636
1.0,0.66414243,0.10336207,0.10819623,0.5872473,0.8908999,0.27434683,0.093336135,0.07467738,0.7758908,1.0,0.7426281,0.33605424,0.19917233,0.6673292,0.7562459,0.21107608,0.24127969,0.10104254,0.36314434
1.0,0.6647531,0.10336103,0.108215325,0.58736277,0.89001125,0.27440745,0.0933449,0.07474445,0.77613044,1.0,0.743252,0.33594266,0.19922523,0.6675453,0.7561776,0.21135522,0.24132226,0.10094083,0.36319038
1.0,0.66414505,0.10326326,0.10827176,0.58720744,0.8900451,0.2743796,0.093296476,0.07469965,0.7762541,1.0,0.7425469,0.3362721,0.19916543,0.6677375,0.7564141,0.21097967,0.24159619,0.10095888,0.36311182
0.5129365,0.55962336,0.11099388,0.09399527,0.4132239,0.8117791,0.23099115,0.08423557,0.10914965,0.44035694,0.58928823,0.6274789,0.3558394,0.21977413,0.36691222,0.5687875,0.17695756,0.2610231,0.11674435,0.25084582
0.5122777,0.5592379,0.11107562,0.09395565,0.4133238,0.8101126,0.23084918,0.084268175,0.10933577,0.44012833,0.58963394,0.6269534,0.3560934,0.21986887,0.36672008,0.5686576,0.17695834,0.2611487,0.11683427,0.25082764
0.5116926,0.5596017,0.11118011,0.09400113,0.41327387,0.80949676,0.23102559,0.08434466,0.10936756,0.43976903,0.589969,0.6273043,0.35609916,0.21997784,0.36644718,0.5687868,0.17702022,0.26131663,0.11689311,0.25081837
0.5115033,0.5598035,0.111205645,0.094002776,0.41346064,0.80906343,0.23087294,0.08421856,0.10936031,0.4398463,0.5902925,0.62751377,0.35624093,0.21987203,0.36628312,0.56887156,0.1770599,0.26144254,0.116882354,0.25084722
0.511688,0.55952317,0.111293584,0.09391589,0.41332486,0.8081785,0.23088406,0.08426067,0.109392844,0.43954352,0.59003234,0.62753135,0.35613617,0.2199124,0.36608288,0.5687509,0.17697375,0.26141194,0.11696444,0.25081956
0.51197135,0.5592238,0.111128956,0.093935765,0.41332477,0.80852824,0.23095296,0.084358305,0.10943114,0.4395403,0.590156,0.62706804,0.35630408,0.2199222,0.36614898,0.56887597,0.17691855,0.26153696,0.11693534,0.2507845
0.15853477,0.6032668,0.104670145,0.105054684,0.7868175,0.6283853,0.24908891,0.088470876,0.08192697,0.2236548,0.38101345,0.67703927,0.34107208,0.2065963,0.46682173,0.33957368,0.19075179,0.24970016,0.107326455,0.86933357
0.15860507,0.6027269,0.10465779,0.10506339,0.7869747,0.6289072,0.24884473,0.08847578,0.08186047,0.22398758,0.38109666,0.6764119,0.34111437,0.20668428,0.46748146,0.33997828,0.19057132,0.24975134,0.10720263,0.8699072
0.15806206,0.6028395,0.104822315,0.10503429,0.78729963,0.6284252,0.24904943,0.08846618,0.08192221,0.2240563,0.380783,0.6767906,0.34097445,0.20678763,0.46762544,0.33952034,0.19066918,0.24991925,0.107229255,0.8703459
0.15791014,0.60269946,0.10462614,0.105097815,0.7872756,0.62870693,0.2487046,0.08850957,0.08195994,0.22435942,0.3810553,0.67658347,0.3410064,0.20679243,0.46794733,0.33988643,0.19058934,0.2498714,0.10730035,0.8704111
0.15775175,0.6024826,0.10475518,0.10519377,0.78735954,0.6286953,0.24869582,0.08847344,0.082051165,0.22443354,0.3813614,0.67651254,0.3409966,0.20676255,0.46792322,0.33979422,0.19070187,0.24997123,0.10736047,0.870643
0.15796891,0.60289973,0.10465343,0.10511984,0.7874111,0.62821203,0.24893375,0.0885845,0.08210445,0.22427611,0.3807999,0.6768083,0.341303,0.20675798,0.4678126,0.33980128,0.19071908,0.24992558,0.10727057,0.8707955
0.15552442,0.61608857,0.10261534,0.10453525,0.78474706,0.6302031,0.25443095,0.08446499,0.08158181,0.22343957,0.38562834,0.6917118,0.3329931,0.20578842,0.46784833,0.34447622,0.19476733,0.2444203,0.10684511,0.8712279
0.1553329,0.61610544,0.102525875,0.10447576,0.78452283,0.63000274,0.2543691,0.084522575,0.08167901,0.22357564,0.38559207,0.6917926,0.3329733,0.20579189,0.4678274,0.3447097,0.1948245,0.24436183,0.10688283,0.8710696
0.15529399,0.61632454,0.102602854,0.1045519,0.7846533,0.6297969,0.25462422,0.08465423,0.08148339,0.22352912,0.3857324,0.6920547,0.33302167,0.20583834,0.46794286,0.34463102,0.1948699,0.24435787,0.106858395,0.87121934
0.15515591,0.61627,0.10265584,0.104586296,0.78480375,0.63009334,0.2547689,0.084712,0.081495106,0.22367638,0.38575965,0.69184506,0.33313626,0.2057731,0.4679721,0.3446877,0.19488174,0.2444119,0.10678003,0.8711717
0.1547091,0.6163926,0.10263642,0.10456703,0.78475076,0.62991226,0.2545585,0.0844112,0.08153276,0.22354914,0.38558292,0.69217765,0.33282784,0.20577393,0.46805656,0.34439364,0.1949842,0.24434446,0.10687489,0.871347
0.15453574,0.61625993,0.10259044,0.10444915,0.78481907,0.63002294,0.25463593,0.08468382,0.08147069,0.22370732,0.3857599,0.69209856,0.33306068,0.20580888,0.4682444,0.34451488,0.19487475,0.24449326,0.106777474,0.8712952
0.15348144,0.6303454,0.09930019,0.10805234,0.7834998,0.6245743,0.2597672,0.08160901,0.0805456,0.21427368,0.38238633,0.7069665,0.32193816,0.2080402,0.45920876,0.34166372,0.19954456,0.23641905,0.10745399,0.869659
0.15381621,0.6297525,0.09927077,0.10795151,0.78354985,0.6251636,0.2596231,0.081643395,0.080664665,0.21447344,0.38247558,0.7062544,0.32203808,0.20806214,0.45947894,0.34182692,0.19915435,0.23642266,0.107381396,0.86963046
0.15355092,0.63007236,0.099244215,0.10797996,0.7835443,0.6244912,0.25986984,0.08169109,0.08056337,0.21436875,0.38201332,0.7068302,0.32207632,0.20804615,0.45927104,0.34152952,0.19949107,0.23638685,0.10746213,0.8695557
0.15309262,0.630265,0.09919534,0.10800174,0.78355354,0.62459725,0.25975564,0.08168414,0.08061584,0.21464111,0.3822792,0.7068784,0.3221454,0.20809503,0.45944548,0.34152213,0.19939058,0.23640165,0.10739955,0.8696066
0.15339865,0.6301304,0.09929455,0.10797384,0.78377265,0.62443346,0.25995913,0.081678085,0.080651864,0.2143896,0.38226587,0.7066105,0.32199216,0.20803045,0.45941782,0.3416112,0.19929604,0.23640645,0.10739354,0.8696845
0.1535343,0.63056105,0.09920841,0.10809152,0.7836804,0.6247632,0.26016718,0.08155259,0.08061701,0.21453622,0.38240796,0.70712304,0.3222414,0.20809223,0.45937485,0.34157458,0.1995356,0.23647052,0.10744381,0.8697139
1.0,0.65587467,0.103237055,0.10943733,0.5971519,0.8887845,0.26999107,0.09592143,0.07402444,0.78460383,1.0,0.7313497,0.3366295,0.19875655,0.67176014,0.7536791,0.20883895,0.24139516,0.100306176,0.36676902
1.0,0.65665036,0.10303406,0.109432295,0.5967807,0.8854009,0.27006206,0.0959061,0.07389572,0.783793,1.0,0.7322019,0.33667368,0.19857314,0.67102474,0.7536475,0.20905086,0.24150045,0.10008411,0.36669928
1.0,0.65669924,0.10292966,0.10956958,0.59672916,0.88412714,0.2700774,0.09607576,0.073972285,0.7835356,1.0,0.73233324,0.3363973,0.19846387,0.6709197,0.7537925,0.20903687,0.2412269,0.10007502,0.36667204
1.0,0.6567257,0.10309692,0.109587364,0.5964537,0.88360196,0.26981372,0.0961185,0.07377017,0.7832079,1.0,0.7322645,0.33684093,0.19861342,0.6706291,0.75344956,0.20903918,0.24143335,0.099963084,0.36642867
1.0,0.65641606,0.1028869,0.10944196,0.5966036,0.8832521,0.2697809,0.09594748,0.073893405,0.78345025,1.0,0.7322411,0.33645636,0.19840552,0.6707959,0.75349474,0.20913532,0.24122748,0.100047976,0.36657688
1.0,0.6566595,0.10308639,0.1095283,0.59664744,0.88271505,0.26998794,0.09598544,0.073669605,0.78335017,1.0,0.73244196,0.33690932,0.19841847,0.67072994,0.7534011,0.20906362,0.24137203,0.09996725,0.36663318
0.13459729,1.0,0.07247692,0.13528043,0.59446776,0.54153395,1.0,0.07307338,0.08050702,0.7034794,0.35185608,1.0,0.24407107,0.21319109,0.5899172,0.3163955,1.0,0.17721993,0.10502788,0.36152554
0.13338786,1.0,0.07258141,0.1351518,0.5948393,0.5413337,1.0,0.07319462,0.08051114,0.7039776,0.35162076,1.0,0.24435005,0.21344179,0.5902815,0.31612337,1.0,0.17724982,0.10497223,0.36203
0.13260351,1.0,0.072511494,0.13526082,0.5947846,0.54109704,1.0,0.072991826,0.08049085,0.70392716,0.35143745,1.0,0.2440927,0.21352819,0.59018236,0.31579953,1.0,0.17713061,0.10495685,0.36208743
0.13196447,1.0,0.07261748,0.13530864,0.59491795,0.5406374,1.0,0.07325665,0.08028486,0.70413107,0.35174802,1.0,0.24432684,0.21364477,0.59046286,0.3156065,1.0,0.17733896,0.10497566,0.36213934
0.1322558,1.0,0.0725959,0.13536488,0.59485215,0.5411761,1.0,0.07305616,0.08033049,0.70402133,0.35113588,1.0,0.24398236,0.21361873,0.5903338,0.31583896,1.0,0.17713723,0.10513942,0.36216748
0.13191122,1.0,0.07271114,0.13521212,0.5951678,0.54102474,1.0,0.07306874,0.08050558,0.7042765,0.35116744,1.0,0.24412538,0.21361597,0.5904994,0.31556755,1.0,0.17710777,0.10516865,0.36235872
0.15670285,0.61555773,0.1040335,0.36068127,0.5728167,0.61026144,0.25122237,0.09188454,0.6095003,0.75217646,0.36518797,0.6847348,0.34078044,0.70415145,0.64577174,0.32470834,0.19585373,0.24888976,0.4626945,0.3538809
0.1571137,0.6152976,0.10411552,0.36058325,0.57290214,0.61064357,0.25123644,0.09190184,0.6095281,0.75204027,0.36507666,0.68475246,0.34120676,0.7041343,0.6458335,0.32468814,0.1959036,0.24914281,0.46251422,0.3537878
0.15735926,0.61548936,0.10422787,0.36050254,0.57317734,0.611367,0.25140268,0.091826685,0.609507,0.75218743,0.36545205,0.6848234,0.3415109,0.7043107,0.64591134,0.32486853,0.19571647,0.24930303,0.46243393,0.35382453
0.15792646,0.6157341,0.104279,0.3603705,0.57333094,0.6119343,0.25155935,0.09187175,0.6096804,0.7524008,0.36520642,0.6851496,0.34164247,0.7042032,0.64595836,0.32489398,0.19583845,0.24967486,0.46249455,0.35403135
0.15794729,0.61535764,0.10420004,0.3602886,0.5732724,0.61123127,0.25194287,0.091817856,0.6094125,0.7524867,0.3648213,0.6849041,0.3413618,0.70415115,0.646118,0.32466722,0.19570829,0.24924552,0.4622244,0.3539234
0.15747766,0.61569303,0.10430842,0.3602784,0.5733983,0.6110003,0.2517531,0.09197408,0.60952157,0.7526102,0.36489576,0.68528336,0.34156588,0.7041024,0.64618456,0.32466924,0.19604217,0.24933197,0.46225116,0.35387406
0.13057129,1.0,0.07569069,0.09660437,0.46448562,0.54928267,1.0,0.07276799,0.090948455,0.38751638,0.36007884,1.0,0.25229967,0.20015016,0.29142597,0.3235166,0.9207813,0.18368588,0.110127434,0.27839413
0.13047765,1.0,0.0756663,0.09662786,0.46432018,0.54926,1.0,0.072716154,0.090867214,0.38733983,0.35999364,1.0,0.2522312,0.20010681,0.2912998,0.32329285,0.9210281,0.1835852,0.11016529,0.2783244
0.13013253,1.0,0.075583935,0.09663951,0.46438378,0.54891247,1.0,0.0726921,0.09088753,0.38718113,0.3599758,1.0,0.25201282,0.20009969,0.29122818,0.32325587,0.9209831,0.18347928,0.11020619,0.27849102
0.1298489,1.0,0.07555188,0.09652323,0.46425828,0.5482392,1.0,0.07279195,0.09081584,0.38701648,0.36007863,1.0,0.25222188,0.20011951,0.291177,0.32351857,0.92105734,0.18356343,0.110218,0.27848113
0.13029498,1.0,0.075583465,0.09666525,0.46432042,0.5488393,1.0,0.07267813,0.090932034,0.38719404,0.36008054,1.0,0.25210637,0.20008223,0.29106584,0.32349938,0.92117965,0.18350714,0.11012557,0.27863938
0.13022885,1.0,0.07560776,0.09658676,0.46440423,0.5487601,1.0,0.07283961,0.090788275,0.38718128,0.35984674,1.0,0.2521937,0.20006289,0.2909923,0.32341203,0.9210537,0.18354128,0.11015121,0.2785197
0.15684739,0.62460434,0.106588975,0.3548896,0.57672244,0.6157909,0.25413612,0.09378599,0.60667384,0.76521903,0.3701074,0.69235706,0.3490906,0.6967064,0.6554857,0.32887682,0.19927557,0.2549361,0.45740896,0.35486108
0.15702367,0.62432736,0.10670916,0.35472324,0.57677084,0.61618394,0.25400558,0.09373224,0.6069418,0.7655027,0.3699453,0.69220364,0.34939745,0.69669116,0.6558542,0.3290742,0.19913271,0.25513685,0.45738253,0.35483083
0.15712564,0.6238383,0.10680229,0.35465324,0.5770226,0.6165404,0.25379604,0.09366797,0.60686696,0.76606995,0.3700834,0.69169265,0.34948915,0.6966321,0.65605855,0.32914546,0.19882879,0.2553654,0.4573708,0.35488722
0.15716766,0.6242131,0.106776334,0.35459185,0.5768475,0.6167221,0.2538901,0.09365313,0.6069971,0.7657972,0.36996642,0.6920914,0.34972587,0.69661856,0.6559815,0.32894313,0.1990083,0.25542995,0.45737836,0.35472393
0.1576202,0.62328106,0.106755905,0.35461426,0.5767919,0.6167057,0.25374082,0.09375483,0.6068326,0.7658638,0.3698056,0.6911232,0.3494461,0.69660926,0.65603524,0.32896468,0.19887473,0.25540674,0.45723593,0.35470438
0.15745935,0.6237373,0.10681227,0.3546805,0.577062,0.6167708,0.25391513,0.093729876,0.6070203,0.7661301,0.36981073,0.69172084,0.34974116,0.6966874,0.656189,0.32910118,0.19906044,0.25536188,0.45726055,0.3546824
0.13123244,1.0,0.0813643,0.13333689,0.5963838,0.54831684,1.0,0.08194623,0.08076637,0.7054827,0.34710592,1.0,0.27381998,0.20578577,0.5890203,0.31030995,1.0,0.19845042,0.099941425,0.36106357
0.131384,1.0,0.08153338,0.1332895,0.59633356,0.5485728,1.0,0.08216113,0.08049268,0.70553213,0.34705508,1.0,0.2738559,0.20574257,0.58901155,0.3102193,1.0,0.19837245,0.099804826,0.36115435
0.13145952,1.0,0.08138326,0.13331933,0.5962595,0.54799896,1.0,0.08193452,0.080509946,0.70520353,0.3470942,1.0,0.27357042,0.20574898,0.5889986,0.31020275,1.0,0.19840066,0.09986347,0.36100912
0.13105835,1.0,0.08144239,0.13343614,0.59614056,0.54857856,1.0,0.081901595,0.08068101,0.70528257,0.34728447,1.0,0.2739485,0.20579968,0.5889219,0.31038725,1.0,0.19849767,0.09985104,0.36102864
0.13142414,1.0,0.0813985,0.1334566,0.5962808,0.54843444,1.0,0.08206534,0.080545194,0.7053773,0.34725618,1.0,0.2734698,0.20584048,0.5890819,0.31041545,1.0,0.1983644,0.09984108,0.36107582
0.1313827,1.0,0.08143466,0.133384,0.5961887,0.5483839,1.0,0.08210581,0.08060278,0.70551157,0.34696263,1.0,0.27372098,0.2058319,0.58907634,0.31053326,1.0,0.1984041,0.09976224,0.36100337
0.15606843,0.6767073,0.10280638,0.35947013,0.5804496,0.6097124,0.2739688,0.09141583,0.59326196,0.7507493,0.36475527,0.7479401,0.33770862,0.69223523,0.638614,0.3244161,0.21644637,0.2465788,0.45389205,0.35417417
0.15608968,0.6761697,0.10301264,0.3593454,0.5805516,0.6096557,0.2739482,0.0915408,0.5932868,0.75101614,0.36449164,0.7475737,0.33816576,0.6922758,0.63878,0.32420188,0.21620977,0.24700923,0.4537968,0.35412627
0.15630351,0.6758692,0.10304758,0.35907695,0.5803864,0.6098057,0.2738996,0.09160763,0.59318995,0.7509615,0.36465457,0.7470987,0.3380536,0.6921432,0.6388508,0.32457402,0.21609016,0.2468157,0.4536087,0.35402727
0.15649848,0.67599326,0.10306711,0.35914204,0.5806964,0.61019874,0.2739697,0.09172336,0.59325445,0.751242,0.36449358,0.74749297,0.33831736,0.6923002,0.6389663,0.3242837,0.21618879,0.24699436,0.4535766,0.35402814
0.1567034,0.67635435,0.10322211,0.3592909,0.5808809,0.61058325,0.27421564,0.09177234,0.5935272,0.75116706,0.36438718,0.74752194,0.33853313,0.6924518,0.63885194,0.32439503,0.21638407,0.24741675,0.4537743,0.35425368
0.15660265,0.67653,0.10315476,0.3590581,0.5807439,0.61051005,0.2743002,0.09162627,0.5933603,0.7511884,0.36459032,0.74754924,0.33845773,0.6921407,0.6390231,0.32440165,0.21626316,0.24712914,0.45353958,0.35406145
0.12579753,0.77581865,0.43369523,0.14054617,0.5930181,0.5335647,0.31608963,0.040338714,0.087496065,0.687372,0.34207234,0.86159587,0.5618666,0.21258943,0.5708523,0.30932942,0.24753512,0.48520207,0.10546047,0.35507056
0.12580371,0.77610546,0.43359703,0.14048517,0.5929287,0.533584,0.3160719,0.040263392,0.08743503,0.6871897,0.34190893,0.86160684,0.56148773,0.21267803,0.5708892,0.30936894,0.24762069,0.48482314,0.10549729,0.35507503
0.1254726,0.7756726,0.43379554,0.140535,0.59302586,0.5338266,0.31579104,0.040337607,0.087355785,0.6874035,0.34203357,0.861265,0.561816,0.21272908,0.570851,0.3093323,0.24755605,0.48501408,0.10544202,0.35501197
0.12517394,0.7758924,0.43363616,0.14059359,0.59312016,0.5334693,0.3160372,0.040247552,0.08746526,0.68736154,0.34209418,0.8616395,0.5616419,0.21276376,0.5709526,0.3093004,0.24753901,0.4850515,0.10546173,0.35496458
0.12514772,0.77552557,0.43378782,0.14053461,0.5932475,0.53383356,0.31577295,0.040230904,0.0873537,0.68744785,0.34221557,0.8611665,0.56187516,0.21270323,0.5710018,0.30939957,0.24744879,0.4851732,0.105468564,0.35512856
0.12598617,0.77555364,0.4335984,0.14059195,0.59331274,0.53382325,0.31600857,0.04022141,0.08750631,0.6876777,0.34194496,0.86124945,0.56170684,0.21276294,0.5710225,0.30943745,0.24747613,0.4849814,0.10553953,0.3550798
0.12934144,1.0,0.06283179,0.101735406,0.46605366,0.5190608,1.0,0.06174701,0.0945568,0.37113625,0.35059825,1.0,0.21069427,0.20902196,0.2730833,0.31722784,0.9516165,0.1534224,0.115509264,0.2806088
0.1293294,1.0,0.062966146,0.101689674,0.46593177,0.51890177,1.0,0.06167338,0.09433349,0.37101182,0.35099262,1.0,0.21061702,0.20899545,0.27296108,0.3173486,0.95181715,0.1534451,0.115483396,0.28044182
0.1290584,1.0,0.06287057,0.10174259,0.46579614,0.51937795,1.0,0.061728016,0.094322585,0.37087065,0.3510968,1.0,0.2104974,0.2088053,0.27292123,0.31729758,0.9520877,0.15327103,0.11550568,0.28052202
0.12918252,1.0,0.06312892,0.10162369,0.46591172,0.5192206,1.0,0.06189901,0.09441068,0.37090272,0.35113564,1.0,0.2107971,0.20890233,0.2729439,0.31730193,0.95226115,0.1535866,0.11563537,0.2805786
0.12915029,1.0,0.062801905,0.10170436,0.46586457,0.51916504,1.0,0.061745696,0.094223976,0.37062207,0.35106796,1.0,0.210517,0.20876388,0.27284318,0.3172348,0.9521711,0.15334505,0.115533605,0.28057322
0.12868115,1.0,0.06296703,0.10168981,0.46590433,0.51892644,1.0,0.061747845,0.09445373,0.37071344,0.35146844,1.0,0.2106851,0.20885131,0.27288634,0.3171479,0.95222104,0.15334825,0.115526274,0.28052709
0.15660784,0.60595405,0.10591665,0.10465889,0.7909881,0.62915444,0.24982207,0.08868456,0.08075568,0.22256769,0.3819751,0.67956644,0.34493962,0.20493399,0.4673623,0.34012657,0.19208497,0.25278515,0.10596311,0.8754128
0.15705605,0.6057601,0.106195964,0.104594804,0.7912627,0.6295215,0.2499811,0.08879678,0.08080855,0.22279935,0.38159755,0.6793906,0.345524,0.20500822,0.467572,0.3400196,0.19179566,0.25326252,0.10596947,0.87538344
0.15733337,0.60532117,0.10610818,0.10462341,0.7914045,0.62982035,0.249787,0.088761784,0.08078202,0.222825,0.38141164,0.6789794,0.34524092,0.20502263,0.4677467,0.339795,0.19187151,0.2529067,0.10599557,0.8754101
0.15707047,0.60542655,0.10631889,0.104488865,0.79131806,0.62991315,0.24995174,0.0888212,0.08090924,0.22272839,0.38185042,0.67907655,0.34565312,0.2050298,0.4675836,0.3399351,0.19181032,0.25325397,0.10596519,0.87527436
0.15743487,0.6055764,0.10611877,0.10461209,0.79154485,0.6298688,0.25010672,0.08864267,0.08076819,0.22272792,0.38150144,0.6791916,0.34527904,0.20497864,0.46778178,0.3399876,0.19183451,0.25308758,0.10593292,0.8754428
0.15784635,0.60560095,0.10624176,0.10444142,0.79128695,0.6297537,0.25016087,0.08878824,0.08077984,0.22275834,0.38147688,0.6792826,0.3454509,0.20497927,0.4676945,0.3400742,0.19187658,0.25311437,0.10600062,0.87530386
1.0,0.6518415,0.09902174,0.10712189,0.59571713,0.89877015,0.26949865,0.09163082,0.075544365,0.78998744,1.0,0.7307884,0.32264403,0.19938418,0.6807083,0.7653726,0.20689592,0.23139481,0.102661505,0.36955783
1.0,0.65255576,0.09903358,0.10709297,0.5954904,0.89344454,0.26994494,0.09179267,0.0754115,0.78967917,1.0,0.7314318,0.32270074,0.1990923,0.6804873,0.76499945,0.20716606,0.2313342,0.102440916,0.36934778
1.0,0.65239924,0.09884789,0.10712545,0.59514016,0.8923057,0.26996216,0.09161174,0.07528204,0.78925,1.0,0.73128474,0.3223693,0.19892506,0.68020695,0.7652384,0.20718588,0.23108329,0.10247142,0.36935768
1.0,0.65241754,0.098969445,0.10710444,0.5952604,0.8911812,0.27013248,0.091570735,0.07533682,0.78928524,1.0,0.7313481,0.32263905,0.19895795,0.68015605,0.76529336,0.20714302,0.23119313,0.10240342,0.3692803
1.0,0.65258795,0.098871544,0.10709789,0.59517753,0.8908803,0.2699926,0.09171883,0.07530131,0.78904384,1.0,0.73148245,0.32225794,0.1989637,0.6799541,0.76525736,0.20715094,0.23107646,0.10229416,0.36928383
1.0,0.6525868,0.098895974,0.10703981,0.5951927,0.8904199,0.26986536,0.091763064,0.07530428,0.7892746,1.0,0.7313058,0.32240427,0.1989287,0.68002874,0.76522607,0.20724128,0.23120098,0.10229606,0.3692455
1.0,0.6533943,0.10520738,0.107428096,0.6010134,0.8907536,0.26976308,0.09506943,0.073843956,0.7858778,1.0,0.73122144,0.342295,0.1974229,0.67548645,0.7518906,0.20762043,0.2460813,0.10055421,0.37161255
1.0,0.65308934,0.10549808,0.10754696,0.60103405,0.8902745,0.2699429,0.09498901,0.07387631,0.78565156,1.0,0.7310737,0.3427714,0.19736445,0.6752181,0.7518435,0.2077251,0.24619249,0.10044768,0.37172237
1.0,0.6534316,0.10537913,0.10753403,0.600825,0.89012456,0.26995015,0.094819196,0.07404407,0.7856013,1.0,0.7313747,0.3423495,0.1973429,0.6752681,0.7518956,0.20776483,0.24609156,0.10050591,0.3716262
1.0,0.6532237,0.10533066,0.10757917,0.6009249,0.8898648,0.26992238,0.09511565,0.07391607,0.78553694,1.0,0.73127866,0.34270355,0.19741453,0.67526776,0.75200516,0.2075093,0.24632776,0.1005214,0.37159777
1.0,0.6533212,0.1051911,0.107334524,0.60063463,0.88947034,0.26980084,0.09495111,0.07397197,0.7853378,1.0,0.7309589,0.3422121,0.1971701,0.67492473,0.75186306,0.20768587,0.24610227,0.10046983,0.37157944
1.0,0.6544084,0.10547223,0.10760077,0.6010194,0.8896487,0.27039203,0.09506136,0.07400415,0.7857748,1.0,0.7323609,0.34274632,0.19742544,0.6753449,0.751984,0.20802099,0.24638095,0.100514874,0.37168273
1.0,0.6641958,0.10088441,0.10956458,0.59820247,0.88552016,0.2727815,0.08956213,0.07388973,0.7792346,1.0,0.7400036,0.32707912,0.1988459,0.66801256,0.7577302,0.2117156,0.2352226,0.10013429,0.36868843
1.0,0.6643673,0.10082892,0.10963368,0.59833974,0.88498,0.27264687,0.08950033,0.07399754,0.77907276,1.0,0.7403552,0.32725537,0.19885507,0.66791666,0.7577989,0.21189557,0.23528928,0.10007781,0.36864552
1.0,0.66438025,0.10082382,0.109556206,0.59833044,0.88518447,0.27301976,0.08957465,0.0740173,0.7792735,1.0,0.74000305,0.32683584,0.1988989,0.6680237,0.7577407,0.21174712,0.23507518,0.10020229,0.36861512
1.0,0.66381246,0.10080842,0.10950099,0.59816664,0.88492686,0.27290255,0.089499876,0.074055105,0.7791673,1.0,0.73952854,0.32696408,0.19871068,0.66787124,0.75789356,0.21168138,0.23503155,0.10006043,0.3686287
1.0,0.66373825,0.100616686,0.10947734,0.5981025,0.884357,0.27267486,0.08972193,0.07376195,0.7791299,1.0,0.7394296,0.326698,0.19883095,0.6680173,0.75753796,0.21160488,0.23482065,0.10010719,0.36851823
1.0,0.664142,0.100942716,0.10951989,0.5982646,0.8844096,0.2730198,0.08968988,0.07376672,0.7791092,1.0,0.7398389,0.32701573,0.1987743,0.66791713,0.75790143,0.21178345,0.2351555,0.100102045,0.36863187
1.0,0.6861297,0.10186212,0.11039225,0.5877216,0.88373715,0.2821896,0.09381954,0.07216234,0.7692242,1.0,0.7650925,0.33262202,0.19562261,0.65920556,0.7576683,0.21860538,0.2386929,0.09838693,0.3617935
1.0,0.68585956,0.102060005,0.110503815,0.58777195,0.88366157,0.28221607,0.09390278,0.072141565,0.7692373,1.0,0.7649393,0.33267468,0.19561912,0.6591078,0.75762075,0.21853581,0.23869869,0.098376244,0.36182642
1.0,0.68619895,0.101964675,0.110388525,0.5877346,0.88354886,0.28227386,0.09391554,0.07204254,0.7692944,1.0,0.76501167,0.33270225,0.1955489,0.6591985,0.7574406,0.21853827,0.23863061,0.09837739,0.36179096
1.0,0.68557644,0.10207513,0.110436626,0.5878023,0.8831505,0.2817461,0.0937416,0.072015524,0.769339,1.0,0.7645444,0.33282438,0.19563238,0.6591488,0.7576619,0.21842043,0.23889393,0.09841196,0.3617813
1.0,0.6853929,0.10195734,0.110370725,0.58769774,0.8836342,0.28189325,0.093736686,0.07198686,0.7693097,1.0,0.7642649,0.33269656,0.19546512,0.65926397,0.75767267,0.21849293,0.23860782,0.098368675,0.36194593
1.0,0.68574804,0.102043636,0.11044564,0.5877174,0.8831834,0.28201577,0.09385341,0.072084725,0.76929724,1.0,0.7645414,0.33269465,0.19556773,0.65912944,0.75752336,0.21842946,0.23866446,0.09847213,0.36177096
0.13330983,1.0,0.07770473,0.13537486,0.60173845,0.54653734,1.0,0.084106624,0.08268877,0.709661,0.3456255,1.0,0.2639609,0.20409139,0.58959085,0.3094886,1.0,0.19059715,0.098757744,0.36201957
0.1327251,1.0,0.07749009,0.13540456,0.6012887,0.54538614,1.0,0.08410635,0.08242288,0.70958656,0.34541097,1.0,0.26382196,0.20402627,0.5895343,0.30930504,1.0,0.1903878,0.09877238,0.36169103
0.1328185,1.0,0.07765731,0.13556325,0.6008707,0.5447978,1.0,0.08423992,0.08242558,0.7091079,0.3452671,1.0,0.26352233,0.20399313,0.58911836,0.30910325,1.0,0.19024396,0.09865882,0.36160928
0.13221692,1.0,0.077433676,0.13553153,0.6006606,0.5449312,1.0,0.08421328,0.08226819,0.7091861,0.34555984,1.0,0.2637527,0.2040625,0.58919716,0.30937427,1.0,0.1904505,0.098647505,0.36132953
0.13231885,1.0,0.077426314,0.13549095,0.6007119,0.5449121,1.0,0.08422241,0.082364716,0.7091038,0.34538218,1.0,0.2635206,0.20382655,0.5891246,0.30929145,1.0,0.19018927,0.09867593,0.36149016
0.13214932,1.0,0.07746672,0.1356046,0.6005168,0.5450189,1.0,0.08417321,0.0823336,0.7089229,0.34544918,1.0,0.2636064,0.20391753,0.58904684,0.3094708,1.0,0.19032942,0.098702334,0.3613569
0.16130158,0.6483539,0.10771561,0.35285473,0.57631177,0.6242437,0.26370382,0.09301987,0.6050744,0.76653606,0.37351698,0.71951777,0.35174337,0.69191206,0.6574197,0.33246937,0.20640795,0.25729004,0.45555747,0.35547242
0.16176392,0.64782685,0.10770793,0.3527663,0.5762824,0.6246016,0.26357046,0.09320002,0.6051624,0.76663136,0.373453,0.718998,0.35213348,0.6919126,0.65746045,0.33228666,0.20636947,0.2575673,0.45534962,0.35537234
0.16173723,0.6479525,0.10781695,0.35256982,0.57634187,0.6249006,0.2636168,0.09298292,0.60499257,0.7665755,0.3734686,0.7192094,0.35197568,0.6919242,0.65739805,0.33243626,0.20632252,0.25744197,0.45528176,0.35528198
0.16180833,0.64757675,0.10772448,0.3526022,0.576139,0.62512183,0.2636375,0.09306648,0.60495174,0.76650727,0.3733576,0.7186546,0.3522893,0.6918752,0.6572997,0.33247566,0.20598388,0.25775832,0.45513663,0.35524142
0.16238506,0.6477472,0.1078678,0.3525763,0.57627785,0.62522286,0.26391253,0.09286819,0.6049466,0.7666858,0.37322977,0.71907455,0.35195723,0.691915,0.65742517,0.33241612,0.20622647,0.2576358,0.45520818,0.35530752
0.16217695,0.6482387,0.107797205,0.35246518,0.57631695,0.62529993,0.2640786,0.092998,0.60495466,0.7665718,0.3732206,0.71932846,0.3521889,0.6918696,0.6574091,0.3326974,0.20620538,0.2576562,0.45513296,0.35516572
0.16098142,0.6514509,0.102236874,0.3571517,0.5775901,0.6230306,0.26492664,0.09047973,0.59870255,0.75734055,0.37232685,0.72221977,0.33487716,0.6942042,0.64642817,0.33198577,0.20737559,0.24483494,0.45427132,0.35379186
0.16081731,0.6507057,0.102271035,0.3571003,0.57782954,0.6229866,0.26466852,0.09054452,0.5987005,0.7573232,0.37233403,0.7216338,0.33520263,0.69435465,0.6464287,0.33154902,0.20733388,0.2449579,0.45424104,0.3538405
0.16109833,0.65072566,0.10246782,0.35716054,0.57793427,0.6226395,0.26454705,0.09044151,0.598671,0.7576415,0.37223968,0.7215979,0.3351834,0.6943989,0.64657176,0.3319353,0.20736124,0.24492778,0.45426843,0.35391468
0.16136955,0.6503944,0.10225431,0.3570132,0.57791257,0.62295985,0.2647596,0.0905207,0.598771,0.75768816,0.37180766,0.72134495,0.33521768,0.6942848,0.6464822,0.3316522,0.20716718,0.24500144,0.4542098,0.35398537
0.16089316,0.6503877,0.10226786,0.35708025,0.5777951,0.6230917,0.26440215,0.090415664,0.5985972,0.7575426,0.37225696,0.7214884,0.33508095,0.69420123,0.6465378,0.3320026,0.2073224,0.24485983,0.45410573,0.3538238
0.16084968,0.6506286,0.1021635,0.35704783,0.57772017,0.6227739,0.26458076,0.09051757,0.59871274,0.75747085,0.37211356,0.7215824,0.3351065,0.69440436,0.6466296,0.3318882,0.20728715,0.24488634,0.45408118,0.35367107
1.0,0.65785414,0.10375633,0.109044604,0.5751426,0.89220333,0.2707757,0.09881519,0.07410782,0.77444553,1.0,0.7350495,0.33941525,0.19923413,0.6667661,0.7641555,0.20888585,0.24318664,0.100592256,0.35610926
1.0,0.6587308,0.10353967,0.10908536,0.57467496,0.88720125,0.27132225,0.09887798,0.0740741,0.7738225,1.0,0.7359207,0.33958137,0.19896254,0.66617566,0.76419896,0.20919488,0.2430977,0.100439996,0.3559498
1.0,0.6589261,0.10348258,0.109173596,0.5744637,0.88521874,0.27160436,0.09877349,0.07393508,0.7732575,1.0,0.7362082,0.33908832,0.19900675,0.6658913,0.76443213,0.20938253,0.24295259,0.100457564,0.35574204
1.0,0.6590947,0.10340708,0.109103255,0.5744596,0.88370275,0.2714398,0.09900947,0.07402192,0.7731109,1.0,0.73644,0.33945072,0.19887546,0.66577566,0.7640612,0.20935057,0.24308823,0.10025874,0.35585156
1.0,0.65901875,0.103600875,0.1090346,0.57424265,0.8830585,0.27163422,0.09896206,0.07392024,0.7730272,1.0,0.7361836,0.33894917,0.19887243,0.6655148,0.7638544,0.20941906,0.24273463,0.10029058,0.3557229
1.0,0.658928,0.10334832,0.109126806,0.5743961,0.8829468,0.2715609,0.09892069,0.07387274,0.7728444,1.0,0.7361685,0.33913353,0.19888763,0.6653543,0.7639231,0.20932919,0.24287596,0.10027619,0.35571057
0.5331626,0.59571683,0.1085246,0.09311758,0.4200834,0.80376035,0.24666624,0.085385464,0.10469963,0.439814,0.58307266,0.67104816,0.3489619,0.21394053,0.36471,0.5650136,0.18782511,0.25580376,0.11399365,0.25527516
0.5322852,0.59588414,0.108481735,0.09314798,0.42013332,0.8012553,0.24694723,0.08532921,0.10492191,0.4388458,0.5838436,0.67123765,0.3491705,0.21403621,0.36380965,0.565272,0.18790226,0.256028,0.114059456,0.25516817
0.5325895,0.5957807,0.10858983,0.09312194,0.42014962,0.7997471,0.24704616,0.085358925,0.10500487,0.43831116,0.5841323,0.67108715,0.34924784,0.21419929,0.36340487,0.5652718,0.18789832,0.2560337,0.11431827,0.2550298
0.53303593,0.5960412,0.10867451,0.093149945,0.4200598,0.79867923,0.24708743,0.08541914,0.10503633,0.43796238,0.58462447,0.67137563,0.34947357,0.21421859,0.36307827,0.5656068,0.18791361,0.25622478,0.11417753,0.25505042
0.5327167,0.59641445,0.108703405,0.093108416,0.4202439,0.79842705,0.24711882,0.085345685,0.105030574,0.4379007,0.58535314,0.67165864,0.34938648,0.2141194,0.3628919,0.56561077,0.18794568,0.25627443,0.114316344,0.25501472
0.53264904,0.5962026,0.10865935,0.09313085,0.42026746,0.7978873,0.24741429,0.08537217,0.105010785,0.43733326,0.58531076,0.6716498,0.34964588,0.2141546,0.3627483,0.56577164,0.18807758,0.2563078,0.11432151,0.25504616
0.12889424,0.7723266,0.43081397,0.1391523,0.60005176,0.5194795,0.31562003,0.042522255,0.085783884,0.69398624,0.33965904,0.8603145,0.5746391,0.2141388,0.57796043,0.30880627,0.2454058,0.49455413,0.107380114,0.36055028
0.12837808,0.7724798,0.4308569,0.1391036,0.6001558,0.52000546,0.31568497,0.042446755,0.085528,0.69465005,0.34007704,0.86066717,0.5743703,0.21426028,0.5785486,0.30910742,0.24560854,0.49458408,0.10729875,0.3608573
0.12785767,0.7717429,0.43085474,0.13897526,0.60030884,0.52040076,0.3155425,0.04253687,0.085465156,0.6950369,0.3401959,0.86014307,0.5747887,0.21447285,0.5789671,0.30938086,0.24528308,0.49470007,0.1072473,0.36092424
0.12796229,0.7718694,0.43081382,0.13905966,0.60047007,0.5202994,0.31556553,0.04248333,0.08530557,0.69528663,0.3401467,0.86032134,0.5745646,0.21449871,0.5790525,0.3095441,0.24528223,0.494658,0.10725555,0.36103857
0.12740038,0.77162683,0.430952,0.13906087,0.6005006,0.51967514,0.31563458,0.042601507,0.08531456,0.69530034,0.3396881,0.8599836,0.5747552,0.21453616,0.5790811,0.30894428,0.2453316,0.4948046,0.10728671,0.36099958
0.08783995,0.44533753,0.20191868,0.066465445,0.3700484,0.23760383,0.18453874,0.03918835,0.071136676,0.43802476,0.15416193,0.46993965,0.38254467,0.116242394,0.31130219,0.15540893,0.1302333,0.44120803,0.07926379,0.25211552
0.15432692,0.60702455,0.101992354,0.10647915,0.78208333,0.62382716,0.25247458,0.08267565,0.08420643,0.22495018,0.3825201,0.6852033,0.3302486,0.21119727,0.46990123,0.34257844,0.19127204,0.24287559,0.10952447,0.87154555
0.15435071,0.6070514,0.10195421,0.10645565,0.7818642,0.6242046,0.2525386,0.08261443,0.08418945,0.22507171,0.38255414,0.6851904,0.33051848,0.21102968,0.46990314,0.34256735,0.19126186,0.2430221,0.10947128,0.8716003
0.15410191,0.60701156,0.101952255,0.1063805,0.7818926,0.62401783,0.2525159,0.08246591,0.084157825,0.22528027,0.38235942,0.6851235,0.33024716,0.21103968,0.4700043,0.34240237,0.19117695,0.24283239,0.109473415,0.8717527
0.15423606,0.6073851,0.101899065,0.10650992,0.7817329,0.6237481,0.25264803,0.08265932,0.08419078,0.22533157,0.38219413,0.68541074,0.33056316,0.21113583,0.4701723,0.34220874,0.19140142,0.24287194,0.109562136,0.8717016
0.15404828,0.60755414,0.102013744,0.10643005,0.78199494,0.6238259,0.25269574,0.082539335,0.08425973,0.2254097,0.38249063,0.6854667,0.33020255,0.21101236,0.4702088,0.34250528,0.19150776,0.24277373,0.10950503,0.8718616
0.15375175,0.606936,0.10183102,0.10648186,0.78173524,0.6239467,0.2523784,0.08260399,0.08399308,0.22556847,0.38226694,0.68488306,0.33042708,0.21115018,0.47022668,0.34233043,0.19118349,0.24283378,0.1095205,0.87188184
0.15421022,0.6465987,0.1009653,0.3567277,0.58092237,0.60740936,0.26362935,0.0889858,0.6052152,0.76332945,0.36569798,0.71855843,0.33049923,0.6983917,0.65302294,0.32667226,0.20568295,0.24180917,0.4568992,0.35712743
0.15429883,0.6462755,0.10089009,0.35667813,0.5809855,0.60731083,0.2634973,0.08887315,0.6050918,0.7633423,0.3656618,0.7183198,0.33069217,0.6982223,0.65299463,0.32667863,0.20554799,0.24172707,0.45687056,0.35703504
0.15376213,0.64666647,0.10102227,0.3566997,0.5809269,0.60738957,0.26363406,0.088974476,0.6050329,0.76332724,0.36580747,0.7186869,0.3306149,0.6982699,0.6530456,0.3266691,0.20571156,0.24166606,0.45693642,0.3570629
0.15364271,0.6463949,0.10090028,0.35668853,0.5807872,0.6074977,0.2637075,0.088990726,0.6048983,0.7633982,0.36574593,0.71823627,0.33064523,0.6981858,0.65305495,0.3270857,0.20572834,0.24174114,0.45690805,0.35696745
0.15403342,0.646804,0.10106836,0.35671404,0.5810657,0.6070567,0.2637648,0.08897535,0.6049638,0.7635311,0.36545938,0.71882933,0.3305114,0.6982502,0.6531136,0.32677764,0.20580167,0.24164018,0.45678267,0.3570525
0.15420029,0.6466092,0.10091077,0.3566108,0.58109444,0.6074637,0.2637218,0.08912116,0.6049339,0.7636841,0.36559564,0.7184345,0.3307719,0.69820243,0.6532513,0.32695428,0.20579417,0.2420164,0.4567399,0.35711718
0.12909128,1.0,0.06735813,0.13724656,0.60634583,0.52644384,1.0,0.072783664,0.08110851,0.708308,0.34345213,1.0,0.22842652,0.21022773,0.589836,0.30994275,1.0,0.1651674,0.10333113,0.36661008
0.12912658,1.0,0.06721739,0.13741288,0.6059254,0.5262957,1.0,0.07279861,0.08122602,0.7079291,0.34358016,1.0,0.22842516,0.210165,0.5896094,0.3100067,1.0,0.16520517,0.103304334,0.3664917
0.12956022,1.0,0.0672853,0.13736503,0.60598284,0.52613634,1.0,0.07267696,0.08110269,0.7080352,0.34379533,1.0,0.22833006,0.21008967,0.5896784,0.3098558,1.0,0.16514358,0.10324626,0.3665202
0.12942158,1.0,0.06701544,0.13740994,0.60602874,0.5261029,1.0,0.07263829,0.08106585,0.708046,0.34404176,1.0,0.22842737,0.21009332,0.5895895,0.31024328,1.0,0.16504386,0.103364855,0.36664528
0.1292372,1.0,0.06700624,0.13734736,0.6060126,0.5259503,1.0,0.072643735,0.08086807,0.708015,0.34388137,1.0,0.22816317,0.21012342,0.58958745,0.31019667,1.0,0.16492975,0.10315258,0.36662668
0.1291663,1.0,0.06716853,0.13740143,0.606057,0.5257338,1.0,0.072765864,0.08105443,0.7080145,0.34378272,1.0,0.22838436,0.21005344,0.589697,0.30986848,1.0,0.16513819,0.103167705,0.36666745
0.15563741,0.6467495,0.09919205,0.3586319,0.57351804,0.6197606,0.26361108,0.08521177,0.602448,0.74915487,0.37532544,0.7189481,0.32399273,0.69788826,0.64175457,0.33520314,0.20568489,0.23724751,0.45689127,0.35356548
0.15591174,0.64691305,0.09931172,0.35832292,0.5736565,0.6200153,0.26393032,0.08528722,0.60252094,0.74926454,0.37533286,0.71926254,0.32415605,0.69795406,0.64186287,0.33521256,0.20583138,0.23745623,0.45671433,0.35371938
0.1564643,0.64678615,0.0994084,0.35819453,0.5736752,0.6208573,0.2642007,0.08497325,0.6024534,0.74929816,0.37533754,0.7190523,0.32412335,0.6978899,0.64189255,0.33516294,0.20568864,0.23728913,0.4565914,0.35348606
0.15602383,0.64695114,0.09933818,0.35817635,0.5736211,0.62060183,0.26386207,0.08510871,0.6023834,0.7493051,0.37539503,0.7191832,0.32423726,0.69780123,0.641743,0.3352353,0.20574993,0.23752742,0.4565001,0.35344285
0.15634753,0.6462504,0.099435344,0.3582036,0.5738565,0.6201608,0.26366946,0.085069194,0.6025004,0.749459,0.3750836,0.7187295,0.32407907,0.697836,0.6419547,0.33502024,0.20550132,0.2374435,0.45646235,0.3535131
0.15656875,0.64626706,0.09926545,0.35821372,0.57360256,0.6205241,0.26366603,0.08504242,0.6022732,0.7493646,0.37508887,0.7187547,0.32411152,0.6979228,0.6418626,0.33486807,0.20541222,0.2374554,0.4564235,0.35338652
0.16500919,0.63528436,0.10890877,0.35335,0.5773288,0.6298848,0.25893816,0.094010875,0.6025526,0.7632506,0.3736292,0.705154,0.35570896,0.6914656,0.6537479,0.33258152,0.20225959,0.26033133,0.454461,0.35538292
0.16471478,0.6348902,0.108965285,0.35338822,0.57741433,0.6296636,0.25839165,0.09403444,0.60249746,0.76369727,0.3736877,0.7046933,0.3557228,0.69142514,0.6538658,0.3326188,0.20198517,0.26027775,0.45436603,0.35520747
0.1647763,0.63512915,0.10882372,0.35339266,0.5772112,0.6298048,0.25878993,0.093916684,0.6025281,0.76353174,0.37392098,0.7050113,0.3556435,0.6914131,0.65385294,0.33288783,0.20219927,0.26034683,0.45434266,0.35526627
0.16508651,0.63517493,0.10899716,0.35332698,0.5772101,0.63023645,0.2584982,0.09394738,0.6024583,0.76343787,0.37372264,0.7049326,0.35570833,0.6913062,0.6538466,0.33267957,0.20208827,0.2602338,0.45432568,0.35516852
0.16502392,0.63472974,0.10889681,0.35335097,0.5773673,0.6298392,0.25851735,0.09398541,0.6025449,0.7636455,0.37344715,0.7047515,0.35574555,0.6913431,0.65394014,0.3324864,0.20221952,0.26043868,0.45426288,0.3552822
0.16476125,0.6349169,0.10897266,0.3532271,0.57742906,0.6297223,0.25840956,0.09394953,0.60237515,0.7637323,0.37371397,0.70478684,0.35565197,0.6913853,0.65404177,0.33282092,0.20217888,0.26031646,0.45435226,0.3552943
0.12422514,0.756597,0.42911068,0.14310612,0.6123681,0.50451374,0.3089988,0.0416043,0.08853665,0.69577575,0.33308706,0.8431421,0.58495116,0.21584514,0.57489485,0.3033032,0.24043089,0.50312066,0.10730972,0.36538956
0.12458738,0.75708896,0.42911112,0.14311154,0.61230135,0.5052635,0.30957463,0.041432574,0.08844802,0.6958724,0.33270633,0.84380454,0.58498156,0.21578106,0.57487726,0.30322546,0.24055569,0.5031173,0.10741454,0.3655087
0.12434736,0.75726634,0.4291439,0.1430782,0.6122251,0.5052072,0.30952737,0.0416077,0.08848477,0.69590795,0.33298072,0.84405553,0.5847637,0.2158189,0.5750426,0.30375108,0.2407311,0.5029838,0.107438505,0.3654944
0.124047756,0.75733596,0.4291416,0.14312816,0.61251575,0.5052366,0.30927515,0.041516613,0.08836602,0.69627106,0.3330832,0.84394324,0.58483726,0.21581097,0.57516706,0.3033733,0.24065565,0.50299287,0.107445166,0.3655529
0.12414764,0.75747806,0.42907333,0.14299335,0.6124285,0.5056185,0.30932054,0.041513417,0.088227116,0.6959964,0.3330038,0.84420943,0.58467907,0.21589924,0.574958,0.30342183,0.24062094,0.5029424,0.10733462,0.36549225
0.12397364,0.75739175,0.42912197,0.14302751,0.61260575,0.5053269,0.30956596,0.04148757,0.088277146,0.69605756,0.33289042,0.8441605,0.5848002,0.2158611,0.57498425,0.3033762,0.2404984,0.50295407,0.10729629,0.36549646
0.13477433,1.0,0.055553164,0.10370927,0.4439845,0.5285975,1.0,0.052016772,0.09775166,0.33935818,0.35831505,1.0,0.18460584,0.21367122,0.24519128,0.3246645,0.9930364,0.13529672,0.11867184,0.2691194
0.13443545,1.0,0.05552625,0.10367111,0.44383645,0.5283742,1.0,0.051792026,0.09767733,0.3391106,0.3582868,1.0,0.18433094,0.21359403,0.24497168,0.3244529,0.99323416,0.13513866,0.11862663,0.26907206
0.13444047,1.0,0.055498835,0.103621684,0.44385704,0.5282499,1.0,0.051839113,0.0976897,0.33911914,0.3583084,1.0,0.18450628,0.21363047,0.2451527,0.32441273,0.99309504,0.13508423,0.11855896,0.26918948
0.134284,1.0,0.055408172,0.10366084,0.4438887,0.5279792,1.0,0.051894326,0.0975743,0.33899674,0.35791317,1.0,0.18430977,0.21358365,0.24498108,0.3242137,0.99317276,0.13506769,0.11858371,0.26912925
0.134008,1.0,0.055530198,0.103671625,0.443718,0.5280116,1.0,0.051883817,0.09759721,0.33891243,0.3582089,1.0,0.18453316,0.21359728,0.24484907,0.32437685,0.99326354,0.13512589,0.118664384,0.26916984
0.13389185,1.0,0.055494994,0.103678465,0.44386035,0.5280139,1.0,0.051895954,0.09757491,0.3387676,0.35829738,1.0,0.18427677,0.21359147,0.24489456,0.3243772,0.9934731,0.13506971,0.11868908,0.26920235
0.13258038,1.0,0.06043515,0.10086033,0.458241,0.5233746,1.0,0.057953447,0.095713414,0.36119765,0.354615,1.0,0.20200306,0.20926932,0.26431814,0.32104355,0.9692928,0.14753573,0.11544243,0.27603817
0.13238122,1.0,0.060597047,0.100880384,0.4582029,0.5231794,1.0,0.05810588,0.0955035,0.36108825,0.35449645,1.0,0.20197095,0.20919217,0.26427096,0.3209073,0.96932673,0.14759068,0.1154598,0.27602053
0.13217415,1.0,0.06046287,0.101034164,0.45809704,0.5230997,1.0,0.058212515,0.095684506,0.3612644,0.35476637,1.0,0.20207664,0.20936224,0.26420176,0.32098955,0.9691459,0.14748728,0.11541498,0.275975
0.13203087,1.0,0.060600877,0.10093765,0.45819622,0.5232197,1.0,0.05808978,0.09561941,0.36135942,0.35498184,1.0,0.20200278,0.20923896,0.26421475,0.3210929,0.96924824,0.14753586,0.11551534,0.27603656
0.1323343,1.0,0.060367085,0.10094025,0.45809773,0.5233227,1.0,0.05809116,0.0955913,0.36114898,0.35477236,1.0,0.20223732,0.20918679,0.26416653,0.32100758,0.9690581,0.14762753,0.11552535,0.27597144
0.1321084,1.0,0.060491018,0.101002075,0.45817235,0.5232088,1.0,0.05790347,0.09564664,0.3612307,0.35445908,1.0,0.20198211,0.2092446,0.2642959,0.3209158,0.9690582,0.14769612,0.11549026,0.27596775
0.123083055,0.7934537,0.4291643,0.14677247,0.58464384,0.50117785,0.3247809,0.04234995,0.08956108,0.66686594,0.33302727,0.88595897,0.5875911,0.21988748,0.5537958,0.30317336,0.2521567,0.5048649,0.109992296,0.35163862
0.12349571,0.7927389,0.4289483,0.14670198,0.58476216,0.50091463,0.32471567,0.04284304,0.089464,0.6670542,0.3328569,0.8853651,0.588245,0.22005668,0.55396414,0.3032783,0.25176328,0.5053502,0.110153496,0.35158855
0.12366374,0.792651,0.42876527,0.14668436,0.5848556,0.50132674,0.32465702,0.042393558,0.08949316,0.6672692,0.33281747,0.88528675,0.5879524,0.22010225,0.5542778,0.30336294,0.25173324,0.50519407,0.11005896,0.35157076
0.123589344,0.79291826,0.42870283,0.14668326,0.5849694,0.5012873,0.32489836,0.042466015,0.08932836,0.66753536,0.33234814,0.8856233,0.5884933,0.22017187,0.5544001,0.30308703,0.25166768,0.50551295,0.11002342,0.3515007
0.12368769,0.79253197,0.42867228,0.14663883,0.5848335,0.501706,0.3246051,0.04243836,0.08933882,0.667412,0.33274984,0.88537025,0.5880372,0.22023922,0.5543281,0.30339852,0.25160086,0.5052449,0.11013725,0.3514854
0.123486206,0.79207665,0.42859516,0.14670104,0.5851229,0.501255,0.3244528,0.04246008,0.08933274,0.6678399,0.3330535,0.88481945,0.58831745,0.22010855,0.55446947,0.3036569,0.25155362,0.5054826,0.11015528,0.35169265
0.12129147,1.0,0.06736459,0.14542827,0.61021036,0.5052066,1.0,0.0776309,0.08905821,0.6858694,0.32939696,1.0,0.23185433,0.21109748,0.5636279,0.29641867,1.0,0.1667879,0.10222063,0.3652422
0.12234502,1.0,0.06744028,0.14551571,0.6102887,0.50523406,1.0,0.0776281,0.088935845,0.6857332,0.32909662,1.0,0.23160808,0.21112625,0.5636467,0.29659483,1.0,0.16665304,0.102059305,0.36538222
0.122152515,1.0,0.06739727,0.14566353,0.61010313,0.5052112,1.0,0.077708766,0.088968195,0.6857418,0.3292083,1.0,0.23192465,0.21094179,0.5636769,0.2964422,1.0,0.16685559,0.10199141,0.36512762
0.122023046,1.0,0.06751455,0.14560911,0.6101972,0.505229,1.0,0.07755729,0.08911722,0.6855977,0.32948336,1.0,0.23163396,0.21097966,0.56362987,0.29655302,1.0,0.16679767,0.10204677,0.3653789
0.12234605,1.0,0.06739469,0.14558788,0.6102671,0.5055282,1.0,0.07777773,0.08892777,0.6857936,0.3296059,1.0,0.23187107,0.21107611,0.56378585,0.2963802,1.0,0.1668164,0.10204347,0.36526576
0.12227781,1.0,0.06741608,0.14557247,0.61016405,0.5054916,1.0,0.07751691,0.08902838,0.6856595,0.32928005,1.0,0.23168708,0.21089579,0.5636519,0.29650187,1.0,0.16668831,0.10195475,0.3652414
0.16338232,0.6411922,0.110193424,0.35144722,0.5685194,0.6327676,0.261179,0.092852235,0.60719377,0.7636686,0.37746912,0.71207917,0.35930437,0.6920949,0.656657,0.33563137,0.20397998,0.26333883,0.4552146,0.35223964
0.1641277,0.6408358,0.110372365,0.35139638,0.5686188,0.63347983,0.26087198,0.09267585,0.60714805,0.76390684,0.37744823,0.71166885,0.35913432,0.69196695,0.65671676,0.33580548,0.20385955,0.26315314,0.455043,0.3522211
0.16434655,0.6407045,0.11035159,0.3511077,0.56856626,0.63358635,0.2609781,0.09287381,0.60695624,0.7639118,0.37716556,0.7117554,0.35963687,0.69184935,0.6567909,0.33570638,0.20388567,0.26356795,0.4549795,0.35207736
0.16448495,0.640556,0.110333234,0.35110053,0.56871796,0.6340232,0.26083317,0.09269513,0.60690194,0.7640371,0.3773699,0.7114118,0.35946172,0.69181615,0.657005,0.3356173,0.20391406,0.26354,0.4548389,0.35214812
0.1647875,0.6402294,0.11044625,0.3510933,0.5686523,0.6340669,0.26080766,0.09294463,0.60693675,0.7640568,0.37704015,0.7110125,0.3594717,0.69196594,0.65680504,0.3356715,0.2038286,0.26355878,0.45480838,0.35197896
0.16433775,0.640719,0.110574976,0.35095415,0.5685483,0.63402003,0.26084232,0.09272692,0.60682905,0.7641794,0.37706962,0.7115633,0.3593928,0.6919365,0.6570481,0.33571288,0.20396851,0.26349756,0.45479304,0.3519229
0.16100684,0.5923617,0.1071237,0.10561193,0.78388995,0.63370913,0.24504846,0.089068614,0.084018655,0.2282682,0.38132912,0.66564643,0.34813005,0.21051478,0.47231442,0.33985305,0.18696016,0.25545377,0.10882712,0.8724626
0.16111843,0.5923382,0.1070826,0.105666816,0.78374535,0.633661,0.24483566,0.08887987,0.08410265,0.22835006,0.3809968,0.6657271,0.34788403,0.21058841,0.47238988,0.33992296,0.1870802,0.25525323,0.10884852,0.87249184
0.16105185,0.5919253,0.107068755,0.105581515,0.7837709,0.6338349,0.24495362,0.08895468,0.084084556,0.22857195,0.38122436,0.6654496,0.34807417,0.21048677,0.47256598,0.33992732,0.18691325,0.25546217,0.10879246,0.8724277
0.16101713,0.5919595,0.10714739,0.105571724,0.7839412,0.63399106,0.24502927,0.08904315,0.084015325,0.22841127,0.3817234,0.66542995,0.34799096,0.21060215,0.4726133,0.3402179,0.18688938,0.2553655,0.108823456,0.87256604
0.16149475,0.59202003,0.10716638,0.10553919,0.7840407,0.6341861,0.24480247,0.08903678,0.08408808,0.22879308,0.38158765,0.6654925,0.34803304,0.21058099,0.47277886,0.3401174,0.18695703,0.2554388,0.10881894,0.8728032
0.16122162,0.59191495,0.10710382,0.105514675,0.78396124,0.6337906,0.24469087,0.089124605,0.08410306,0.22856958,0.38118035,0.665408,0.3481566,0.210551,0.47260937,0.33995047,0.1869722,0.25547877,0.108858496,0.872731
0.12106874,0.780986,0.43417928,0.1397414,0.6077083,0.50895625,0.31870985,0.039798114,0.08389857,0.6969338,0.32803124,0.87012595,0.5615855,0.2142048,0.580229,0.29785952,0.24849524,0.48507902,0.107836686,0.36632416
0.120950885,0.7810678,0.43419066,0.13986282,0.607782,0.50925577,0.31884006,0.03964509,0.08373997,0.69695634,0.32842183,0.8700289,0.5614277,0.21436399,0.58039516,0.29805815,0.24828273,0.4849345,0.10792368,0.3663587
0.12092661,0.7813282,0.4341624,0.13974519,0.60780674,0.5091482,0.31891462,0.03970634,0.08387786,0.6968735,0.32824895,0.87033886,0.56123877,0.21434185,0.580267,0.29791743,0.24830413,0.484841,0.107866436,0.36647174
0.121009596,0.78131646,0.4340668,0.13980915,0.6080603,0.5090565,0.31920654,0.039694645,0.08378846,0.6968338,0.3281778,0.8705438,0.5614825,0.21429668,0.5804155,0.29785165,0.24851958,0.48500782,0.10791233,0.36659092
0.12106481,0.78163385,0.43410113,0.13980481,0.6079809,0.5091962,0.31914485,0.039668653,0.08381291,0.69678575,0.3283677,0.8708766,0.5613042,0.21436104,0.5803563,0.2979276,0.24854273,0.48498642,0.10795196,0.36641875
0.12120973,0.78179085,0.43415803,0.13970359,0.6079655,0.5093711,0.31920132,0.039788395,0.0838844,0.6970452,0.32841936,0.8707696,0.5613402,0.21427563,0.58043355,0.29799205,0.24846902,0.4850746,0.10791145,0.36651564
0.16002992,0.59934086,0.10258257,0.10415366,0.7913301,0.6398602,0.24807516,0.08590009,0.083097994,0.2307242,0.3877104,0.6745041,0.3337463,0.20772572,0.47480872,0.3460354,0.1890804,0.24487314,0.107503526,0.8758097
0.16026498,0.598767,0.10259051,0.10409831,0.79137546,0.63936377,0.24807718,0.085852735,0.08305339,0.23084268,0.3871102,0.67379516,0.33354402,0.20780925,0.47488603,0.34569255,0.18917097,0.24482018,0.1075217,0.875947
0.16011332,0.5986957,0.1024301,0.10412789,0.7913223,0.63941187,0.24813558,0.08597927,0.08294612,0.23089316,0.3873202,0.67374337,0.33379105,0.20775121,0.47493166,0.3458401,0.18899521,0.2449939,0.10753181,0.8759763
0.1604802,0.5986954,0.10264745,0.10408037,0.79134625,0.6399658,0.24808556,0.08566825,0.08293416,0.23097304,0.3875227,0.67372644,0.33376554,0.20770195,0.4748794,0.3459096,0.18901157,0.24490474,0.10747356,0.87607086
0.16042373,0.5989955,0.10241732,0.104073904,0.791249,0.6395492,0.24808694,0.085746355,0.083053276,0.23116519,0.38733715,0.674053,0.33384836,0.20783941,0.47511327,0.34570134,0.18918054,0.24501659,0.107540704,0.87590164
0.16028172,0.5990666,0.10269377,0.104166,0.79122984,0.6394486,0.2483631,0.08576509,0.08319397,0.23109156,0.38709873,0.67413706,0.33362886,0.20778635,0.47504926,0.3456399,0.18898773,0.24488023,0.10753081,0.87595415
1.0,0.63458997,0.10632106,0.099170014,0.6036645,0.9047701,0.2620535,0.095413946,0.07401393,0.8091185,1.0,0.71109885,0.34544095,0.19135252,0.6978053,0.7683883,0.20113192,0.24851386,0.09700354,0.3749094
1.0,0.63631743,0.10612609,0.09921891,0.6030926,0.899674,0.26293555,0.09526566,0.073949605,0.80832374,1.0,0.7127622,0.34486297,0.19120237,0.6971114,0.76820064,0.20156994,0.24817386,0.0969879,0.37475306
1.0,0.63660157,0.106180914,0.099202886,0.60311896,0.8974749,0.26311988,0.09533637,0.07370862,0.80831945,1.0,0.7130959,0.3452293,0.19112913,0.69704646,0.7680579,0.20180199,0.24838151,0.09678199,0.37473825
1.0,0.6365019,0.10624377,0.09916154,0.60286534,0.89639497,0.2628687,0.09524797,0.07367765,0.80789495,1.0,0.71288407,0.3448317,0.19088092,0.6967452,0.76796037,0.20184776,0.2480965,0.09688341,0.37467054
1.0,0.6367042,0.106012546,0.099242575,0.6029954,0.89571834,0.26302293,0.09535655,0.073824294,0.8079131,1.0,0.71296775,0.3448202,0.19101079,0.69680727,0.7682208,0.20186432,0.24802089,0.096821845,0.37469497
1.0,0.6365658,0.10596861,0.09912734,0.6027073,0.8952414,0.26315856,0.095433734,0.07360892,0.8075197,1.0,0.7130042,0.34479177,0.19096825,0.6965536,0.7680508,0.20186724,0.24799637,0.096852295,0.37465283
0.14695269,1.0,0.054581564,0.098100066,0.46852568,0.52182853,1.0,0.05465104,0.090456486,0.35843775,0.3632077,1.0,0.18369669,0.20073669,0.25827634,0.33055845,0.9823557,0.13441327,0.11089737,0.28367597
0.14568299,1.0,0.054650143,0.09809764,0.4686371,0.52109313,1.0,0.05433394,0.09040148,0.3584307,0.36290467,1.0,0.18347402,0.20080431,0.2582135,0.3302417,0.9832995,0.13420404,0.11113607,0.28370708
0.1453009,1.0,0.054629717,0.09816408,0.468809,0.52166444,1.0,0.054538995,0.090517916,0.35848814,0.36331987,1.0,0.18359075,0.20089981,0.25824603,0.3305753,0.983645,0.13419488,0.11121313,0.28378657
0.14495583,1.0,0.054697685,0.09810724,0.46884087,0.5215303,1.0,0.0544674,0.0906612,0.35855263,0.36349332,1.0,0.18344387,0.20088404,0.2582954,0.3305262,0.9838968,0.1341544,0.11113696,0.28376427
0.14455691,1.0,0.054516926,0.09810212,0.4688672,0.52122355,1.0,0.054470614,0.0906731,0.35848907,0.363474,1.0,0.18341814,0.20104297,0.25822273,0.33039242,0.98401535,0.13398433,0.11119912,0.28385
0.14458136,1.0,0.05461121,0.09813348,0.46905875,0.5212942,1.0,0.054557733,0.09074826,0.35842952,0.36298138,1.0,0.18335174,0.20099893,0.25826806,0.3302953,0.98392427,0.13417113,0.11130564,0.28393993
0.5341475,0.5788964,0.10798639,0.093663126,0.41823953,0.80694354,0.23990154,0.0846638,0.10663841,0.43556994,0.5881252,0.6525533,0.34771028,0.21640787,0.36093608,0.5692743,0.18244578,0.25497073,0.11544912,0.25412026
0.53526086,0.5787651,0.10819973,0.09359376,0.41816998,0.80588186,0.24019988,0.08456292,0.106713906,0.43487895,0.5892528,0.652227,0.34778443,0.21643955,0.3602122,0.5697515,0.1823024,0.25510308,0.11539255,0.25399482
0.5356031,0.5786251,0.108171664,0.093527935,0.41819724,0.80554503,0.23992088,0.08473819,0.10672331,0.4344757,0.58954334,0.65247345,0.34806085,0.21638602,0.35992435,0.5700307,0.1821901,0.2553805,0.11542339,0.2538515
0.53596205,0.5794554,0.10823919,0.09355142,0.41801637,0.8049166,0.24031548,0.084541544,0.10668878,0.43422246,0.5897267,0.6530147,0.3479599,0.2164336,0.35959628,0.5699163,0.18241757,0.2552574,0.11551294,0.25384328
0.5361111,0.5788888,0.10825271,0.09358543,0.41795006,0.8046029,0.2403597,0.084682636,0.106635176,0.43402225,0.58976156,0.652599,0.3481846,0.21642515,0.35954452,0.5702868,0.18232295,0.25553876,0.115434706,0.25379798
0.5364897,0.57935125,0.10826247,0.09354326,0.41795766,0.80482054,0.2406715,0.08455288,0.106823996,0.43389532,0.59027743,0.6529067,0.34800333,0.21628246,0.35929638,0.57041943,0.18247019,0.25538805,0.11539355,0.25382483
0.1503238,0.64988655,0.102403454,0.35883442,0.5854215,0.5908234,0.2629796,0.09200544,0.596368,0.75617856,0.35610905,0.71856564,0.33661103,0.6966618,0.6431926,0.31780878,0.20726117,0.24571775,0.45303392,0.35709792
0.15037706,0.64950174,0.10253057,0.35883647,0.58561623,0.59170336,0.2630079,0.0920011,0.5963465,0.7570172,0.3558088,0.718296,0.33655676,0.696592,0.64374983,0.3178709,0.20705773,0.24564637,0.4530427,0.35725984
0.15039907,0.6491552,0.10247759,0.35889134,0.5856862,0.59208083,0.26275378,0.09209173,0.596637,0.7571097,0.35602945,0.717952,0.3367268,0.6967758,0.6441727,0.3178605,0.20694485,0.24589592,0.45301667,0.3572364
0.1499643,0.6493925,0.102506176,0.35885978,0.58567536,0.59171355,0.26303414,0.091718085,0.59647673,0.7577131,0.3562263,0.71823776,0.33637533,0.6968805,0.644187,0.3177687,0.20706438,0.24570982,0.45291743,0.3573115
0.15007247,0.6490682,0.10249481,0.35882345,0.58595467,0.5921735,0.2630778,0.09180495,0.59661967,0.7578153,0.35612568,0.71786696,0.33675873,0.6967788,0.64453244,0.3180557,0.20698789,0.24589804,0.45293552,0.35745698
0.15038964,0.64922935,0.10248722,0.358746,0.58571,0.59184456,0.2629207,0.09191844,0.59668285,0.7578085,0.355924,0.7181141,0.33646062,0.6967938,0.6445994,0.31796682,0.2070034,0.2458325,0.45292112,0.35737482
0.5258694,0.58891475,0.10677506,0.092987694,0.42831302,0.79807466,0.2446525,0.08275543,0.10527825,0.44571894,0.58429265,0.66448486,0.34324566,0.21375974,0.3699651,0.5650332,0.18537952,0.25206894,0.11438473,0.26054436
0.5270081,0.5888224,0.10691595,0.092944235,0.4283991,0.79796094,0.24451293,0.08289748,0.10510154,0.4454496,0.5847867,0.6643598,0.34329242,0.21373405,0.36976397,0.5652201,0.18533358,0.25208908,0.11438044,0.26058546
0.52756935,0.58925533,0.107023954,0.09301601,0.42852473,0.7977667,0.24469304,0.08296231,0.10517747,0.44533616,0.58534706,0.6646092,0.34362245,0.21390443,0.36974663,0.5652184,0.18539003,0.2521922,0.1143601,0.26056483
0.5275521,0.58858466,0.106946535,0.092932016,0.42837322,0.79741627,0.24450181,0.08294162,0.10509178,0.44530484,0.58486646,0.664065,0.34344724,0.21375324,0.36960766,0.5650709,0.18528233,0.2520687,0.11444724,0.26064214
0.5280354,0.5887261,0.10690135,0.09294066,0.42829514,0.7970775,0.244594,0.08287282,0.10522643,0.4452721,0.58542293,0.6643123,0.34343228,0.21372573,0.36958942,0.5655553,0.18541719,0.252129,0.11450648,0.2606331
0.5278785,0.588583,0.10690926,0.09291174,0.42822433,0.7967648,0.2446414,0.082776524,0.10509889,0.44488293,0.5853425,0.66421545,0.34328812,0.21379119,0.36933136,0.5654131,0.18526189,0.25202394,0.1144783,0.26047358
0.1582627,0.6232373,0.10964887,0.35128817,0.5828724,0.6148821,0.25383458,0.09409297,0.6054614,0.76978695,0.36852586,0.6919702,0.35802636,0.69180036,0.65963936,0.32826135,0.19815235,0.26214495,0.45446086,0.35917604
0.15872976,0.6230718,0.10971099,0.35124218,0.58298296,0.6150484,0.25388172,0.094118565,0.60575306,0.7704815,0.3680058,0.6920081,0.35765836,0.6917759,0.6603227,0.32840002,0.19814745,0.26186073,0.45432666,0.35929626
0.15826239,0.6227937,0.10967462,0.3513053,0.5832276,0.6153373,0.25356746,0.09394864,0.6056919,0.77102804,0.3683141,0.6917663,0.3580266,0.69181424,0.6606996,0.32849756,0.1980617,0.26213744,0.4543223,0.35937676
0.15836999,0.62309325,0.10970596,0.35120264,0.5833424,0.615402,0.25379235,0.09405077,0.6057081,0.77126104,0.36850682,0.69206095,0.35772225,0.6919316,0.6608772,0.3286153,0.1981514,0.26197186,0.45436025,0.35944432
0.15821372,0.623315,0.109819286,0.35123336,0.58340317,0.61518586,0.25369835,0.094143875,0.6057256,0.7715122,0.36865437,0.6923944,0.3581601,0.6918533,0.6611306,0.3284576,0.19822238,0.2621465,0.4544209,0.35928008
0.15852982,0.6232371,0.10971986,0.35122252,0.5833253,0.6155377,0.25388613,0.093802005,0.6057127,0.7715494,0.3685736,0.69210964,0.35788235,0.69192994,0.66124123,0.32853532,0.19811364,0.26221403,0.4544024,0.3593543
1.0,0.6648902,0.10238273,0.10942617,0.59278244,0.8923294,0.27357358,0.09133177,0.073318,0.7747345,1.0,0.7416772,0.33224714,0.19837011,0.6644109,0.75711346,0.21136601,0.23908393,0.09981836,0.36553437
1.0,0.6659461,0.102279745,0.1094331,0.5924708,0.88913035,0.2739296,0.091488376,0.073156245,0.7742456,1.0,0.7426845,0.3320568,0.19829184,0.6640984,0.7569818,0.21171097,0.23890749,0.09964199,0.36538726
1.0,0.66532975,0.10222078,0.109421045,0.5924313,0.8882853,0.27379188,0.0915538,0.07305291,0.774363,1.0,0.7422586,0.331956,0.19826786,0.6640559,0.7570236,0.21146044,0.23878323,0.099667035,0.36538333
1.0,0.66528064,0.10218432,0.10946008,0.5921979,0.88716745,0.27366623,0.09150158,0.07322384,0.7739634,1.0,0.742199,0.3317132,0.19806017,0.6637721,0.75684065,0.2113957,0.23852548,0.09966982,0.36537766
1.0,0.6657346,0.10215613,0.10941786,0.5924897,0.8870627,0.2738803,0.09169351,0.07308018,0.77422386,1.0,0.74274343,0.33203435,0.19824909,0.6639747,0.7572191,0.21164049,0.23879291,0.099674255,0.3654185
1.0,0.6655745,0.1022915,0.10937036,0.5922924,0.88686734,0.27394146,0.09146431,0.073191196,0.77410734,1.0,0.74233156,0.33171862,0.19809745,0.66394526,0.7571336,0.21154158,0.23857982,0.09955386,0.3654867
0.12829846,0.78175586,0.4284769,0.14370146,0.5936256,0.5083884,0.31947932,0.043887787,0.08830533,0.68002504,0.33584702,0.87096107,0.58294255,0.2190022,0.5650482,0.3059587,0.24867932,0.50075704,0.10902242,0.35680223
0.12693278,0.78183156,0.42864004,0.14375983,0.59365064,0.5081972,0.3197935,0.043897435,0.08825934,0.6801321,0.33570117,0.871263,0.5838607,0.21937461,0.5651471,0.30569687,0.2485347,0.5017551,0.109142244,0.35678443
0.12643854,0.7821059,0.42867675,0.14370592,0.5940321,0.50837773,0.31959072,0.044193905,0.08800886,0.68056446,0.33590287,0.8715945,0.58457106,0.21948577,0.56546384,0.30582243,0.24860337,0.5022831,0.10919573,0.35694987
0.12610331,0.7815593,0.4286437,0.143657,0.59392864,0.50813764,0.31954163,0.04418005,0.08827231,0.680431,0.33582562,0.8708439,0.5844734,0.21953768,0.56539404,0.3056426,0.24844173,0.5022204,0.10929839,0.35695103
0.12595429,0.7814058,0.42866397,0.14357954,0.5941675,0.5084718,0.3195297,0.044349004,0.08797411,0.6806554,0.33566573,0.87087715,0.5847155,0.2196296,0.56563056,0.30569002,0.24847119,0.50245196,0.10938166,0.35696074
0.12581322,0.78130245,0.42874637,0.14362562,0.59430885,0.5081952,0.31947133,0.044334307,0.08800497,0.6808172,0.3357073,0.8705925,0.58479214,0.21961728,0.5655792,0.3059006,0.24830231,0.50258005,0.10929228,0.35699782
0.5239099,0.57948405,0.1083606,0.09264156,0.4273151,0.8002176,0.24083233,0.083977796,0.10527393,0.44656557,0.58403176,0.65392756,0.3480842,0.21378897,0.37116554,0.564514,0.18244365,0.25545627,0.11409252,0.26015383
0.5253187,0.5795266,0.10822358,0.09255782,0.42696583,0.79926324,0.24103384,0.08407321,0.105217144,0.4458228,0.58520555,0.65403855,0.34785402,0.21359946,0.37064663,0.5653682,0.18244019,0.25541133,0.11390806,0.2599191
0.52606785,0.57929635,0.108231544,0.092563815,0.42722228,0.79878515,0.24096818,0.0840465,0.10525139,0.44587636,0.58512294,0.6537132,0.3480133,0.21363792,0.37036666,0.56539184,0.18236153,0.2552643,0.11402689,0.2599814
0.5260249,0.57961196,0.10826576,0.09246144,0.42718264,0.79832023,0.24090435,0.08384132,0.10522774,0.44563872,0.5853912,0.6540562,0.3478979,0.21359144,0.37034747,0.5654488,0.18245156,0.25551924,0.11408897,0.25990686
0.52654564,0.5800097,0.10825209,0.09251602,0.4270995,0.7984152,0.24109825,0.08406549,0.105223864,0.44560394,0.5855498,0.65454566,0.34810933,0.21356288,0.37019697,0.56561595,0.18248104,0.25552776,0.11408035,0.25989193
0.52644265,0.57956684,0.10831067,0.092625596,0.4270369,0.7977764,0.24104697,0.08393496,0.10509241,0.4455883,0.5857365,0.654137,0.34791854,0.2136606,0.37008584,0.56575644,0.18247625,0.2555035,0.11401474,0.25987816
0.15930977,0.6065831,0.10843045,0.101391755,0.79634374,0.62370163,0.25103062,0.091797434,0.080949195,0.23433955,0.3772703,0.6825912,0.35367674,0.20248762,0.47703013,0.33605105,0.1914115,0.2593772,0.10510431,0.8763738
0.15898985,0.60582393,0.10859612,0.10135304,0.7966226,0.62427753,0.2507924,0.091587566,0.08107429,0.23476845,0.37708753,0.6820471,0.35356635,0.20262809,0.47753376,0.3361928,0.19115475,0.25929263,0.10503494,0.8769571
0.15895021,0.6060417,0.10847979,0.10154567,0.79679686,0.62448144,0.25071493,0.09179951,0.08120809,0.23471253,0.37727582,0.68198633,0.35360038,0.20262277,0.4777652,0.3363419,0.19114189,0.25930485,0.105114475,0.8773374
0.15882115,0.6056687,0.1084969,0.10142168,0.7965402,0.624639,0.25074905,0.09164133,0.0812235,0.23500259,0.37735993,0.6820106,0.3533358,0.20264664,0.47785726,0.3364826,0.19118227,0.25909248,0.10501129,0.8773869
0.15890612,0.6062685,0.10848157,0.101419926,0.7968135,0.6245302,0.25106007,0.09173836,0.081113115,0.23487195,0.3770847,0.6823283,0.35374323,0.20249751,0.47789463,0.33623603,0.19123203,0.2593511,0.10504878,0.8774943
0.15909618,0.6062469,0.108707435,0.10147645,0.7970097,0.62494457,0.25097862,0.09173815,0.08106382,0.23488605,0.37716705,0.68249303,0.35363576,0.20271987,0.4779368,0.3364679,0.19124444,0.25927296,0.105029434,0.8777293
0.12726408,0.7685626,0.43102485,0.1427052,0.58886755,0.5280768,0.3134631,0.043489452,0.08871476,0.6790129,0.34268743,0.85539836,0.57504183,0.21714078,0.56369036,0.3109087,0.24435118,0.49499318,0.10753288,0.35307795
0.12682416,0.7694577,0.4310117,0.14264414,0.5890259,0.52823734,0.3139381,0.043571133,0.088662356,0.6791529,0.34303942,0.85639703,0.5750911,0.21728705,0.5638081,0.31102785,0.24464232,0.49482968,0.10752508,0.35304293
0.12664689,0.7693495,0.43088114,0.14267595,0.5890478,0.5278774,0.3136979,0.043722127,0.08864427,0.6791916,0.34287483,0.8562674,0.57490844,0.21722834,0.56380856,0.31096467,0.24475574,0.49502122,0.107615925,0.35313058
0.12714098,0.7692718,0.430996,0.14274609,0.5889801,0.5282269,0.31394783,0.043664128,0.08873364,0.6792214,0.34267834,0.8562814,0.5749973,0.21725723,0.5638265,0.31094977,0.24455085,0.4950142,0.107558355,0.35311186
0.12707362,0.7692311,0.43083417,0.14277282,0.58905554,0.52883416,0.31393102,0.043740764,0.08867982,0.67948097,0.34302187,0.85616666,0.574902,0.21741685,0.56393987,0.31124467,0.24466525,0.49485204,0.10749253,0.3531445
0.12652817,0.7690989,0.43103737,0.14266317,0.58903897,0.52852154,0.3137856,0.04360823,0.088738486,0.6791644,0.34332246,0.85599643,0.5749241,0.21736988,0.56386083,0.31106478,0.24460535,0.4949017,0.10759641,0.3532034
1.0,0.673679,0.10530925,0.1090792,0.5998468,0.8979689,0.27678767,0.09659532,0.07217654,0.78008515,1.0,0.7511261,0.34317067,0.1961645,0.6669756,0.7460756,0.21408853,0.24656841,0.09804625,0.3684391
1.0,0.67530215,0.105152264,0.10913479,0.5997316,0.8948461,0.2776027,0.09659628,0.072096445,0.7795263,1.0,0.7523692,0.34292412,0.19595611,0.66642463,0.7459653,0.2147001,0.24644709,0.097803794,0.3682709
1.0,0.6760793,0.10509705,0.10914894,0.59952146,0.893842,0.27762958,0.09660246,0.07220042,0.7792746,1.0,0.7533035,0.342794,0.19592671,0.6662511,0.746192,0.21511607,0.24634811,0.09787054,0.36827737
1.0,0.6765666,0.10520871,0.10916755,0.5995195,0.893266,0.27785873,0.096476346,0.07208834,0.7792451,1.0,0.75349724,0.3427986,0.19576311,0.66614926,0.74620867,0.21519253,0.24631244,0.09774546,0.3683654
1.0,0.67640364,0.105031215,0.109169655,0.5994607,0.8927485,0.27768147,0.096356824,0.07212337,0.77918327,1.0,0.7534053,0.34284338,0.19572699,0.6661661,0.7458916,0.21512365,0.24622448,0.09774917,0.36825004
1.0,0.67703956,0.105215535,0.109106205,0.59962845,0.89248097,0.27800047,0.096655056,0.072096884,0.77938336,1.0,0.7542661,0.34298295,0.19572379,0.666355,0.74571806,0.215449,0.2463915,0.097748004,0.3684013
0.13454022,1.0,0.07676224,0.13752542,0.5915743,0.54378897,1.0,0.08218854,0.08366143,0.6945156,0.347469,1.0,0.26094276,0.20625758,0.57719797,0.3116735,1.0,0.18863934,0.099283695,0.35636842
0.13339613,1.0,0.076964445,0.13751447,0.59182274,0.5433619,1.0,0.08211438,0.08349481,0.69479424,0.34751654,1.0,0.2611921,0.20654254,0.5772547,0.3113637,1.0,0.18885477,0.09943925,0.3565791
0.13321152,1.0,0.07677251,0.13744831,0.591922,0.5435478,1.0,0.08208484,0.08329917,0.6949268,0.34688756,1.0,0.26090118,0.20664065,0.5773371,0.3110839,1.0,0.18864104,0.09944416,0.35665196
0.13321143,1.0,0.07697273,0.1374659,0.5918901,0.5432481,1.0,0.08225553,0.08347675,0.69496787,0.34666747,1.0,0.2610755,0.20669597,0.57751673,0.31101385,1.0,0.18869053,0.09947685,0.35677436
0.132539,1.0,0.07680612,0.13742994,0.5920796,0.54346395,1.0,0.08218441,0.083289646,0.69507647,0.34696615,1.0,0.26110476,0.20657963,0.57762545,0.310996,1.0,0.18881139,0.09941997,0.35674614
0.13276738,1.0,0.076873586,0.13744286,0.59221995,0.5431893,1.0,0.08212763,0.083264865,0.6952449,0.34685454,1.0,0.26092374,0.20673947,0.5776031,0.31089848,1.0,0.18873315,0.099468775,0.35685503
0.51447475,0.5522346,0.11308101,0.09459235,0.41627043,0.8037057,0.22807643,0.08830267,0.10874303,0.43990636,0.5827755,0.6207522,0.36368975,0.22004773,0.36514276,0.5632691,0.17413832,0.26676428,0.1166917,0.25251782
0.5156864,0.5521549,0.11330563,0.09464138,0.41629714,0.8026936,0.22811829,0.088342704,0.10874517,0.4390107,0.58353436,0.62055576,0.36399466,0.22023883,0.36464143,0.56362826,0.17422958,0.26701537,0.116785206,0.25249884
0.5156984,0.5520824,0.11318717,0.09455181,0.4162614,0.8019544,0.22824387,0.08835789,0.10863516,0.4390579,0.5837603,0.62038064,0.36403206,0.22023106,0.3643963,0.5636018,0.1741285,0.26710287,0.11697204,0.25247216
0.5157598,0.5520317,0.113414176,0.094486885,0.41616994,0.80150914,0.2283472,0.087996796,0.10883604,0.4388448,0.5842062,0.6204046,0.36424753,0.22023846,0.36427948,0.5639612,0.17413908,0.26711267,0.11693076,0.25231048
0.5158888,0.5519928,0.11332666,0.094562754,0.41617867,0.8015473,0.2281771,0.08831953,0.1087176,0.43867475,0.5839378,0.62048733,0.36427343,0.22020125,0.3642153,0.56390035,0.17412461,0.26727298,0.11695196,0.252373
0.51555556,0.55192995,0.11339434,0.094539896,0.4162724,0.8013218,0.22822125,0.08818087,0.108626604,0.43863136,0.58408576,0.6204412,0.36425748,0.22025816,0.36406565,0.5641802,0.17407404,0.26724812,0.116826676,0.25242704
0.53748393,0.5918025,0.10502188,0.09286011,0.41457406,0.81874985,0.24488841,0.08303285,0.10460552,0.43354183,0.600291,0.6659465,0.33830443,0.2137397,0.35891813,0.57925737,0.18657999,0.24803607,0.11393956,0.2510752
0.53788763,0.5918046,0.10518693,0.09287955,0.4146491,0.81838566,0.24489512,0.083018936,0.10469128,0.43352753,0.6004105,0.6658426,0.3382563,0.21375859,0.35896546,0.57943827,0.1865109,0.24802771,0.1140839,0.25119728
0.5376765,0.59167653,0.10496144,0.09282965,0.41454172,0.81826025,0.24484068,0.08292699,0.104570545,0.43371293,0.60022223,0.6656594,0.33812577,0.21370037,0.3589013,0.5794674,0.1863903,0.247931,0.1140919,0.25105795
0.53799707,0.5914911,0.10512317,0.092775494,0.41461477,0.8180213,0.24491552,0.083081104,0.10466421,0.43340358,0.60027045,0.66552126,0.3381375,0.21379349,0.3587116,0.57927036,0.18629849,0.2478446,0.11406027,0.25116652
0.5379552,0.5919025,0.10493416,0.09292647,0.41453424,0.81824327,0.24508844,0.0831288,0.10474969,0.43330923,0.60046655,0.6658444,0.3381944,0.2137879,0.3586149,0.5796798,0.18638837,0.24802656,0.11402086,0.25107563
0.5378212,0.59160614,0.10502518,0.092833534,0.4145625,0.8180862,0.24486889,0.0830005,0.10448308,0.43330473,0.6006189,0.66549313,0.33813575,0.21361563,0.35862035,0.5797326,0.18651831,0.24800579,0.114007816,0.25115412
1.0,0.6731997,0.10082521,0.11118763,0.5777064,0.8827937,0.277445,0.09269715,0.07326732,0.76474863,1.0,0.7521309,0.32858607,0.1994319,0.6557792,0.7596443,0.2139086,0.23606099,0.100499086,0.3558867
1.0,0.6744299,0.1008104,0.1112175,0.5777754,0.88091725,0.2777955,0.09265193,0.07317274,0.7657846,1.0,0.75313777,0.32839718,0.19946778,0.6566855,0.76030093,0.21413366,0.23582958,0.10037371,0.35608813
1.0,0.67417645,0.100854106,0.11121657,0.577671,0.8806178,0.27770564,0.092599384,0.073201865,0.7661627,1.0,0.75284827,0.3283351,0.19934668,0.6570713,0.7606437,0.21413161,0.23576254,0.10032072,0.3559756
1.0,0.67404246,0.10067082,0.1112574,0.57785165,0.88001394,0.27769697,0.09265152,0.0732791,0.7665896,1.0,0.75301564,0.32850832,0.19942509,0.65737265,0.7606965,0.21406716,0.2358434,0.100293405,0.35608476
1.0,0.6741323,0.10068018,0.11128664,0.57772595,0.8798596,0.2779513,0.09268498,0.073285036,0.7667431,1.0,0.7527674,0.32817444,0.19936907,0.6575593,0.7610102,0.2141688,0.23573928,0.1002598,0.35612637
1.0,0.6743689,0.10064619,0.11132458,0.57777596,0.8800854,0.27780363,0.09251133,0.07311927,0.7668775,1.0,0.7532344,0.3283829,0.19948193,0.65770054,0.7609647,0.21425761,0.23583223,0.100207485,0.3561505
0.13756643,1.0,0.061302558,0.09979575,0.4578055,0.5340822,1.0,0.05915425,0.0956276,0.35954875,0.35939783,1.0,0.20504297,0.207719,0.26313916,0.325165,0.9661471,0.14973801,0.114748806,0.27636316
0.13640773,1.0,0.061337236,0.09979941,0.457869,0.5339992,1.0,0.059271246,0.095693745,0.35970622,0.3596731,1.0,0.20493877,0.2078011,0.26326334,0.3254385,0.96675843,0.14968786,0.1148467,0.2764401
0.13540879,1.0,0.061347716,0.09969958,0.45786956,0.5329507,1.0,0.059357025,0.09579293,0.3595021,0.35973215,1.0,0.20484816,0.207829,0.26335585,0.32529736,0.96716624,0.1496038,0.11491354,0.2765526
0.13534366,1.0,0.061274428,0.09984979,0.45800734,0.5334177,1.0,0.059293184,0.09564186,0.3599783,0.359854,1.0,0.20493533,0.20780244,0.26339823,0.32535923,0.9676246,0.14967978,0.11494591,0.2764823
0.13527058,1.0,0.06131905,0.0997505,0.45823076,0.53301644,1.0,0.059308246,0.095672674,0.35998288,0.35940552,1.0,0.20486493,0.20782559,0.26349655,0.32502756,0.9677227,0.14964241,0.11480937,0.27665743
0.13478437,1.0,0.061360348,0.09992945,0.45874056,0.5334149,1.0,0.05922977,0.09582304,0.3601382,0.35996965,1.0,0.20497362,0.20801371,0.26361302,0.32521763,0.9682978,0.14974128,0.114961036,0.27674696
0.50983673,0.5932122,0.106867716,0.093391374,0.42676792,0.7952597,0.24536334,0.08490304,0.102316245,0.45355684,0.5803405,0.66754025,0.3446667,0.21284875,0.3766911,0.5602071,0.18692347,0.25252923,0.113070086,0.25887576
0.510876,0.593199,0.10709375,0.0934133,0.42665216,0.79445714,0.24543636,0.08498161,0.10234693,0.45293036,0.58093446,0.6674665,0.34495574,0.21288614,0.376336,0.5604073,0.1869806,0.25294298,0.11305225,0.25881314
0.5107002,0.59323543,0.10707025,0.09336301,0.426693,0.7941802,0.2455053,0.08495833,0.10229714,0.45282024,0.5808933,0.6675441,0.3449251,0.2128138,0.37613955,0.56034625,0.18700206,0.25297084,0.11299416,0.25871715
0.5109851,0.59294754,0.1071504,0.09325279,0.42675084,0.7940411,0.24540833,0.0850809,0.102333724,0.45279682,0.58085454,0.66727346,0.34510955,0.21292642,0.37603125,0.5603572,0.18680237,0.25303662,0.11301721,0.25883088
0.5111349,0.59315807,0.10708967,0.09329737,0.42679915,0.7937017,0.24553308,0.0850799,0.10222062,0.45288038,0.5813537,0.6673544,0.3451682,0.2129514,0.37612662,0.56059986,0.18704532,0.2529915,0.113034345,0.25878003
0.51148605,0.59363127,0.10710788,0.093227334,0.42674106,0.7939854,0.24558982,0.08490546,0.102386214,0.45265946,0.581139,0.6679335,0.34519187,0.21285602,0.37600014,0.5608252,0.18703845,0.25314546,0.113202475,0.25870997
1.0,0.65809804,0.106132545,0.107159525,0.5941126,0.88342845,0.2704573,0.0972145,0.07185977,0.779885,1.0,0.7334315,0.34596732,0.19439048,0.6678364,0.7552687,0.20926812,0.24866696,0.09756351,0.36559674
1.0,0.6586738,0.10593489,0.10711256,0.5941173,0.882673,0.27075797,0.0973292,0.07176578,0.78045076,1.0,0.7339338,0.3458617,0.19428754,0.66858166,0.7556035,0.2093183,0.24850565,0.09741771,0.36562935
1.0,0.65862733,0.10613155,0.10713786,0.594305,0.8825757,0.27080038,0.097280115,0.07161513,0.7810531,1.0,0.73392427,0.3457552,0.19449218,0.6689881,0.7558899,0.20946287,0.24850371,0.097346224,0.36582446
1.0,0.65873814,0.10596556,0.107240364,0.5942167,0.88252944,0.2706574,0.09723641,0.07179615,0.7810004,1.0,0.7340041,0.3458156,0.194371,0.6690832,0.7561462,0.20957543,0.24850047,0.09736569,0.36569875
1.0,0.6585596,0.1060524,0.107141376,0.59436566,0.8817818,0.270647,0.0971754,0.071709245,0.7813589,1.0,0.73408014,0.3457464,0.19434585,0.66936225,0.7560946,0.20954427,0.24840075,0.097312376,0.3657828
1.0,0.65870976,0.10589658,0.10723676,0.59415704,0.88164765,0.27064487,0.09723641,0.07159479,0.7814328,1.0,0.73415434,0.3457287,0.19424716,0.66935474,0.75603634,0.20954801,0.24848923,0.09730718,0.36571136
0.1361912,1.0,0.06955955,0.09766303,0.4565604,0.54896003,1.0,0.06520457,0.09361811,0.36947423,0.36382836,1.0,0.23154438,0.20437635,0.27463216,0.32826594,0.93820614,0.16918895,0.111802295,0.27524033
0.13492174,1.0,0.06953607,0.09752165,0.45666593,0.5482429,1.0,0.06528853,0.093585685,0.36933747,0.3637254,1.0,0.23129816,0.20450592,0.27472803,0.32789874,0.93897104,0.1688948,0.11183875,0.27541
0.13488781,1.0,0.06961721,0.097696364,0.4566923,0.5481624,1.0,0.06520402,0.093673296,0.36916983,0.36359873,1.0,0.23142852,0.20455967,0.27451935,0.32780364,0.93934226,0.16910046,0.11179332,0.27536383
0.13447918,1.0,0.069457226,0.097560994,0.45689034,0.54810715,1.0,0.06524837,0.093736306,0.3695164,0.3637805,1.0,0.23143424,0.20460106,0.27464354,0.32805866,0.93969625,0.1689719,0.11196241,0.27544752
0.1342225,1.0,0.06957796,0.097588375,0.4567331,0.5482738,1.0,0.065272495,0.09387385,0.36949828,0.3636504,1.0,0.23131402,0.20456862,0.27462804,0.32798043,0.9398683,0.16906063,0.11200069,0.275392
0.13411629,1.0,0.0694263,0.09760939,0.45686224,0.5477946,1.0,0.06535916,0.093804464,0.3693889,0.3636878,1.0,0.23132564,0.2045655,0.27474126,0.32794103,0.9399403,0.16909057,0.11203407,0.27546808
1.0,0.6674229,0.1003899,0.10849952,0.59926504,0.8937285,0.27525038,0.09293294,0.073373415,0.78585374,1.0,0.7460872,0.32733446,0.19823563,0.6739347,0.7544652,0.21191983,0.23499392,0.100591935,0.36983213
1.0,0.667375,0.10013809,0.10850736,0.5992581,0.8924153,0.27513105,0.09303863,0.073415525,0.78611225,1.0,0.7461486,0.3270644,0.19799209,0.67396104,0.7545253,0.21188587,0.23486117,0.10036297,0.36987135
1.0,0.66746193,0.10031115,0.108544044,0.5991423,0.8920556,0.27551612,0.0930394,0.073355526,0.7859366,1.0,0.7464556,0.32720998,0.19809239,0.67402107,0.7546879,0.21200968,0.23484977,0.10040753,0.36979032
1.0,0.66766155,0.10013872,0.108508654,0.59930885,0.8916375,0.2754477,0.093174055,0.07325326,0.78605497,1.0,0.7464665,0.32708105,0.19806889,0.6741162,0.7546412,0.21205202,0.23473583,0.10026832,0.369982
1.0,0.6681127,0.10028138,0.108553566,0.5992676,0.8915206,0.27562374,0.092977606,0.07325937,0.7861371,1.0,0.74678147,0.32730836,0.19800743,0.67402595,0.75461155,0.2121856,0.2349008,0.10041823,0.36982527
1.0,0.66741973,0.1000403,0.10852397,0.5993575,0.8907361,0.27530462,0.09311999,0.07332739,0.78600895,1.0,0.7461935,0.32721648,0.19806024,0.67412806,0.75456977,0.21179977,0.23483258,0.10034413,0.36987504
0.15863682,0.6266508,0.1067934,0.35319546,0.5700419,0.61794657,0.2551501,0.090965986,0.6106206,0.7690126,0.37238514,0.69613093,0.34886393,0.697531,0.6609972,0.331931,0.19937243,0.25548586,0.4566181,0.35286045
0.15853973,0.625398,0.10693609,0.35276932,0.5703995,0.61768967,0.2548908,0.091214485,0.61058533,0.7693199,0.37196124,0.69464374,0.34907928,0.6976637,0.6612299,0.33159828,0.19882636,0.25565904,0.45636627,0.35306704
0.15845221,0.6250565,0.10689419,0.352552,0.57054055,0.61780953,0.2545297,0.0911091,0.6105768,0.7695481,0.371635,0.69430995,0.34892878,0.69760555,0.66148144,0.33097753,0.19878703,0.25560987,0.45631346,0.35304537
0.15879071,0.62494034,0.107085675,0.3525578,0.5706412,0.61813354,0.2543493,0.09124393,0.6106642,0.7696452,0.37155196,0.69420093,0.34914735,0.69765365,0.66146696,0.33113885,0.19874178,0.25584882,0.45624098,0.35299292
0.15832795,0.6250537,0.10700871,0.35234728,0.57065105,0.6177611,0.25452653,0.09111222,0.61057675,0.76978457,0.37174916,0.69444793,0.3490925,0.6976983,0.66155756,0.33124575,0.19874877,0.25570607,0.45604685,0.35307637
0.15827623,0.62467766,0.107169665,0.35233316,0.57066107,0.61786056,0.25440013,0.09116265,0.6106567,0.7698287,0.37159243,0.6940057,0.3490979,0.6975594,0.6616922,0.33122864,0.1986402,0.2558076,0.4561274,0.35308635
1.0,0.6447617,0.1062115,0.10858195,0.60014325,0.8848005,0.26482564,0.10084938,0.07176764,0.78418267,1.0,0.7184547,0.34795764,0.19536611,0.6706838,0.75266105,0.20496793,0.24957392,0.0979594,0.3687127
1.0,0.6451519,0.1060493,0.10865055,0.5998392,0.88294244,0.26499835,0.10092969,0.07177518,0.78368527,1.0,0.71895015,0.34799564,0.19502205,0.6702384,0.7528186,0.20521899,0.24948344,0.0979186,0.3686807
1.0,0.645399,0.10629415,0.108641535,0.5997454,0.8830498,0.26529244,0.100973874,0.07179646,0.7836342,1.0,0.7190893,0.3480735,0.19509967,0.6701504,0.7526523,0.20531887,0.24944262,0.097838216,0.36853254
1.0,0.64541245,0.10614212,0.108622245,0.5997707,0.88240284,0.26511893,0.10104453,0.07183639,0.7835026,1.0,0.719159,0.34809127,0.19515327,0.6699607,0.7527011,0.20526525,0.24947664,0.097816795,0.36854693
1.0,0.64535266,0.106206916,0.10867585,0.5996863,0.8821067,0.26511484,0.101087265,0.07169697,0.78336453,1.0,0.7192604,0.34822127,0.19509903,0.6699713,0.75258404,0.20515257,0.24966802,0.09781773,0.3686357
1.0,0.6451875,0.10577261,0.10851193,0.5994402,0.8821581,0.2651925,0.10105515,0.07178921,0.78332627,1.0,0.71899426,0.34746256,0.19494237,0.66994375,0.752564,0.20541258,0.24917534,0.0978002,0.36847857
0.15691681,0.6083709,0.104872346,0.1036058,0.79303706,0.62128997,0.25159222,0.08768265,0.08203037,0.22833166,0.37855265,0.6837939,0.34159276,0.20619458,0.4725714,0.33819535,0.19225323,0.250694,0.10608629,0.8744164
0.15647991,0.6079603,0.10491979,0.10352253,0.7932065,0.6208646,0.25136018,0.08774373,0.08206098,0.22882539,0.3782769,0.68331796,0.34161997,0.20628764,0.4732236,0.33788285,0.19216141,0.2506784,0.10616278,0.8754265
0.15612876,0.6086288,0.10505316,0.10351123,0.79367906,0.62092465,0.25146905,0.08763883,0.08232696,0.2295269,0.37811285,0.68406594,0.3417792,0.2064095,0.47363618,0.33756137,0.19221939,0.25073776,0.10636054,0.8760017
0.15652324,0.60854214,0.105092086,0.1034429,0.7938804,0.6212285,0.2516634,0.08755129,0.08212607,0.22953418,0.3781278,0.6839674,0.34162962,0.20644563,0.4738375,0.33768016,0.19221945,0.25075606,0.106420785,0.87641704
0.15629129,0.6080908,0.10497993,0.10341827,0.79399014,0.6213691,0.25146258,0.08754173,0.08221218,0.2297845,0.3781339,0.68354905,0.3416587,0.20645183,0.47399002,0.3379721,0.19212754,0.25088015,0.106448226,0.8765899
0.15600504,0.6074519,0.10496124,0.103374235,0.79384065,0.6214705,0.2513516,0.08776721,0.08222303,0.22988378,0.37822783,0.68307906,0.34143132,0.20648994,0.4741202,0.3376923,0.1918943,0.25082055,0.106382415,0.8767346
0.5217126,0.56642574,0.11285617,0.09045498,0.42242688,0.8115793,0.23461491,0.0878665,0.10346445,0.4447868,0.5894855,0.637079,0.36293817,0.21087386,0.36888346,0.5700691,0.17872515,0.2662756,0.11144217,0.25621885
0.5234371,0.56648093,0.11295226,0.09044173,0.42237523,0.8101367,0.23437697,0.087958485,0.103438735,0.44400215,0.5904111,0.63713795,0.36295795,0.21092209,0.3681628,0.5703976,0.17866984,0.26626348,0.1113791,0.25605235
0.5239109,0.56579345,0.11295308,0.09032287,0.42230147,0.81007886,0.23397376,0.088021,0.10346004,0.44381136,0.591204,0.63601786,0.36302245,0.21085629,0.36802268,0.570995,0.1783405,0.26645905,0.1114329,0.2559638
0.52382165,0.56625676,0.11288097,0.09038404,0.4222383,0.8095568,0.23400494,0.08804586,0.10342767,0.44377044,0.59133255,0.63624334,0.36309823,0.21084066,0.36792254,0.5709461,0.17865573,0.2665065,0.1114526,0.25594923
0.5241649,0.5665235,0.11301513,0.090381265,0.42222196,0.8096171,0.2339894,0.08786505,0.103596985,0.44360024,0.59140563,0.63644356,0.36295837,0.2108915,0.367611,0.5711523,0.17861779,0.26653835,0.111485735,0.25600493
0.5245182,0.56672126,0.1128624,0.090442345,0.42230427,0.80948985,0.23394655,0.088100605,0.10350797,0.4435562,0.59159553,0.6364876,0.36313024,0.21081848,0.3676416,0.5712653,0.17859049,0.266509,0.1113787,0.2559745
0.1666502,0.6258101,0.1085397,0.352533,0.571441,0.6304444,0.25456,0.09224271,0.6069433,0.76423866,0.37459368,0.6948708,0.3538354,0.69421154,0.6564089,0.33352765,0.1987917,0.25923118,0.45549974,0.35327274
0.16600029,0.6254648,0.108529754,0.3525437,0.57155436,0.63083553,0.2544189,0.092349656,0.60691327,0.76513565,0.37461776,0.6944073,0.35403273,0.69427013,0.6571953,0.33345395,0.19886906,0.25948653,0.45539027,0.35317993
0.16612825,0.62562424,0.108482406,0.35241646,0.5716601,0.63073254,0.25467128,0.09230086,0.60689765,0.7655772,0.3744743,0.6949529,0.35383785,0.69423026,0.657493,0.333408,0.19881573,0.25931782,0.4553935,0.3534079
0.15249647,0.6301031,0.10804831,0.379675,0.57543886,0.6667599,0.25885892,0.09218577,0.6521473,0.76748496,0.3742505,0.703436,0.3524231,0.7337682,0.6573605,0.34111193,0.20069192,0.25723967,0.51554847,0.35672802
0.16616899,0.62547314,0.10856052,0.35244796,0.57178134,0.63080335,0.25438344,0.09215952,0.6070336,0.7660469,0.37495607,0.69468486,0.35390258,0.6943444,0.65799963,0.33344007,0.19882661,0.25942373,0.45537433,0.35345334
0.16622531,0.62504077,0.108790375,0.35249054,0.5717707,0.63112813,0.25435,0.09217542,0.6069841,0.76601183,0.37460846,0.6943032,0.35401845,0.6942956,0.657968,0.3335155,0.19872573,0.2594923,0.4552562,0.35337386
0.13194616,1.0,0.07393763,0.13977298,0.5884936,0.541025,1.0,0.08153452,0.0854783,0.685743,0.34585306,1.0,0.25270855,0.20629227,0.56836754,0.31031442,1.0,0.18241133,0.09944214,0.35392067
0.13178413,1.0,0.074033745,0.13993141,0.58833426,0.540923,1.0,0.08163766,0.08528872,0.68584484,0.34620726,1.0,0.25277504,0.20620023,0.56844,0.3106068,1.0,0.18245193,0.09931157,0.35393363
0.13166218,1.0,0.07401894,0.13988842,0.5884918,0.5408086,1.0,0.08142783,0.08535331,0.6857638,0.3459114,1.0,0.25270265,0.20634583,0.56833375,0.31056806,1.0,0.18238835,0.09939852,0.3540991
0.132059,1.0,0.07411754,0.14001492,0.58842343,0.54104215,1.0,0.08159462,0.08537354,0.6859319,0.34595475,1.0,0.25282097,0.20624343,0.5684487,0.31071594,1.0,0.1825042,0.099258795,0.35404977
0.13165897,1.0,0.07386651,0.139919,0.5883758,0.5411062,1.0,0.08154239,0.085289575,0.6858071,0.34598652,1.0,0.25264063,0.20632678,0.5684086,0.31069198,1.0,0.18244131,0.09936835,0.35408735
0.13143414,1.0,0.074103415,0.13997756,0.5884616,0.5405785,1.0,0.08153938,0.08513191,0.68602645,0.34594434,1.0,0.25277779,0.20638828,0.56846476,0.31052548,1.0,0.18247624,0.099390954,0.3540763
0.15448205,0.6421421,0.10222046,0.35466576,0.5793445,0.6122676,0.26199034,0.089714624,0.6053164,0.76706994,0.37083995,0.7147531,0.33513677,0.6950386,0.6572271,0.33083326,0.20403436,0.24516162,0.4558549,0.35743988
0.15511867,0.64177966,0.10232881,0.35430893,0.5795307,0.61242354,0.26202998,0.089820884,0.60552806,0.76734674,0.37048116,0.71436054,0.33511287,0.69491625,0.6573198,0.33071443,0.20394655,0.24534619,0.45560545,0.35744447
0.15485375,0.6408811,0.10240542,0.35414732,0.5795821,0.6125118,0.26145893,0.08983797,0.6053741,0.76739234,0.37033525,0.7132965,0.33521757,0.69505143,0.6575041,0.3308051,0.20361415,0.2453965,0.45540228,0.3573419
0.15483408,0.6404911,0.10247795,0.35406134,0.5796826,0.61291856,0.26148155,0.089629166,0.6052037,0.76749533,0.370563,0.7128865,0.33544686,0.69483453,0.65761566,0.33086714,0.20361099,0.24544413,0.45536685,0.3574007
0.15474725,0.64056826,0.10234927,0.3541371,0.5797462,0.6127404,0.26131347,0.08973064,0.60535437,0.7676142,0.3703865,0.7130228,0.3354143,0.6949268,0.65776306,0.33072796,0.20350724,0.24553946,0.45531186,0.35748613
0.15502638,0.6405382,0.102510355,0.35413954,0.57966876,0.6129962,0.2613148,0.089674376,0.6053689,0.7677665,0.37026846,0.71291673,0.33542904,0.69503886,0.6576479,0.3305432,0.20349471,0.2455223,0.45541537,0.35747284
0.16079074,0.64216375,0.09972157,0.35117415,0.5832593,0.6352767,0.2616446,0.08733745,0.60622835,0.77608013,0.3839533,0.71412086,0.32673228,0.6906929,0.66533965,0.34311998,0.20409931,0.239176,0.45468938,0.35977134
0.16068627,0.64227676,0.09971897,0.35114127,0.5832356,0.63560843,0.2618766,0.08738224,0.6059605,0.77614623,0.38434795,0.71453094,0.32653272,0.69073004,0.66529524,0.34290704,0.20423074,0.23911841,0.4546729,0.35989162
0.16049045,0.641955,0.099689215,0.35112,0.5832089,0.6352114,0.2616076,0.08745173,0.6060747,0.77606744,0.3841452,0.7139615,0.3266901,0.69084024,0.6652825,0.3427254,0.20403299,0.23914413,0.4547151,0.35982051
0.1609976,0.6417092,0.099824935,0.35108146,0.583212,0.6354468,0.26165769,0.08725037,0.6060668,0.77627337,0.38384536,0.71395534,0.3266982,0.6906371,0.6653947,0.34287697,0.20393191,0.23914246,0.45466894,0.35991243
0.16103372,0.64191526,0.099639386,0.350995,0.58328664,0.63572294,0.2617807,0.08744262,0.60600024,0.77630883,0.3841253,0.71422666,0.32659212,0.690568,0.66540855,0.3428232,0.20412284,0.23921776,0.45462275,0.35986114
0.16068746,0.6417085,0.09982583,0.3510681,0.5834174,0.6356745,0.26149976,0.087365985,0.6058908,0.77629083,0.38410187,0.7137822,0.32683018,0.690713,0.6654161,0.34310782,0.20398702,0.23931633,0.45459464,0.3599788
0.13857226,1.0,0.057781603,0.10112527,0.4581807,0.5116042,1.0,0.055973947,0.09770965,0.3507721,0.35252377,1.0,0.19344027,0.21014912,0.2552024,0.3205334,0.97934467,0.14159903,0.11698704,0.27904198
0.13836776,1.0,0.05786801,0.101078674,0.45816708,0.5113849,1.0,0.055923555,0.097541645,0.3506379,0.35266763,1.0,0.1933725,0.21027423,0.25507376,0.32053685,0.97973496,0.14138658,0.11702807,0.27918217
0.13796605,1.0,0.05779074,0.101056576,0.458299,0.5110333,1.0,0.055972777,0.09741381,0.35066277,0.35267946,1.0,0.19327556,0.21014939,0.2551185,0.32073343,0.9796082,0.14137307,0.11687725,0.2792102
0.13759348,1.0,0.057896744,0.100942865,0.4581568,0.5115084,1.0,0.05597192,0.09754183,0.35057262,0.3527351,1.0,0.19332841,0.21006691,0.25509796,0.3204786,0.97977835,0.14153595,0.11698441,0.27917966
0.13779838,1.0,0.0577937,0.10093062,0.45834053,0.5110857,1.0,0.05590306,0.09758017,0.35038444,0.3524583,1.0,0.19341503,0.2100058,0.25491944,0.32057887,0.979654,0.14145821,0.11695272,0.27917695
0.1380585,1.0,0.057966188,0.1010219,0.45831153,0.51097196,1.0,0.05578054,0.09749372,0.35032785,0.35278487,1.0,0.19329476,0.21007408,0.2549715,0.32070732,0.9798489,0.14149974,0.116941735,0.27917743
0.5252769,0.58342624,0.10975588,0.09139304,0.42597467,0.8050589,0.24085258,0.08573199,0.10321778,0.44361886,0.58830684,0.6565627,0.35298732,0.21089464,0.36785495,0.56843483,0.1839836,0.25906783,0.11218113,0.25907597
0.52650344,0.5831953,0.1100686,0.09132238,0.42603606,0.80449533,0.24106915,0.08585326,0.10322304,0.4431696,0.58893484,0.65626436,0.35368025,0.21091361,0.36723956,0.56892055,0.18384914,0.2595695,0.11228304,0.25900695
0.5268405,0.5833624,0.109921195,0.091337346,0.4259312,0.8043335,0.24111284,0.08565665,0.10316088,0.44281492,0.5888312,0.6565837,0.35352775,0.2108973,0.36711642,0.56898004,0.18397215,0.2596272,0.11218109,0.25893283
0.5271446,0.58288175,0.11014717,0.09134022,0.4257397,0.8037807,0.24096045,0.085709795,0.10323457,0.442636,0.5890938,0.65582037,0.35349953,0.21087989,0.36692747,0.5690921,0.18371846,0.25946337,0.1121424,0.2588048
0.527415,0.5830187,0.1100583,0.09131237,0.4258683,0.80394214,0.24096365,0.08558055,0.10322591,0.44253367,0.58954877,0.6560617,0.35362455,0.21088225,0.36680767,0.5692919,0.18383284,0.25946912,0.11217861,0.25887817
0.52749294,0.58318686,0.11010468,0.09134836,0.42591977,0.80368376,0.2411037,0.08576637,0.103338666,0.44255367,0.5894252,0.6561349,0.35374516,0.21086572,0.36685598,0.5692433,0.18378161,0.25967175,0.11219308,0.2588803
0.12951551,1.0,0.07109549,0.13862102,0.5963832,0.5310305,1.0,0.078343555,0.08373815,0.6903372,0.34379303,1.0,0.2426726,0.20729159,0.57297933,0.30951414,1.0,0.17535782,0.10097936,0.3597949
0.1298564,1.0,0.07117882,0.1386368,0.5963062,0.5311527,1.0,0.0786527,0.0834538,0.6912453,0.3441505,1.0,0.24274074,0.20744763,0.5737943,0.30974498,1.0,0.17524838,0.10078588,0.3599839
0.12954408,1.0,0.07117261,0.13878939,0.5963015,0.53120595,1.0,0.07849076,0.08336123,0.69162196,0.3442934,1.0,0.24276967,0.20757473,0.5742227,0.30972448,1.0,0.17541432,0.100729674,0.35988238
0.1295229,1.0,0.07115322,0.1388155,0.5964665,0.53135073,1.0,0.078568146,0.0832821,0.69189274,0.3445496,1.0,0.24275607,0.20756887,0.5743935,0.31003466,1.0,0.17532328,0.100760706,0.36012542
0.1297713,1.0,0.07103313,0.13869345,0.59662086,0.53141236,1.0,0.07844263,0.083329424,0.69220257,0.34436768,1.0,0.24274275,0.20761956,0.57460874,0.30996072,1.0,0.17521822,0.10068271,0.36008742
0.12980033,1.0,0.0711289,0.1387787,0.5964415,0.53129005,1.0,0.07851783,0.08336246,0.6924612,0.3441934,1.0,0.24285291,0.20770396,0.5747603,0.31004572,1.0,0.17546485,0.10061783,0.36009404
0.516137,0.57605666,0.11085573,0.09181423,0.4236556,0.8013741,0.23833498,0.08635255,0.10467158,0.44861817,0.5841779,0.64894474,0.35662287,0.2130081,0.37334898,0.5643656,0.18147308,0.2619044,0.11292194,0.25780937
0.51669204,0.57600665,0.11105052,0.09183159,0.4234801,0.8005807,0.23826982,0.0863791,0.1046134,0.44809934,0.5847319,0.6487089,0.35707963,0.21299487,0.3729793,0.5644941,0.18142587,0.26211783,0.113080435,0.2577314
0.5167488,0.5757621,0.11102062,0.09189456,0.42362875,0.80036384,0.23848599,0.08607167,0.104534514,0.44803184,0.58503073,0.64851576,0.35696828,0.21296473,0.3727598,0.56452495,0.18136847,0.26208124,0.11310855,0.25783378
0.5169662,0.57583857,0.11116185,0.09177802,0.42350027,0.8000911,0.23842366,0.08628858,0.10455599,0.44796687,0.58474636,0.6487129,0.35701263,0.21296395,0.37288716,0.564726,0.18146844,0.26225397,0.11305608,0.25773767
0.51721835,0.57576126,0.11110565,0.09176537,0.4234011,0.7999762,0.2384598,0.086204305,0.104424566,0.44783574,0.58480334,0.64852107,0.3570336,0.21294285,0.37268096,0.5646948,0.18135917,0.26219317,0.1131102,0.25771618
0.51733905,0.5754453,0.111196294,0.09179546,0.42356035,0.80014306,0.23833148,0.08614319,0.10444512,0.4477771,0.5851977,0.648339,0.3570907,0.21300109,0.37269753,0.56493837,0.18124583,0.2622336,0.11326244,0.25765905
0.13082571,1.0,0.061085332,0.14175376,0.59525484,0.51202655,1.0,0.06967282,0.0827757,0.68597525,0.34109783,1.0,0.20957279,0.21938574,0.57239676,0.30906516,1.0,0.15128319,0.1087462,0.3622681
0.13098986,1.0,0.061160844,0.14196634,0.5953916,0.5122948,1.0,0.06973289,0.08267462,0.6866904,0.34130225,1.0,0.20950319,0.2193729,0.5732032,0.30949923,1.0,0.15121798,0.108576916,0.36245438
0.13030829,1.0,0.06104477,0.1419524,0.5956278,0.51212466,1.0,0.069643386,0.08278106,0.6873418,0.34169918,1.0,0.20943709,0.2195393,0.5737715,0.30967864,1.0,0.15117048,0.10857957,0.36252332
0.13015342,1.0,0.06103329,0.14191581,0.5955318,0.5121405,1.0,0.06944043,0.08266531,0.6875425,0.34164372,1.0,0.20935743,0.2196611,0.57395893,0.30975598,1.0,0.15110278,0.10855866,0.36262655
0.1304296,1.0,0.06095751,0.14198905,0.59540033,0.5122447,1.0,0.069669165,0.082752995,0.6876399,0.34179428,1.0,0.20945771,0.2196923,0.57414913,0.309588,1.0,0.15122864,0.10863591,0.3625665
0.1307288,1.0,0.06105804,0.14197539,0.59562767,0.51243836,1.0,0.06967296,0.08268326,0.6879031,0.34186608,1.0,0.2094072,0.21970259,0.57415456,0.30972964,1.0,0.15109026,0.108536616,0.36266786
0.16840456,1.0,0.07768416,0.12990665,0.6377927,0.55345744,1.0,0.08060381,0.104003,0.75813186,0.35515773,1.0,0.26068243,0.19693783,0.6201269,0.31679264,1.0,0.19079058,0.12557594,0.40497902
0.12899701,1.0,0.073652714,0.13792749,0.5938912,0.53001004,1.0,0.07882639,0.082070544,0.6905237,0.342224,1.0,0.24983045,0.20789656,0.5748525,0.30785736,1.0,0.18085006,0.10126458,0.35983488
0.1286602,1.0,0.07349108,0.1380798,0.5938671,0.5299417,1.0,0.0785229,0.08197864,0.69053835,0.34222496,1.0,0.24973024,0.20782997,0.57486343,0.30785325,1.0,0.18076342,0.101127565,0.35984138
0.12843505,1.0,0.07358239,0.13805383,0.5940459,0.52989423,1.0,0.07871904,0.08202721,0.6906669,0.34246284,1.0,0.24981257,0.20788877,0.57506037,0.3080018,1.0,0.18082306,0.10124329,0.35999408
0.12889686,1.0,0.07344866,0.13807787,0.5937613,0.52990216,1.0,0.07852985,0.08193327,0.6905535,0.34211352,1.0,0.24965063,0.20771039,0.5749663,0.30795276,1.0,0.18067531,0.10120941,0.35975575
0.12895738,1.0,0.07360846,0.13805687,0.5940203,0.5301139,1.0,0.07852303,0.08188914,0.69076514,0.34217715,1.0,0.24980095,0.20779179,0.57508314,0.30792588,1.0,0.18090335,0.10116934,0.3600528
0.1592964,0.60094726,0.103304185,0.10447954,0.77730227,0.639074,0.24897978,0.08507845,0.084940106,0.2345824,0.38961133,0.6769425,0.33569235,0.21074563,0.47717243,0.34770957,0.18958494,0.24682398,0.10883585,0.8693651
0.15933752,0.6004567,0.103496455,0.104449,0.7775565,0.6392818,0.24871032,0.08504794,0.08517789,0.23491454,0.38962764,0.676248,0.33610073,0.21079376,0.47759977,0.34770694,0.18954733,0.24704407,0.108979136,0.86970645
0.15973309,0.6005532,0.103535704,0.104447454,0.7776914,0.63930464,0.24883962,0.08504912,0.085022494,0.23509501,0.3890327,0.6762335,0.33606768,0.21094167,0.47779664,0.34732407,0.18935466,0.24714679,0.109066844,0.8697847
0.16008681,0.6001796,0.10364516,0.104461595,0.7777547,0.6397611,0.24859834,0.08509824,0.084927365,0.23535188,0.38906276,0.6759735,0.33621874,0.21079142,0.47792313,0.34735623,0.18945406,0.24715327,0.10900147,0.86988467
0.16013533,0.600034,0.10356075,0.104371525,0.7777397,0.63966054,0.24842677,0.08505541,0.0851158,0.23532903,0.38885412,0.6760375,0.3364249,0.2108434,0.47788575,0.34730083,0.18937008,0.24722297,0.10901628,0.86991966
0.15955272,0.60048777,0.1036561,0.104461394,0.7775771,0.639405,0.24898392,0.085179985,0.085159495,0.23539045,0.38904598,0.6763376,0.33625096,0.21089055,0.47790992,0.34745085,0.18934095,0.24718681,0.109063424,0.86991906
0.15698534,0.6132671,0.10511886,0.10408074,0.7949435,0.62518114,0.25389788,0.08643826,0.08150435,0.22954981,0.37910312,0.689908,0.34126312,0.20619969,0.4749821,0.3385879,0.1936672,0.2508007,0.10683117,0.8803091
0.15717018,0.6133857,0.10520801,0.10402777,0.79512614,0.6253036,0.25361535,0.08651618,0.08162636,0.22976479,0.37905794,0.6904111,0.34146887,0.20619133,0.47500658,0.33875093,0.19367588,0.25085306,0.10685883,0.88024205
0.15744068,0.6127339,0.105048075,0.10399338,0.7949733,0.6256075,0.25358912,0.08651404,0.0818482,0.22958593,0.37913558,0.6896011,0.3412834,0.20611128,0.47495985,0.33890912,0.19353482,0.2508622,0.10688985,0.8802387
0.15704758,0.6133221,0.10511091,0.104043625,0.79504424,0.6255331,0.25349146,0.08661443,0.08156453,0.22949685,0.37935075,0.6899865,0.341487,0.20608105,0.4751061,0.3387576,0.19370385,0.25098625,0.10678813,0.88032866
0.15687786,0.612902,0.10503498,0.10402555,0.7949493,0.6256576,0.25363383,0.08632763,0.08156515,0.22969295,0.37940928,0.68971497,0.34125865,0.20611572,0.47503057,0.3387217,0.19351791,0.25077334,0.10673556,0.88027656
0.15738252,0.6131118,0.105215654,0.10400738,0.7951741,0.62613773,0.25375873,0.086553074,0.08177118,0.22974019,0.3789683,0.68996525,0.3415669,0.2062036,0.47522724,0.33877546,0.19369668,0.25102812,0.1068688,0.88052815
0.13079637,1.0,0.07575202,0.13896553,0.59510756,0.5417433,1.0,0.08117661,0.08448214,0.6966348,0.34341255,1.0,0.2574581,0.20818837,0.5769885,0.30830362,1.0,0.1862985,0.09983652,0.3577602
0.13068931,1.0,0.07578382,0.13897806,0.5950727,0.54112476,1.0,0.08114916,0.084729366,0.6963697,0.3436081,1.0,0.2573478,0.20811565,0.57673204,0.30827227,1.0,0.18606244,0.0997342,0.35778585
0.13067223,1.0,0.07556421,0.13904472,0.5950806,0.5409775,1.0,0.08121785,0.08467871,0.69647926,0.3436,1.0,0.25727856,0.20814566,0.5769294,0.30819052,1.0,0.1860881,0.099795155,0.35769498
0.1309278,1.0,0.07571553,0.13899457,0.594973,0.5410898,1.0,0.081096925,0.08456487,0.69631714,0.34370178,1.0,0.2573736,0.2081633,0.57683116,0.30823508,1.0,0.18618026,0.09981487,0.35767677
0.1313138,1.0,0.07561495,0.1390545,0.59501743,0.5413923,1.0,0.081300914,0.084492676,0.69629425,0.34369352,1.0,0.2569995,0.20812438,0.57673186,0.30833644,1.0,0.18595253,0.0997193,0.35780606
0.13095118,1.0,0.07582658,0.13906632,0.5951218,0.5412356,1.0,0.08130679,0.08448467,0.69637716,0.34382534,1.0,0.2575175,0.20815498,0.5769034,0.3083007,1.0,0.18622322,0.09977336,0.35770273
0.16194016,0.6663688,0.103110075,0.35750064,0.5728849,0.62529135,0.26955315,0.08925652,0.5940533,0.7492786,0.37316167,0.7372888,0.33752945,0.69206375,0.6389584,0.3318862,0.21260509,0.24718466,0.45112425,0.3513626
0.16268696,0.66618365,0.103471175,0.35723394,0.5729619,0.6255508,0.2697763,0.08950459,0.5939691,0.7493045,0.37261534,0.7372384,0.3379961,0.6919734,0.638959,0.33177823,0.21271902,0.24745905,0.45103964,0.35147348
0.16297701,0.6663297,0.10331998,0.35712385,0.57294494,0.62594473,0.26977968,0.08946365,0.5938086,0.74929804,0.37260216,0.73733664,0.3376178,0.69207215,0.63895625,0.33181888,0.212597,0.24726169,0.45086393,0.35140434
0.16284971,0.6655669,0.10340059,0.3571318,0.57296294,0.62607497,0.26944908,0.08958524,0.5939759,0.7492757,0.37271002,0.7366613,0.33790177,0.6920222,0.6390671,0.33189172,0.21254931,0.24736826,0.45096433,0.35144708
0.16302003,0.6656516,0.10328314,0.35703054,0.5731543,0.62656325,0.26958108,0.089293696,0.5938638,0.7494511,0.37271664,0.7366055,0.33801606,0.6919908,0.6390815,0.3317197,0.21235718,0.24756517,0.4507308,0.35139212
0.16358718,0.665824,0.1033883,0.35701513,0.5730775,0.62622684,0.26989895,0.08927451,0.5938119,0.7494514,0.37228465,0.7369468,0.33793667,0.6919816,0.6391196,0.33172017,0.21252525,0.24747503,0.4507664,0.35140538
0.15545185,0.6304279,0.098175086,0.108433686,0.7890423,0.6262304,0.26123372,0.08155693,0.07955787,0.21699147,0.38285798,0.71036416,0.31906506,0.20783949,0.46340263,0.34273168,0.19902235,0.23438375,0.10729816,0.8764847
0.1548925,0.6303598,0.09834561,0.10839795,0.7891708,0.62621516,0.26121247,0.08141805,0.07961613,0.21743113,0.38318053,0.71034956,0.319268,0.20787312,0.46366495,0.34285906,0.19896428,0.23459482,0.10739779,0.8766473
0.15497708,0.63044757,0.09811183,0.108260825,0.789249,0.6263965,0.26123053,0.08135013,0.07953983,0.21743654,0.3829632,0.71049774,0.3191057,0.20798025,0.4636229,0.34267122,0.19906184,0.23448884,0.107324965,0.8766581
0.15488788,0.6305731,0.098283455,0.10832286,0.7891394,0.62611437,0.26114252,0.08149255,0.07955551,0.21733233,0.38300496,0.71060485,0.31921503,0.20792411,0.46374243,0.3425957,0.19890954,0.23454362,0.1074425,0.8766581
0.15509903,0.63028413,0.0980789,0.10833089,0.7889861,0.6262462,0.26104596,0.08145781,0.079560876,0.21749598,0.38283268,0.7101332,0.3188463,0.20795886,0.46372947,0.34280136,0.19885164,0.23426352,0.10733928,0.8766313
0.15509152,0.6304856,0.09812229,0.1083271,0.7891551,0.6260678,0.2611099,0.08149035,0.07940742,0.21744037,0.38286462,0.7103514,0.31905612,0.20773846,0.46376672,0.34275082,0.19899528,0.23454808,0.10723887,0.8768169
1.0,0.66600114,0.10313621,0.10658427,0.61994433,0.89813477,0.27390984,0.09701637,0.07012045,0.8054886,1.0,0.7439453,0.337114,0.1917794,0.68639886,0.74856067,0.21155773,0.2419616,0.09641953,0.37955523
1.0,0.667152,0.102906555,0.10671466,0.6197333,0.89367795,0.27441385,0.09718887,0.070069075,0.80493295,1.0,0.7447917,0.3369635,0.1915569,0.68585044,0.7485206,0.21213165,0.24185218,0.096370056,0.37961423
1.0,0.667311,0.10298679,0.10658458,0.6194512,0.8917397,0.27468988,0.09717779,0.07002372,0.8042699,1.0,0.74504125,0.33677214,0.19151673,0.6856274,0.7486367,0.21203542,0.24156877,0.09627392,0.3792174
1.0,0.66768366,0.10283176,0.10673597,0.61945593,0.89084554,0.27470657,0.0971653,0.07011942,0.8042593,1.0,0.745362,0.33684444,0.19147457,0.6854054,0.7482234,0.21220125,0.2416227,0.09632085,0.37924275
1.0,0.6680796,0.10283786,0.10668812,0.619331,0.88977516,0.27469346,0.09708127,0.07000864,0.80407816,1.0,0.745725,0.33674267,0.19137809,0.6853366,0.7484795,0.2124855,0.24146868,0.09623229,0.37931806
1.0,0.6681215,0.102739215,0.10658908,0.6192367,0.8893503,0.27462885,0.09716187,0.070119835,0.804065,1.0,0.74565303,0.33680943,0.19135006,0.6850804,0.7486801,0.21240471,0.24158663,0.09622815,0.37915358
0.537474,0.5676776,0.111159116,0.09169129,0.41514426,0.8216782,0.23454961,0.086983055,0.105281554,0.4332952,0.596075,0.63832885,0.3576639,0.21382396,0.35839888,0.57700866,0.17926112,0.26225644,0.113021664,0.25151625
0.5370486,0.56796545,0.11118318,0.091721736,0.41522786,0.81939036,0.2347954,0.08694945,0.10561155,0.43297273,0.59657043,0.6385761,0.3577549,0.21411687,0.35798818,0.5771462,0.17932965,0.26243213,0.11317364,0.25169206
0.5369762,0.56796426,0.11126935,0.09168232,0.41527885,0.818558,0.23471797,0.08700392,0.10569013,0.4326468,0.59691215,0.6385454,0.35784802,0.21405311,0.35767636,0.5773484,0.17925356,0.2626489,0.113280214,0.25170007
0.537264,0.5677502,0.11123961,0.09171969,0.41524217,0.8185402,0.23452304,0.086999394,0.105689906,0.4324845,0.5972961,0.6384269,0.35792068,0.21417981,0.3574575,0.5774785,0.17907229,0.26260185,0.11334891,0.2515895
0.53709507,0.56840277,0.111386165,0.091754474,0.41522434,0.81733596,0.23476638,0.08682525,0.10567463,0.43218434,0.59735084,0.6388072,0.35800284,0.21414155,0.35732186,0.5774653,0.17935836,0.26272285,0.11332216,0.25167483
0.5370326,0.5681699,0.11129368,0.09166489,0.4152277,0.81757766,0.23485756,0.086827435,0.105689615,0.43210983,0.5972813,0.63870937,0.35786146,0.2141621,0.3572531,0.57758886,0.17937976,0.26277944,0.11331127,0.25169426
0.13632117,1.0,0.06524171,0.099702,0.45812133,0.5321628,1.0,0.061348774,0.09560379,0.36468703,0.35724863,1.0,0.21699536,0.2085191,0.2702134,0.32424906,0.9384523,0.15882906,0.11466884,0.27719578
0.1351396,1.0,0.065345876,0.099650316,0.45807567,0.53215426,1.0,0.061481312,0.09557518,0.36515275,0.35836884,1.0,0.21711294,0.20851749,0.27066225,0.32442394,0.9405788,0.1589005,0.11445158,0.2773383
0.13503921,1.0,0.06519194,0.09964846,0.4581786,0.53147864,1.0,0.061351728,0.0957177,0.3652237,0.35818246,1.0,0.21693604,0.20847458,0.27071342,0.3243323,0.94117224,0.15867533,0.11456061,0.2773987
0.13479781,1.0,0.06517945,0.09962103,0.4581879,0.53186464,1.0,0.061375793,0.09560068,0.3653539,0.35806218,1.0,0.2168405,0.20853108,0.2707975,0.32435814,0.9415944,0.15861544,0.1145823,0.27738288
0.13470165,1.0,0.06516949,0.09967829,0.45818368,0.5315925,1.0,0.061254185,0.09567218,0.3655566,0.35841447,1.0,0.21692444,0.20862219,0.27090567,0.3244143,0.94173896,0.15871564,0.11452719,0.2773953
0.13459447,1.0,0.0651961,0.09961902,0.45845506,0.53181833,1.0,0.061303556,0.09563712,0.36557928,0.3584759,1.0,0.2169397,0.20857382,0.27097583,0.3246267,0.9422947,0.15864566,0.11463417,0.27751407
0.12580247,0.7792839,0.43239373,0.13973957,0.59564793,0.5188042,0.31838775,0.04223862,0.08518571,0.69003755,0.33962107,0.8693087,0.57073134,0.21400683,0.5742269,0.30848712,0.24768095,0.49190533,0.10643828,0.35882244
0.1255874,0.7791773,0.4322414,0.13966599,0.5958765,0.51943874,0.31836402,0.0420255,0.085106485,0.69029886,0.3395112,0.86925006,0.570596,0.2140785,0.5743962,0.30837193,0.2476412,0.4918704,0.106468275,0.35875148
0.12618901,0.7790902,0.4322674,0.1396737,0.5961073,0.51952577,0.31820753,0.042176347,0.085101,0.6906751,0.33938962,0.86916167,0.57090545,0.2142166,0.57472605,0.30861107,0.24748757,0.4921434,0.10647488,0.35888782
0.12562343,0.77883786,0.43204886,0.13957426,0.5961197,0.51992404,0.3184012,0.042213533,0.08506468,0.6908159,0.3397286,0.86912334,0.5708606,0.21437365,0.5749085,0.30888295,0.24746853,0.49221435,0.10666543,0.35878357
0.12547304,0.7786158,0.43207395,0.13959046,0.5962527,0.5197376,0.31828207,0.04214711,0.08511455,0.6909182,0.33927122,0.8688889,0.57120496,0.21423844,0.5749715,0.30854464,0.24725811,0.49233782,0.10659269,0.35893255
0.1259688,0.7787112,0.43198687,0.13965766,0.5962828,0.5200591,0.3184484,0.04214663,0.08504229,0.6909152,0.3393366,0.86901367,0.57114184,0.21433859,0.57508856,0.30875346,0.24749601,0.4923301,0.10661973,0.35888726
0.13090031,1.0,0.07859809,0.1365719,0.6021087,0.54071444,1.0,0.08446474,0.083284415,0.7014957,0.3429403,1.0,0.26685828,0.20406678,0.581067,0.30743977,1.0,0.19304569,0.09797178,0.36226377
0.13073145,1.0,0.078552306,0.13654208,0.601626,0.5403347,1.0,0.08461926,0.08315248,0.7011417,0.34315664,1.0,0.2670849,0.20409659,0.5808268,0.3074452,1.0,0.19303343,0.09783092,0.3620707
0.1306013,1.0,0.07857712,0.13655384,0.6017854,0.5401506,1.0,0.08439563,0.083142705,0.70125437,0.34280273,1.0,0.26687944,0.20410821,0.5808622,0.30740973,1.0,0.19296105,0.09780714,0.362213
0.13081048,1.0,0.07853128,0.13661984,0.60177016,0.5403753,1.0,0.08456424,0.08313711,0.7012763,0.34299797,1.0,0.2671465,0.20400652,0.5809039,0.3073732,1.0,0.19315544,0.09776154,0.36206445
0.13121259,1.0,0.0784558,0.13662024,0.60173154,0.5410606,1.0,0.08454013,0.083097376,0.70115143,0.3430793,1.0,0.26674885,0.20405772,0.58089507,0.30738327,1.0,0.19291684,0.097827695,0.36216757
0.13093106,1.0,0.07845259,0.13654223,0.6017982,0.54066724,1.0,0.08458111,0.08317371,0.70126647,0.34309903,1.0,0.2669545,0.2040658,0.58100456,0.3075709,1.0,0.19304132,0.09779435,0.36220083
0.5481478,0.5741969,0.103707224,0.09315465,0.4386416,0.7960427,0.23897932,0.08101599,0.10480346,0.44598708,0.5843304,0.649887,0.3335669,0.2138508,0.3681086,0.5669565,0.18066177,0.24477248,0.11424491,0.26706877
0.54915005,0.57376206,0.10366141,0.093087584,0.4384709,0.79513276,0.23904952,0.080869645,0.104813464,0.44502705,0.5849622,0.6496946,0.33378613,0.213887,0.3674311,0.5672188,0.18033306,0.24503733,0.11421723,0.26697224
0.549444,0.5737844,0.103822194,0.09312272,0.43858072,0.79483014,0.23896879,0.08102162,0.10478391,0.4451814,0.58525574,0.6495288,0.33380038,0.21386091,0.36723304,0.5672505,0.18027398,0.24514866,0.1142589,0.26701018
0.54964614,0.5740627,0.10396065,0.09301414,0.4384031,0.79430187,0.23946178,0.08090559,0.10485636,0.4447809,0.5854734,0.6498091,0.33381984,0.21385454,0.3671327,0.5675173,0.18027323,0.24515429,0.11433324,0.26690638
0.54956484,0.5738813,0.10392656,0.09306004,0.43837255,0.7943684,0.23903616,0.081193596,0.10469562,0.4447516,0.585803,0.64957607,0.33384207,0.21384148,0.36707556,0.5675002,0.18032423,0.24524854,0.11433036,0.26696178
0.54974025,0.57348317,0.103948995,0.093166746,0.43852693,0.7940461,0.23883705,0.08082248,0.10487434,0.4448491,0.58587295,0.64920115,0.33385566,0.21392602,0.36698046,0.5676343,0.18013042,0.24524786,0.11436064,0.26693192
0.13547261,1.0,0.082531,0.13157775,0.5997931,0.55550826,1.0,0.08313002,0.079487525,0.7109586,0.34974307,1.0,0.27769682,0.20204064,0.5922275,0.3133124,1.0,0.20155112,0.097670704,0.36261615
0.13508737,1.0,0.082525514,0.13171652,0.5998456,0.55537105,1.0,0.083311446,0.07954083,0.71187514,0.35004312,1.0,0.2777233,0.20230764,0.5930094,0.31329745,1.0,0.20163071,0.09760499,0.36260659
0.13493392,1.0,0.08251138,0.13166447,0.6000512,0.5552928,1.0,0.083180845,0.079331934,0.7124158,0.350317,1.0,0.2775721,0.20228831,0.593449,0.31346548,1.0,0.20166394,0.09747943,0.36272374
0.13524905,1.0,0.08258377,0.13168864,0.6000221,0.5558381,1.0,0.083184466,0.07942837,0.71281135,0.3500706,1.0,0.27765006,0.20237078,0.5937904,0.313654,1.0,0.20160905,0.09744558,0.36276233
0.13539249,1.0,0.08235889,0.1316443,0.60009795,0.5560674,1.0,0.08327734,0.079374686,0.7128778,0.35055992,1.0,0.27750865,0.20238064,0.5938764,0.31379387,1.0,0.20151046,0.09745783,0.36286226
0.1349981,1.0,0.08241447,0.13169663,0.60009015,0.5559264,1.0,0.083213195,0.07936491,0.71309847,0.3505258,1.0,0.27761143,0.20234638,0.5940891,0.31380415,1.0,0.20149319,0.09737519,0.36270767
0.12897591,0.7513161,0.43770707,0.13204394,0.6063771,0.53906083,0.3054189,0.039262656,0.08080497,0.71749157,0.34451464,0.83480924,0.54460555,0.20986465,0.59948367,0.31134498,0.23935881,0.47191548,0.103801265,0.36593673
0.12881058,0.7505828,0.43748388,0.13191245,0.60665584,0.5388635,0.30511284,0.039137237,0.08099136,0.7178572,0.3439941,0.8340063,0.54496473,0.20978804,0.59965813,0.31130722,0.23912303,0.4723171,0.1039037,0.36596277
0.12872995,0.7507295,0.43765682,0.1319625,0.6067346,0.5393465,0.3053557,0.039198425,0.08082689,0.7180406,0.34404075,0.83399975,0.545172,0.20999058,0.59971184,0.3112298,0.2392187,0.47255746,0.103951834,0.3659193
0.1285816,0.7505577,0.43741998,0.13188063,0.6067929,0.53969395,0.30539435,0.03929351,0.08081337,0.7181468,0.34434357,0.8339527,0.54534584,0.21001191,0.59990835,0.311579,0.23909456,0.47268733,0.103894435,0.36586848
0.12814471,0.75028044,0.43753886,0.13197312,0.60698897,0.5393234,0.30528623,0.039325785,0.080761135,0.7180881,0.3441845,0.8338801,0.545703,0.20998622,0.5998367,0.31134164,0.23913023,0.4729649,0.10392773,0.36612543
0.12860754,0.75020015,0.43730828,0.13191935,0.6069453,0.5392542,0.3053211,0.039099127,0.08083268,0.71822256,0.34404838,0.8334928,0.54545575,0.20998585,0.59995675,0.3110414,0.23902816,0.4728293,0.103987806,0.3661245
0.53255993,0.5748333,0.10738356,0.09276665,0.41554582,0.816564,0.2382149,0.083752915,0.10547065,0.4346348,0.59605086,0.64772695,0.34496102,0.21520329,0.36014506,0.5765685,0.18120591,0.2532758,0.1140427,0.2523185
0.5344293,0.574665,0.10725152,0.09280303,0.41551054,0.8162137,0.23821837,0.083741285,0.10545984,0.43448457,0.59726554,0.6475226,0.3449361,0.21532243,0.35988146,0.57709056,0.18121272,0.25322866,0.11397675,0.25220594
0.53462464,0.57438767,0.107300274,0.09286512,0.41534966,0.81595296,0.23815043,0.08385903,0.10540906,0.43451154,0.59748465,0.6471203,0.3449607,0.21518634,0.35976976,0.57740843,0.18103117,0.25320682,0.11386333,0.25212434
0.5345425,0.5749071,0.107210785,0.09275514,0.4153212,0.8160638,0.23835556,0.08391564,0.10542317,0.434104,0.59726644,0.64761835,0.34523183,0.21517281,0.3596864,0.5772731,0.18111846,0.25345767,0.11405215,0.2520938
0.5348648,0.5745904,0.10739452,0.092680395,0.41545618,0.8156453,0.2380924,0.084039375,0.105394214,0.4341333,0.5973318,0.64727557,0.34509084,0.21513583,0.35966668,0.5772058,0.18098764,0.25338545,0.11399357,0.25223958
0.53509307,0.5745197,0.107384995,0.09273188,0.41543004,0.81584316,0.23808722,0.083757244,0.10545235,0.43416134,0.5978185,0.6472861,0.34507373,0.21526174,0.3595604,0.57760954,0.1811399,0.25326848,0.113980174,0.25216967
0.15641364,0.6156935,0.100170635,0.105716944,0.78706825,0.6281154,0.25454575,0.08250063,0.082713574,0.22837332,0.38402405,0.6930068,0.32517663,0.20926496,0.47265,0.34386572,0.19415814,0.23904316,0.1084505,0.87484074
0.15615763,0.61552566,0.10008978,0.10554191,0.7872476,0.6282602,0.25453278,0.082494326,0.0827781,0.2284112,0.38403574,0.6929371,0.32534033,0.20942342,0.47298586,0.34370035,0.1942101,0.23910818,0.10832241,0.8754728
0.15591332,0.6154206,0.10020483,0.10561573,0.7876033,0.6283816,0.25441277,0.08232096,0.0828445,0.22864722,0.38411248,0.6928501,0.32521933,0.20941666,0.4733105,0.343776,0.1942027,0.23913676,0.108328395,0.87585706
0.15599453,0.61559993,0.10011671,0.105570324,0.7875587,0.629152,0.25462484,0.08259274,0.08275638,0.22862135,0.3842208,0.6931137,0.32534274,0.2094928,0.4733917,0.34394214,0.1942276,0.23913182,0.108404994,0.87588805
0.15576127,0.6153815,0.10013696,0.105583034,0.7877323,0.62844634,0.25461394,0.08243679,0.08272329,0.22875091,0.38408366,0.69291985,0.32524616,0.2094808,0.47344896,0.3439342,0.19430499,0.23928085,0.108338855,0.87603086
0.15573938,0.61501056,0.100138575,0.10554305,0.78762776,0.62882674,0.25449923,0.08247047,0.08271485,0.22875993,0.38417786,0.69245845,0.3253816,0.20946884,0.4734352,0.34383512,0.19414051,0.23929739,0.108367674,0.8760686
0.13272104,1.0,0.07735398,0.13137542,0.60689956,0.548806,1.0,0.07960748,0.07816767,0.71761906,0.35016194,1.0,0.2611463,0.20598535,0.59926057,0.31444797,1.0,0.18959983,0.100356266,0.36855826
0.13231637,1.0,0.07752795,0.13153231,0.6066449,0.54887706,1.0,0.07968911,0.07795688,0.7173515,0.35028306,1.0,0.2614967,0.20609722,0.5990869,0.31457096,1.0,0.18967439,0.100220285,0.36848098
0.13256085,1.0,0.0774255,0.13142487,0.6066451,0.5485079,1.0,0.079844214,0.0781066,0.7174572,0.35036045,1.0,0.26141486,0.20599513,0.59929484,0.31451818,1.0,0.18946661,0.10019518,0.36856058
0.13298397,1.0,0.07758246,0.13145305,0.6067742,0.54854965,1.0,0.079771206,0.07798097,0.71765596,0.35014743,1.0,0.26152968,0.20597884,0.599517,0.31460872,1.0,0.18973568,0.10011311,0.36863008
0.13290034,1.0,0.07736839,0.13149707,0.60670185,0.54878193,1.0,0.079589926,0.07792604,0.71753937,0.3506554,1.0,0.26130307,0.20601271,0.5993689,0.31503454,1.0,0.18960604,0.10012805,0.36852363
0.13282947,1.0,0.07764499,0.13158551,0.6069308,0.54867136,1.0,0.07983524,0.07796658,0.7179019,0.35072997,1.0,0.2615744,0.20601466,0.5997378,0.31502008,1.0,0.18972492,0.10004226,0.3686254
0.15870617,0.6599254,0.099466376,0.360897,0.5747781,0.62137914,0.2667146,0.088608146,0.5876419,0.7388664,0.37264317,0.7292899,0.3264147,0.69291645,0.627701,0.33222046,0.21077871,0.23876871,0.4493357,0.35121614
0.15951484,0.65965104,0.09947416,0.36058548,0.5749362,0.6219448,0.2666397,0.08873447,0.587634,0.7392332,0.37246493,0.72919893,0.32669178,0.6928406,0.62771285,0.33240712,0.2106327,0.23878708,0.44908682,0.3510948
0.16008356,0.6595356,0.099621445,0.3605019,0.57501745,0.6224238,0.26667738,0.08857455,0.5875337,0.7392371,0.37250578,0.7290652,0.3269553,0.69286585,0.62789625,0.33226895,0.21053901,0.239065,0.4490204,0.35125655
0.1597651,0.65922445,0.09959868,0.36046618,0.57501745,0.62249815,0.26668048,0.08871585,0.5876974,0.73932546,0.37237602,0.72874707,0.3269539,0.6928989,0.62794715,0.33249807,0.2105262,0.23925123,0.4489818,0.35118884
0.15930331,0.65920615,0.09968292,0.36057577,0.5752493,0.62227225,0.26655972,0.08870989,0.58765167,0.73939615,0.37253922,0.72873616,0.32685548,0.69296414,0.6279548,0.33236125,0.21054348,0.23915602,0.44892812,0.35119012
0.16010407,0.6587333,0.09957134,0.36032867,0.5751374,0.62255037,0.26639503,0.08864572,0.5875646,0.739374,0.37237707,0.72827274,0.3269006,0.6929392,0.62804663,0.33224946,0.21034646,0.23909533,0.4489237,0.3511718
0.15964694,0.60567856,0.1050079,0.10433574,0.78958184,0.6325959,0.25007266,0.08753725,0.0815731,0.22876786,0.3819313,0.68053263,0.34144536,0.20716746,0.47258845,0.34143168,0.1914795,0.25072753,0.10616699,0.8751598
0.15918356,0.60527265,0.10503585,0.104408085,0.78951645,0.63235193,0.25016668,0.08740001,0.08168648,0.22874969,0.38191354,0.680324,0.34137994,0.20735377,0.47263175,0.34132457,0.19129063,0.25073606,0.10616486,0.8751657
0.1592457,0.6056547,0.104920045,0.10424006,0.7896776,0.6318518,0.25011978,0.08769909,0.081564456,0.22878172,0.38184252,0.6802942,0.3414513,0.20715812,0.47265926,0.34106725,0.1913174,0.25073412,0.10618487,0.87540144
0.15952203,0.6052822,0.10493765,0.104323596,0.78969425,0.6319758,0.24984534,0.087568805,0.08170465,0.22895795,0.3816711,0.68023705,0.3417097,0.20720565,0.47278386,0.34098494,0.1912452,0.2508406,0.10615904,0.87545234
0.15954468,0.6055606,0.1049423,0.104455955,0.7898451,0.631949,0.25008762,0.087587036,0.081518225,0.22880566,0.3820508,0.68035716,0.3415437,0.20725779,0.4728427,0.34124812,0.19144882,0.25080648,0.106250495,0.8754945
0.1594671,0.60554564,0.10504453,0.10432876,0.78983045,0.63222104,0.2502913,0.08759576,0.08166021,0.22892965,0.3818688,0.68049765,0.3414454,0.20718795,0.47285616,0.34135762,0.19135872,0.25083888,0.1061682,0.8754771
1.0,0.65655977,0.099089675,0.109777145,0.5985682,0.9024698,0.26986063,0.092164084,0.07411814,0.7867926,1.0,0.7332581,0.32322633,0.20111394,0.67339903,0.7555456,0.2085024,0.23202604,0.10078373,0.36853483
1.0,0.6573319,0.09894272,0.10973186,0.59824616,0.89741045,0.2704561,0.092505984,0.07408339,0.78622305,1.0,0.73398876,0.3232388,0.20100518,0.6727375,0.7550725,0.20890357,0.23205407,0.10058568,0.36832023
1.0,0.65819985,0.098794244,0.10982098,0.5980966,0.8966819,0.27081063,0.092152685,0.074053705,0.78577316,1.0,0.7347595,0.32282704,0.20085764,0.6725717,0.75533193,0.20930526,0.23179692,0.10053357,0.3682767
1.0,0.65780276,0.09889998,0.109832786,0.5981772,0.8957237,0.27069238,0.09231592,0.07389255,0.7855718,1.0,0.7344747,0.32303128,0.20081156,0.6723846,0.75520545,0.20910898,0.2319211,0.10048761,0.3682243
1.0,0.65851367,0.09864658,0.10990929,0.5979679,0.8947103,0.2707246,0.09217654,0.07387293,0.7855101,1.0,0.7351285,0.32281622,0.20079951,0.6723069,0.7550715,0.20923796,0.23171744,0.10047136,0.36822024
1.0,0.65811384,0.0990042,0.109802075,0.59788835,0.89448243,0.2708867,0.09240503,0.073846444,0.7853812,1.0,0.73467857,0.32290643,0.20069055,0.6721581,0.7552251,0.20917869,0.23190545,0.10033029,0.36818764
0.13345225,0.73993856,0.43005222,0.1451803,0.5896503,0.5480583,0.30082217,0.044178534,0.09026164,0.67161125,0.3529937,0.8219143,0.5771509,0.21836028,0.55615675,0.31954643,0.23582184,0.49653223,0.107531734,0.3539656
0.13254474,0.7398389,0.42994982,0.14519155,0.5899914,0.5481429,0.30112875,0.044100747,0.090170614,0.6719223,0.35274637,0.82193285,0.577797,0.21867731,0.556446,0.3195695,0.23558603,0.4971701,0.10766375,0.35405043
0.13222918,0.74001914,0.43011707,0.14521614,0.5902231,0.5488506,0.30107996,0.043917347,0.090020865,0.67195684,0.35284686,0.82210803,0.5786562,0.21888106,0.55655,0.31966797,0.23566982,0.49783704,0.10788269,0.35428703
0.13170184,0.73980314,0.43005735,0.14511167,0.5902491,0.5485274,0.30127844,0.04399241,0.09019116,0.67210734,0.35269696,0.8222359,0.5785992,0.21880245,0.55673,0.31939796,0.23575132,0.4979227,0.107955694,0.35422382
0.13132818,0.739316,0.43013537,0.14509703,0.5904018,0.5486959,0.30115378,0.044171527,0.0898608,0.67203593,0.35262975,0.8215587,0.57911664,0.21892945,0.55666614,0.3195949,0.23554286,0.49825162,0.10789396,0.35421118
0.13139188,0.7391825,0.43013325,0.14513595,0.5904152,0.5486525,0.3009154,0.04402679,0.08998199,0.67219144,0.35278103,0.82137513,0.5790039,0.21891272,0.55667424,0.3196716,0.2354088,0.49827743,0.107969075,0.3543466
0.13163452,1.0,0.07373168,0.13654956,0.59211725,0.53954804,1.0,0.074174315,0.08143765,0.6987428,0.34759986,1.0,0.24782176,0.21421579,0.58359885,0.3128044,1.0,0.18013494,0.10350758,0.3598292
0.1315213,1.0,0.07382791,0.13647018,0.59210557,0.5385985,1.0,0.074099086,0.081525154,0.6986334,0.3477243,1.0,0.24813373,0.21416965,0.5835965,0.31279984,1.0,0.1803487,0.10343337,0.35982168
0.13199216,1.0,0.073744416,0.13661292,0.5918045,0.5394248,1.0,0.07428386,0.081411265,0.6984476,0.34755072,1.0,0.24789295,0.21402799,0.5834233,0.31276333,1.0,0.18023226,0.103348404,0.3597216
0.13183257,1.0,0.07371011,0.13650483,0.5918604,0.53920406,1.0,0.07430153,0.08140037,0.69857216,0.34761345,1.0,0.24798597,0.2141707,0.58351713,0.31242922,1.0,0.18018244,0.10331459,0.35976583
0.13193317,1.0,0.073805496,0.13661012,0.5920596,0.5393065,1.0,0.07426399,0.08135856,0.69876117,0.34750083,1.0,0.247858,0.21420328,0.5836866,0.3126042,1.0,0.18005696,0.10338841,0.35981584
0.1316719,1.0,0.07379052,0.13651802,0.5920631,0.53914005,1.0,0.07404969,0.081361555,0.69845164,0.34762108,1.0,0.24807437,0.21414883,0.5835516,0.31267244,1.0,0.18032168,0.10337186,0.35979632
0.14543349,0.6545777,0.09775768,0.36062443,0.597357,0.58562493,0.26482022,0.08909822,0.5889801,0.7557993,0.3561972,0.723777,0.32237905,0.6936088,0.63950604,0.3187247,0.20908633,0.23545705,0.44961423,0.36329734
0.14612325,0.654227,0.098020494,0.36044136,0.5976448,0.58594435,0.26471573,0.08924776,0.5890115,0.7559555,0.35587567,0.72339696,0.32262883,0.69365126,0.6396581,0.31845328,0.20895761,0.23569693,0.4495329,0.36340427
0.14641121,0.65427774,0.09794573,0.36042666,0.597585,0.5864672,0.26453978,0.08910925,0.5889577,0.7559211,0.35602367,0.7235431,0.322633,0.69346476,0.63969606,0.3187929,0.20895429,0.23575217,0.44940048,0.3632314
0.14613856,0.6540057,0.09810247,0.36019972,0.5977648,0.5866639,0.26481304,0.08942203,0.58877254,0.7561816,0.3560159,0.72337085,0.3228441,0.6934033,0.63982326,0.31858706,0.20865802,0.23582248,0.44922638,0.36348653
0.14578618,0.6541076,0.098014824,0.36018148,0.5978038,0.5862291,0.26486567,0.08925688,0.58891964,0.7561765,0.3558587,0.7235306,0.32274398,0.6935362,0.6397388,0.31866646,0.20881338,0.2357477,0.4493227,0.3633831
0.1465216,0.6542215,0.098081335,0.36011672,0.59769917,0.5870092,0.26469252,0.08939378,0.5888946,0.75593126,0.35561076,0.7237498,0.32287166,0.69336134,0.6397171,0.31871897,0.20889631,0.23587924,0.44932896,0.36341166
0.1326001,1.0,0.06676163,0.09907369,0.44744417,0.5359126,1.0,0.06513449,0.095790915,0.35948324,0.3568705,1.0,0.22348069,0.20865163,0.26426205,0.32276183,0.96485555,0.16327672,0.11377268,0.26888865
0.13200039,1.0,0.0668775,0.09908402,0.4474647,0.53582394,1.0,0.06484688,0.09565481,0.35931188,0.35732314,1.0,0.22364992,0.20848225,0.26411638,0.32272366,0.9652487,0.16306876,0.11377837,0.26884115
0.13166952,1.0,0.06680667,0.09906817,0.4475423,0.5356324,1.0,0.06504831,0.095790654,0.3594212,0.35706437,1.0,0.22370327,0.20856191,0.26419538,0.32285473,0.96544033,0.1631348,0.11380216,0.2688755
0.13181786,1.0,0.0669449,0.0990454,0.44754532,0.5358969,1.0,0.06498237,0.09561669,0.35930356,0.35724652,1.0,0.22365049,0.20853055,0.26414225,0.32271487,0.9652585,0.16310203,0.11374878,0.26896963
0.13186671,1.0,0.06666354,0.09903286,0.44760156,0.5357046,1.0,0.064853944,0.095615156,0.3593867,0.35726592,1.0,0.22357501,0.20860727,0.26411408,0.32271168,0.96530426,0.16306743,0.11365923,0.26903513
0.1311947,1.0,0.06695823,0.09911504,0.44742823,0.535762,1.0,0.06500641,0.09554999,0.3592025,0.35736474,1.0,0.22363503,0.20857248,0.26406214,0.32263488,0.96532965,0.16299343,0.11366127,0.26887774
0.53921413,0.58832675,0.104562625,0.09299988,0.4220096,0.81178737,0.24382164,0.08205472,0.10461647,0.43689308,0.593364,0.6640713,0.3366596,0.21399787,0.3615417,0.57455933,0.18533142,0.24701685,0.113892294,0.25673872
0.5404006,0.58805436,0.10467591,0.0930558,0.42206955,0.8109192,0.24391423,0.08222916,0.10471788,0.4362852,0.59411865,0.66337895,0.3366587,0.21418911,0.36080423,0.5749509,0.18528442,0.24725956,0.11400008,0.25665864
0.54106075,0.5878434,0.10461252,0.092959,0.42179847,0.8108045,0.24364077,0.08209854,0.10459091,0.43608516,0.59451795,0.66349393,0.33675754,0.2141439,0.3605868,0.57518923,0.18517269,0.24719788,0.113894716,0.2565353
0.54156053,0.58807075,0.10472698,0.09297677,0.4219132,0.8109446,0.24391825,0.08221739,0.104716614,0.4359232,0.59474444,0.6635385,0.33695975,0.21408235,0.36042744,0.575553,0.18517964,0.24741645,0.11388972,0.2565246
0.54154,0.5876356,0.104722075,0.09294638,0.42195642,0.8105856,0.24398285,0.08226912,0.104630895,0.43580773,0.59474474,0.6631212,0.33686215,0.21408674,0.3604239,0.5753637,0.18501948,0.24735397,0.11395898,0.25652575
0.54157734,0.58796483,0.104827486,0.09292221,0.421955,0.81040823,0.24399945,0.08215887,0.10448328,0.43577632,0.59473586,0.6635335,0.33699292,0.21402538,0.36023444,0.57549703,0.1850989,0.24744971,0.113881715,0.25651047
0.13320744,1.0,0.061514635,0.100813136,0.46786156,0.53100413,1.0,0.06079596,0.09238392,0.37299177,0.35593492,1.0,0.20617847,0.20719403,0.27318633,0.32200322,0.9476645,0.15053679,0.11356122,0.28058615
0.13309304,1.0,0.061467376,0.10070152,0.46793616,0.5310947,1.0,0.06084771,0.09229092,0.37359303,0.35595238,1.0,0.20601645,0.20718808,0.27355108,0.32223177,0.94924444,0.15026928,0.11336676,0.28079602
0.13268635,1.0,0.061357696,0.10066671,0.4677521,0.5307529,1.0,0.06078911,0.09237582,0.3734009,0.35610655,1.0,0.20586322,0.2070565,0.2735261,0.32206896,0.9495985,0.15022476,0.11356538,0.280835
0.13236056,1.0,0.06146364,0.10065703,0.4679496,0.53060675,1.0,0.06083517,0.092420295,0.37382352,0.3561117,1.0,0.20607392,0.20709519,0.2738392,0.3221836,0.94996816,0.1503154,0.11346394,0.28099334
0.13248119,1.0,0.061438132,0.10068556,0.46811485,0.53078496,1.0,0.06074555,0.09230304,0.37397712,0.35631862,1.0,0.20584676,0.20712903,0.27393323,0.32242298,0.95049334,0.15015176,0.11332311,0.28125554
0.1320076,1.0,0.061488688,0.10057486,0.4679882,0.5305117,1.0,0.06071769,0.09243169,0.37387607,0.3564659,1.0,0.20587635,0.20716883,0.27386,0.3224579,0.9506481,0.15016869,0.11344743,0.2810467
0.13192037,1.0,0.078441106,0.13196704,0.60277885,0.5483626,1.0,0.08076125,0.078153834,0.71258104,0.34889358,1.0,0.2649626,0.20271334,0.5943383,0.31275284,1.0,0.19225483,0.09865625,0.36550888
0.13250914,1.0,0.07868052,0.13207005,0.6029874,0.54872924,1.0,0.080778815,0.078346916,0.7129709,0.3488064,1.0,0.2650636,0.20278883,0.5946394,0.31290302,1.0,0.19220462,0.09865794,0.36567387
0.13219094,1.0,0.07837786,0.13217174,0.6028829,0.5486688,1.0,0.08083165,0.07817711,0.7133565,0.3490552,1.0,0.26501706,0.20278108,0.5948097,0.31267938,1.0,0.19230226,0.09852069,0.36544323
0.1327089,1.0,0.078539535,0.13209896,0.60284024,0.5488894,1.0,0.08081013,0.07814171,0.71346456,0.3488769,1.0,0.26516154,0.20293057,0.59502286,0.31301716,1.0,0.19221051,0.098602004,0.3656237
0.13253123,1.0,0.07844588,0.13207352,0.6028913,0.5485673,1.0,0.08087365,0.07822736,0.71350944,0.34894964,1.0,0.2649444,0.20289744,0.5951083,0.31277812,1.0,0.1922649,0.09857596,0.36568075
0.13272694,1.0,0.0785841,0.13216667,0.6030523,0.5489035,1.0,0.08084174,0.07823829,0.71389395,0.34878528,1.0,0.26506755,0.20293126,0.59540087,0.3129725,1.0,0.19236624,0.09853224,0.36558232
0.15376893,0.6185966,0.10081903,0.10483873,0.7919648,0.6263643,0.2563607,0.08367603,0.08063475,0.22756423,0.38429713,0.697704,0.32831952,0.20614162,0.4730989,0.34390688,0.19528414,0.24133265,0.106437445,0.8790299
0.15403445,0.61801577,0.10102536,0.10471377,0.7921329,0.6267124,0.256331,0.08377908,0.08069406,0.2277999,0.38413838,0.69715416,0.3286169,0.20603806,0.47335,0.34387153,0.19485036,0.24146265,0.10645318,0.87921673
0.15366712,0.6179645,0.101005465,0.10479218,0.792186,0.6263219,0.25637642,0.083719626,0.08074731,0.2283627,0.38404074,0.6971105,0.3285879,0.20613666,0.47363037,0.34361327,0.19494309,0.24159144,0.10645115,0.87934786
0.15415718,0.61814696,0.10106293,0.10460269,0.7923591,0.6266084,0.2564467,0.08378159,0.08085369,0.22835338,0.3838581,0.69722193,0.3288906,0.2062204,0.47384456,0.3435948,0.19509843,0.24177438,0.10652134,0.87941384
0.154432,0.6174413,0.101236925,0.104791954,0.79230744,0.6269057,0.25633726,0.08365186,0.080635265,0.22837692,0.38401443,0.6964171,0.32857955,0.20624012,0.4738224,0.34377804,0.1947445,0.24168496,0.106440134,0.8795109
0.1539232,0.61823255,0.10097546,0.1047318,0.7923928,0.6265667,0.25655484,0.08375731,0.08076378,0.22850637,0.3840376,0.6974705,0.32867578,0.20622683,0.47390464,0.34362343,0.19500625,0.24163048,0.10645787,0.8794482
0.12579295,0.7574288,0.43513054,0.13409086,0.6092783,0.5277,0.3091284,0.040545125,0.08038952,0.71231014,0.3404934,0.84419656,0.557501,0.21198021,0.5953861,0.30888858,0.24082677,0.48203492,0.10605483,0.3687342
0.12589522,0.75790817,0.43515596,0.13417011,0.60939574,0.52827966,0.30939093,0.04069653,0.08050109,0.71222454,0.34040776,0.84473616,0.5574997,0.21208662,0.59542555,0.30887124,0.24095222,0.48203677,0.10608234,0.36887646
0.12589975,0.75783736,0.43510678,0.13404709,0.6094219,0.5286558,0.30926228,0.04048728,0.08047421,0.71241236,0.34061113,0.8447613,0.55739117,0.21196483,0.59539443,0.30909568,0.24101073,0.48191753,0.10614595,0.36889005
0.12590326,0.75764173,0.43520442,0.13420258,0.6094499,0.52873826,0.30915678,0.040576924,0.08044043,0.712427,0.3406253,0.8446612,0.5572809,0.2121523,0.59556234,0.30912176,0.24097246,0.48198727,0.10613594,0.36896855
0.12546933,0.75740933,0.43500718,0.13410158,0.60955554,0.52805156,0.30913153,0.0406128,0.08026851,0.7123339,0.3405208,0.8443144,0.55724925,0.21209052,0.5954565,0.30901378,0.2407524,0.48187107,0.10598168,0.3688951
0.12578,0.75716555,0.4352189,0.13404374,0.60966027,0.52851135,0.30901667,0.04065924,0.0804802,0.71236295,0.34037176,0.84409183,0.55739355,0.21204095,0.5955916,0.3091061,0.24066378,0.4820073,0.10607637,0.3689217
1.0,0.66664433,0.102622345,0.106604934,0.61439633,0.90832627,0.27494502,0.09353255,0.072599575,0.79868317,1.0,0.7460002,0.33426738,0.19659844,0.68348944,0.74670756,0.21167554,0.24047595,0.09911878,0.37896496
1.0,0.6678017,0.10257044,0.106690675,0.61401755,0.9042834,0.2752586,0.09374874,0.072542846,0.79825294,1.0,0.74699944,0.3342727,0.19642179,0.68317443,0.74665517,0.21202148,0.24044195,0.099005535,0.37873477
1.0,0.66816115,0.10241567,0.1067175,0.6139939,0.90267295,0.27555034,0.09372602,0.07236766,0.7977329,1.0,0.7475232,0.334102,0.19629483,0.68274945,0.7467336,0.21226642,0.24027789,0.09882882,0.37871596
1.0,0.6680228,0.102535374,0.10665571,0.6138569,0.90218174,0.2754886,0.09365415,0.07244911,0.79759794,1.0,0.7471433,0.33400178,0.19630404,0.68266374,0.7465155,0.21214817,0.2403369,0.098921075,0.3786848
1.0,0.6682441,0.10245054,0.10674272,0.6137428,0.90153265,0.2756573,0.093652226,0.072402924,0.797475,1.0,0.74752486,0.33401906,0.19616446,0.68257064,0.74668896,0.21245682,0.24026449,0.09881723,0.37861773
1.0,0.66783965,0.102583095,0.106656045,0.6138547,0.90161675,0.27544263,0.09357868,0.07249434,0.7975281,1.0,0.7469925,0.33415276,0.19623402,0.6825777,0.74670774,0.2121981,0.24030198,0.09881413,0.37870377
0.1354718,1.0,0.06279589,0.10001003,0.47237012,0.51843596,1.0,0.06277196,0.09039519,0.37313652,0.35176563,1.0,0.21109793,0.20407881,0.27233112,0.31889206,0.9514885,0.15398774,0.11174853,0.28478557
0.13432126,1.0,0.06287338,0.09982056,0.47245035,0.5186027,1.0,0.06265299,0.090356864,0.37302494,0.35177428,1.0,0.21093725,0.20414324,0.2724041,0.31894338,0.95252115,0.15387249,0.111885265,0.28482342
0.13391067,1.0,0.062771074,0.099937186,0.47247413,0.51889026,1.0,0.06252375,0.09038955,0.37310103,0.3520714,1.0,0.21095012,0.20420067,0.27237666,0.31915644,0.952243,0.15384093,0.11201108,0.28486866
0.13347918,1.0,0.0629176,0.09986511,0.47250682,0.5185284,1.0,0.06277165,0.09042295,0.3730389,0.35202727,1.0,0.21097276,0.20419803,0.27237102,0.3192259,0.9527654,0.15390034,0.11198057,0.28483507
0.13319372,1.0,0.062761776,0.09991469,0.47259635,0.5187331,1.0,0.06275702,0.090454005,0.37328544,0.35176185,1.0,0.2110235,0.20429529,0.27245405,0.31876987,0.95266443,0.1539065,0.111950494,0.28492078
0.13368286,1.0,0.06287759,0.09994083,0.47261876,0.5187008,1.0,0.06251173,0.09042001,0.37325653,0.3519715,1.0,0.21086456,0.20429848,0.2724702,0.3191444,0.9531661,0.15378444,0.11193942,0.28489903
1.0,0.68850046,0.10360508,0.10727981,0.5794811,0.8873117,0.2831645,0.09465997,0.06986894,0.7706166,1.0,0.7686663,0.3377385,0.19217385,0.6614042,0.76691824,0.21898943,0.24288727,0.09601069,0.35863578
1.0,0.68850416,0.103714995,0.10730766,0.57924587,0.8858086,0.28319895,0.094462804,0.06985916,0.77071404,1.0,0.7685217,0.33769253,0.19188502,0.6615679,0.76730615,0.21890502,0.24284063,0.095883876,0.3585255
1.0,0.6884842,0.10352516,0.10728343,0.5794013,0.88472486,0.28324485,0.09480055,0.06980217,0.770634,1.0,0.7686667,0.3378859,0.19195594,0.6615676,0.76702106,0.2189599,0.24303852,0.09587824,0.3585271
1.0,0.68834895,0.10378358,0.10728744,0.57927024,0.88379943,0.283429,0.094494686,0.069862224,0.7705904,1.0,0.76857,0.33773413,0.19186486,0.6613188,0.76695925,0.2190204,0.2428828,0.095934495,0.3587019
1.0,0.688298,0.10356931,0.1073233,0.57937616,0.88395894,0.28331688,0.094638966,0.06991999,0.7705433,1.0,0.76865965,0.33785534,0.1918664,0.6613994,0.7671979,0.21895874,0.24287117,0.09594444,0.35850462
1.0,0.6883059,0.10371234,0.10735071,0.5794104,0.8837923,0.28318706,0.094510265,0.06994499,0.7706651,1.0,0.7687085,0.3379575,0.19190603,0.6616171,0.76700556,0.2189551,0.24301939,0.095951326,0.35852855
0.15541786,0.61467713,0.10247862,0.10353722,0.7968964,0.62226343,0.2548143,0.08549995,0.08095831,0.22947018,0.38115874,0.69233483,0.33407795,0.2050417,0.47514904,0.34075347,0.19404064,0.24536951,0.10593161,0.8793746
0.15509948,0.61428756,0.1026867,0.103435986,0.7973492,0.6228116,0.25447705,0.08558018,0.08100533,0.23034073,0.3807805,0.6920394,0.334107,0.20521966,0.47576907,0.340484,0.19388041,0.24545558,0.10595896,0.88059103
0.15466063,0.61425114,0.10255568,0.10342366,0.7975205,0.6229208,0.25470442,0.0855429,0.08098776,0.23052183,0.3810009,0.6920249,0.33421013,0.20516399,0.4761273,0.34054753,0.19391537,0.24539278,0.10585698,0.8809298
0.15496826,0.61397886,0.10273508,0.10350958,0.79804343,0.6230308,0.25464132,0.08555466,0.08099374,0.23098901,0.38066477,0.6917542,0.33440003,0.20545559,0.4764055,0.3404421,0.19372928,0.2454885,0.106030315,0.8812709
0.15466757,0.61405516,0.102699,0.10339483,0.79801446,0.6229572,0.25456834,0.0854151,0.08103125,0.231149,0.380553,0.69184655,0.33422446,0.20529662,0.47656405,0.34048033,0.19386743,0.2454207,0.10602165,0.8813885
0.15478887,0.6140169,0.10278935,0.10346397,0.7979001,0.6232206,0.2542341,0.085570216,0.08113649,0.23119491,0.38058627,0.69168806,0.33444667,0.20542876,0.47661105,0.3404561,0.19387804,0.24566767,0.10615336,0.88151807
0.520946,0.5560992,0.11294587,0.0912542,0.42712623,0.80524564,0.23067535,0.08593674,0.10500049,0.44658932,0.58414084,0.62740463,0.3622016,0.21334691,0.37090227,0.5654877,0.17515142,0.2663734,0.11272983,0.26043382
0.5220194,0.5562802,0.11314108,0.09135138,0.4272345,0.80414295,0.230889,0.08599707,0.10485924,0.44583502,0.58510655,0.6276789,0.3623329,0.21326552,0.37028772,0.56619793,0.175253,0.26644295,0.11268108,0.26034665
0.5219454,0.55605763,0.113044396,0.09134575,0.42696866,0.8034071,0.23096916,0.08582608,0.10503046,0.44536787,0.5852081,0.62750167,0.3623212,0.21322323,0.36986923,0.566205,0.17524147,0.26654613,0.11270252,0.26026377
0.5222743,0.5560676,0.11303041,0.09132542,0.4269204,0.8032274,0.23092419,0.0859787,0.10494403,0.44536743,0.58566296,0.6272981,0.36256817,0.21329004,0.36987033,0.5664496,0.17517175,0.26655227,0.11277576,0.26023015
0.5227884,0.5566451,0.11307178,0.09127646,0.42699003,0.8036919,0.23109554,0.08603195,0.10497907,0.44523537,0.5856986,0.6279393,0.36237472,0.21324778,0.3697953,0.5666273,0.17541546,0.2665114,0.11262263,0.26023728
0.522819,0.5562488,0.11310021,0.091332175,0.426987,0.80349344,0.23058419,0.08591592,0.10498645,0.44536656,0.5858787,0.6275126,0.3624566,0.21325271,0.36971542,0.5666982,0.17520511,0.2665188,0.11280115,0.26028293
0.13063538,0.7580576,0.42376393,0.14285111,0.6078984,0.5052499,0.3119607,0.051031366,0.085442394,0.69272107,0.33887133,0.85085785,0.6082683,0.22219245,0.57619286,0.31030357,0.24007826,0.5201659,0.11203922,0.36697868
0.1305276,0.7577127,0.42402524,0.14286375,0.6080878,0.5059789,0.31180274,0.051000524,0.08530039,0.69335407,0.33918875,0.8506531,0.60835326,0.2224383,0.576883,0.31054983,0.23985545,0.5202235,0.11197519,0.3671271
0.13007708,0.75774854,0.42399698,0.142926,0.60827976,0.50588673,0.31190908,0.05106438,0.08497361,0.69380283,0.33904263,0.85097283,0.608096,0.2224496,0.577129,0.31067204,0.23970748,0.5200522,0.11193325,0.3674505
0.13022232,0.7583618,0.42389864,0.14292014,0.608265,0.5056549,0.3123344,0.051291883,0.0851105,0.69383734,0.33935195,0.85153323,0.6085492,0.22255635,0.5773657,0.31090167,0.23995732,0.52025366,0.11187053,0.36730945
0.1301317,0.75785834,0.42385235,0.14282294,0.60850245,0.5060549,0.31220284,0.05073234,0.085070945,0.69394946,0.33917132,0.8508712,0.6079195,0.22263317,0.57759464,0.3109127,0.2399719,0.5199461,0.111892916,0.36748153
0.12964591,0.7576106,0.42399472,0.1429248,0.60848325,0.50592184,0.31217146,0.051073562,0.08504077,0.694366,0.33928227,0.85085803,0.60823053,0.22261994,0.5776836,0.3107062,0.23976532,0.5201265,0.11186726,0.36752716
0.12859714,0.78071135,0.4259407,0.1426821,0.60192454,0.5102331,0.32065806,0.04648706,0.08481664,0.6871704,0.3399386,0.87476647,0.6002591,0.21876843,0.57196265,0.31060827,0.24739976,0.5147035,0.1099779,0.3636685
0.12878893,0.7804204,0.42592737,0.14262106,0.60199463,0.5103474,0.3205228,0.046680607,0.084874086,0.68726176,0.3399149,0.8743245,0.6001631,0.21858768,0.5718814,0.31089914,0.24742374,0.5147723,0.11008721,0.36375496
0.12865916,0.7805513,0.4258847,0.14267121,0.6018571,0.51026297,0.3206206,0.046634894,0.08490018,0.68732774,0.34011042,0.8746584,0.6001634,0.21861461,0.5720432,0.31112626,0.247473,0.51453,0.109919176,0.3636942
0.12806174,0.78072333,0.42599767,0.14270975,0.60222274,0.5097704,0.32087615,0.04661117,0.08481698,0.6875374,0.34018832,0.8750008,0.60061294,0.21869938,0.57218194,0.31077123,0.24752402,0.51496285,0.109990865,0.36386573
0.1283463,0.7807535,0.4259368,0.14264062,0.6020548,0.5107132,0.32058454,0.046565723,0.08478203,0.68752205,0.3401668,0.8748523,0.6003834,0.21879524,0.5721568,0.31098822,0.24751164,0.514797,0.11005596,0.36363444
0.12830873,0.7809379,0.42603353,0.14267987,0.6022908,0.51050067,0.32088417,0.04666787,0.08458458,0.6875986,0.3400697,0.8749813,0.60039544,0.21884999,0.5722352,0.31086612,0.24749462,0.514921,0.11002023,0.3637685
0.13020574,0.7402858,0.4330775,0.13775325,0.5886816,0.5504779,0.3020951,0.042603433,0.08405898,0.70048517,0.35087517,0.8245063,0.5655357,0.21947151,0.5853784,0.3177428,0.23538098,0.48805907,0.10870942,0.35491875
0.12996526,0.73985374,0.43326974,0.1376587,0.5889477,0.5500097,0.30168873,0.042799078,0.08422772,0.7008504,0.35053065,0.82407355,0.565669,0.21938105,0.5856848,0.31730193,0.23524883,0.48798823,0.10873467,0.3549777
0.12999374,0.73970366,0.43323764,0.1376869,0.5887179,0.55018437,0.3017953,0.042575195,0.084125936,0.70050526,0.3506739,0.82425267,0.5657077,0.21941926,0.58557814,0.31758276,0.23535693,0.48826087,0.10862283,0.35494754
0.13066347,0.73964065,0.43316478,0.13774912,0.58892316,0.5506287,0.30180588,0.042664044,0.08408364,0.70077103,0.35073197,0.82411593,0.5658515,0.21961147,0.5856012,0.31791192,0.23530377,0.48847148,0.108682595,0.35503396
0.13024333,0.73941445,0.4330505,0.1376663,0.58881676,0.5504294,0.3015026,0.042531658,0.08413768,0.70082486,0.35048744,0.8239039,0.5656998,0.2195554,0.5855303,0.31753722,0.23531018,0.4882147,0.108716644,0.3549668
0.13006221,0.73959404,0.43314052,0.13777761,0.5889176,0.55033576,0.30171946,0.04263154,0.08408402,0.7006876,0.35077518,0.82381517,0.5657705,0.2193551,0.5856409,0.31758904,0.23535049,0.48833773,0.10858773,0.35501435
0.13491075,1.0,0.058702543,0.10086684,0.46151477,0.5109964,1.0,0.057850163,0.09424045,0.35540986,0.34955215,1.0,0.19624946,0.20772597,0.25627086,0.3180073,0.9852583,0.14342391,0.11480727,0.27916828
0.13555783,1.0,0.05756771,0.100956365,0.4633829,0.5124828,1.0,0.05777801,0.09419309,0.35636786,0.35070685,1.0,0.19372888,0.208091,0.25689727,0.31904235,0.9894362,0.13935307,0.11505618,0.28031543
0.13467582,1.0,0.0584774,0.10087283,0.4613305,0.51031387,1.0,0.057891265,0.0939761,0.35492104,0.34942675,1.0,0.19608054,0.20759179,0.25594628,0.31765214,0.98628557,0.14333825,0.11479935,0.27907842
0.13478738,1.0,0.058502074,0.10071429,0.46133968,0.5106823,1.0,0.057770446,0.094023556,0.35494488,0.34971213,1.0,0.19594511,0.20753658,0.2559291,0.31777418,0.9864511,0.14320926,0.114720516,0.2791319
0.13458598,1.0,0.05846447,0.10087495,0.4614683,0.51051307,1.0,0.057839945,0.0939829,0.3549923,0.34983885,1.0,0.19612841,0.20758067,0.2559028,0.31788942,0.98619485,0.14317903,0.11481928,0.27913517
0.13431779,1.0,0.058487024,0.10083734,0.46149966,0.5106846,1.0,0.05788241,0.09407829,0.35489044,0.3498821,1.0,0.19606617,0.20761949,0.25592947,0.3177222,0.9865871,0.14309831,0.11480305,0.27930608
0.13173419,1.0,0.06024177,0.10151253,0.46867582,0.5202406,1.0,0.060939316,0.09106644,0.3739024,0.3514912,1.0,0.20282179,0.20653057,0.27413765,0.31849462,0.9541711,0.14780214,0.11346053,0.28201872
0.1317306,1.0,0.060114343,0.101507105,0.46879098,0.51963836,1.0,0.06092947,0.09101818,0.37404358,0.35113364,1.0,0.20259169,0.20659715,0.27402154,0.3182797,0.95430934,0.14770605,0.11338672,0.28201258
0.13125566,1.0,0.060287517,0.10155507,0.468807,0.51947254,1.0,0.060879316,0.0910685,0.37387568,0.3514327,1.0,0.20282824,0.20652719,0.27397183,0.31851667,0.95421696,0.14782225,0.11346751,0.2820497
0.131128,1.0,0.060248856,0.10148266,0.46881136,0.51939315,1.0,0.060975313,0.09101689,0.37395653,0.3511176,1.0,0.20258783,0.20647274,0.27411413,0.31831214,0.9544322,0.14769728,0.11348471,0.28203946
0.13127048,1.0,0.06019679,0.10154564,0.46885717,0.5194475,1.0,0.06078289,0.09097935,0.37403193,0.35121906,1.0,0.20277774,0.20647731,0.2741264,0.3183054,0.95450336,0.14770092,0.11346431,0.28203404
0.13152368,1.0,0.060226515,0.10148691,0.46877748,0.51984984,1.0,0.060771447,0.09091205,0.37392777,0.3513351,1.0,0.20263201,0.20657165,0.2740218,0.3182641,0.9545408,0.14775507,0.113562785,0.28214
0.122765094,0.7727017,0.42579582,0.14608388,0.59590393,0.49965107,0.31719863,0.049025014,0.08593245,0.6851284,0.33098304,0.86631215,0.60248196,0.23029801,0.57233274,0.3018067,0.24489355,0.51617473,0.11661116,0.36181352
0.12291068,0.7721741,0.42569646,0.14611356,0.5962493,0.49960762,0.31745774,0.049199942,0.08585625,0.68568206,0.33072475,0.86569923,0.60314673,0.23039748,0.57268435,0.30199254,0.24486102,0.51663154,0.11664994,0.3618077
0.12269662,0.7715871,0.42559054,0.14604528,0.59638137,0.49999183,0.31713322,0.048975073,0.08568134,0.68587506,0.33076787,0.86529005,0.60309315,0.23046036,0.57292664,0.30178863,0.24475229,0.5166618,0.11656459,0.36179408
0.12308059,0.7719539,0.42556036,0.14598727,0.5963971,0.50023603,0.3173832,0.049176246,0.08594628,0.68590444,0.33084956,0.865685,0.60334194,0.23054825,0.57300854,0.30212122,0.24459237,0.5167508,0.11656779,0.36188865
0.12298923,0.7711048,0.42543757,0.14605342,0.59655553,0.50060505,0.31704566,0.04909968,0.08579931,0.6860835,0.33074984,0.865048,0.6033237,0.23054814,0.57312393,0.302203,0.244315,0.51660407,0.11683632,0.3619246
0.12266258,0.77148235,0.4256271,0.14605877,0.596662,0.5001867,0.3172416,0.04916601,0.08568544,0.68622094,0.3307654,0.8653871,0.6035864,0.2305444,0.5733687,0.30190346,0.24445662,0.5170651,0.11661296,0.36195388
1.0,0.6651386,0.10194069,0.10834037,0.59015954,0.895526,0.2745286,0.092350975,0.07263037,0.7788212,1.0,0.7447187,0.33136988,0.19783285,0.66890013,0.7612555,0.21127252,0.23853771,0.100215636,0.36619562
1.0,0.6669974,0.10190734,0.10834794,0.5903597,0.89247954,0.2753779,0.09209092,0.07249243,0.77843374,1.0,0.74661696,0.33131835,0.19779612,0.66900045,0.76113456,0.21182665,0.2384052,0.099872366,0.36614978
1.0,0.6673633,0.10179892,0.108502515,0.59014297,0.8912771,0.2754494,0.09233223,0.072399355,0.7784981,1.0,0.7468164,0.33165848,0.19767223,0.6688877,0.7611671,0.21177122,0.23861736,0.099782765,0.366091
1.0,0.6674112,0.10181124,0.10832561,0.5900223,0.89028305,0.2756313,0.09231617,0.07264999,0.7782493,1.0,0.7470148,0.33126754,0.19763915,0.6687933,0.76093847,0.21202666,0.23840931,0.099877894,0.3661052
1.0,0.66775954,0.10174981,0.108445406,0.5899877,0.88986075,0.2756069,0.09237496,0.072536916,0.77823925,1.0,0.7473922,0.3315281,0.19761388,0.66864234,0.7610247,0.21195158,0.23860817,0.09991198,0.36591318
1.0,0.6672714,0.101807095,0.10839661,0.5901944,0.8896469,0.27546996,0.092174046,0.072461255,0.7781293,1.0,0.747024,0.33117402,0.19758463,0.6686965,0.7611249,0.21194114,0.23831709,0.09982946,0.36595246
1.0,0.6385552,0.10304084,0.10352849,0.6072426,0.8891525,0.26356307,0.09533879,0.07187096,0.80175626,1.0,0.7147493,0.33659655,0.19293647,0.68838644,0.7643651,0.20281625,0.24177988,0.09767101,0.37601537
1.0,0.6390866,0.10300177,0.103612095,0.6075809,0.88951427,0.26368144,0.09515805,0.07190745,0.8018233,1.0,0.71523356,0.33638835,0.19305255,0.68839216,0.76492614,0.20291851,0.24175239,0.09783013,0.37621227
1.0,0.6391633,0.103065655,0.103591375,0.6073977,0.88902503,0.26379186,0.09520326,0.07195063,0.8015481,1.0,0.71547574,0.33662114,0.19308043,0.6882851,0.7649235,0.20301986,0.24194129,0.09773986,0.37613085
1.0,0.6386309,0.10299947,0.103595376,0.6072698,0.8890374,0.26355946,0.09504264,0.07191401,0.8014947,1.0,0.71475875,0.33630472,0.19309197,0.6882501,0.764943,0.20283091,0.24183454,0.09769282,0.37599537
1.0,0.6385989,0.103156395,0.10359404,0.6072809,0.889,0.26356587,0.095126085,0.07199684,0.8015716,1.0,0.7149326,0.33675143,0.19304162,0.6884378,0.76504624,0.20276159,0.24204797,0.09773371,0.3760012
1.0,0.63903767,0.103102006,0.10351061,0.6073328,0.88800675,0.2639075,0.09507798,0.071867384,0.8016373,1.0,0.71513146,0.33652902,0.19297023,0.68835115,0.7649831,0.20280366,0.24184468,0.09764689,0.37605533
0.13645619,1.0,0.07572061,0.13337915,0.591803,0.54553556,1.0,0.078350365,0.077753335,0.70771766,0.3504838,1.0,0.25578576,0.21071662,0.5943244,0.31554344,1.0,0.18570298,0.10329466,0.36163664
0.13498929,1.0,0.07564164,0.13323894,0.59211475,0.5454319,1.0,0.07824246,0.07761801,0.70789605,0.3502979,1.0,0.2556673,0.21088569,0.5944733,0.31530955,1.0,0.18558778,0.10335059,0.3620169
0.13387494,1.0,0.07558843,0.13328812,0.5922197,0.54471076,1.0,0.07823053,0.07757907,0.70822865,0.35022032,1.0,0.25560248,0.21082965,0.59465843,0.31500503,1.0,0.18550026,0.103533484,0.36202106
0.13370259,1.0,0.0755193,0.13333826,0.5920359,0.544941,1.0,0.07821433,0.077550344,0.7080188,0.3502502,1.0,0.25541893,0.21081614,0.59452224,0.31507623,1.0,0.18530768,0.10339671,0.36206955
0.133852,1.0,0.07568321,0.13332976,0.5922917,0.5449878,1.0,0.07820025,0.07754515,0.70826536,0.35002804,1.0,0.2556681,0.21093503,0.5946203,0.31474486,1.0,0.1857061,0.10349681,0.3622198
0.13355441,1.0,0.07569693,0.13335988,0.5924165,0.5450183,1.0,0.078171,0.07762628,0.7081366,0.34994784,1.0,0.25549453,0.21099201,0.5948014,0.31475678,1.0,0.18546884,0.10350698,0.36232463
0.13937856,1.0,0.05831364,0.10190758,0.44742665,0.53809476,1.0,0.055531673,0.10156301,0.3539494,0.365281,1.0,0.19428225,0.21672754,0.26231328,0.33120543,0.9537182,0.14252566,0.11878754,0.2725284
0.13845368,1.0,0.058183115,0.101808526,0.44743907,0.53758013,1.0,0.05570998,0.10163999,0.35395348,0.36522377,1.0,0.19422965,0.21669424,0.26209816,0.33113092,0.95336837,0.14228253,0.118965894,0.2724837
0.1386648,1.0,0.058290012,0.10190354,0.4474285,0.53774804,1.0,0.05558049,0.10150473,0.35370046,0.3649833,1.0,0.19421759,0.21672077,0.26193586,0.3311648,0.9535678,0.14232561,0.118925884,0.27247778
0.1386323,1.0,0.058018893,0.10192308,0.44751573,0.53786635,1.0,0.055595666,0.101573594,0.35383502,0.36504835,1.0,0.1940932,0.21670185,0.26212147,0.33093244,0.95344824,0.14219117,0.11877074,0.27250156
0.13860159,1.0,0.058199216,0.10182227,0.4474387,0.53768677,1.0,0.055732176,0.1014877,0.35363418,0.36505377,1.0,0.1941354,0.21666485,0.2619168,0.33114275,0.95366746,0.14220005,0.11868406,0.27267078
0.13794142,1.0,0.05817059,0.10194835,0.4476287,0.5373035,1.0,0.055424254,0.101586424,0.3536987,0.36503538,1.0,0.19407886,0.21669348,0.26193354,0.33101335,0.9534231,0.14233927,0.1189217,0.2725607
0.16231585,0.60937667,0.10818849,0.3507028,0.5794367,0.6295671,0.24817604,0.09416384,0.60717106,0.77583563,0.37605953,0.6773523,0.3544826,0.6927061,0.66551334,0.33475342,0.19390368,0.2594971,0.45346516,0.3587094
0.16288076,0.6091494,0.10837483,0.35053244,0.57965475,0.6301631,0.24812713,0.093992285,0.60724086,0.775915,0.3757091,0.6770772,0.35466725,0.6926423,0.66563624,0.33446538,0.19378449,0.25978178,0.4533982,0.3587791
0.16311993,0.6090992,0.108498424,0.35057816,0.57983506,0.6303803,0.24798004,0.09408905,0.6073765,0.7761,0.37551805,0.6770781,0.3547074,0.6927146,0.66593146,0.33482826,0.19377524,0.2597689,0.45338944,0.35868305
0.16339132,0.60895723,0.10867388,0.3503779,0.5798087,0.63079125,0.24793895,0.093873985,0.6073485,0.7762346,0.37543553,0.67701596,0.35475022,0.6927188,0.6660535,0.33478674,0.19390403,0.25988865,0.45332742,0.3585428
0.16361612,0.6082261,0.10856675,0.35037196,0.57983875,0.63071823,0.24767987,0.094214685,0.6071956,0.77660525,0.37519142,0.6760426,0.35502145,0.69264174,0.66633916,0.33469474,0.19359052,0.26015532,0.4531621,0.358604
0.16359834,0.6087101,0.108647846,0.3503739,0.5799319,0.6309802,0.24764219,0.09414007,0.60721964,0.7767246,0.37555647,0.67650205,0.35492402,0.69267416,0.6663116,0.33466563,0.19368511,0.2601189,0.45311022,0.35860625
1.0,0.6613784,0.09902061,0.10953764,0.59905005,0.90227675,0.27245516,0.09090675,0.07350048,0.78204894,1.0,0.7393078,0.32276055,0.20041583,0.6704323,0.7564948,0.20998652,0.23195764,0.10065894,0.3704613
1.0,0.6617759,0.0989179,0.10968555,0.5989457,0.89986134,0.27266982,0.09096983,0.07351456,0.7816565,1.0,0.7399297,0.3222188,0.20025185,0.6699622,0.75643843,0.21041942,0.23170888,0.10064453,0.37025854
1.0,0.6615944,0.098928235,0.10961321,0.5987367,0.8988318,0.272668,0.09101904,0.07346372,0.781392,1.0,0.7400135,0.3227068,0.20010246,0.6698975,0.75675684,0.21020101,0.231857,0.10047308,0.37036875
1.0,0.66150725,0.0987452,0.10976909,0.59874105,0.89847875,0.27268323,0.09085501,0.07343205,0.7812509,1.0,0.739683,0.32243034,0.20017488,0.6697093,0.7566635,0.21024811,0.2317817,0.10051898,0.3702685
1.0,0.66147196,0.098849095,0.10972406,0.5986429,0.8983711,0.27285215,0.09094516,0.073450655,0.7811702,1.0,0.7398551,0.32253703,0.20011087,0.66962916,0.7567424,0.21033706,0.2317708,0.100327276,0.37029296
1.0,0.6615575,0.09877096,0.10975731,0.59877264,0.89753777,0.27283844,0.09088509,0.07334977,0.7812969,1.0,0.73988485,0.32221442,0.20005728,0.6696337,0.7566757,0.21025988,0.23172179,0.10043688,0.37035874
0.1565158,0.6160957,0.10185184,0.10341147,0.78995854,0.62928736,0.25544202,0.08337958,0.08152861,0.23027007,0.3862545,0.69457227,0.33075398,0.20595656,0.4758876,0.3455815,0.19434671,0.24332236,0.10618,0.876715
0.15651588,0.6160653,0.101920605,0.103544295,0.79040277,0.6298865,0.25539902,0.08323447,0.08166314,0.23127903,0.3860276,0.6943847,0.3307655,0.20622191,0.47663647,0.34550127,0.19450413,0.24333055,0.10630494,0.8776018
0.15607393,0.61686486,0.10195143,0.10356001,0.7913587,0.63022906,0.25558457,0.08323764,0.0817102,0.23159795,0.3862503,0.6952767,0.33139467,0.2063857,0.47705817,0.3457008,0.19455267,0.24383952,0.10648028,0.8783413
0.15556276,0.61566955,0.10196925,0.10338522,0.79086334,0.6296663,0.25522083,0.083401136,0.081816144,0.23169333,0.38587356,0.69410306,0.33091953,0.20639789,0.47711232,0.3455918,0.194382,0.24352728,0.10646026,0.8785216
0.15607212,0.6161006,0.10185939,0.103496745,0.79099286,0.62996244,0.25531036,0.08332416,0.08166584,0.23185447,0.38580313,0.6945484,0.33106363,0.20631547,0.4772938,0.3456213,0.19450592,0.24361446,0.106530376,0.87874746
0.1559272,0.6159205,0.101968475,0.10333564,0.79090273,0.63034093,0.25536788,0.08321758,0.081723645,0.23205112,0.38583237,0.6941845,0.33082458,0.2063646,0.47748658,0.345444,0.19438286,0.24341857,0.10648792,0.8787362
0.13369615,1.0,0.07686621,0.13450447,0.6030896,0.5495067,1.0,0.08123848,0.08105936,0.71017337,0.34911588,1.0,0.26050064,0.20221744,0.5890365,0.3131623,1.0,0.18881156,0.096884385,0.36322924
0.13388674,1.0,0.07673168,0.1345358,0.6030924,0.5493907,1.0,0.08117812,0.08109585,0.71020824,0.349145,1.0,0.26028758,0.20218559,0.58905786,0.31319478,1.0,0.18872453,0.09671067,0.36320207
0.13404988,1.0,0.07678869,0.13457225,0.6031091,0.54962236,1.0,0.081220135,0.08101659,0.7101445,0.34910604,1.0,0.2606026,0.20226307,0.5889865,0.31317022,1.0,0.18876588,0.09674108,0.3630751
0.13428175,1.0,0.07679943,0.13459615,0.60311127,0.54959714,1.0,0.081251495,0.081082135,0.71024156,0.3488406,1.0,0.2605181,0.20227085,0.5889947,0.3132171,1.0,0.18871641,0.09670942,0.36328182
0.13426682,1.0,0.07687479,0.13457726,0.6030877,0.54971063,1.0,0.081471525,0.08105806,0.7102683,0.34888324,1.0,0.26044938,0.20230696,0.5889787,0.3131375,1.0,0.18881044,0.09674935,0.36334148
0.13376798,1.0,0.07676103,0.13465609,0.60312015,0.549611,1.0,0.08136115,0.0810112,0.7102739,0.34907228,1.0,0.2605134,0.20225006,0.58902496,0.3133608,1.0,0.18881246,0.09670706,0.36339834
0.13482824,1.0,0.06493189,0.09967629,0.45744914,0.54188126,1.0,0.06145207,0.09186736,0.36882725,0.36157498,1.0,0.21601856,0.2057059,0.2729308,0.326666,0.94950986,0.15799026,0.11251119,0.27637547
0.13465026,1.0,0.06470761,0.0996185,0.45749024,0.54187596,1.0,0.06126576,0.09193045,0.368563,0.3614957,1.0,0.21601236,0.20557852,0.27277935,0.32696941,0.949177,0.1579476,0.11237955,0.27639836
0.13355322,1.0,0.06481645,0.09968357,0.45740798,0.54164356,1.0,0.06145426,0.091988884,0.36842027,0.36153758,1.0,0.21610485,0.20564237,0.27268595,0.32668525,0.94932574,0.15807399,0.11242604,0.2763035
0.13368201,1.0,0.06481975,0.09959241,0.45757127,0.54140776,1.0,0.061435636,0.09198148,0.3685522,0.36157617,1.0,0.21599686,0.2055296,0.27284014,0.32672983,0.94923264,0.15805621,0.1123437,0.2763722
0.133685,1.0,0.06493092,0.09958211,0.45774263,0.54195607,1.0,0.061499737,0.091956586,0.3685806,0.3616818,1.0,0.21605897,0.20567492,0.27278227,0.32691064,0.94943476,0.15816064,0.11242273,0.27646026
0.13372158,1.0,0.06494546,0.09962115,0.4576549,0.5420939,1.0,0.06118015,0.092028104,0.368606,0.36150008,1.0,0.21591064,0.20562868,0.27268684,0.32690147,0.94913054,0.15808742,0.11239359,0.2764873
