0.01282142,0.32073197,0.007111334,0.014068555,0.060449902,0.052823573,0.13453823,0.007885591,0.0087212715,0.06980736,0.03433224,0.31935742,0.024284597,0.02083227,0.057895776,0.03081802,0.10525008,0.017472882,0.0101302145,0.036269486
0.012758584,0.3205664,0.0071191657,0.014077816,0.06038866,0.05279729,0.13439138,0.007901867,0.008691522,0.06978444,0.03434426,0.31915292,0.024287079,0.020820213,0.057867546,0.030828174,0.10519651,0.01746491,0.010122614,0.036254115
0.012730866,0.32046327,0.0070982566,0.014079822,0.060350213,0.052769072,0.13431321,0.007876277,0.008688044,0.06977158,0.034353387,0.31901392,0.024260147,0.020822076,0.057857126,0.030802866,0.10516481,0.0174567,0.010115459,0.036241226
0.012746844,0.3204526,0.0071058525,0.014075067,0.060325045,0.05275008,0.1343067,0.007895376,0.008688719,0.06974801,0.034350287,0.31900844,0.024272894,0.020827247,0.057838574,0.030837234,0.10515861,0.017462451,0.0101057505,0.03622214
0.012715781,0.3203126,0.0070953527,0.014061284,0.060294945,0.0527273,0.13428296,0.007877206,0.008684539,0.069728404,0.034335725,0.3188097,0.024235193,0.020804256,0.05780813,0.030820709,0.105132446,0.017437449,0.010102953,0.03621991
0.012673928,0.3204229,0.0071123918,0.01408139,0.06029501,0.052741118,0.1342852,0.007873555,0.008675129,0.06973218,0.034366637,0.31896636,0.024257058,0.020827444,0.057815503,0.0308452,0.10514779,0.017461129,0.01010765,0.03621656
0.01302502,0.31630713,0.007755135,0.013515053,0.060223572,0.054576673,0.13266818,0.008063932,0.008174963,0.071625255,0.03490583,0.31469226,0.026221963,0.02096921,0.059917726,0.031204795,0.10379839,0.018941447,0.0102857165,0.036427997
0.013062955,0.3162825,0.007766881,0.0135083925,0.06021481,0.054630056,0.13265942,0.008063874,0.008174562,0.071613654,0.034930773,0.31467864,0.026243458,0.020971587,0.059910435,0.03119904,0.10378857,0.01895971,0.010292008,0.0364092
0.01309255,0.3162629,0.0077659558,0.013511069,0.060211692,0.054654006,0.13263136,0.008083548,0.008174311,0.07163815,0.034926265,0.31465876,0.0262207,0.020969972,0.059902504,0.031236345,0.10378055,0.018927066,0.010283535,0.036418665
0.0130319465,0.3164585,0.007766722,0.013511186,0.060248103,0.054620266,0.13268493,0.008056278,0.00818231,0.07166065,0.034939274,0.31482103,0.026253972,0.020984009,0.05993044,0.031233314,0.103823416,0.018961068,0.010284946,0.03643704
0.013018206,0.31626874,0.0077638645,0.013517732,0.06020059,0.054602966,0.1326228,0.008074234,0.008185987,0.07161027,0.034945056,0.31464198,0.026225403,0.020964207,0.059898157,0.031226382,0.10377878,0.01894494,0.010281254,0.036416326
0.013060219,0.316303,0.0077696783,0.013525007,0.06019852,0.054605573,0.13261512,0.008080983,0.008174556,0.07161423,0.034935568,0.31469005,0.02625347,0.020973515,0.059900634,0.031237928,0.10379196,0.018955924,0.010278046,0.036416482
0.160579,0.065698765,0.010302066,0.010946041,0.05669415,0.08856684,0.027064005,0.009429328,0.0076390486,0.07713041,0.110855065,0.07347622,0.03356887,0.020121852,0.06669918,0.07806746,0.02087555,0.0240388,0.01024395,0.035285793
0.16084513,0.06567037,0.010286673,0.010950622,0.056627985,0.08796195,0.027083544,0.009438183,0.007625202,0.077060916,0.11115913,0.073436245,0.033544198,0.020099018,0.0666571,0.07806058,0.020877235,0.02402142,0.010235544,0.03522597
0.16084823,0.06566368,0.010277143,0.010941823,0.05660391,0.08777027,0.027101528,0.009433315,0.0076129916,0.07702891,0.111281075,0.073422395,0.033508327,0.020098448,0.066605136,0.07807724,0.020870065,0.024003772,0.010216466,0.035218325
0.1608905,0.06560901,0.010278366,0.010945763,0.056602243,0.08759017,0.027059862,0.009449828,0.0076085893,0.0770205,0.11132084,0.07338413,0.033536136,0.020079171,0.066610366,0.078031324,0.020848172,0.024029167,0.010224639,0.035201948
0.16089715,0.06559362,0.010278899,0.010949766,0.056595955,0.08752958,0.027075611,0.009428312,0.0076070693,0.0769836,0.11138934,0.073368065,0.033517618,0.020071553,0.06658833,0.07806591,0.020832876,0.024009708,0.010216003,0.03519148
0.1609222,0.06555087,0.0102885775,0.010939379,0.05657031,0.08748402,0.02704877,0.009446894,0.007606433,0.07697653,0.11137902,0.07332036,0.033542994,0.020075614,0.066584915,0.078043774,0.02083998,0.024017457,0.010210665,0.035184562
0.013298429,0.3152249,0.0072386283,0.014234439,0.05850415,0.053723715,0.13217193,0.007857553,0.008673099,0.06865129,0.034827936,0.3138198,0.024630211,0.02138613,0.0572059,0.031264685,0.10342922,0.017749116,0.010388535,0.03525512
0.0132049555,0.31606185,0.007250202,0.01423601,0.058523398,0.053711195,0.13249777,0.007861908,0.008670245,0.068667226,0.034794115,0.31464913,0.024634589,0.021398509,0.057214167,0.031237911,0.103704385,0.017756134,0.010390645,0.035267077
0.013145381,0.31641337,0.0072185914,0.014236053,0.058532935,0.05368948,0.13263546,0.007863239,0.00867122,0.06866393,0.034764055,0.31495458,0.024618546,0.02141196,0.057206623,0.031207617,0.103816696,0.0177351,0.010402366,0.03528597
0.013080973,0.31668144,0.0072477735,0.014220634,0.058545273,0.05371518,0.13274954,0.007851449,0.00866733,0.068685524,0.034798384,0.31521356,0.024638293,0.021401126,0.05722146,0.031231476,0.10390399,0.017763274,0.010400741,0.035289817
0.013047356,0.31688005,0.0072435574,0.014210762,0.05854565,0.05365574,0.13284314,0.007847542,0.00865716,0.06868273,0.034759074,0.3154205,0.02462677,0.021412803,0.05721209,0.031191967,0.103971586,0.017742636,0.010413868,0.035292137
0.013044904,0.31697607,0.00724089,0.014229939,0.058552746,0.053696733,0.1328746,0.007854426,0.008667334,0.06870066,0.03474971,0.31550676,0.024622787,0.021396844,0.05723407,0.031199144,0.10399622,0.017749311,0.01039528,0.035294842
0.015554002,0.064070106,0.010498463,0.035821013,0.057920218,0.06186074,0.026084838,0.008991701,0.061818816,0.076910675,0.037445538,0.071064085,0.034237627,0.07044267,0.066149846,0.033342306,0.020398274,0.024993043,0.046658985,0.03579246
0.015565843,0.06405139,0.010496297,0.03578871,0.057924867,0.061844423,0.026103487,0.009007841,0.061805286,0.07690265,0.03741128,0.07107111,0.034264177,0.070429,0.06615445,0.03331928,0.020399157,0.025016937,0.046627823,0.035787906
0.015545396,0.06401267,0.010498433,0.035766643,0.0579486,0.061850544,0.026090737,0.008997122,0.061810497,0.07690071,0.037402485,0.07104246,0.034249462,0.070439,0.06616348,0.033303544,0.02039336,0.025001967,0.046613827,0.035791542
0.015574676,0.06406318,0.010516795,0.03575996,0.05797335,0.061873723,0.026116677,0.009008706,0.06180194,0.07692181,0.03740785,0.07109081,0.034281783,0.07043801,0.0661756,0.033300217,0.020393834,0.025035242,0.046619594,0.035794605
0.015596013,0.064016186,0.010502071,0.03573593,0.057932686,0.0618617,0.02611123,0.009004184,0.061796613,0.07690654,0.037384935,0.07104183,0.034219634,0.070403025,0.06615591,0.033324935,0.020386728,0.02500123,0.046601545,0.035778493
0.015607637,0.06407253,0.010509367,0.035743803,0.05795727,0.06190364,0.026130382,0.009002273,0.061804008,0.07691991,0.037388824,0.07110871,0.03429841,0.070457116,0.06618491,0.033321336,0.020401979,0.025027007,0.04659687,0.035781085
0.012537705,0.08014636,0.043550484,0.01417142,0.059657596,0.052597996,0.032714903,0.003972156,0.008828333,0.068843745,0.03408131,0.089050315,0.056604676,0.021158008,0.057261724,0.030842334,0.025527114,0.048802227,0.010594807,0.035695422
0.012516239,0.08012551,0.043561287,0.014166565,0.059662048,0.052655406,0.032683115,0.0039656926,0.0088231135,0.06887716,0.034087196,0.08905317,0.056578025,0.021168763,0.057274483,0.030835722,0.02552358,0.048779473,0.010603883,0.035702776
0.012542838,0.08010804,0.043563318,0.0141773885,0.059691604,0.05268376,0.032701597,0.003961667,0.008808786,0.06887955,0.034109555,0.08905595,0.05661281,0.021175658,0.057282325,0.030878378,0.025507905,0.048795078,0.010603459,0.0357192
0.012495176,0.08011864,0.043549646,0.014173357,0.059685223,0.052653056,0.032692954,0.0039770217,0.008819894,0.06888375,0.034115594,0.08905067,0.05660769,0.02116505,0.057269167,0.03088139,0.025514279,0.048816513,0.010610813,0.035723086
0.012493352,0.08013827,0.043552857,0.0141740795,0.05969279,0.05264096,0.03268868,0.0039711567,0.008814186,0.068859436,0.03410325,0.08907726,0.056601226,0.021177353,0.05728351,0.030858848,0.025519555,0.048793897,0.01060936,0.035720512
0.012482851,0.080146305,0.04355058,0.014162357,0.059667397,0.05266169,0.03271418,0.003946778,0.0088220015,0.068876565,0.03410436,0.08909499,0.05659177,0.021173608,0.05727741,0.030877609,0.02552946,0.04878968,0.010610817,0.03571181
0.05408515,0.059390448,0.010800504,0.009393046,0.041007802,0.08154629,0.024671031,0.008533719,0.010841496,0.04305048,0.059688393,0.06687425,0.034756966,0.021720722,0.03575908,0.057739213,0.018723136,0.025422,0.011678446,0.024842769
0.054301154,0.05934711,0.010825754,0.009395887,0.040985953,0.081345364,0.024621308,0.0085667325,0.010849938,0.042919394,0.059880894,0.06678245,0.034799423,0.021711662,0.035642877,0.057813667,0.018708052,0.025448876,0.011681857,0.0248121
0.054373186,0.05935983,0.010812815,0.009387853,0.040952954,0.08118268,0.024661766,0.008549732,0.010833709,0.042859312,0.059949894,0.06679374,0.03477231,0.021704046,0.03559365,0.05784632,0.018725587,0.025425257,0.011678439,0.024781514
0.054414187,0.059327938,0.010817321,0.0093836,0.040953055,0.08115075,0.024632895,0.008570952,0.010827473,0.04281403,0.060002524,0.06676726,0.03480149,0.021696685,0.03555195,0.057887487,0.018710503,0.025446055,0.0116784815,0.02477771
0.054495864,0.05933843,0.01081355,0.009385085,0.04094586,0.08112557,0.024620458,0.008552505,0.010823476,0.042784773,0.060059812,0.066764414,0.034787763,0.021694548,0.03551604,0.057918776,0.018703338,0.025439737,0.011674895,0.024776913
0.05452582,0.05934193,0.0108194025,0.009377758,0.040930472,0.08104786,0.024641287,0.008546319,0.0108323805,0.04275113,0.06009839,0.06677116,0.03481855,0.02169976,0.035506584,0.057925753,0.01870089,0.025443783,0.011682714,0.024750337
0.013375143,0.29797554,0.0057876776,0.010273081,0.04691483,0.050846968,0.11935445,0.005895345,0.0094290115,0.03607715,0.034879852,0.30062404,0.019479988,0.020762568,0.02616109,0.03162642,0.09807395,0.014142947,0.011701109,0.02826113
0.013326289,0.2983956,0.005782112,0.010275764,0.046943374,0.050837733,0.11958107,0.0058874055,0.009427525,0.036130723,0.034906253,0.3010019,0.019476019,0.020757327,0.026208637,0.031631112,0.0982278,0.014136318,0.011696107,0.02827493
0.013276095,0.29861388,0.005777323,0.010279083,0.046948627,0.050823715,0.11964742,0.005891178,0.009413006,0.03613928,0.034927826,0.30117723,0.019471763,0.02076114,0.0262032,0.031630985,0.098301284,0.014147235,0.011715963,0.02829013
0.013202036,0.29881728,0.0057802685,0.010280086,0.046935968,0.050760005,0.119755104,0.0058850236,0.009431171,0.036154866,0.034941398,0.30142462,0.019468542,0.020766407,0.026218915,0.03162635,0.09837495,0.014152495,0.011708901,0.028294628
0.013199351,0.29902467,0.0057815094,0.010288523,0.046947617,0.05078268,0.11981133,0.005903882,0.009445645,0.036148652,0.03493754,0.3015451,0.019488696,0.020786535,0.026227282,0.03163686,0.09844527,0.014146049,0.011720641,0.028317261
0.013129061,0.29898447,0.0057823043,0.010271295,0.046934903,0.050786827,0.11985119,0.0058948747,0.009427348,0.036157552,0.034938805,0.30155057,0.019467324,0.02076964,0.026227733,0.031614218,0.0984399,0.01412757,0.011700292,0.028307414
0.014536809,0.06864323,0.010138856,0.036008067,0.05860478,0.05951823,0.028004602,0.0089343125,0.060912017,0.075911015,0.036406636,0.07622372,0.033255994,0.06998261,0.06502878,0.03245483,0.021857565,0.024243845,0.04640429,0.036057662
0.014538234,0.06856703,0.010172109,0.036002144,0.05862576,0.05959057,0.027997915,0.008939887,0.060889885,0.07595905,0.03639561,0.07617024,0.033297397,0.06999705,0.065073736,0.03248457,0.021820966,0.024284348,0.046395715,0.036059216
0.014553904,0.06859117,0.010173961,0.035983983,0.058623932,0.059575353,0.02799521,0.008945062,0.0609103,0.07597799,0.036376555,0.076198235,0.033283226,0.07001247,0.06509393,0.032483872,0.021842526,0.024279155,0.046396207,0.036043726
0.014607334,0.06856837,0.010190393,0.035982493,0.058626004,0.05958648,0.027993083,0.008931031,0.06090673,0.07602088,0.036368735,0.07616327,0.033343177,0.0699993,0.06509945,0.032450695,0.021826558,0.024313496,0.046386905,0.036043778
0.014619337,0.0685491,0.010165152,0.03597875,0.058622472,0.059603848,0.02799287,0.008926284,0.060913682,0.07600609,0.036363773,0.07615396,0.03330201,0.06998922,0.06509788,0.032480136,0.021823559,0.02430239,0.046378657,0.036026448
0.014601086,0.06855648,0.010183472,0.03598082,0.058641903,0.059630904,0.027975047,0.008933516,0.06090859,0.07601457,0.0363692,0.07615935,0.033333912,0.07000012,0.06511351,0.032479662,0.021823112,0.02432269,0.04637917,0.036037493
0.053083863,0.05863532,0.010945569,0.009311175,0.043161765,0.07933724,0.024386661,0.008507051,0.01068521,0.044535786,0.058625467,0.06605359,0.035153594,0.02140213,0.03703444,0.056590274,0.01846511,0.025744809,0.011574417,0.026224898
0.053240713,0.058683883,0.010956727,0.009312739,0.04315386,0.079294875,0.024392758,0.008524499,0.010685245,0.044488855,0.058764588,0.06609605,0.035171993,0.021400653,0.036973666,0.056680344,0.018483363,0.02575847,0.011567452,0.026211804
0.053345688,0.05863643,0.010961478,0.009303468,0.043146253,0.07925648,0.024376487,0.00849819,0.0106682535,0.04444183,0.058811244,0.06605625,0.035149608,0.021407412,0.036932617,0.05670327,0.018468104,0.025731796,0.01158147,0.026203385
0.05340144,0.05863774,0.010962505,0.009301202,0.043138415,0.079247884,0.02438452,0.0085106855,0.010674221,0.044427376,0.058837004,0.06603167,0.03517784,0.021403782,0.036918785,0.056719903,0.01846279,0.0257629,0.01158207,0.02620508
0.053398132,0.058609754,0.010953305,0.009302725,0.0431436,0.079225264,0.024377326,0.00852431,0.010665806,0.04442321,0.05884905,0.066020586,0.03515337,0.021399181,0.036912385,0.056722816,0.018457212,0.0257291,0.011579048,0.026197989
0.053427592,0.058667067,0.010965817,0.009315896,0.043150544,0.07922067,0.024384925,0.008503522,0.010672443,0.04442594,0.058872685,0.06606805,0.03517958,0.021398557,0.03690522,0.05673921,0.01847681,0.02576747,0.011584277,0.026205933
0.0124217905,0.07988931,0.043210257,0.014467415,0.059177816,0.04937566,0.032747056,0.004149491,0.0089265015,0.06742197,0.03306856,0.08911806,0.05826996,0.021714898,0.05615768,0.030142296,0.025381597,0.050082795,0.011018096,0.03556748
0.012337455,0.07990131,0.043211248,0.014482206,0.059192643,0.049391232,0.032757025,0.004128478,0.008914444,0.067490436,0.033097245,0.08914422,0.05825224,0.021745218,0.05621893,0.03014468,0.025393428,0.05006544,0.011011315,0.035585206
0.012295813,0.07993086,0.043214105,0.014484054,0.0591925,0.049374405,0.03276698,0.0041394485,0.008910517,0.06749243,0.03311318,0.089177035,0.0582656,0.021754216,0.056233488,0.03016862,0.02538065,0.050066598,0.011017266,0.035588354
0.012316438,0.079959914,0.04322188,0.014489053,0.059220552,0.049405765,0.032783605,0.004157089,0.008897633,0.06753822,0.03311712,0.08923489,0.058252443,0.021766772,0.056262273,0.030173263,0.025405051,0.050081093,0.011021406,0.035601202
0.012340739,0.07991187,0.043203562,0.014475705,0.05922196,0.049431078,0.032774273,0.0041368664,0.008897825,0.06755047,0.033122845,0.08917004,0.058255464,0.021770587,0.056270506,0.030183887,0.025394164,0.05006272,0.011012763,0.035609297
0.012282257,0.079960406,0.04321514,0.014473303,0.059218764,0.04943832,0.032830954,0.004173874,0.008890027,0.06755489,0.0330947,0.089259595,0.058277756,0.02178622,0.056277156,0.030207586,0.025412032,0.05008581,0.01101696,0.035595257
0.16084512,0.06388095,0.010772494,0.010597685,0.058814406,0.0890116,0.026409317,0.009712033,0.007504507,0.078609996,0.109406695,0.071538694,0.035012554,0.019686067,0.06776896,0.07690122,0.020258332,0.025124753,0.010075985,0.036390945
0.16105969,0.06401537,0.0107456995,0.010600466,0.058777064,0.08850025,0.026481614,0.009730554,0.0074848053,0.07855249,0.10970281,0.071685515,0.03497655,0.01966451,0.06772266,0.0769203,0.02030624,0.025095694,0.010040525,0.03637861
0.16117592,0.06398996,0.0107249515,0.010601156,0.058767788,0.08831828,0.02647006,0.009717518,0.007491163,0.078538805,0.10981432,0.07166949,0.0349784,0.019659031,0.06772293,0.076913066,0.02030656,0.025090963,0.010031585,0.036367014
0.1612367,0.06407714,0.010741677,0.0106020495,0.05876327,0.08824238,0.026526306,0.009719753,0.007480822,0.07854701,0.10989104,0.07173385,0.034967106,0.01965789,0.06771862,0.07690263,0.02032876,0.025073629,0.010031848,0.036370635
0.16123171,0.064031206,0.010719453,0.010608085,0.058744177,0.08816309,0.026500465,0.009727309,0.0074751447,0.07854529,0.109908625,0.07170689,0.034962162,0.01965763,0.06771864,0.076896176,0.020324111,0.025079727,0.010026231,0.036361307
0.16133027,0.064109385,0.0107362615,0.010610201,0.05873988,0.0881369,0.026496928,0.00972554,0.007475283,0.07853978,0.10997516,0.07176557,0.03497943,0.01965235,0.06771752,0.076912045,0.020341497,0.025086394,0.010020719,0.036355484
0.013396646,0.2955662,0.006118419,0.010076664,0.046267703,0.05344501,0.11834842,0.006241909,0.009658249,0.036329906,0.036108065,0.2976622,0.02067559,0.020827005,0.026515862,0.03258235,0.09737961,0.015022948,0.011646438,0.027807182
0.013253848,0.29590452,0.0061403294,0.010081901,0.04629563,0.05340426,0.11852363,0.0062373164,0.009674088,0.03631961,0.036109697,0.29797173,0.020668441,0.020846352,0.026525512,0.03255969,0.09749243,0.015004981,0.01165305,0.027814744
0.013212493,0.29606327,0.0061440836,0.010085498,0.04631447,0.053398967,0.11858884,0.006237249,0.00966055,0.036334235,0.036090232,0.2981315,0.020707771,0.02086102,0.026534488,0.032556262,0.09752129,0.015018889,0.011669964,0.027824415
0.013175692,0.2959049,0.0061350553,0.010073691,0.046296995,0.05338626,0.118550844,0.0062318896,0.0096708825,0.036325198,0.036103703,0.2979638,0.020657072,0.020845914,0.026515897,0.032553464,0.09749326,0.015013001,0.011660161,0.027826723
0.013178048,0.29610986,0.0061308094,0.010076853,0.046319943,0.053395268,0.11861709,0.006233066,0.0096820975,0.036348186,0.036121603,0.2981646,0.02069658,0.020853098,0.026529348,0.032563794,0.09753846,0.015024065,0.011658721,0.027828764
0.0131044295,0.29610848,0.0061387736,0.010086025,0.046313144,0.05334462,0.11863009,0.006218579,0.009692443,0.036324397,0.03611593,0.29816747,0.02065797,0.020851564,0.026532032,0.032571983,0.09755024,0.015006702,0.0116700325,0.027823118
0.012811767,0.31561863,0.008008954,0.013339285,0.060157053,0.054113865,0.13256676,0.008326076,0.0079787215,0.0710913,0.034914266,0.3141446,0.027077721,0.020689176,0.059571996,0.031229971,0.10357545,0.01956609,0.010211968,0.036502548
0.012853956,0.31529883,0.008016228,0.013337592,0.06014353,0.054128677,0.13237594,0.008337289,0.007978321,0.07112297,0.034916893,0.31381357,0.027068451,0.020685095,0.059593197,0.031212464,0.10346093,0.019538602,0.010199172,0.03650875
0.012852953,0.31532055,0.0080013415,0.013340546,0.060143553,0.05414174,0.13238777,0.008318619,0.007974215,0.07112755,0.034898613,0.31382343,0.02704868,0.020687712,0.05961267,0.031230826,0.10346578,0.019554378,0.010204991,0.036514968
0.012861433,0.3152074,0.008021649,0.013341288,0.060163092,0.05411814,0.13230316,0.008324476,0.007975459,0.07118608,0.03488157,0.31371,0.027055738,0.02069264,0.059642274,0.031212717,0.103420824,0.019560771,0.010196253,0.03652151
0.012849674,0.31514484,0.008011449,0.013334498,0.06017467,0.05413475,0.1322989,0.008330867,0.007994581,0.07119175,0.03488065,0.3136415,0.02707971,0.020690918,0.059664134,0.031229984,0.10339453,0.019578405,0.010196708,0.036520034
0.012890152,0.31517777,0.00801788,0.0133482795,0.060179498,0.054128237,0.13229981,0.008321775,0.007981746,0.07120029,0.034873836,0.31367072,0.027077416,0.020709274,0.059670273,0.031205626,0.10340418,0.019565243,0.010198363,0.03652288
0.013206804,0.3171528,0.0077395225,0.013675727,0.05885894,0.055651642,0.13308002,0.008295889,0.008239191,0.07007134,0.035507306,0.31569788,0.026308829,0.020747645,0.058550306,0.03170827,0.10405753,0.018978262,0.010148587,0.035541687
0.013169576,0.31721732,0.007755813,0.0136643145,0.05887069,0.055644307,0.13307266,0.00829208,0.00823219,0.07009359,0.035500124,0.3157399,0.026305083,0.020739019,0.058556378,0.031694453,0.10408234,0.018969413,0.010149804,0.03555582
0.013207582,0.31721923,0.0077562504,0.013687091,0.058864247,0.055644006,0.1330755,0.008278185,0.008244773,0.070098445,0.035501488,0.31574142,0.026303051,0.02075721,0.05856603,0.031695023,0.104078494,0.018969357,0.010159794,0.03555397
0.013199796,0.31729943,0.007745794,0.013672766,0.058884297,0.05567208,0.13311864,0.008283812,0.0082345605,0.07011968,0.035505626,0.31581795,0.026305314,0.02074216,0.058590483,0.031704962,0.104115985,0.018982332,0.010148401,0.035561334
0.013199525,0.3173041,0.007758617,0.0136768175,0.058863442,0.055627506,0.13311341,0.008301856,0.008232999,0.070101894,0.03549039,0.31584165,0.02631474,0.020742908,0.058588155,0.03171126,0.104106,0.01897646,0.010153733,0.035557248
0.013158278,0.31733465,0.007757027,0.0136742,0.05886942,0.05563468,0.13312916,0.008286089,0.008237081,0.07010621,0.035500966,0.31585923,0.026285838,0.020746691,0.05858021,0.03171394,0.10414266,0.018962666,0.010152136,0.035555575
0.012170465,0.07905697,0.04337566,0.014390078,0.060543563,0.0510086,0.032216936,0.0041478314,0.008987351,0.06883038,0.03354792,0.08780849,0.057338342,0.021465063,0.057008527,0.030396424,0.02520483,0.049355928,0.010693376,0.036166523
0.012175682,0.078971185,0.04336658,0.014391737,0.060559932,0.051100828,0.032198727,0.0041707144,0.0089974785,0.06886745,0.033546414,0.0877332,0.057404242,0.02147595,0.0570321,0.030435478,0.025164861,0.049399596,0.010703124,0.036170386
0.012141755,0.07891303,0.04335924,0.014393042,0.060573403,0.05112526,0.032178298,0.004161136,0.008986353,0.06888698,0.033542417,0.087663844,0.057412818,0.021470357,0.057040755,0.030397743,0.025139196,0.049409263,0.010699782,0.03616445
0.012132109,0.07893096,0.04337202,0.014378987,0.06058405,0.05109931,0.032189615,0.004169631,0.008990192,0.06889176,0.0335456,0.0876856,0.057447057,0.02148601,0.057044387,0.030407885,0.025149485,0.049433142,0.0107055055,0.036166515
0.012147167,0.078872845,0.04334982,0.0143850865,0.060577463,0.05109828,0.032180063,0.0041653677,0.009008856,0.06889007,0.03351671,0.087646484,0.057463914,0.021480026,0.05704371,0.030391132,0.025139142,0.049453482,0.010708551,0.0361671
0.012165759,0.07892013,0.04335462,0.014378978,0.060580622,0.05109893,0.032196566,0.0041793603,0.0089750895,0.06889864,0.033523656,0.08766486,0.057473194,0.021488564,0.057051577,0.03038696,0.025144078,0.049465694,0.010705151,0.036163438
0.16368158,0.0665636,0.009911365,0.010867782,0.060768947,0.09088577,0.027548732,0.008774108,0.0077454015,0.079203606,0.1081223,0.07465312,0.03217108,0.020254912,0.068282805,0.07589601,0.021089915,0.023104137,0.010476993,0.03771474
0.16391273,0.06663911,0.009912151,0.010862223,0.060722873,0.090531826,0.027603855,0.008777103,0.0077583347,0.07913667,0.1083702,0.074719705,0.03211282,0.020224892,0.068225645,0.075908944,0.021130372,0.02307021,0.010448232,0.03767828
0.16393274,0.06664346,0.009909107,0.010861612,0.060705476,0.090417944,0.027597835,0.008779897,0.0077391583,0.0790746,0.108456,0.07473087,0.032139897,0.020225603,0.06819133,0.075921156,0.021127645,0.023070814,0.010442108,0.037675407
0.16397448,0.066628344,0.00991458,0.010865038,0.06069895,0.0903482,0.027605526,0.008798926,0.0077331807,0.07908686,0.10850618,0.07472689,0.032119833,0.020213433,0.06818211,0.07590369,0.021124369,0.023056708,0.010444093,0.037669916
0.16411017,0.066638306,0.009899557,0.0108645,0.060686305,0.090375036,0.027611481,0.008801734,0.0077299583,0.07905457,0.10854721,0.07474157,0.032137465,0.020220684,0.06816906,0.075934775,0.021120083,0.02307534,0.010437761,0.037664607
0.16410834,0.066636324,0.009905898,0.010861866,0.060683608,0.090306774,0.027606836,0.008789354,0.0077247894,0.079045676,0.10857238,0.074735,0.032118928,0.020208402,0.06815818,0.07591184,0.021140348,0.023066865,0.010436845,0.037655607
0.16151594,0.06409203,0.010728498,0.010583791,0.05895985,0.08821125,0.026495552,0.0095407935,0.007589964,0.07864921,0.11010747,0.0717883,0.03489237,0.019806243,0.06800701,0.076986864,0.020348148,0.025068546,0.010182904,0.036692366
0.16152501,0.06409958,0.010733596,0.010586386,0.058951188,0.08820334,0.026507476,0.009547337,0.007605239,0.07863427,0.11010358,0.071791045,0.03488939,0.019803483,0.06799183,0.07699894,0.0203428,0.025059024,0.010179975,0.036677033
0.16158436,0.064086966,0.010735086,0.010574555,0.058956407,0.08824894,0.02651303,0.009558049,0.0076132524,0.0786333,0.11016885,0.07176131,0.03490254,0.019798035,0.06799143,0.076999955,0.020329595,0.025062745,0.01017191,0.03668703
0.16157721,0.06407784,0.010750099,0.010580267,0.05896659,0.08818637,0.026482003,0.009535073,0.007609868,0.07864302,0.11016151,0.07176914,0.034865037,0.019797388,0.06799631,0.07698595,0.020327715,0.025057733,0.010173818,0.03667741
0.16158672,0.06411218,0.010741363,0.01058388,0.058958545,0.0881569,0.026524803,0.009550923,0.007606879,0.07861216,0.11015536,0.07179463,0.034899663,0.019812029,0.06798241,0.07700248,0.02033624,0.025067005,0.010177955,0.03668211
0.16154559,0.06412437,0.0107431,0.01059302,0.058934815,0.08813806,0.026534418,0.009554179,0.007592524,0.07863232,0.110180885,0.07180111,0.034887116,0.01980167,0.06797807,0.07700218,0.020343512,0.025054354,0.010170371,0.0366762
0.012931759,0.08238527,0.042747162,0.014893932,0.05971489,0.050563972,0.03387133,0.00464164,0.00916852,0.06654156,0.033877023,0.09203523,0.06003527,0.021506792,0.05512021,0.03085552,0.026182663,0.051378977,0.010872207,0.0358318
0.012704605,0.08235546,0.04274869,0.014876832,0.05976107,0.05052822,0.03388648,0.0046483567,0.009139843,0.066589825,0.03386023,0.092014864,0.060162816,0.021555737,0.05514714,0.030818218,0.02616521,0.051477473,0.010896166,0.035849452
0.012656407,0.08238054,0.04274023,0.01488914,0.05977488,0.050557256,0.03386828,0.00465752,0.0091241775,0.06659532,0.03388562,0.09205466,0.06018816,0.021564536,0.055165228,0.030862892,0.026170967,0.05148943,0.010891157,0.035860453
0.01261659,0.08237196,0.042743463,0.014874577,0.059779037,0.050531924,0.033863354,0.0046639657,0.009120752,0.066595644,0.033857606,0.092052035,0.060224682,0.021574073,0.05516433,0.030831872,0.0261781,0.051528145,0.010903407,0.03586086
0.0126021905,0.08230095,0.042731706,0.014881045,0.05979752,0.050559018,0.03387061,0.00465489,0.009121445,0.06660801,0.033912964,0.09198348,0.06023285,0.021578413,0.055175275,0.030884245,0.026145454,0.051528968,0.010901627,0.03586539
0.012556905,0.08234066,0.042751167,0.014876558,0.059805807,0.05057673,0.03389661,0.004679371,0.009122683,0.06662151,0.03387836,0.09202134,0.06026966,0.02158214,0.055181988,0.030867886,0.02616456,0.051557068,0.010905877,0.03587021
0.012973985,0.31907648,0.008033882,0.013650801,0.058520194,0.055117246,0.1338541,0.008401108,0.008302325,0.06976009,0.03511027,0.3176776,0.027165417,0.020679547,0.058284182,0.031324394,0.10472728,0.019621443,0.0100611355,0.0353369
0.013040803,0.31893474,0.008024425,0.0136488015,0.058474485,0.055091567,0.13378498,0.008403945,0.008286965,0.0697635,0.035087667,0.317486,0.027129522,0.020689258,0.058283366,0.031300295,0.1046787,0.019591054,0.0100481,0.035311926
0.013014278,0.31883126,0.008005336,0.013658396,0.05847785,0.055112362,0.13372205,0.008406412,0.008296524,0.06974667,0.035086326,0.31738618,0.027142627,0.020668883,0.05827861,0.03130128,0.10465117,0.019601343,0.010035014,0.0353171
0.0130359465,0.3189692,0.008019825,0.013653146,0.058487874,0.05512101,0.1337752,0.0084021045,0.008301283,0.0697847,0.03506868,0.317498,0.027132828,0.02066294,0.058293276,0.031312272,0.10466741,0.019592548,0.010051152,0.035324756
0.013056645,0.31874546,0.008012688,0.0136541,0.05848775,0.055195246,0.13371424,0.008394444,0.008300937,0.06976494,0.035114806,0.3172923,0.027128518,0.020666799,0.05828501,0.03134231,0.10459807,0.019585345,0.010029443,0.035327967
0.013057194,0.31875902,0.0080302805,0.013652154,0.058485344,0.055098172,0.13366823,0.008399701,0.0082906075,0.06975889,0.035038594,0.3172995,0.027133534,0.020668495,0.058283772,0.03130909,0.10461922,0.019600289,0.010037908,0.035318766
0.1632821,0.068441354,0.00943524,0.011189723,0.059298158,0.09019003,0.028256416,0.00876284,0.00746626,0.07762213,0.109457485,0.07651024,0.030768989,0.020089827,0.066654384,0.0768498,0.021737237,0.02204531,0.010227193,0.036596138
0.1634938,0.06845192,0.0094278725,0.011200324,0.059258156,0.09001248,0.02827577,0.008749484,0.0074762483,0.07755631,0.10967466,0.076542616,0.030727021,0.020074775,0.06662261,0.07687188,0.021752486,0.02200311,0.010212722,0.036576483
0.1634822,0.06844127,0.009417105,0.011194805,0.059247028,0.089948505,0.02824919,0.008747091,0.007459771,0.077546105,0.10969532,0.076534696,0.030761313,0.02006896,0.066604175,0.07686312,0.021733658,0.022016574,0.010204694,0.03655635
0.16354564,0.06846098,0.009430218,0.011204244,0.059263855,0.08992807,0.028261386,0.0087643135,0.0074697426,0.077557795,0.10976046,0.07654961,0.030753024,0.02007116,0.066604875,0.076868236,0.02175088,0.022004602,0.010211083,0.036562044
0.16359031,0.06845216,0.009415663,0.011203182,0.059270017,0.08985416,0.02826858,0.008767237,0.0074720955,0.07752995,0.10980625,0.07655608,0.030770816,0.020067865,0.06658862,0.07688329,0.021748897,0.022039821,0.010208666,0.036554795
0.16360033,0.06851173,0.009438419,0.011188311,0.059237845,0.08988173,0.028280614,0.008759487,0.0074681332,0.07750526,0.10982751,0.076615475,0.030737773,0.020065598,0.066571265,0.07687002,0.021767154,0.022012806,0.010202082,0.036550283
0.015302324,0.060898222,0.010465095,0.010224418,0.07983918,0.0626353,0.025322376,0.008768099,0.008547313,0.023574824,0.038450755,0.068641976,0.034055162,0.020648528,0.048042163,0.034245174,0.019209374,0.024925992,0.010867924,0.08782072
0.0152598005,0.060951803,0.0104682995,0.0102316225,0.079914734,0.062699094,0.02535682,0.0087458575,0.008579961,0.023634953,0.038401294,0.06868165,0.034045286,0.020675534,0.048110805,0.034258787,0.019214319,0.024930492,0.010877826,0.08791939
0.015291848,0.060928576,0.010479159,0.0102227125,0.07992796,0.062698886,0.025369018,0.008763872,0.008583129,0.023658745,0.03839658,0.06866164,0.03409062,0.020670881,0.048126873,0.03426337,0.019208089,0.024960907,0.010892243,0.08797288
0.01525264,0.06091484,0.010474161,0.010228382,0.07994475,0.06270496,0.025372455,0.008749116,0.008582785,0.023676505,0.038394913,0.068640836,0.034049626,0.020686137,0.048155192,0.034232862,0.019217355,0.024936853,0.010886582,0.088000804
0.015237907,0.060893584,0.010471324,0.01022567,0.07994361,0.06265986,0.025360383,0.008759873,0.008588721,0.023700539,0.038367078,0.06864867,0.03406788,0.020689344,0.048165873,0.034217056,0.019195927,0.024934687,0.010890113,0.08801304
0.015267556,0.060924362,0.010484125,0.010228267,0.07994885,0.06269814,0.025369003,0.008743339,0.008577942,0.023710933,0.038391262,0.068674564,0.034060884,0.02069516,0.048180815,0.03426101,0.019218626,0.024934933,0.010878208,0.08802685
0.053646237,0.057683323,0.011105918,0.009324533,0.04181225,0.08170764,0.02388669,0.008774656,0.010681867,0.04336763,0.0597141,0.06477238,0.035748817,0.021532718,0.03590094,0.05773444,0.018210955,0.026162045,0.0115487585,0.025288394
0.053810485,0.057661228,0.011126372,0.009315853,0.041796546,0.08153995,0.023870148,0.008756735,0.0106697595,0.04326559,0.05989148,0.064744934,0.03573374,0.021516206,0.03580286,0.057805188,0.018201094,0.026150845,0.011558282,0.025265407
0.053844355,0.05772694,0.011117786,0.009323437,0.041788388,0.08143433,0.023886325,0.008759423,0.010675511,0.043208007,0.059957433,0.064806946,0.03576962,0.021525284,0.03575862,0.05784316,0.018224666,0.026166784,0.011550161,0.025259549
0.053834643,0.05769168,0.011128505,0.009325386,0.0417864,0.081507854,0.02388206,0.008748128,0.010682292,0.04317256,0.059979204,0.06476778,0.035744514,0.021522595,0.03572848,0.05790485,0.01820984,0.026162054,0.011553526,0.025249146
0.05396334,0.05767871,0.0111097675,0.009319453,0.04178505,0.08140534,0.023881286,0.008771991,0.010672075,0.043168157,0.060039066,0.0647641,0.03577302,0.021520836,0.035708252,0.057895664,0.018201597,0.02617591,0.011553438,0.025261689
0.053951193,0.057680137,0.011126672,0.009324114,0.041755192,0.08138675,0.023869554,0.008759731,0.010684106,0.043139406,0.06004277,0.064748764,0.035758525,0.02151603,0.035688203,0.057890054,0.018192511,0.02617219,0.011563115,0.025237419
0.015631005,0.062921405,0.010355542,0.0355019,0.058857612,0.062581256,0.02562813,0.008831736,0.061907824,0.07771416,0.037843626,0.06975787,0.033787962,0.070153,0.06685275,0.033738382,0.020022236,0.024690572,0.046537988,0.03633766
0.015617253,0.06294229,0.010368718,0.035505574,0.058871593,0.06266785,0.025629632,0.008827845,0.061924458,0.077811584,0.03787898,0.06975729,0.03377713,0.07016026,0.06691371,0.03375688,0.020015553,0.024695517,0.04654284,0.036351394
0.015633982,0.06293435,0.010352191,0.035496723,0.058882266,0.06267015,0.025640665,0.0088303285,0.061907917,0.07784403,0.03787169,0.069774844,0.033757243,0.07017551,0.06694207,0.03374762,0.020041447,0.024680398,0.046535373,0.03635981
0.015603779,0.06293247,0.010378106,0.035503685,0.058886547,0.06268617,0.025643203,0.008836525,0.061913837,0.077855,0.037880015,0.06976882,0.033771705,0.070180304,0.06696068,0.03375559,0.020032672,0.024684211,0.046539944,0.03636374
0.015575692,0.06289201,0.010357876,0.035500582,0.058895905,0.0626403,0.025622593,0.008828323,0.061926227,0.0778789,0.037885044,0.06976103,0.033775184,0.07016993,0.06698732,0.033753023,0.020012837,0.024692781,0.04654426,0.03637261
0.015572003,0.06293158,0.010385806,0.035487086,0.058890585,0.062717386,0.025621388,0.008819168,0.061922286,0.07787955,0.037885103,0.06978025,0.033764288,0.07015921,0.06697996,0.033740558,0.02002984,0.02468543,0.04652711,0.036362126
0.015019487,0.061864898,0.010087106,0.010701581,0.0797013,0.06211382,0.025600683,0.00848922,0.008294296,0.022008995,0.038108967,0.0694546,0.032848693,0.020881677,0.046690002,0.034042936,0.019547774,0.024046104,0.010922357,0.0878495
0.014969,0.061887566,0.010106334,0.010685124,0.07971157,0.062055904,0.0255761,0.008497215,0.008298808,0.022010379,0.038102888,0.069492556,0.03283716,0.020883175,0.0466876,0.03404326,0.019545699,0.024041083,0.010914576,0.08786344
0.014962137,0.06187786,0.01009181,0.010680423,0.079707555,0.062019452,0.02560941,0.008505244,0.008281054,0.022018561,0.03810801,0.06946856,0.032874074,0.020890329,0.046708878,0.03405978,0.019544069,0.024064528,0.010912475,0.087883115
0.015021942,0.061898343,0.010098175,0.010692938,0.07970432,0.062081352,0.025609668,0.008487548,0.00830265,0.022025697,0.038112666,0.06949699,0.032832824,0.020896692,0.04671185,0.03405094,0.019547235,0.024037262,0.010911341,0.0878829
0.015010025,0.061917536,0.010093347,0.010690062,0.07973234,0.062097088,0.025635486,0.008493391,0.0082977945,0.022019949,0.03811762,0.06950555,0.032867026,0.020896435,0.04671846,0.0340621,0.019573852,0.024057806,0.010910683,0.0878996
0.014979022,0.061896138,0.0101033095,0.010683917,0.07972251,0.062060535,0.025620805,0.008500756,0.008297311,0.022027293,0.038110286,0.06950212,0.03285625,0.020894125,0.046714935,0.03405769,0.0195486,0.02405333,0.010912867,0.087897986
0.16287372,0.066984594,0.010064361,0.011071127,0.06030814,0.0901551,0.027649572,0.009525532,0.007394897,0.07846687,0.108123615,0.07487261,0.032970432,0.019857937,0.06722718,0.07576697,0.02125953,0.02358869,0.010104649,0.03705002
0.16302449,0.067073286,0.010073463,0.011071997,0.060278397,0.08987511,0.027680567,0.009520952,0.0073841973,0.07839,0.10829935,0.07496386,0.032937583,0.019841166,0.0671806,0.07570557,0.021307431,0.023567904,0.0100853965,0.03703474
0.16314837,0.0670698,0.0100460015,0.011068528,0.06029208,0.08978393,0.027697064,0.009523783,0.0073843426,0.07837181,0.10838887,0.074978694,0.032932173,0.019830761,0.067163266,0.07573998,0.021301277,0.023558013,0.010075421,0.037038263
0.163164,0.06707594,0.010062155,0.011063561,0.060269162,0.08974118,0.02768705,0.009506959,0.0073823747,0.07837929,0.10842021,0.074971475,0.032900315,0.019834481,0.06714849,0.07574077,0.021300538,0.023543017,0.010072936,0.037035346
0.16318658,0.06706356,0.010043294,0.0110726375,0.060266316,0.08971734,0.027689524,0.009527014,0.0073772115,0.07836679,0.10845531,0.07497092,0.032927938,0.019814994,0.06713683,0.07574718,0.021303039,0.023567267,0.010080456,0.037037645
0.16323718,0.06705906,0.010050686,0.011073796,0.060262438,0.08970445,0.027681671,0.0095220795,0.0073758243,0.07837814,0.108449295,0.0749611,0.03290607,0.019817136,0.06713625,0.07572574,0.021299025,0.023544362,0.0100688655,0.0370328
0.01596758,0.05955827,0.01065558,0.010369945,0.07831585,0.06411086,0.024717672,0.00895638,0.008634403,0.023366293,0.038983643,0.066962205,0.03474337,0.020949963,0.047666993,0.03469036,0.018812798,0.025415903,0.010931881,0.08683894
0.015902856,0.05959925,0.01067184,0.010369297,0.07835529,0.06408393,0.024747761,0.008944567,0.008647154,0.02343594,0.038937643,0.06702834,0.034716167,0.020982083,0.047735102,0.03467354,0.01881201,0.02540863,0.010947184,0.08694384
0.015916435,0.05960497,0.010661845,0.010369171,0.07836974,0.064140595,0.024760434,0.008951382,0.0086639235,0.023462098,0.038932238,0.067025885,0.03474021,0.020982467,0.047775608,0.03465839,0.01882523,0.025412524,0.010955833,0.08698112
0.015908955,0.059572835,0.0106735,0.010365898,0.078392915,0.064135686,0.024754573,0.008937757,0.008659306,0.023485044,0.038940743,0.06701492,0.034726847,0.020996626,0.0477849,0.03465858,0.01881827,0.025420688,0.01096392,0.08703025
0.015871946,0.05956219,0.010674583,0.01035509,0.07839587,0.06412473,0.024744516,0.008949532,0.008680226,0.023499329,0.038945943,0.06698999,0.034737814,0.020998284,0.04778364,0.034672093,0.018820073,0.025427904,0.010958227,0.0870371
0.015881889,0.059550278,0.010673311,0.010356765,0.07840922,0.06411919,0.024729535,0.008950782,0.008659941,0.023503121,0.03894212,0.067004316,0.03472008,0.020996945,0.04779762,0.034672663,0.018814027,0.025418798,0.010950658,0.08705539
0.012742545,0.2880641,0.00668057,0.010219493,0.04654589,0.05223133,0.11530566,0.006350135,0.009591706,0.03739436,0.03503735,0.2905598,0.022268785,0.021083301,0.027677216,0.031634618,0.094839156,0.016211877,0.011657882,0.02796093
0.012717143,0.28831342,0.0066708974,0.010217865,0.046544183,0.052205738,0.11545806,0.0063501894,0.0096063465,0.037387494,0.03503496,0.29073527,0.022234302,0.02107344,0.027672134,0.0315948,0.09492169,0.016204104,0.011664393,0.027976561
0.012661887,0.28830183,0.0066777826,0.010215216,0.04654762,0.0521502,0.115468524,0.006359081,0.009614849,0.03737552,0.03503417,0.29070425,0.022276035,0.02106977,0.02766,0.031591177,0.094914265,0.016207008,0.0116706565,0.027975228
0.012630193,0.2883393,0.0066687716,0.010211572,0.046557914,0.052187312,0.115514636,0.0063562384,0.009597284,0.03738309,0.035049863,0.29074717,0.022219269,0.02107473,0.027655452,0.03159303,0.094935484,0.016178275,0.0116762575,0.027974002
0.012629849,0.28837898,0.0066811778,0.010213754,0.046557687,0.052170992,0.115532495,0.006389107,0.009610314,0.037384078,0.035048895,0.29079425,0.02226982,0.021083035,0.027670586,0.031592935,0.094947465,0.0162151,0.01167467,0.027963398
0.012658355,0.2884054,0.0066810763,0.010216886,0.04655246,0.05220482,0.11556101,0.0063681183,0.009603773,0.03738692,0.03503833,0.2908291,0.02223974,0.021087486,0.027666058,0.031620115,0.09496,0.016191589,0.011679891,0.027974242
0.012836028,0.2931943,0.006373353,0.010093157,0.046528514,0.052988563,0.11743936,0.006474828,0.009310097,0.037249584,0.035643797,0.29555452,0.021486603,0.02060422,0.027388271,0.032111567,0.09655214,0.01558736,0.011440641,0.027856283
0.012785468,0.29319826,0.0063930177,0.010086588,0.046542887,0.052939694,0.11744058,0.0064593493,0.009313576,0.03725673,0.035629913,0.29556173,0.021470351,0.020617044,0.027407147,0.032102842,0.09654457,0.015594061,0.011453174,0.027878428
0.012777499,0.29325092,0.0063843345,0.010082739,0.04652337,0.052948635,0.117521726,0.0064744633,0.00931232,0.037243214,0.035628013,0.2956234,0.021475555,0.020607881,0.027381781,0.03209979,0.09656601,0.015591602,0.011450546,0.02785939
0.012804789,0.2932792,0.006393895,0.010081997,0.04654565,0.052944906,0.11753195,0.0064676907,0.009317864,0.037250284,0.035632838,0.295667,0.021464365,0.020605758,0.027386244,0.03209565,0.096590236,0.015571854,0.011448506,0.02788176
0.012781185,0.29327905,0.0063726855,0.010089061,0.046543516,0.05288493,0.11753091,0.006474893,0.009304409,0.037252396,0.03561579,0.2956607,0.021482252,0.020606348,0.027384516,0.032091577,0.09658198,0.0155887995,0.011450173,0.027876189
0.012749004,0.29333213,0.006391677,0.010076094,0.046531443,0.052918866,0.11753433,0.006461947,0.009321458,0.037251107,0.035619963,0.29569682,0.021487642,0.02061671,0.027374662,0.03209644,0.09660711,0.0155924475,0.01144614,0.027870072
0.015689405,0.0644037,0.010848573,0.035776794,0.05755498,0.062226467,0.026233545,0.009495995,0.06103077,0.07639325,0.037332773,0.07140583,0.035530727,0.06996024,0.06551297,0.03311441,0.02052918,0.02591444,0.046215728,0.03539597
0.015759354,0.06434326,0.010870494,0.035779655,0.057590537,0.062289953,0.026208581,0.009480587,0.06103491,0.07645234,0.037299074,0.071334556,0.035553806,0.069958724,0.06555629,0.033113275,0.02047736,0.025940146,0.046205923,0.035396073
0.01582656,0.06434779,0.010868685,0.035757605,0.057580702,0.062347207,0.02620136,0.009497899,0.061033487,0.07648069,0.037294216,0.071345255,0.035562214,0.06996042,0.06557628,0.0331139,0.020487625,0.02595324,0.046200693,0.035393246
0.015784942,0.06429786,0.01088337,0.035751704,0.057572536,0.062343005,0.026202206,0.009498138,0.061019853,0.07647283,0.037272956,0.07129265,0.035554584,0.06995952,0.06558413,0.03310575,0.020478172,0.025956722,0.046204586,0.035383247
0.015817864,0.064310975,0.010878318,0.035744157,0.057601802,0.062332034,0.026190806,0.00949285,0.06103486,0.07649319,0.03727849,0.07131527,0.035585064,0.06995616,0.0655896,0.033115357,0.02047485,0.025988247,0.046188112,0.035391726
0.01585769,0.064297095,0.010884373,0.03574134,0.057604477,0.062405694,0.026187614,0.009488681,0.06101754,0.07651182,0.037294388,0.071298406,0.035571154,0.069961265,0.0656071,0.03311405,0.020472247,0.02597519,0.046190552,0.035392813
0.16337782,0.06802506,0.009757298,0.011384003,0.059057076,0.090678684,0.028086318,0.008936789,0.0075814826,0.076642066,0.10845629,0.07601657,0.03173582,0.020397743,0.0658479,0.07612088,0.021610716,0.022753986,0.010363104,0.036459036
0.16363537,0.068026125,0.009744292,0.011385512,0.05904268,0.09034964,0.02808391,0.008919629,0.007577262,0.07660073,0.108682066,0.076036125,0.03169528,0.020383077,0.065822825,0.07611302,0.021611363,0.02272124,0.010344265,0.036457274
0.16365083,0.06805386,0.009710985,0.011384621,0.059019882,0.09023286,0.02808524,0.008925449,0.0075727673,0.07658015,0.10874294,0.07606331,0.03171683,0.020368677,0.06580603,0.07610968,0.021621522,0.022724153,0.0103486115,0.036447387
0.16367048,0.06806134,0.009741072,0.011385056,0.059011895,0.09018502,0.028102528,0.00892504,0.0075856233,0.07657769,0.10877115,0.076071836,0.03167425,0.020367008,0.06578952,0.07609463,0.021639062,0.022708599,0.010353682,0.036456034
0.16375956,0.068100125,0.009720731,0.011382779,0.059026957,0.090139106,0.028097492,0.008940362,0.0075720893,0.07655469,0.10880914,0.07608827,0.031724885,0.0203589,0.06578206,0.07611472,0.021646798,0.022730796,0.0103463475,0.036459062
0.16375946,0.068084635,0.009728745,0.011390027,0.05901696,0.0901308,0.028087894,0.008915533,0.0075585586,0.07658102,0.10884742,0.07608525,0.03168983,0.020369744,0.065778606,0.076112956,0.02162346,0.022696692,0.010343323,0.036445975
0.012785214,0.29194948,0.007153739,0.010032961,0.04669937,0.050996087,0.11697958,0.006937241,0.009180088,0.0366677,0.034479108,0.29430044,0.023923762,0.020438474,0.02680284,0.031117339,0.09615553,0.017372148,0.011319706,0.028130902
0.012707014,0.292201,0.0071404194,0.010025818,0.046706647,0.05095751,0.1170998,0.006959634,0.00919632,0.036646616,0.034502286,0.2945353,0.023915015,0.02044976,0.026790963,0.03113701,0.09622497,0.01738177,0.01133193,0.028125336
0.012649612,0.29226238,0.0071521974,0.010023564,0.046712156,0.050980873,0.11713503,0.0069546653,0.009209604,0.036668986,0.034507226,0.29458115,0.023907527,0.020452773,0.026808469,0.031146972,0.09624957,0.017396314,0.011333858,0.028136067
0.01258053,0.29226473,0.0071598487,0.010022527,0.046727773,0.05091527,0.11714116,0.006922041,0.009205612,0.036678553,0.034503493,0.29458487,0.023898268,0.020461414,0.026808744,0.03111872,0.09624271,0.017370135,0.011346423,0.028132597
0.0125529915,0.2923032,0.007149343,0.01002053,0.04672279,0.050909873,0.117154144,0.0069391695,0.009218615,0.036654957,0.034514647,0.29462785,0.023921091,0.020459618,0.026802333,0.03112569,0.09626688,0.017391779,0.011336366,0.028125016
0.012566178,0.29230672,0.0071483273,0.010022287,0.046740044,0.050968163,0.11716157,0.0069353157,0.009205764,0.036670163,0.03448811,0.29464334,0.023897924,0.020460302,0.026811909,0.031118114,0.096261464,0.017370418,0.011346956,0.028146842
0.012771855,0.3172288,0.007379599,0.013731749,0.059028704,0.05386723,0.13330495,0.0077550486,0.008175268,0.069789484,0.03508886,0.3160052,0.024997484,0.0213002,0.05852949,0.031452097,0.104050435,0.018067185,0.010512294,0.035875276
0.012797243,0.3169519,0.0073839542,0.013730839,0.059005566,0.053847358,0.13313434,0.0077435807,0.008170047,0.069826216,0.03508337,0.31566876,0.024985526,0.021293437,0.05853167,0.03146704,0.10396496,0.018069703,0.010507239,0.035860337
0.012839278,0.31693545,0.0073841084,0.01374054,0.059029046,0.0538383,0.13312133,0.0077458764,0.008174777,0.06985847,0.0350842,0.31567892,0.025006743,0.021313375,0.05856199,0.03145988,0.103960976,0.018088674,0.010504766,0.035875265
0.012867311,0.31695044,0.007379655,0.013733653,0.059022307,0.053876676,0.13311365,0.007748566,0.008161992,0.069853075,0.035085544,0.31567955,0.024979861,0.021322234,0.058566123,0.031465597,0.10395614,0.01805471,0.01050131,0.035883967
0.012842067,0.31704128,0.00738652,0.013737485,0.059035692,0.05387105,0.1331471,0.007746413,0.0081728995,0.069857106,0.035074685,0.31572375,0.025008917,0.021311462,0.058571324,0.031450864,0.1039825,0.018083975,0.010500097,0.03589356
0.012799143,0.3169919,0.0073923506,0.01373569,0.059025083,0.053839017,0.13309853,0.0077432655,0.008181046,0.06986936,0.03507051,0.3156675,0.024968764,0.021305049,0.0585858,0.031437203,0.10396748,0.018053647,0.01050355,0.03587709
0.051935174,0.05608992,0.01155993,0.009242441,0.041897446,0.080934815,0.023173444,0.009108048,0.01067651,0.044346835,0.05897587,0.062942706,0.03723451,0.021544008,0.0368727,0.056919698,0.017718354,0.027249027,0.011461037,0.025371956
0.052028485,0.05610123,0.011580669,0.009245844,0.04188359,0.080704264,0.023192938,0.009101988,0.010685798,0.04423649,0.059072625,0.06295344,0.037222177,0.021530826,0.036762387,0.056975607,0.017712075,0.027239997,0.011460695,0.025342977
0.052102696,0.056121916,0.011584605,0.009227355,0.041874375,0.080679946,0.02319833,0.009112221,0.010697076,0.044198718,0.05915257,0.062962614,0.037266005,0.021533376,0.03672403,0.0570421,0.017706087,0.027277734,0.011464836,0.025326313
0.052111644,0.056103747,0.011596964,0.009232401,0.04186617,0.08062332,0.023203071,0.00910093,0.01068438,0.044169024,0.059193883,0.06295165,0.037249252,0.021528663,0.036707763,0.05705612,0.017715434,0.027268134,0.01146958,0.025331456
0.052113354,0.056158997,0.011576612,0.009239006,0.041876223,0.080564916,0.023223802,0.009107139,0.010697981,0.044155512,0.059215073,0.06301464,0.037274268,0.021538105,0.036700606,0.057030182,0.017715655,0.027277987,0.0114652775,0.025325852
0.05212622,0.05611025,0.011592207,0.009225462,0.041869704,0.080547564,0.023212707,0.009100717,0.010677388,0.044146057,0.059250467,0.06296592,0.037265126,0.021533513,0.036676515,0.05706317,0.01771023,0.027280536,0.011463869,0.025322517
0.16228011,0.06752738,0.010401915,0.010993277,0.05971536,0.0898659,0.027817002,0.00966368,0.007418361,0.07756701,0.10755908,0.07530024,0.03395646,0.019878859,0.06653819,0.075280346,0.021472862,0.02434146,0.010080431,0.03676399
0.16271216,0.06753616,0.010381928,0.011005412,0.059717882,0.08968287,0.027802162,0.009621355,0.007419552,0.07767149,0.107894175,0.07532448,0.033887476,0.01987197,0.066625014,0.075361855,0.021481773,0.024289513,0.010057432,0.03676297
0.16281508,0.0675678,0.010380744,0.011009026,0.05971258,0.08965281,0.027843077,0.009637724,0.0074151033,0.07771443,0.10796782,0.075360715,0.03392979,0.019868577,0.06666076,0.075379595,0.02148772,0.02430579,0.01005453,0.03677116
0.16297153,0.06754199,0.010382056,0.011015756,0.05973026,0.08961084,0.02782665,0.00963536,0.007408996,0.07779271,0.10804026,0.07534816,0.03389741,0.01987197,0.06671493,0.07541242,0.02148346,0.024294073,0.010043602,0.036788605
0.16329563,0.06773507,0.010375257,0.01101808,0.059737027,0.089688584,0.027800106,0.009649159,0.0074017057,0.07781644,0.108108565,0.075527154,0.033892035,0.019875798,0.06676377,0.07534158,0.02156908,0.024253951,0.010048971,0.03678458
0.16312942,0.067646705,0.010384326,0.011015023,0.059721872,0.08961788,0.02784543,0.009629267,0.0074179657,0.07779671,0.108130164,0.0754497,0.03389355,0.019868188,0.06675406,0.07541847,0.021528073,0.024281874,0.010045385,0.036784913
0.012955181,0.07848025,0.043108232,0.014334728,0.058941193,0.052601073,0.03215272,0.004544666,0.008780268,0.06781149,0.034763724,0.08750217,0.058255654,0.021858918,0.056652244,0.031541117,0.024963351,0.05000169,0.010984563,0.035570573
0.0128554795,0.07841157,0.043107416,0.014325446,0.058986936,0.052585304,0.032134905,0.00457681,0.008762295,0.06787368,0.034732334,0.08745163,0.05837454,0.021881608,0.05669168,0.031510595,0.024926022,0.05009947,0.011006451,0.035588402
0.01277432,0.07843793,0.04310962,0.01432767,0.058992,0.052594937,0.032179315,0.004589255,0.008756142,0.06788528,0.034766015,0.087494455,0.058425255,0.02190287,0.056702085,0.031540316,0.024936952,0.050131,0.011019388,0.035595402
0.012691373,0.07843173,0.043094978,0.014322632,0.058998827,0.05261037,0.032171138,0.004604096,0.0087439595,0.067890346,0.03479132,0.08748202,0.05845597,0.021904746,0.056716293,0.031546507,0.024927197,0.050159726,0.011009557,0.03559632
0.012734312,0.078430526,0.04310181,0.014318537,0.059005424,0.052641906,0.032171782,0.0045818365,0.008746589,0.06788237,0.034754094,0.087483086,0.05845631,0.02190887,0.05671125,0.03154182,0.024932494,0.050163474,0.011021306,0.03558807
0.012742911,0.078435205,0.04311572,0.014332254,0.05903394,0.0526117,0.03217374,0.004593404,0.008737989,0.06793318,0.034749426,0.087483354,0.058495346,0.021911593,0.05673859,0.031517293,0.024942098,0.050200235,0.0110172285,0.035600882
0.012395888,0.31874025,0.0072875447,0.014279394,0.059742708,0.05190256,0.13381112,0.007887724,0.008681488,0.06892268,0.033758722,0.31740302,0.024777472,0.021350559,0.057198543,0.030292263,0.10459387,0.01786732,0.010393565,0.035965264
0.012386027,0.31862202,0.0072898343,0.014298109,0.059756614,0.051894527,0.13373423,0.00786864,0.008673126,0.06891063,0.03375641,0.317253,0.024742981,0.02134018,0.05719441,0.030265119,0.10455433,0.01785105,0.010379606,0.0359733
0.012432735,0.31855264,0.0072724796,0.014295046,0.05973167,0.05189722,0.13367864,0.007882223,0.008665762,0.068874545,0.03376209,0.31720144,0.024757659,0.02133377,0.057171214,0.03030254,0.10453035,0.017850962,0.010380687,0.03595521
0.012453542,0.3184524,0.0072800377,0.014283542,0.059741255,0.051927734,0.13362373,0.0078706285,0.008677913,0.06889553,0.033756383,0.31706497,0.024734443,0.021337807,0.057186596,0.030290123,0.10450989,0.017841777,0.010375251,0.03596628
0.012407865,0.31843862,0.0072714696,0.014284055,0.05973251,0.0518896,0.13361095,0.007853814,0.008659386,0.06889779,0.033761743,0.3170243,0.024764037,0.021335782,0.05718784,0.030284336,0.10449862,0.01785998,0.010378364,0.03595039
0.012426913,0.3185491,0.0072837397,0.014293598,0.0597466,0.051922444,0.13366772,0.007858516,0.008661207,0.06890343,0.03373528,0.31714228,0.024756996,0.021341592,0.05719117,0.03026879,0.10453866,0.01785085,0.010383139,0.035965163
0.015518807,0.065852985,0.010425776,0.03586077,0.0576319,0.06229529,0.026901105,0.00906909,0.061096374,0.076225564,0.037694305,0.07316601,0.034127224,0.0699743,0.06543603,0.033471193,0.020954639,0.024936488,0.046346903,0.035551146
0.015564472,0.06581651,0.01044387,0.035831377,0.05763431,0.062301077,0.026868518,0.009055293,0.0610908,0.0762489,0.03763731,0.073147684,0.03411752,0.06998228,0.065449774,0.033478387,0.020955637,0.02492542,0.046318762,0.035547912
0.0155621,0.06580955,0.010431142,0.035814334,0.05764841,0.062350467,0.026895022,0.009073007,0.06107925,0.076268695,0.03764068,0.07311952,0.034151204,0.06996766,0.06546304,0.03349235,0.020936409,0.024949322,0.04630045,0.0355348
0.015558648,0.06578662,0.010440637,0.035814703,0.057661496,0.06233244,0.026889594,0.009091767,0.061075997,0.076277286,0.03765479,0.07312454,0.03413447,0.06996334,0.06547712,0.033459928,0.020931264,0.024942491,0.04628892,0.035546865
0.015594549,0.06579345,0.01045214,0.035805684,0.05766736,0.0623604,0.026887236,0.009073774,0.061093524,0.07627126,0.037651975,0.073138796,0.03414337,0.06996364,0.06546323,0.033471584,0.020941421,0.02495216,0.04629129,0.03554568
0.015640307,0.06580731,0.010452752,0.03581268,0.057664167,0.062417433,0.026902057,0.009074559,0.06108525,0.0762872,0.037629277,0.073154025,0.03414994,0.069973506,0.065478005,0.033492777,0.020943593,0.024945641,0.046275407,0.035549287
0.012388218,0.077076554,0.04382116,0.013732065,0.05995486,0.052753318,0.031394035,0.0039176764,0.00853595,0.07020492,0.03407787,0.08555063,0.055339728,0.021360703,0.0586218,0.030807778,0.02457017,0.047846723,0.010628907,0.036017682
0.012331576,0.07705181,0.04383006,0.01373271,0.05997676,0.052756023,0.03138987,0.003919063,0.008537827,0.07021287,0.034089644,0.085524455,0.055334657,0.021366183,0.058624405,0.030812057,0.024563204,0.04784713,0.0106438715,0.03603579
0.012355137,0.07709315,0.04381829,0.013727015,0.059971172,0.052742016,0.031392854,0.0039051692,0.008530191,0.070218235,0.034085415,0.085558474,0.055333905,0.021374797,0.05862346,0.030829353,0.024571279,0.0478358,0.010638419,0.03602869
0.012375157,0.07703244,0.04382761,0.013726592,0.0599912,0.052749734,0.031394478,0.003913439,0.008526466,0.07022879,0.03408456,0.08550286,0.05532732,0.021369768,0.058630798,0.03082633,0.02454969,0.047842175,0.010640407,0.03604512
0.012365,0.077070594,0.043817207,0.013719765,0.05998872,0.052753627,0.031398073,0.0039355624,0.008535907,0.07023969,0.03408076,0.08554431,0.05534717,0.021360006,0.058638766,0.03083675,0.024566805,0.047856282,0.010639935,0.036034234
0.012332412,0.077034794,0.043822292,0.013715908,0.060009453,0.05274856,0.031400885,0.0039340556,0.008537522,0.070252985,0.03408912,0.085523926,0.055366382,0.02136871,0.05865124,0.030816466,0.024564987,0.047869988,0.010643404,0.036046695
0.16091457,0.064042285,0.010752396,0.010650308,0.059056733,0.08861673,0.026415173,0.009911191,0.007511255,0.07927698,0.10940888,0.07158629,0.035102352,0.019785209,0.06823864,0.07675706,0.020352662,0.025166001,0.010022892,0.03648029
0.16117531,0.06412006,0.010751319,0.010637001,0.059033405,0.0883151,0.026421625,0.009910278,0.007482096,0.07920398,0.10965201,0.07166355,0.03507402,0.019768514,0.068176605,0.07674669,0.020375941,0.025142439,0.0100097675,0.036456868
0.16130622,0.06416908,0.010741367,0.010644969,0.059006415,0.08819644,0.026441682,0.009917801,0.00749982,0.07917785,0.10971577,0.07170468,0.03509073,0.01974674,0.06812839,0.07674932,0.020395253,0.02515994,0.010001629,0.036462143
0.1613615,0.06416889,0.01074856,0.010637896,0.05899729,0.08811521,0.026469357,0.009917708,0.0074840346,0.07914205,0.10978098,0.07174096,0.03508589,0.019738937,0.06810915,0.0767299,0.020395504,0.025139485,0.009996789,0.03643959
0.16134171,0.064157665,0.010739935,0.01064933,0.058991525,0.08810318,0.026452571,0.009942158,0.007479941,0.079114206,0.10980531,0.071698256,0.035078384,0.019744048,0.06808333,0.07673277,0.020384345,0.02513461,0.009996939,0.0364463
0.16136855,0.06411743,0.010750362,0.010637376,0.05898143,0.08805471,0.02644914,0.009925078,0.007477772,0.07912137,0.10982762,0.071667075,0.035074584,0.019749738,0.0680933,0.07672822,0.020385247,0.025144376,0.009988995,0.036435217
0.012845639,0.07598181,0.043393057,0.014049748,0.058937263,0.05326122,0.031096831,0.0042965612,0.008630791,0.06938364,0.034737732,0.08459594,0.056887493,0.022089139,0.058124848,0.031410415,0.024180325,0.048974223,0.011086129,0.03555982
0.012728116,0.07595999,0.04341462,0.014048833,0.05896989,0.053291034,0.031089475,0.004299209,0.008612874,0.06941559,0.03472828,0.08457111,0.057000015,0.022119531,0.058148976,0.03138546,0.024183443,0.049075555,0.011103661,0.035569564
0.012667554,0.075871624,0.043398056,0.0140457535,0.058987234,0.05332383,0.031051796,0.004310297,0.008628708,0.06943725,0.03471564,0.084483586,0.057037912,0.022122651,0.05815841,0.031406783,0.024137495,0.049114197,0.0110996645,0.035577737
0.01266895,0.075956,0.043413296,0.01403845,0.059007645,0.05332106,0.031084327,0.0043173903,0.008611924,0.069437884,0.03469887,0.084591016,0.057063404,0.022140352,0.058169343,0.03140581,0.024169978,0.049148344,0.011099373,0.03557851
0.012647691,0.07600922,0.043403987,0.014031085,0.05900578,0.05333303,0.03109887,0.0043476014,0.008611422,0.06945236,0.03470217,0.0846262,0.057103902,0.022138508,0.05817518,0.031408302,0.024178868,0.04916197,0.011099264,0.03558176
0.01260859,0.075945936,0.04341415,0.014029717,0.05901092,0.05330659,0.031086855,0.004339106,0.0086065065,0.06945548,0.034718808,0.084587224,0.057108413,0.022152048,0.05816858,0.03136434,0.024154115,0.04915756,0.0111064995,0.035591573
0.1620751,0.06442335,0.010432499,0.011000463,0.060042728,0.0889925,0.026497109,0.009597217,0.0074311174,0.07844692,0.10886104,0.071844675,0.034029827,0.019933583,0.06723608,0.07614617,0.020503981,0.024398506,0.010033672,0.03691122
0.1622022,0.06445099,0.010418151,0.011002107,0.06003283,0.088818096,0.026539737,0.009573634,0.0074405367,0.078407586,0.108971395,0.07187303,0.034003835,0.019922014,0.06721112,0.07611177,0.020512553,0.024377765,0.010018665,0.036905907
0.16226447,0.0644682,0.010411432,0.010994614,0.06002877,0.08878598,0.026530622,0.009583663,0.007437268,0.07841238,0.10900325,0.07189437,0.03399568,0.019905973,0.067191355,0.07614515,0.020521441,0.024381677,0.010017635,0.036899023
0.16222827,0.064459175,0.01042824,0.010998785,0.0600159,0.08873196,0.026531562,0.009599171,0.007435988,0.078369506,0.10903383,0.07189076,0.034011398,0.01991247,0.067168996,0.07614614,0.020509155,0.024378253,0.010008508,0.036898695
0.16228206,0.06447221,0.010409797,0.011002695,0.06003389,0.088703476,0.026547251,0.009587409,0.0074365893,0.07840472,0.109084755,0.071892105,0.034021944,0.019901164,0.0671787,0.0761458,0.020508533,0.024379732,0.010012048,0.036916517
0.16230679,0.0644698,0.010438058,0.011003706,0.060020663,0.08872775,0.026500007,0.009589991,0.0074290675,0.07837172,0.10907488,0.07189564,0.03399867,0.019906309,0.06716145,0.07614578,0.02052597,0.02438303,0.010018193,0.036913842
0.015728364,0.065530896,0.01063769,0.03555667,0.058654245,0.061697472,0.02657894,0.008958541,0.061832838,0.07796049,0.037115358,0.07239782,0.03465774,0.070204556,0.067020096,0.032976404,0.020957552,0.02537436,0.046437155,0.036236443
0.015716031,0.06547072,0.010655867,0.0355075,0.05868426,0.06169107,0.026534459,0.008937933,0.061842717,0.07801811,0.037060514,0.07236213,0.034653585,0.07020465,0.067052774,0.032959405,0.0209302,0.025367558,0.046393797,0.03624157
0.015671913,0.0654717,0.010653215,0.03548426,0.0587039,0.061703164,0.026563784,0.008966982,0.06184393,0.07802305,0.037078843,0.07236434,0.034671586,0.0702058,0.067058474,0.032950014,0.020910244,0.02536229,0.046387445,0.036248874
0.01572935,0.06543539,0.010653967,0.03547725,0.05869283,0.061754502,0.026534408,0.008949134,0.061862472,0.078031816,0.03703837,0.072331406,0.03465436,0.070207015,0.06706095,0.032951165,0.02091145,0.025365721,0.046389323,0.036239978
0.015695091,0.065462925,0.0106555205,0.03547357,0.05871694,0.06173672,0.02655612,0.008945057,0.06185506,0.07806394,0.037033536,0.072349146,0.034669597,0.070213445,0.067093514,0.032959916,0.020914277,0.025382895,0.04637205,0.036251478
0.015681617,0.065451436,0.010661254,0.03548184,0.058722366,0.06171355,0.026550967,0.008950307,0.0618485,0.07803773,0.03706181,0.07233404,0.034671977,0.070212334,0.0670787,0.032950472,0.020906,0.025378224,0.04636996,0.036252443
0.016576653,0.06537723,0.01097135,0.035899747,0.057415772,0.06314641,0.026494863,0.00950937,0.060447633,0.07575908,0.03736752,0.07224829,0.035866965,0.06981885,0.06481105,0.03313301,0.020879326,0.026213119,0.04594317,0.03518749
0.016576983,0.06537128,0.010985806,0.035899803,0.057408754,0.06315791,0.026511822,0.009487497,0.060439706,0.07575197,0.03736548,0.07224618,0.035860214,0.06981276,0.064782925,0.033136472,0.020889657,0.026192449,0.04593006,0.035193503
0.016546976,0.06534933,0.010981105,0.035895936,0.05740752,0.06315496,0.026524128,0.009490257,0.06043796,0.0757713,0.03735188,0.07224192,0.035873022,0.06981743,0.06480368,0.03313745,0.020862292,0.026215114,0.045937162,0.035194688
0.01659246,0.065324515,0.010981083,0.035894867,0.057423923,0.063167974,0.02651468,0.009479492,0.060450215,0.075775735,0.037333097,0.072205834,0.03586542,0.069815695,0.06481469,0.03311504,0.020880897,0.026192801,0.045938253,0.0351966
0.016576812,0.06536587,0.010977975,0.03588369,0.05742594,0.063157625,0.026507389,0.009475334,0.06044844,0.075787164,0.03734453,0.07225289,0.035874438,0.06980647,0.06482348,0.033121582,0.020873066,0.02621944,0.04592287,0.03518268
0.016627531,0.0653313,0.010990349,0.035884276,0.057413764,0.063215114,0.026498504,0.00948496,0.060456544,0.07578049,0.037361372,0.07221179,0.035862092,0.069812395,0.0648143,0.033139564,0.020864245,0.026210515,0.045935586,0.03519021
0.014638303,0.06205713,0.0101198675,0.01059478,0.0809486,0.060725812,0.02571808,0.008323836,0.008354702,0.022196054,0.03747159,0.06975655,0.032836918,0.020887125,0.047048207,0.033519417,0.019612847,0.02408469,0.010889506,0.08875298
0.01464794,0.062015444,0.010124775,0.010601907,0.080960274,0.06071561,0.025719391,0.008292857,0.008337842,0.022208212,0.037459597,0.0697194,0.03281018,0.020871827,0.04706863,0.033496853,0.0195861,0.024078557,0.0108846715,0.08875948
0.0146288015,0.062064286,0.010112679,0.010606011,0.08097181,0.06072112,0.025720958,0.008298944,0.008351616,0.022205127,0.037480608,0.06974935,0.03284029,0.020897767,0.047070555,0.033508822,0.019622978,0.024087988,0.010882593,0.0887682
0.014654867,0.06207894,0.010130141,0.010593259,0.0809476,0.060713284,0.025723154,0.008302957,0.00836405,0.02221879,0.037468113,0.06975512,0.032816898,0.020888945,0.04707487,0.033500534,0.019632183,0.0240804,0.010890445,0.08877175
0.014652892,0.062077705,0.010113987,0.010592825,0.08097361,0.060750443,0.02572624,0.008310257,0.008353203,0.022218999,0.037481714,0.069768436,0.032822765,0.020886615,0.04708631,0.0335122,0.019629775,0.024061263,0.010893232,0.088779956
0.01462419,0.06208529,0.010126061,0.010600305,0.080971204,0.06070117,0.025745556,0.008302871,0.008346949,0.02223087,0.037477996,0.0697712,0.032816075,0.020888772,0.04707986,0.03350891,0.01962901,0.02406606,0.010888547,0.08878775
0.015752943,0.060939234,0.010551019,0.010413185,0.078853466,0.063849084,0.025297143,0.008555932,0.008506136,0.023101967,0.038899455,0.06857468,0.034211736,0.02087042,0.04763971,0.034687746,0.019248035,0.025106097,0.0109127695,0.08759589
0.015804715,0.060976878,0.010564912,0.010419572,0.0788334,0.06387564,0.025322312,0.008559657,0.008490246,0.023138661,0.038908694,0.068630226,0.0342031,0.020865466,0.047660496,0.034683377,0.01926733,0.02510198,0.010898152,0.087582394
0.015766954,0.06098912,0.010563769,0.010425994,0.07884052,0.06386167,0.025322704,0.008559087,0.008491311,0.023131052,0.03888977,0.06864091,0.034202777,0.020871276,0.04767116,0.03466498,0.019255249,0.025092164,0.010898666,0.0875967
0.015729522,0.060978007,0.0105710905,0.010405996,0.078842044,0.063854955,0.025321566,0.008555902,0.008489129,0.023094762,0.03890236,0.068619415,0.03419134,0.020872971,0.047645524,0.034674075,0.019256342,0.025082191,0.010901191,0.08759667
0.015737297,0.0609827,0.010553677,0.01042985,0.07884207,0.06389244,0.02532817,0.008566664,0.008498661,0.02313261,0.03890069,0.06861691,0.034184758,0.02087759,0.047669303,0.03466905,0.01925791,0.025086774,0.010903544,0.087607555
0.015771164,0.060955025,0.01055738,0.010412082,0.07884545,0.06385807,0.025314394,0.008550032,0.008492027,0.02312004,0.038887862,0.068589866,0.034181807,0.0208577,0.047660735,0.034668718,0.019257545,0.025096389,0.010913478,0.087598085
0.013324856,0.29770723,0.005997141,0.010139939,0.04610187,0.05168705,0.11919947,0.00607624,0.009421473,0.036364567,0.0354101,0.30046993,0.020186769,0.020721473,0.026625175,0.03208228,0.0980305,0.014679971,0.011535741,0.027726196
0.013218524,0.29790476,0.0059871394,0.010134655,0.046107844,0.05161251,0.11935664,0.0060862657,0.009396867,0.036351245,0.03542207,0.30062118,0.02019264,0.020717187,0.02660911,0.032059833,0.09810549,0.014679904,0.011535465,0.02774003
0.013256898,0.29795793,0.005989435,0.010133693,0.046106238,0.051649034,0.1193779,0.0060741007,0.009415698,0.03632369,0.035447437,0.30065334,0.020172544,0.020711984,0.026583636,0.032079954,0.09812436,0.014674417,0.011529076,0.027736492
0.013243644,0.29792807,0.005990645,0.010128165,0.046107344,0.051628303,0.11937873,0.00608908,0.009395957,0.036325943,0.035433177,0.3005884,0.020172626,0.020706981,0.026591016,0.03205913,0.09812119,0.014654473,0.011537874,0.027741885
0.01326404,0.29801413,0.005981374,0.01013336,0.04610021,0.051625423,0.11943683,0.0060711927,0.009410982,0.036318563,0.035441995,0.30066833,0.02015714,0.020713748,0.026585786,0.03206712,0.09815391,0.014656494,0.011549353,0.027744463
0.01320825,0.29802918,0.005999267,0.010134659,0.04610757,0.05160628,0.119410925,0.006082615,0.009399801,0.03631929,0.035445224,0.30068237,0.020169599,0.02072529,0.02657682,0.03207376,0.09813411,0.014654038,0.011534378,0.02774848
0.015088702,0.06226294,0.010358646,0.010451414,0.07969599,0.062360622,0.02580772,0.008673315,0.008245274,0.02273727,0.038347516,0.07004492,0.033728927,0.02061648,0.047320724,0.0341618,0.019677289,0.024707593,0.010776344,0.08809745
0.015151184,0.06225462,0.010367425,0.010454549,0.079728,0.062410384,0.025822816,0.008679099,0.008260671,0.022735287,0.038297065,0.070034504,0.033733163,0.0206265,0.047334045,0.03417364,0.019654362,0.02470457,0.010779953,0.0880899
0.015161367,0.062169287,0.010361092,0.010441601,0.07971544,0.062395114,0.025808431,0.008671634,0.008266842,0.022725612,0.03827813,0.06994685,0.033726234,0.020627566,0.047336403,0.03417262,0.019641386,0.024697917,0.010782149,0.088081025
0.015132506,0.06218559,0.0103877755,0.010458064,0.07974214,0.06238473,0.02582427,0.008672201,0.008264988,0.022738494,0.038292214,0.06997815,0.033747636,0.02062114,0.047358505,0.034165528,0.019639641,0.02471576,0.01076952,0.08808664
0.015162276,0.062238652,0.010369832,0.010454216,0.07974581,0.062437724,0.0258155,0.008689002,0.008269256,0.022733115,0.03831494,0.07004443,0.03374629,0.020628901,0.047349624,0.03416851,0.019661365,0.024719456,0.010766667,0.08808385
0.015175118,0.06220047,0.01038791,0.01045651,0.0797428,0.06243044,0.025831291,0.0086815115,0.008273938,0.022721862,0.038285807,0.07000993,0.03374921,0.020631904,0.047350127,0.034164146,0.019649241,0.02472877,0.010783282,0.088089906
0.0154987145,0.06183523,0.010304842,0.010609721,0.07962891,0.063022695,0.025622686,0.008587383,0.008242942,0.022317486,0.038390122,0.06946876,0.03349941,0.020796565,0.04694456,0.034229074,0.019544696,0.024550637,0.010806877,0.08793407
0.015478182,0.061770786,0.010314334,0.0106076645,0.079632625,0.06297092,0.025597032,0.008570772,0.008241405,0.0223235,0.038382586,0.06942484,0.03349527,0.020794822,0.04695863,0.034196656,0.019543294,0.024539564,0.010816398,0.08792992
0.0155467605,0.061869584,0.0103202555,0.010622471,0.079696395,0.06305083,0.025615556,0.008574733,0.008254356,0.02232955,0.038406376,0.06949927,0.033547193,0.020802489,0.04694245,0.03422326,0.019551195,0.024589846,0.010823773,0.08796526
0.0155084655,0.06179752,0.010316687,0.010607998,0.07964441,0.06301966,0.025603622,0.008569351,0.00825303,0.022336967,0.038393665,0.06944416,0.03349749,0.020804517,0.046964377,0.034214173,0.019542018,0.024539592,0.01082163,0.08793668
0.015515527,0.06176114,0.010317546,0.010604347,0.07965364,0.06300196,0.025609158,0.008593259,0.00824802,0.022320867,0.038397264,0.06939827,0.033503342,0.020803569,0.046949234,0.034200307,0.019524874,0.024563856,0.010824003,0.08794341
0.015529799,0.0617473,0.010316452,0.010612829,0.07964731,0.0630964,0.025597475,0.008579455,0.00825155,0.022351073,0.038403306,0.069376156,0.033506837,0.020799085,0.046967447,0.034217115,0.019521056,0.024548858,0.010818761,0.08793482
0.012541301,0.077923566,0.04313398,0.014091419,0.06024526,0.0514969,0.032035794,0.004631406,0.008459946,0.069181725,0.034194235,0.08713953,0.058626223,0.021839134,0.057919744,0.031079415,0.024732804,0.050318535,0.011099367,0.036465384
0.012560785,0.077977054,0.043148126,0.014081413,0.060271002,0.05149423,0.03206383,0.00462367,0.008466141,0.06919975,0.034195974,0.08719509,0.058596887,0.021852659,0.057932362,0.031114483,0.024751123,0.050301775,0.011094461,0.036474817
0.012523291,0.07801029,0.043134075,0.014092235,0.060278896,0.05152856,0.0320596,0.004612815,0.008454191,0.06921292,0.034220032,0.08723285,0.058603887,0.021858687,0.057940755,0.03113416,0.024763241,0.050301746,0.011095099,0.03648378
0.012477565,0.07799437,0.043140423,0.014086395,0.060282566,0.05150573,0.032072738,0.0046193567,0.008445401,0.06921506,0.034216344,0.08723302,0.05859225,0.021861173,0.057929054,0.031123392,0.02475623,0.05029659,0.011106304,0.03648516
0.012511994,0.07798671,0.043124627,0.014098088,0.06028509,0.051566675,0.032049093,0.004616121,0.008454758,0.06921648,0.03422937,0.08722254,0.058599044,0.021858625,0.05793801,0.03113804,0.024753854,0.050300367,0.011101341,0.03648997
0.012511903,0.0779982,0.04314414,0.0140788555,0.060288712,0.05154505,0.032077886,0.00462734,0.008459085,0.06924588,0.034229442,0.08723001,0.058586825,0.021862114,0.05795906,0.031117247,0.0247547,0.050291453,0.011098734,0.036491565
0.015708625,0.060820777,0.010456369,0.010230205,0.07911719,0.06429386,0.025290105,0.008698164,0.00852369,0.023741312,0.039280407,0.06854812,0.034006417,0.020687306,0.04818326,0.03503032,0.019197352,0.02492766,0.010853183,0.08768494
0.015703041,0.06079041,0.010476604,0.010216942,0.07911109,0.0642649,0.025292786,0.008703953,0.008539484,0.02374536,0.03927123,0.06850695,0.03402711,0.020686565,0.04818536,0.03503924,0.019179858,0.024949126,0.010849624,0.087692015
0.01574123,0.060750473,0.010463634,0.010235976,0.079088606,0.06426311,0.025286019,0.008689642,0.008538603,0.023754679,0.03930413,0.06848534,0.03403483,0.020682123,0.048186377,0.03503688,0.01916937,0.024934877,0.010853562,0.087682754
0.015796904,0.06082113,0.010514892,0.010237839,0.07916422,0.06432825,0.02530874,0.008688491,0.008523564,0.023724375,0.039283648,0.06856112,0.034091987,0.020702546,0.048171964,0.0350459,0.019214276,0.025009334,0.010868559,0.087751694
0.015739774,0.060761817,0.010450228,0.010230466,0.07909766,0.06427939,0.025279187,0.008680544,0.008528173,0.023770507,0.039288282,0.06849289,0.034026958,0.020683734,0.04822009,0.03503006,0.019179873,0.024942359,0.010843374,0.087696694
0.015717717,0.060770694,0.010473594,0.010230811,0.079081394,0.064272396,0.025302386,0.008717271,0.00852705,0.023779241,0.03925108,0.068493836,0.03401186,0.020680567,0.048193373,0.035016447,0.019182555,0.02493928,0.010842312,0.08769219
0.16110806,0.064296365,0.010857263,0.010544174,0.059176043,0.08905601,0.02653648,0.010368882,0.0074247597,0.07976322,0.1092428,0.07195239,0.03559222,0.019578671,0.06867405,0.076702796,0.02041437,0.025465721,0.009978393,0.03656352
0.16129732,0.06447501,0.010845497,0.0105338255,0.059122417,0.08858941,0.026622206,0.010365499,0.007418464,0.07969165,0.10947114,0.07212778,0.035572667,0.019554008,0.06863234,0.076663524,0.020470116,0.025442556,0.009959399,0.036542416
0.16144522,0.064500615,0.010837306,0.010541151,0.059118092,0.088445164,0.026655884,0.010385376,0.007392575,0.07967739,0.10959991,0.072166175,0.035577852,0.01954113,0.06860365,0.07667086,0.020496415,0.02545476,0.009961849,0.03653633
0.16150238,0.06447566,0.010855547,0.010539248,0.05912079,0.08838863,0.026639812,0.010393775,0.0074102785,0.0796592,0.10966288,0.07212411,0.035571557,0.019530071,0.0685863,0.07667969,0.020477138,0.025458565,0.0099565545,0.03653745
0.16149977,0.064501196,0.01083005,0.010539293,0.059119727,0.08831532,0.026633745,0.010383514,0.007408041,0.07965321,0.10967242,0.07214341,0.03558044,0.019535763,0.06858045,0.07667001,0.020478887,0.025454262,0.009954764,0.03653872
0.16158295,0.06448571,0.010848149,0.010544849,0.059100166,0.08829867,0.026645292,0.010384688,0.0074037663,0.0796523,0.109696485,0.07213612,0.035578884,0.019539945,0.0685751,0.07666102,0.020483343,0.025464991,0.009950709,0.036541674
0.01392468,0.30602944,0.0056805625,0.010234777,0.04595954,0.049866863,0.12262135,0.005744265,0.009646773,0.034684863,0.034812078,0.3085191,0.019104855,0.020956287,0.024832545,0.031635776,0.100820065,0.013906779,0.011743412,0.027830744
0.013831473,0.30647185,0.005684162,0.010243566,0.04600736,0.04987312,0.12280275,0.005757674,0.009644475,0.034712978,0.03484388,0.3088839,0.019131143,0.020982228,0.024847887,0.03165852,0.10096467,0.013928542,0.011760717,0.027854666
0.013747141,0.30627435,0.0056854906,0.010238991,0.046001256,0.049827795,0.12276893,0.005732083,0.009648583,0.034706708,0.034822874,0.30877766,0.019097725,0.020976093,0.024849188,0.03160576,0.100890994,0.013907594,0.011762329,0.027851949
0.013716907,0.30633074,0.0056885476,0.010231049,0.046003826,0.04984259,0.12278164,0.005755136,0.009639255,0.03470984,0.034851357,0.30879942,0.019122204,0.020972887,0.024839541,0.0316274,0.10091852,0.013913874,0.011760974,0.027862338
0.013720968,0.30626544,0.0056815,0.010221561,0.04599262,0.049798045,0.12278283,0.005750943,0.009641661,0.03469707,0.03481344,0.30870205,0.019081546,0.02096508,0.024841873,0.031618096,0.100910276,0.01389222,0.011764672,0.027848713
0.013656513,0.30643934,0.005692229,0.0102334935,0.04601842,0.04980098,0.12285606,0.005755433,0.0096562905,0.034717567,0.03484911,0.30889198,0.019118283,0.020970706,0.024860177,0.031599697,0.100951895,0.013921832,0.011772226,0.027858283
0.01477893,0.06257372,0.009775402,0.010884479,0.07946691,0.061718456,0.025944062,0.008115389,0.008394419,0.021925017,0.038297743,0.0703744,0.031778645,0.021204593,0.046703503,0.034162316,0.019775584,0.023303188,0.011101203,0.088043906
0.014867338,0.0624514,0.009789786,0.010882002,0.079490095,0.061798185,0.025884707,0.008110839,0.008382423,0.021958552,0.038268708,0.070245005,0.03180496,0.021215597,0.04673199,0.034171127,0.019730113,0.023328468,0.011096535,0.08804839
0.014854913,0.062452447,0.009779411,0.010866012,0.079507194,0.061798524,0.025891146,0.008106251,0.008404233,0.021960935,0.038262982,0.07025884,0.031809498,0.021219471,0.046747603,0.03416832,0.019717049,0.023325847,0.01109687,0.08804355
0.014829721,0.062458508,0.009805992,0.010874666,0.079504,0.061773222,0.025879776,0.008111577,0.0083993375,0.02196617,0.038264208,0.07025376,0.031807452,0.021221565,0.046752803,0.03418923,0.019729612,0.023347301,0.0110979155,0.088054374
0.014854222,0.06248028,0.009782094,0.010867601,0.0795293,0.061798565,0.025905525,0.008111311,0.00840249,0.02196241,0.038250364,0.07028629,0.031794444,0.021224162,0.046759963,0.034179494,0.019723421,0.023335129,0.011104782,0.08808202
0.014878581,0.06248986,0.009812415,0.010869061,0.0795425,0.061837897,0.025892217,0.008111234,0.008401108,0.02197878,0.038250983,0.070298575,0.03184212,0.021221168,0.046766233,0.034189958,0.019735973,0.023354921,0.011099682,0.08807004
0.015872689,0.06737241,0.0099446755,0.036617372,0.057003107,0.060220253,0.027561614,0.00889674,0.06190133,0.07633836,0.035496056,0.07497368,0.032689314,0.07168441,0.06553575,0.03148682,0.021434894,0.023839382,0.04702259,0.03512133
0.015867598,0.067331746,0.009981362,0.03660834,0.05699986,0.060259905,0.027510101,0.008893604,0.061898805,0.07634423,0.035520896,0.07490879,0.03270298,0.071688294,0.06554513,0.031497683,0.021417504,0.023845429,0.047006335,0.035110265
0.015887924,0.067361616,0.009962957,0.036610957,0.05701832,0.060245235,0.0275241,0.008886138,0.06190722,0.0763706,0.03549689,0.07492616,0.0326946,0.07168556,0.06554815,0.031499956,0.021413868,0.023847798,0.047005557,0.035126075
0.015925966,0.06736357,0.009986953,0.036606897,0.05700802,0.060320046,0.027514968,0.008892035,0.061891332,0.07636559,0.035490308,0.07492687,0.032732606,0.07167733,0.06553954,0.031512346,0.021419505,0.023878038,0.046997394,0.03512092
0.015916687,0.067341104,0.009969443,0.036607567,0.057028998,0.060303766,0.027546715,0.008904069,0.061899077,0.07637337,0.035492484,0.07492514,0.03272813,0.071677774,0.065562546,0.031521153,0.021418704,0.023872275,0.04700111,0.035130236
0.015892543,0.06735417,0.009982597,0.036611598,0.057017792,0.060275182,0.027538117,0.008895517,0.061903194,0.07636812,0.03550388,0.07492747,0.03272536,0.07169937,0.06555739,0.031495668,0.021422014,0.02386962,0.04701174,0.03511543
0.012473285,0.0782803,0.0434908,0.013762022,0.060507126,0.052424654,0.032113608,0.0041742553,0.008368345,0.070103504,0.03426592,0.08733545,0.056775745,0.02110048,0.05854652,0.031099996,0.024895769,0.048958495,0.010659603,0.036485437
0.012513217,0.07839078,0.04352777,0.013782524,0.06058487,0.05248677,0.032149337,0.004176777,0.008336746,0.07014093,0.034320746,0.08749877,0.056851193,0.02115128,0.058601774,0.031131212,0.024917308,0.04900461,0.0106728235,0.03652335
0.012448323,0.078337945,0.043510288,0.013779029,0.06057792,0.052466806,0.032139778,0.0041827215,0.008335688,0.07012767,0.03434384,0.08742707,0.05685032,0.02114429,0.05859808,0.031125417,0.0249031,0.049001675,0.010666756,0.036525898
0.012429619,0.07836011,0.043507073,0.01378297,0.060586598,0.052481577,0.03213033,0.0041909753,0.008326307,0.07011142,0.03433254,0.087470464,0.056825917,0.021145249,0.058581844,0.03112648,0.024901219,0.0490042,0.010677227,0.036536336
0.012464897,0.078395054,0.043517563,0.013783244,0.06060089,0.052477337,0.03218334,0.0041887225,0.008329584,0.070162795,0.034336668,0.08749142,0.056862667,0.021148972,0.058614556,0.03113643,0.024911698,0.049016614,0.010682839,0.036529113
0.012485472,0.07837403,0.04353203,0.013771116,0.06061107,0.052509718,0.032141216,0.004167899,0.008338298,0.07016261,0.03433115,0.08748991,0.056837685,0.021159045,0.058618803,0.031143334,0.024913361,0.049001906,0.0106836045,0.03654619
0.015619545,0.062486377,0.010413783,0.010376812,0.0791832,0.06384413,0.025986256,0.008648318,0.008257216,0.023021132,0.03900299,0.070409074,0.03385713,0.020522796,0.047587413,0.034783684,0.01972656,0.024815625,0.010773632,0.0877507
0.015648277,0.062500976,0.01043156,0.010363938,0.07917402,0.063882686,0.025997177,0.008646307,0.008260413,0.023038251,0.03900925,0.07040919,0.03382379,0.020514313,0.04760659,0.034802698,0.019731633,0.024798121,0.01076387,0.08777252
0.015689248,0.062479842,0.010405189,0.010378088,0.07917184,0.063841715,0.025983639,0.008626038,0.008263504,0.023061113,0.038997114,0.07039798,0.033841066,0.020517105,0.047614124,0.03477849,0.019742921,0.024807582,0.010779078,0.08777105
0.015647491,0.06254348,0.010425978,0.010370069,0.079157434,0.06384784,0.026020063,0.008642622,0.008254605,0.023046337,0.038998935,0.07044865,0.033841643,0.02052476,0.047617353,0.034807928,0.019742714,0.02481101,0.010770277,0.08778192
0.015661035,0.06251804,0.010411387,0.010376045,0.07918517,0.06383391,0.026001023,0.008663613,0.008255884,0.023050934,0.039005566,0.07041497,0.033845626,0.020520397,0.047615036,0.034779616,0.019735582,0.02481589,0.010763221,0.0877744
0.015628798,0.06250178,0.01042429,0.0103810085,0.07917452,0.06381698,0.02597796,0.008649268,0.008259725,0.02304818,0.039009456,0.07039814,0.033837616,0.020515416,0.047603972,0.034775995,0.01973374,0.024818162,0.010763796,0.08779107
0.0131110735,0.31724593,0.007936608,0.013070128,0.0603299,0.055370744,0.13333623,0.007843778,0.0078011886,0.07221258,0.0355165,0.31596005,0.02658152,0.020724718,0.060650483,0.03180758,0.10413319,0.019301629,0.010215801,0.03673948
0.013154567,0.31694287,0.007933593,0.013067979,0.060323127,0.055367418,0.1331595,0.007843623,0.007794223,0.072213426,0.03553119,0.31556782,0.026583362,0.020730875,0.06064884,0.031813208,0.1040377,0.019305151,0.010204405,0.03674242
0.013119389,0.31687433,0.007921459,0.013068435,0.060311668,0.0553341,0.13305375,0.007841019,0.0078014927,0.07218701,0.035519328,0.31546164,0.02657477,0.02072722,0.06064262,0.031821534,0.1040121,0.019293116,0.010217506,0.03673798
0.0130784735,0.31677428,0.007932563,0.013070246,0.060318694,0.055288974,0.13302445,0.0078589115,0.0077967085,0.07218814,0.03552909,0.31535962,0.026598921,0.020723814,0.060631122,0.03178812,0.10398412,0.019306248,0.0102069825,0.03674604
0.013081855,0.3167143,0.007923205,0.013067162,0.06033145,0.05526861,0.13297306,0.007827432,0.0078086574,0.07221368,0.03549885,0.3152896,0.026561428,0.02071386,0.060649313,0.031763043,0.10396848,0.019284155,0.010198549,0.036741793
0.013130797,0.31670156,0.007929304,0.013080262,0.060324557,0.055365536,0.13296992,0.007849149,0.0077988957,0.07220805,0.03550375,0.31528357,0.026577389,0.0207355,0.06064109,0.031806357,0.10396849,0.019286923,0.0101980325,0.03674432
0.015142621,0.06152139,0.0101678,0.01070104,0.078661926,0.06262613,0.025481222,0.008372585,0.008486735,0.022371886,0.03860467,0.06914734,0.03303971,0.021213328,0.046935182,0.034412682,0.019457882,0.024236074,0.010983732,0.08745044
0.015195665,0.061507575,0.010182548,0.010693855,0.07869345,0.062671244,0.025467591,0.008369997,0.008495076,0.022420937,0.038559396,0.06914307,0.03306853,0.021216452,0.046985526,0.03441082,0.019459851,0.024251632,0.010992683,0.087469056
0.015209858,0.06149602,0.010173995,0.010697329,0.07871308,0.06267206,0.02546683,0.008367858,0.008504916,0.022419842,0.03856418,0.06912007,0.033052955,0.021229818,0.04698762,0.034392077,0.019431002,0.024248447,0.011001162,0.08748888
0.0152161475,0.061509248,0.010194191,0.010684752,0.07869256,0.062695555,0.025475876,0.008364322,0.008492566,0.022427185,0.038559895,0.069127426,0.033069883,0.021220792,0.047002517,0.034384344,0.019448986,0.024261862,0.010990221,0.08748596
0.015179451,0.06146786,0.010192213,0.010691038,0.078729205,0.06267146,0.02546631,0.008354189,0.00851409,0.022434138,0.038533486,0.06911853,0.033073753,0.021220813,0.047005627,0.034420688,0.019449592,0.024262618,0.011006684,0.08750254
0.015146512,0.06149421,0.010198239,0.010687707,0.07871584,0.0626607,0.025448082,0.00834267,0.008505428,0.022446219,0.0385413,0.06912295,0.033079255,0.021220444,0.047016334,0.03439378,0.019460052,0.024272209,0.010998078,0.08750325
0.015177803,0.063576885,0.0098546855,0.010877014,0.07819966,0.062832974,0.026356973,0.008114143,0.008440089,0.022216065,0.03869602,0.071536586,0.03204729,0.021322493,0.046765286,0.034542263,0.020104405,0.023510013,0.011090192,0.08728474
0.015198543,0.06355167,0.009888706,0.0108776195,0.07819508,0.062814035,0.02636615,0.008102354,0.008433607,0.022219924,0.03868306,0.07149141,0.03205872,0.021310294,0.046767786,0.034544155,0.020084368,0.02350729,0.011096601,0.087272815
0.015163586,0.06359181,0.00986993,0.01086903,0.07820545,0.0628223,0.026361048,0.008092313,0.008448333,0.022229014,0.038700525,0.071536,0.032037105,0.021315102,0.046766806,0.03455554,0.020091243,0.023509933,0.011082254,0.08727643
0.015204479,0.06357996,0.009884338,0.010872178,0.0781929,0.06282405,0.026375694,0.008111531,0.008445794,0.022220664,0.038686737,0.07155006,0.03205119,0.021322232,0.04677226,0.03455097,0.02010068,0.023511125,0.011098511,0.0872753
0.01522928,0.06355943,0.009871011,0.010865366,0.07820112,0.062844574,0.026360674,0.008096359,0.0084370915,0.02223392,0.038667627,0.071487434,0.03204362,0.02130844,0.046775114,0.03455398,0.020092817,0.023500618,0.011098474,0.08727841
0.015236825,0.06360178,0.0098921275,0.010875496,0.07821741,0.06289151,0.026387792,0.008116174,0.008445309,0.02222631,0.038678557,0.07154205,0.032054875,0.021322438,0.046775877,0.03454796,0.020100772,0.023512881,0.011099267,0.087286785
0.012938846,0.28863022,0.006875806,0.010019974,0.045835916,0.053593524,0.11549391,0.0066126147,0.009631577,0.03719533,0.035825465,0.29094848,0.022972463,0.020936588,0.027640233,0.032302022,0.09510714,0.016727425,0.011532653,0.027560176
0.012903113,0.2887599,0.0068894606,0.010019957,0.045812234,0.053561825,0.11556846,0.0066232155,0.009619319,0.037136808,0.03586541,0.2910302,0.022965781,0.020924052,0.027614927,0.032305166,0.095154695,0.01671624,0.011514454,0.02755204
0.012894609,0.2887545,0.0068794643,0.010030561,0.045817185,0.0535852,0.11557273,0.006622223,0.009621075,0.03712166,0.035870317,0.29100868,0.02295132,0.020925585,0.02760517,0.032291748,0.09514411,0.016713155,0.011524582,0.027549023
0.012882706,0.28872305,0.0068719937,0.010019587,0.04581774,0.053530976,0.11558852,0.0066274293,0.009630227,0.03713197,0.035845783,0.29100144,0.022946266,0.020920843,0.027617496,0.032303233,0.095147215,0.016713493,0.011529753,0.027553523
0.012830706,0.28873295,0.0068941335,0.010019428,0.045819767,0.05353352,0.115590595,0.0066186236,0.009647796,0.037099052,0.035851195,0.29099727,0.022947127,0.02092784,0.027593113,0.032301787,0.09515159,0.016705984,0.011524921,0.027558012
0.012841823,0.28873023,0.006882695,0.010023338,0.04584272,0.053531084,0.1155921,0.006616445,0.009632462,0.037114657,0.035893008,0.2910113,0.02297181,0.020926362,0.027591458,0.032321118,0.095164984,0.016738228,0.01152577,0.027563574
0.052018687,0.056464702,0.0115668615,0.009139814,0.041849554,0.08208302,0.023298739,0.008998252,0.010565604,0.044038404,0.059658997,0.06336139,0.037185237,0.02129735,0.036541965,0.0575574,0.017845044,0.027237598,0.011342602,0.025365077
0.05218467,0.056406498,0.01159045,0.009129638,0.041835934,0.08199269,0.023304597,0.009024325,0.010562619,0.043929756,0.059750672,0.06332199,0.037212525,0.021289313,0.036455553,0.05763714,0.017809596,0.02726987,0.011347946,0.025344545
0.0522115,0.05641024,0.011570426,0.00912236,0.04179312,0.081882514,0.023316093,0.008992475,0.010562484,0.043870233,0.059820347,0.06333304,0.03717586,0.021272581,0.036384333,0.057681162,0.017830182,0.027238075,0.011337254,0.025311537
0.052316375,0.056462687,0.011611964,0.0091393255,0.041829165,0.081867605,0.023351004,0.009000805,0.010569651,0.043828808,0.059880823,0.06336977,0.03724798,0.021298105,0.036366906,0.057710197,0.01784554,0.027293412,0.011343548,0.02532863
0.052327186,0.05642982,0.011598399,0.009135939,0.041802287,0.0818261,0.02332919,0.009001409,0.010564815,0.043808114,0.0599337,0.06332869,0.037253074,0.021283055,0.036358792,0.05773281,0.017823946,0.027291233,0.011342446,0.025315281
0.052343424,0.056460183,0.011615636,0.009136237,0.041811183,0.08182036,0.02331479,0.009013055,0.010561218,0.043812055,0.059920233,0.0633407,0.037258826,0.021282248,0.03634219,0.05774175,0.01784046,0.027286941,0.011345501,0.025316369
0.012389639,0.08003292,0.043354444,0.014189611,0.060264003,0.05135134,0.032815836,0.0040934533,0.008604816,0.068818405,0.0338199,0.08936984,0.05784959,0.02112075,0.057235904,0.030707125,0.025432432,0.0498181,0.010729652,0.036219988
0.012358399,0.08004899,0.043364305,0.014187876,0.060310956,0.05139795,0.032841023,0.0040596756,0.008615182,0.06891047,0.033877764,0.08940691,0.057818778,0.02114981,0.05732528,0.03073522,0.025445634,0.049811535,0.010725229,0.03624608
0.012385042,0.08005308,0.043351226,0.014185139,0.0602945,0.05147936,0.03284451,0.004050133,0.008596958,0.06892387,0.03386268,0.08939795,0.057852447,0.021143904,0.057317857,0.030761322,0.025450218,0.049851485,0.01072869,0.03627132
0.01235814,0.080071494,0.043373585,0.014200061,0.060318206,0.05143713,0.03285675,0.0040454245,0.00858375,0.06895264,0.033873793,0.089428216,0.057848275,0.021162182,0.05736334,0.030772023,0.025442507,0.049824424,0.010717187,0.03624752
0.0123425005,0.080050506,0.043350328,0.014196793,0.060331266,0.05148067,0.03282656,0.0040413816,0.008606044,0.0689853,0.033861734,0.08940259,0.057836425,0.02115493,0.057381272,0.030754207,0.025449805,0.049803667,0.0107197305,0.03625779
0.01232078,0.0800668,0.04335423,0.014194999,0.06031728,0.051456865,0.032854766,0.004066386,0.00858069,0.06896605,0.033900984,0.0894363,0.057835434,0.021161245,0.05737397,0.030789945,0.025439974,0.049806748,0.010718392,0.03625173
0.01315452,0.28913584,0.0066075083,0.010099723,0.045469932,0.053704496,0.115768135,0.0063033723,0.009870023,0.0365451,0.03610989,0.29158682,0.022030415,0.021167487,0.027201975,0.032602895,0.095269516,0.01606431,0.01173597,0.02744019
0.013113199,0.28915197,0.006604591,0.010102449,0.04544631,0.053694274,0.11578052,0.006300868,0.009869302,0.03649717,0.036122654,0.29157317,0.02201521,0.021165414,0.027175803,0.032582078,0.09526694,0.016064841,0.011743222,0.027433576
0.013099937,0.28917292,0.0065999534,0.0100963125,0.04543371,0.053653244,0.115788095,0.0062863985,0.009848405,0.036512926,0.036125906,0.29156533,0.022003006,0.021152757,0.027192881,0.032579143,0.09528654,0.016040979,0.011725666,0.027433475
0.013075187,0.2892882,0.006600898,0.010091332,0.04544986,0.05366308,0.11587917,0.006308134,0.00985461,0.036504712,0.03615179,0.29167616,0.022019725,0.02115397,0.027179232,0.032584526,0.095323205,0.016054122,0.011734118,0.027434716
0.013126848,0.28921667,0.0066006025,0.01010222,0.0454533,0.053652104,0.11580687,0.006288729,0.009864492,0.03652259,0.036141444,0.2916136,0.022023154,0.021157028,0.02717726,0.032608278,0.095285006,0.016068567,0.011728109,0.027441014
0.013094612,0.28926092,0.0066122296,0.010098464,0.045469563,0.053648572,0.11583486,0.0063020526,0.009861428,0.036528103,0.03615537,0.2916404,0.022017919,0.021162856,0.02720287,0.032599464,0.09531169,0.016057277,0.011723697,0.027445829
0.014777649,0.06368297,0.010855736,0.035615966,0.060156304,0.059740573,0.025932722,0.009589206,0.060736995,0.077431,0.036227424,0.070588924,0.035574693,0.06953024,0.0661611,0.032259643,0.020307118,0.025968568,0.045997974,0.036910944
0.014819173,0.06363353,0.010863959,0.035599925,0.06017003,0.059722032,0.025926614,0.009598864,0.060748715,0.0774736,0.036218636,0.07055402,0.035617806,0.069541305,0.066184014,0.032255176,0.020285364,0.025999215,0.046005182,0.03692161
0.014813793,0.063659705,0.010865192,0.035590813,0.060188238,0.05972265,0.02593187,0.009595811,0.060714625,0.07751371,0.036178097,0.070607424,0.035621807,0.06952815,0.06621343,0.032243136,0.020301135,0.026025215,0.045979757,0.036908176
0.0148847625,0.06363939,0.010886465,0.035593178,0.06017824,0.059788737,0.02590281,0.0095941555,0.060727883,0.07750713,0.03618906,0.07056858,0.035647005,0.0695274,0.06621848,0.03225708,0.020300826,0.026032537,0.045978755,0.036902644
0.014853589,0.06365046,0.010862892,0.035581768,0.060185306,0.05975596,0.025927907,0.009591197,0.0607364,0.07751821,0.036178205,0.07059244,0.03562295,0.069522806,0.06622218,0.03222937,0.020300537,0.026007978,0.045976203,0.036901686
0.014861468,0.06362793,0.010869505,0.035587534,0.060185693,0.059800617,0.025913626,0.009602384,0.060725927,0.077517994,0.03616877,0.0705563,0.035634704,0.069527514,0.066222,0.032264438,0.020288581,0.026013844,0.04597868,0.036891814
0.013126854,0.28884873,0.006544636,0.010208275,0.044530835,0.053624503,0.11564086,0.0060050064,0.009923895,0.03614014,0.03602316,0.29136807,0.021696081,0.02151396,0.026989052,0.03252384,0.09517078,0.015859041,0.011783121,0.026807442
0.013077304,0.2888629,0.006554764,0.010209115,0.044515297,0.053546865,0.1156682,0.0059889895,0.009926878,0.03612545,0.036032002,0.29135865,0.02167941,0.021513412,0.026980592,0.032519843,0.09518965,0.01583825,0.011777746,0.026817277
0.013086091,0.28886464,0.0065385154,0.010201165,0.04450346,0.053546526,0.11566125,0.0059945383,0.009922488,0.036115464,0.036048733,0.29134563,0.021678384,0.021510528,0.026965754,0.032509364,0.095199354,0.015836632,0.011773912,0.026815893
0.013046776,0.2889138,0.00655311,0.010198994,0.044498123,0.053542085,0.11568514,0.005992523,0.009922968,0.03611677,0.036070004,0.29138187,0.02169803,0.02151759,0.026962414,0.03253409,0.0952045,0.015863162,0.011769986,0.026820669
0.013022159,0.28889072,0.0065462226,0.010208593,0.04451547,0.05354424,0.115707085,0.005995102,0.009931784,0.03611483,0.036057506,0.29134217,0.021687804,0.021520546,0.02696154,0.03250845,0.09517769,0.015856532,0.011779002,0.026820505
0.0130325835,0.2889171,0.0065429057,0.010199211,0.044514652,0.053465508,0.11572152,0.00599059,0.009915119,0.036113407,0.036048777,0.29140082,0.021694366,0.021501824,0.026973983,0.03251035,0.09519081,0.015859123,0.011786255,0.02681894
0.012333489,0.07694729,0.04353594,0.01398728,0.059300393,0.052265234,0.031371888,0.0041991468,0.0086389845,0.06938893,0.03434985,0.08554647,0.057106614,0.02196237,0.058005396,0.031058649,0.024524681,0.049192227,0.010969045,0.035755683
0.01232437,0.07691533,0.043526813,0.013995248,0.05930539,0.05226807,0.031381104,0.004212142,0.008622,0.06939689,0.034322977,0.08550735,0.057132244,0.021970669,0.058026444,0.031069096,0.024520127,0.049222197,0.010964015,0.035745963
0.012351465,0.07687217,0.04350811,0.013976664,0.059327837,0.052291717,0.03135903,0.004191115,0.008623833,0.06944626,0.034321107,0.08547268,0.057138037,0.021983912,0.058047216,0.031074163,0.024509799,0.04923537,0.010978597,0.035748046
0.0123601,0.0768295,0.04351013,0.013981297,0.059324976,0.05232239,0.031319756,0.0042107664,0.00862749,0.069444574,0.034299996,0.08544752,0.057148118,0.021982439,0.058064096,0.031074174,0.024497615,0.04923198,0.010966509,0.035743643
0.012352814,0.07680577,0.043501496,0.013978452,0.059337836,0.05232474,0.031342503,0.0042022336,0.008624371,0.069479525,0.034309294,0.08541369,0.05715256,0.02197993,0.058062084,0.031090189,0.024476336,0.049241204,0.010979477,0.03575921
0.012413239,0.07678288,0.04351658,0.013977431,0.05935266,0.052342054,0.031348493,0.00419482,0.008632754,0.06947698,0.03428939,0.085410275,0.057149623,0.021991491,0.05808868,0.03109024,0.024472157,0.04925679,0.010972533,0.035764806
0.0149613535,0.062048506,0.010258447,0.01050573,0.08006126,0.06184789,0.025748687,0.008722436,0.008335311,0.022852086,0.038012117,0.0698162,0.03344818,0.0208108,0.047459822,0.03392122,0.019594416,0.024501344,0.010863599,0.08822283
0.015007721,0.062059004,0.0102722915,0.010502677,0.080047585,0.061889194,0.025739217,0.00874641,0.008335388,0.022872996,0.037982594,0.06982228,0.03347575,0.020805642,0.04746316,0.033921,0.019606533,0.02451631,0.010855148,0.08821196
0.015012256,0.06205902,0.010266187,0.010504078,0.08002096,0.061854806,0.025732175,0.00872845,0.008345875,0.022880627,0.037968438,0.06980553,0.033470627,0.020806126,0.047464382,0.033906892,0.019605814,0.024508901,0.010848566,0.08821369
0.015014144,0.06209465,0.010265211,0.010497155,0.08003596,0.061865192,0.025785873,0.008740905,0.008345514,0.022876866,0.03797307,0.069876045,0.03346741,0.02079948,0.047474302,0.033911284,0.019624535,0.02450644,0.010855117,0.08823334
0.01502879,0.06203373,0.010266314,0.01049372,0.08005589,0.061869685,0.025724998,0.008741578,0.008343144,0.02288864,0.037984155,0.06980667,0.033485062,0.020804776,0.047480986,0.033896364,0.019586964,0.0245097,0.01085656,0.088232145
0.01500978,0.062027812,0.0102653755,0.010505021,0.08005221,0.061881643,0.025737587,0.008734315,0.008331837,0.022862384,0.037990347,0.06979698,0.03347854,0.020790922,0.047462672,0.033923943,0.019597232,0.024506686,0.010843857,0.08823206
0.01217371,0.08072188,0.043416645,0.014295149,0.060004797,0.050173696,0.033030946,0.0040434203,0.008815235,0.068094134,0.033325393,0.08997252,0.05757633,0.021221507,0.056555316,0.030316686,0.025684332,0.0496116,0.010645987,0.036055584
0.012138714,0.08076271,0.04343569,0.014290465,0.060009517,0.05023477,0.0330529,0.004052948,0.008784843,0.068071365,0.03334458,0.09002877,0.057553396,0.021231662,0.056557767,0.030323524,0.025711546,0.049609542,0.010645454,0.036046993
0.012173919,0.08074014,0.043422233,0.014290989,0.0600026,0.050242554,0.03307243,0.0040580677,0.0087887775,0.06809886,0.03335074,0.09001532,0.057554856,0.02124185,0.056565817,0.030349966,0.025696164,0.04959826,0.010647493,0.03604351
0.012210877,0.08077913,0.043432895,0.0142763,0.0600099,0.05027907,0.03306921,0.0040315795,0.008780732,0.06809401,0.03334343,0.090039015,0.057545565,0.021240931,0.05656604,0.03035238,0.025713928,0.049603295,0.010655093,0.036049858
0.012191545,0.08079072,0.04341002,0.0142792165,0.060030982,0.05022489,0.033085693,0.0040639853,0.008783898,0.06810554,0.033359013,0.09004683,0.057552915,0.021228256,0.056571193,0.030349992,0.02571804,0.049604673,0.010656121,0.036069643
0.012184611,0.08085644,0.04342652,0.014283553,0.060025882,0.05024093,0.03307493,0.0040337597,0.008787682,0.068110265,0.033351384,0.09009586,0.05754344,0.02124211,0.056571554,0.030371143,0.025729071,0.049583808,0.010652413,0.03605369
0.012923751,0.28699517,0.0069843372,0.010042845,0.045578003,0.05344908,0.11487274,0.0064730523,0.009675273,0.03718768,0.03574175,0.28964588,0.023141753,0.021003127,0.027871303,0.03224664,0.094549924,0.01690311,0.011575183,0.027472736
0.012929305,0.28703472,0.0069672004,0.010038871,0.045548096,0.053399157,0.11492131,0.006457019,0.009658066,0.037162565,0.03570531,0.28963912,0.023140112,0.0209807,0.027850192,0.03222269,0.09456605,0.01690083,0.011559452,0.02746639
0.012880057,0.28699395,0.0069700265,0.010045937,0.04555611,0.053382296,0.114895664,0.006437208,0.00965659,0.037172977,0.03576921,0.2896146,0.023127828,0.020989373,0.02785526,0.03223332,0.09455339,0.016882947,0.011569367,0.027477693
0.012833477,0.28700367,0.0069663506,0.0100372825,0.04555497,0.05334775,0.11493044,0.0064602788,0.009662971,0.0371443,0.03575588,0.28958586,0.023126202,0.02098392,0.027840879,0.032213885,0.09454538,0.016896226,0.011557706,0.027471773
0.012880232,0.28699487,0.00696893,0.01004119,0.045546103,0.053405315,0.11492557,0.0064541893,0.0096507305,0.037139192,0.035746433,0.2896,0.023124171,0.020986862,0.0278314,0.032218598,0.09455377,0.01686951,0.011565512,0.027465636
0.012833838,0.2869805,0.0069718696,0.010032128,0.045536857,0.05336023,0.11492126,0.006450312,0.009653177,0.037134506,0.035742115,0.28956792,0.023121677,0.020983383,0.027826265,0.032209408,0.09454471,0.016875187,0.011565201,0.027465452
0.015830142,0.067915946,0.01012278,0.03643574,0.056813363,0.06222741,0.02748008,0.009113139,0.05985333,0.07390918,0.0372411,0.0749758,0.033272687,0.07021941,0.06301861,0.033062886,0.021737292,0.024277268,0.045859814,0.03476333
0.01591092,0.067874074,0.010150401,0.036431476,0.05682209,0.06230103,0.027490437,0.00910439,0.05986322,0.07394533,0.037253395,0.07494685,0.033328634,0.070216015,0.0630456,0.03306125,0.021707881,0.024313923,0.045859393,0.03476283
0.015915105,0.067873776,0.010147997,0.03642538,0.056815766,0.062290438,0.027510108,0.009109463,0.059857145,0.0739619,0.037254915,0.07495772,0.033329464,0.07021008,0.06306696,0.033059336,0.02171726,0.024320615,0.045848694,0.034758814
0.0159326,0.067820355,0.0101583805,0.036417965,0.056826774,0.062313333,0.027455032,0.009105666,0.059859846,0.07396598,0.03720769,0.07489544,0.033335596,0.07021454,0.063077934,0.03306567,0.021689273,0.024330638,0.045835778,0.034758896
0.015904797,0.06782979,0.0101399515,0.036413833,0.05681884,0.062297557,0.02745803,0.009096743,0.059845593,0.07397685,0.037222296,0.0748976,0.03332697,0.07022067,0.06307692,0.03306129,0.02170282,0.024325475,0.04583907,0.034743693
0.015954403,0.0677772,0.010151542,0.03641457,0.056834575,0.062329892,0.0274528,0.009110196,0.059857056,0.0739904,0.037220452,0.074871175,0.033347435,0.07020772,0.06309469,0.033078328,0.021667149,0.024331968,0.04583892,0.034749456
0.013147909,0.2917794,0.006294618,0.010116114,0.046642452,0.052654196,0.11684961,0.0060956934,0.009677895,0.036789645,0.035773247,0.29432184,0.021009116,0.020942423,0.027152328,0.03236429,0.09613704,0.015329433,0.0116777485,0.028224986
0.013172577,0.29192019,0.006287794,0.01011267,0.046631146,0.052666083,0.11691509,0.006085104,0.009671869,0.03676179,0.035804942,0.29442793,0.021016436,0.02093201,0.027131835,0.03238214,0.096170776,0.015327022,0.011682551,0.028223597
0.013155269,0.2918779,0.0062834085,0.010106768,0.046648458,0.052667644,0.11691864,0.0060760593,0.009671726,0.036778927,0.03583082,0.29436544,0.020997424,0.02094108,0.027147315,0.032378253,0.096169256,0.01531591,0.011693882,0.028244376
0.013144318,0.29189664,0.0062891133,0.010112793,0.04664079,0.052660994,0.1169067,0.0060900934,0.009675659,0.036773983,0.035820503,0.29437804,0.021000586,0.02094257,0.027144589,0.03239373,0.096162714,0.015305572,0.011687309,0.028228594
0.013165202,0.29197344,0.006291267,0.010114,0.046646073,0.052674368,0.11696304,0.006075641,0.009681311,0.036759496,0.035831735,0.29447055,0.020989433,0.020935178,0.027145468,0.032390837,0.096212454,0.015311942,0.011690235,0.028227417
0.013146108,0.2919909,0.0062805633,0.010114452,0.046640523,0.05264581,0.11697521,0.006083546,0.009684007,0.0367655,0.03581833,0.2944593,0.021007348,0.020937046,0.027135335,0.032367505,0.09621023,0.015314425,0.011681929,0.028233847
0.015641289,0.062205296,0.011017342,0.035346083,0.059009533,0.06172157,0.025394179,0.009548957,0.061677508,0.07859641,0.037004102,0.06916277,0.03598528,0.06988624,0.06746542,0.032879002,0.019791381,0.026302692,0.046260893,0.036391802
0.015682394,0.062124338,0.011029927,0.035335444,0.059017096,0.061750483,0.02534705,0.009567494,0.061670013,0.07863693,0.03701627,0.06909327,0.036038253,0.069880426,0.0674968,0.032884974,0.019771064,0.026332632,0.04624764,0.03638872
0.01570248,0.062082645,0.011028677,0.035329957,0.05904239,0.061808057,0.025359185,0.009538516,0.061672296,0.078659095,0.03701134,0.06904637,0.036017224,0.06990592,0.0675114,0.032868337,0.019753663,0.0263198,0.04625257,0.036391664
0.015756803,0.062097732,0.011044723,0.035326976,0.059032,0.061810922,0.02536792,0.009539792,0.061667666,0.0786664,0.036993094,0.0690558,0.036056288,0.06988628,0.067519076,0.032862175,0.019758005,0.026351677,0.046243098,0.036389176
0.015714819,0.062083166,0.011024853,0.035310116,0.05902711,0.061803725,0.025367564,0.009547583,0.06166077,0.07867105,0.036979053,0.069028184,0.03605201,0.06988122,0.06754435,0.03289952,0.019752566,0.026343055,0.046235908,0.036369286
0.01575562,0.062109012,0.0110446075,0.03532853,0.05902659,0.061819,0.025359228,0.009559822,0.061659012,0.07869205,0.036982164,0.0690544,0.036055516,0.06987622,0.06754732,0.032881085,0.019754823,0.026351895,0.046242002,0.036378954
0.012382034,0.07925033,0.04339213,0.014448218,0.059226897,0.052195806,0.032457728,0.004078346,0.008974678,0.06794334,0.034196947,0.088364035,0.057748854,0.021407546,0.056338634,0.031002127,0.025215885,0.04973852,0.010693282,0.035416935
0.012371874,0.07931872,0.043409765,0.014445441,0.059249036,0.052251965,0.03245062,0.004079296,0.008960884,0.06794273,0.0341901,0.08844645,0.057764295,0.021420183,0.056344327,0.031005684,0.025241805,0.049747393,0.010681448,0.035434835
0.0123685105,0.07926812,0.04339718,0.014445227,0.05923283,0.05227091,0.032472923,0.0040732496,0.008968897,0.06794686,0.03420281,0.088425264,0.057735737,0.0214231,0.056350887,0.031038895,0.025218036,0.04974176,0.010690008,0.035430003
0.012349976,0.07928521,0.043407336,0.014453825,0.05924493,0.05224285,0.03247085,0.0040782797,0.0089696655,0.067968175,0.034219936,0.08841002,0.057735,0.021424836,0.056355897,0.031030277,0.02521606,0.049738776,0.010693033,0.035442635
0.01236069,0.07929175,0.043391734,0.01444447,0.059262216,0.052309215,0.032450818,0.0040912656,0.008971629,0.06798238,0.03422285,0.08841077,0.05776106,0.021415161,0.056365672,0.031029416,0.025223002,0.04977326,0.010685507,0.035455663
0.0123784365,0.079271056,0.043405145,0.014438577,0.05926631,0.05231399,0.032451358,0.0040848027,0.00896305,0.067971066,0.03419769,0.088383235,0.05774565,0.021418624,0.05637133,0.03103334,0.025222126,0.049754415,0.010697613,0.03544148
0.015862474,0.061120518,0.010907277,0.03531502,0.05783774,0.06283027,0.024980383,0.009083679,0.06246823,0.07805996,0.03771428,0.068005085,0.03544433,0.070512064,0.067400075,0.033554703,0.019435277,0.025966989,0.046547472,0.03594814
0.015892876,0.061120823,0.010909956,0.03531042,0.057824798,0.06287027,0.024988981,0.009074087,0.062472638,0.078091286,0.037736803,0.0680003,0.035430063,0.07050191,0.06741737,0.033562936,0.019451013,0.02595233,0.046553537,0.035936747
0.015888466,0.061129145,0.010911659,0.035301186,0.057837624,0.06283211,0.024981407,0.009075532,0.062454153,0.07810695,0.037714805,0.068014696,0.03543221,0.07050694,0.06742487,0.03355025,0.019437212,0.025959179,0.046531226,0.035941135
0.015934141,0.061156888,0.010914442,0.035296176,0.057841025,0.06286917,0.025015794,0.009093543,0.06246521,0.07811399,0.03772075,0.06801812,0.035451394,0.07049444,0.06741602,0.03354759,0.019440036,0.025978874,0.04652498,0.03594647
0.015891885,0.061132208,0.010910891,0.03529431,0.05784449,0.06283412,0.02500131,0.009085709,0.062452342,0.07811672,0.037707318,0.06800307,0.03545534,0.0704917,0.067437455,0.03353285,0.019437684,0.025983077,0.0465338,0.035950262
0.015890405,0.061133444,0.010911765,0.035307292,0.057825297,0.062854275,0.024996925,0.0090822475,0.06245565,0.078095116,0.03773329,0.06801913,0.035452425,0.07049761,0.06741193,0.033546235,0.019454328,0.025965253,0.04652519,0.035928816
0.012913723,0.31985852,0.007776782,0.013620133,0.06060055,0.05485304,0.13441984,0.008172355,0.00823151,0.07102669,0.03486264,0.31843266,0.026261406,0.020603677,0.059058573,0.031210348,0.10508056,0.01897496,0.010031257,0.036506146
0.012942835,0.3195907,0.007729385,0.013618288,0.060584955,0.054829903,0.13423933,0.008165747,0.008252889,0.07101408,0.034869473,0.31810486,0.026218992,0.02058986,0.059045944,0.031200327,0.10498265,0.018953893,0.010020632,0.036514957
0.012899085,0.3194771,0.0077521275,0.013632858,0.06059365,0.054820634,0.1341505,0.008148037,0.008226496,0.071024835,0.034900144,0.31796816,0.02625051,0.020592237,0.05906131,0.031199412,0.10493523,0.018972315,0.01000766,0.03652497
0.01293926,0.31932673,0.007752561,0.0136391055,0.06057939,0.054892085,0.13411133,0.008166213,0.008233838,0.07099993,0.03492456,0.31778848,0.026215656,0.020592205,0.05904836,0.03122866,0.104893915,0.018957762,0.010014337,0.0365124
0.012981077,0.31925985,0.0077551766,0.0136330025,0.06057662,0.05491115,0.1340669,0.008160277,0.008241565,0.07099331,0.034906786,0.31774572,0.026226893,0.020597236,0.05904082,0.031210834,0.10487503,0.018959705,0.010019518,0.036511008
0.012948083,0.3192665,0.007755064,0.013638335,0.06056469,0.054845426,0.1340259,0.008160241,0.008250072,0.07099224,0.034889594,0.3177016,0.026217435,0.020594578,0.059033718,0.031214662,0.10486765,0.018955233,0.01001073,0.03651651
0.16157438,0.064686894,0.010707575,0.010753678,0.059932698,0.09004465,0.026524227,0.010208117,0.00744822,0.07950142,0.10822426,0.07201318,0.035047185,0.01984569,0.06817322,0.07607108,0.02062875,0.025094496,0.009956778,0.03690031
0.1617823,0.06458586,0.010673914,0.0107630305,0.059894707,0.08953906,0.026508955,0.010215713,0.007444463,0.07944608,0.10852671,0.07190877,0.035010245,0.019822007,0.068136506,0.07606341,0.020582171,0.025060445,0.009939564,0.036881614
0.16195817,0.06463058,0.01066945,0.010771274,0.059872758,0.08933081,0.026531653,0.01019419,0.0074253576,0.079426266,0.10863971,0.07197035,0.035025623,0.01981147,0.068125725,0.07607108,0.02060326,0.025060596,0.009942525,0.036869384
0.16203831,0.06458418,0.010663949,0.010766621,0.059882708,0.08929562,0.026508294,0.01021617,0.0074331327,0.079428576,0.108701155,0.07191961,0.034994,0.019808916,0.068114236,0.07607225,0.020581545,0.02504923,0.009948225,0.036868814
0.16208087,0.06451772,0.010679618,0.010760419,0.05986458,0.08917835,0.026475709,0.01021771,0.0074365926,0.07943039,0.10876977,0.07187482,0.035013713,0.019809688,0.06810529,0.07608192,0.020569446,0.025072686,0.009936163,0.036862064
0.1621274,0.06451757,0.010672657,0.010768084,0.059867933,0.08910032,0.026483426,0.010201151,0.0074397037,0.07942155,0.10881863,0.07187571,0.035013534,0.019798217,0.068107806,0.076082736,0.020566424,0.025058946,0.009939866,0.036855508
0.015925426,0.06582343,0.010482011,0.03547192,0.05820576,0.06337759,0.026896376,0.009146189,0.060828097,0.07715348,0.03840891,0.07314875,0.03430372,0.06926366,0.06618211,0.034215707,0.020970015,0.025069524,0.04599495,0.035891764
0.01591538,0.06583149,0.010484303,0.035426226,0.05821814,0.063433334,0.026881997,0.009106322,0.060832568,0.0771661,0.038368825,0.07315674,0.034294542,0.069257714,0.06620734,0.034194533,0.020961476,0.025067417,0.045962006,0.035895173
0.015821595,0.06585645,0.010483975,0.035423614,0.05823649,0.06335942,0.026906656,0.009106183,0.06085142,0.077176616,0.03839108,0.073180616,0.03430437,0.06927138,0.06622396,0.034175947,0.020979224,0.025070848,0.045966726,0.03588228
0.015858922,0.06584027,0.01049489,0.03542236,0.05823332,0.063411966,0.026885515,0.009122587,0.060841523,0.077208035,0.03837709,0.07316867,0.034298655,0.06927695,0.06622288,0.03417326,0.020971553,0.025079202,0.045968983,0.035897173
0.015900513,0.06581832,0.010481453,0.03540045,0.05822914,0.06344467,0.026888143,0.009132837,0.060847435,0.077205725,0.03837466,0.07314994,0.034313917,0.069274835,0.06623114,0.034202006,0.020960443,0.025078593,0.04594391,0.035900716
0.015849108,0.06581604,0.010486229,0.035387598,0.058256473,0.06341225,0.026863197,0.009123116,0.060850844,0.077219896,0.03838521,0.073164105,0.034303963,0.06927176,0.066235855,0.03420638,0.02096313,0.025073431,0.045956355,0.035906274
0.012552339,0.29379573,0.0063515063,0.010541289,0.04683805,0.050389152,0.11757112,0.006276686,0.009851032,0.036544368,0.034038756,0.296191,0.021247232,0.02159803,0.026681984,0.03074474,0.09681748,0.015451187,0.012051723,0.028290708
0.012475085,0.29391375,0.006342618,0.010536386,0.04683563,0.050403256,0.11768452,0.0062732482,0.00985308,0.036534738,0.034049936,0.29627177,0.021230755,0.021582538,0.026659051,0.030774739,0.09689081,0.015434355,0.01204724,0.028282987
0.012480384,0.2940674,0.006338209,0.010544603,0.046855826,0.050364938,0.117745295,0.006266236,0.009854696,0.03654673,0.03402839,0.2963721,0.021246608,0.021597864,0.02665912,0.030743307,0.09691835,0.0154492725,0.012050376,0.028319005
0.012504278,0.29406956,0.0063288664,0.010546292,0.046859164,0.050415475,0.117734745,0.0062668426,0.0098642735,0.036545638,0.034057,0.2963687,0.021229738,0.021601938,0.026668461,0.030768493,0.096916266,0.015430984,0.012046075,0.028307745
0.012452321,0.2941012,0.006336215,0.010534288,0.046836164,0.050388716,0.117760725,0.006283054,0.009865491,0.03651543,0.034078587,0.29642206,0.021219997,0.021600224,0.026656784,0.030751292,0.09694753,0.015423867,0.012053644,0.028295113
0.012429652,0.29416424,0.0063399556,0.010529652,0.04685347,0.0503985,0.117820956,0.0062696333,0.009853365,0.03653902,0.034080442,0.29647818,0.021223,0.021586942,0.026677383,0.03074659,0.09695317,0.015442799,0.012051677,0.028306128
0.014816371,0.061781682,0.009915411,0.010499476,0.08051606,0.061772034,0.025685968,0.008427374,0.008423769,0.023148226,0.038253754,0.0696623,0.03236243,0.020863911,0.047803283,0.034162607,0.019498177,0.023704471,0.010966234,0.08864473
0.014830701,0.0617332,0.00993887,0.010492459,0.0805511,0.061800722,0.025674425,0.008391094,0.008433644,0.02313146,0.038264085,0.069624096,0.03237056,0.020871842,0.047813993,0.034183845,0.019496059,0.023713237,0.010957002,0.08865812
0.014822692,0.061688922,0.009932563,0.010498406,0.08053702,0.061820436,0.025669916,0.00841475,0.008444765,0.023166066,0.038239762,0.06958886,0.032371555,0.0208725,0.047829915,0.034183994,0.01946714,0.023716722,0.010958382,0.08864984
0.014876946,0.06167637,0.0099430485,0.010497892,0.08059584,0.06181611,0.025658866,0.008427728,0.008430502,0.023127468,0.03821549,0.069570564,0.032395598,0.02087507,0.047822744,0.03417958,0.019461272,0.02373212,0.010961665,0.08867172
0.014869777,0.06168353,0.0099209985,0.010478049,0.08056224,0.061792348,0.025669979,0.008418371,0.008421837,0.02314309,0.03822985,0.06959501,0.0323751,0.020866465,0.047832336,0.034175757,0.019465096,0.02372528,0.010961092,0.08864651
0.0148905935,0.06163818,0.009923309,0.010496645,0.08057204,0.06184181,0.025663486,0.008413862,0.008431475,0.023154275,0.03820544,0.06954923,0.032377586,0.020878669,0.04783816,0.034182582,0.01944737,0.023723308,0.010966007,0.08864972
0.051082473,0.057634685,0.011670851,0.008976645,0.042527284,0.081541836,0.023849707,0.009147519,0.010215754,0.045185976,0.0590853,0.064683065,0.037543077,0.020853966,0.03752813,0.057076536,0.018232925,0.027498176,0.011035483,0.025729537
0.051174093,0.057618923,0.011679042,0.008975782,0.04249682,0.08138427,0.023798943,0.009135218,0.01022722,0.045084924,0.059237573,0.06464927,0.03754016,0.020857219,0.037436694,0.057139535,0.018237414,0.027493602,0.011038501,0.025708232
0.05120762,0.05763967,0.01166982,0.008970061,0.04249276,0.08137903,0.023847023,0.009146839,0.010224884,0.04505936,0.059263673,0.06466986,0.037532557,0.020840138,0.03740481,0.05716428,0.018219229,0.027494276,0.011037937,0.025710022
0.051213566,0.057571787,0.011657383,0.008958568,0.042459164,0.08126312,0.023781303,0.009144037,0.010216843,0.04502352,0.059299406,0.06452435,0.037492577,0.020815406,0.037368413,0.057180095,0.018209709,0.02747084,0.011037937,0.025683163
0.05130152,0.057576206,0.011674739,0.008972168,0.04249248,0.08127511,0.023782743,0.009144029,0.010218792,0.045032345,0.059328582,0.06456549,0.0375421,0.020833539,0.03737596,0.05718707,0.018209182,0.027496882,0.011049218,0.025711015
0.051287644,0.057582516,0.011674124,0.008970071,0.042492617,0.081239365,0.023761986,0.009137943,0.010223704,0.045000296,0.059358064,0.06458095,0.03756087,0.02084422,0.037349638,0.057215016,0.018217968,0.027521871,0.011050965,0.025692709
0.012756154,0.07914388,0.0433928,0.013663053,0.059997465,0.053547442,0.032371975,0.0042912345,0.0082661295,0.0704305,0.034790866,0.08822013,0.057486035,0.021351928,0.059004065,0.031495582,0.025178172,0.04949734,0.010854074,0.036261216
0.012656424,0.07912477,0.043418337,0.013679298,0.060039137,0.05355242,0.032385733,0.0042683315,0.008236868,0.07049313,0.034826383,0.08821797,0.05746371,0.021368565,0.05905988,0.031515136,0.025189716,0.049469665,0.010843233,0.036294635
0.012706349,0.07913014,0.04342284,0.013681962,0.060051166,0.053617667,0.0323972,0.0042689336,0.008231247,0.07053802,0.034811877,0.08822474,0.057453293,0.021378858,0.059103843,0.03153062,0.025190996,0.049487013,0.010848447,0.036293864
0.012691025,0.079225756,0.043445483,0.013697025,0.060101807,0.053595167,0.03243386,0.004274338,0.0082496945,0.07056013,0.034803938,0.08833056,0.057554055,0.021410324,0.05914515,0.031535786,0.025192406,0.049549356,0.010843368,0.036309697
0.012681309,0.07914845,0.04341168,0.013686591,0.060068764,0.05361344,0.032397434,0.0042571863,0.008219984,0.07055001,0.034815017,0.08824732,0.057474032,0.021388235,0.059125714,0.031536613,0.025189726,0.04950067,0.010843177,0.036302786
0.012615693,0.07915183,0.043425407,0.01367851,0.06006227,0.053620707,0.032399856,0.0042805206,0.008231612,0.07058544,0.0348383,0.0882594,0.057466663,0.021379441,0.059133768,0.031569302,0.025191765,0.049480706,0.010838333,0.036299374
0.013353427,0.28595558,0.006554421,0.010098685,0.046012074,0.054893725,0.11445217,0.0061608194,0.009748187,0.03703312,0.036693893,0.28855458,0.02177882,0.021006202,0.027684025,0.033123154,0.09419688,0.015917538,0.01170886,0.027858365
0.013293998,0.28607145,0.0065458845,0.010084935,0.04599458,0.054839894,0.11453204,0.006160203,0.009757056,0.036998328,0.036678236,0.28860834,0.021760203,0.020994827,0.027668647,0.033091657,0.094253585,0.015891133,0.011696869,0.027837126
0.013261127,0.28613392,0.0065456927,0.0101039605,0.045994937,0.054806918,0.11457737,0.0061515165,0.00974121,0.03701,0.036705993,0.28864473,0.021767128,0.020996759,0.027660958,0.033094864,0.09426201,0.015892468,0.011705695,0.027841982
0.013237011,0.2861869,0.006552772,0.0100969495,0.045997947,0.054779533,0.114587784,0.006166645,0.009736966,0.03701811,0.0367264,0.28872085,0.021773027,0.021000603,0.027663987,0.03313368,0.094289586,0.01590347,0.011697492,0.027858201
0.013267578,0.28618416,0.0065378626,0.010103375,0.04599909,0.054802857,0.114612296,0.006160865,0.009746074,0.03700005,0.03670012,0.28868747,0.021762611,0.020989476,0.027667165,0.033100046,0.094305806,0.015892487,0.011691433,0.027867338
0.013308986,0.28625524,0.006547508,0.010102732,0.046009373,0.054783072,0.11460324,0.0061497786,0.009745163,0.037004285,0.03667906,0.28875634,0.021755178,0.021002233,0.027663074,0.03308517,0.09429709,0.01589433,0.011703281,0.027868116
0.05050822,0.058292504,0.010930817,0.009446303,0.04266221,0.08032433,0.02410108,0.008648916,0.010629441,0.045400526,0.058602553,0.065482676,0.035200045,0.0216619,0.037777133,0.056488223,0.018419452,0.025775932,0.011592407,0.0258724
0.050596237,0.05827285,0.010944815,0.009442405,0.0426644,0.08028233,0.024106354,0.008645778,0.010605124,0.045362752,0.058670133,0.065479025,0.035228062,0.0216754,0.037746683,0.056514237,0.018404685,0.025807718,0.011595428,0.025867539
0.05063857,0.05834319,0.01094884,0.009439433,0.042673968,0.08028608,0.024139011,0.008652039,0.010613105,0.045335114,0.05869126,0.06555935,0.035260197,0.021671932,0.03772962,0.056548562,0.01842278,0.025817212,0.011590732,0.02586978
0.050617594,0.05829568,0.010954552,0.0094450945,0.042671748,0.08028479,0.024108121,0.008656918,0.010611387,0.045332536,0.058668856,0.06549112,0.035245817,0.021665636,0.037708536,0.056547828,0.018399602,0.025806779,0.011606946,0.02586895
0.050694007,0.058281932,0.010936985,0.009442187,0.04266352,0.080264054,0.024090583,0.00865833,0.010612702,0.045323525,0.05867839,0.065486155,0.03525548,0.02166983,0.037692737,0.056556854,0.018425712,0.0258138,0.011601062,0.025864221
0.05068098,0.058350462,0.010956669,0.0094467,0.04266029,0.08022487,0.024126086,0.008659105,0.01060749,0.045317058,0.05870563,0.06552039,0.035253357,0.021676673,0.037693772,0.056536797,0.018434267,0.025817238,0.011596694,0.025875207
0.16196126,0.06673248,0.010416427,0.010883485,0.05908173,0.090028875,0.027565805,0.0093968045,0.007523397,0.07793164,0.10823787,0.07462154,0.03383609,0.020046894,0.06700702,0.076025255,0.02121718,0.02431651,0.010191803,0.036536705
0.16233473,0.06679818,0.010417113,0.010888728,0.059066914,0.08977422,0.027580217,0.009396795,0.0075241644,0.077976234,0.10851476,0.07469341,0.033845726,0.020051954,0.06706465,0.07603359,0.021231309,0.024313256,0.010172415,0.0365245
0.16248816,0.06683202,0.010390535,0.010880559,0.059085093,0.08967913,0.027590401,0.009390296,0.007521078,0.07804514,0.10862127,0.07472431,0.0338138,0.020043822,0.067122616,0.076068684,0.021253603,0.024278197,0.010165512,0.036542162
0.16258074,0.06681932,0.010399249,0.010885614,0.059082903,0.08963337,0.027602013,0.009390541,0.0075132847,0.07806231,0.108698346,0.074715756,0.03381039,0.020038713,0.06713994,0.07608584,0.021236347,0.02427513,0.010165881,0.036535922
0.16260482,0.066880755,0.010399145,0.010887535,0.059094522,0.08954396,0.027608112,0.009391422,0.007520033,0.07808642,0.10874839,0.07477852,0.033799164,0.020044034,0.06716168,0.076078966,0.021264432,0.024279414,0.010155649,0.036540557
0.16262783,0.06681958,0.010389308,0.010893214,0.059078895,0.089547366,0.02760531,0.009386551,0.007515526,0.07809886,0.10876189,0.07470758,0.033832308,0.020038018,0.06718101,0.07610276,0.021226648,0.024306973,0.010157464,0.03653265
0.051606495,0.05630366,0.011167085,0.009456857,0.041574422,0.081673026,0.023240002,0.008474934,0.010981537,0.044304278,0.05928824,0.0631306,0.035800975,0.022111457,0.036915008,0.057225667,0.017803686,0.026261512,0.011745639,0.025237579
0.051540222,0.05626488,0.011175309,0.00945287,0.041584473,0.081505366,0.023225717,0.008478214,0.0110002635,0.044281274,0.059323024,0.06307773,0.03582653,0.02212099,0.036895677,0.05721259,0.017803764,0.026274148,0.011754686,0.025235748
0.051481348,0.056301482,0.011185822,0.009457446,0.04157945,0.08144341,0.023243466,0.00848591,0.011003461,0.044245128,0.05935673,0.063113034,0.035827108,0.022131953,0.036868222,0.057225596,0.01780999,0.026291046,0.011760606,0.025234817
0.051462304,0.05632178,0.011188391,0.0094576115,0.04159824,0.081399806,0.023228109,0.008473223,0.0110027315,0.044252902,0.059389282,0.06313411,0.035841372,0.022121307,0.036851715,0.057234123,0.017813982,0.026303714,0.011759524,0.025237719
0.05148089,0.05629358,0.011197238,0.00944887,0.04158458,0.08131077,0.023229226,0.00847746,0.011006005,0.044222437,0.059363104,0.06313588,0.035830833,0.022125369,0.03683157,0.057221983,0.017805314,0.026300635,0.011767782,0.025234936
0.051509395,0.056263458,0.011180676,0.00945087,0.041584574,0.08134596,0.02323616,0.008487282,0.011009858,0.044222113,0.059375547,0.06308927,0.035847723,0.022126354,0.03683822,0.057234567,0.017799761,0.026313212,0.011764855,0.025231408
0.01595017,0.060694624,0.010530855,0.010569544,0.079161644,0.0632218,0.025060816,0.0089010475,0.008242666,0.022501891,0.038333733,0.068116866,0.034315236,0.020785637,0.046966895,0.03416448,0.019191522,0.025122313,0.010798106,0.08746358
0.015957244,0.0606403,0.010529612,0.01057042,0.07917746,0.0632743,0.025036247,0.008901541,0.008235975,0.022535373,0.038342103,0.06805375,0.03431949,0.020794488,0.047033273,0.034205187,0.019173365,0.025127463,0.010785648,0.08752129
0.01590261,0.060651638,0.010546165,0.010567492,0.079210155,0.063225806,0.025056843,0.008900575,0.008242187,0.022542287,0.038310546,0.06809185,0.034305412,0.020804888,0.047047757,0.034159113,0.019183211,0.025144355,0.010788327,0.08756543
0.015887326,0.06063754,0.010526428,0.010573883,0.07920773,0.063254155,0.02502215,0.00890494,0.008245983,0.022572784,0.038337942,0.06807101,0.034308627,0.02080537,0.047080144,0.034195945,0.019175177,0.025139542,0.01079548,0.08757199
0.01587139,0.060615726,0.01053941,0.010583537,0.07921618,0.063252985,0.025021266,0.0089013055,0.008255161,0.02258024,0.03836874,0.06806387,0.03430764,0.020802364,0.04707772,0.03418667,0.0191865,0.025149586,0.010801528,0.08759532
0.01589324,0.06065769,0.010529174,0.010576098,0.07922137,0.06320436,0.025045205,0.0089124795,0.008260522,0.022564402,0.038312245,0.06809363,0.034338467,0.020801904,0.047066588,0.03418738,0.01918823,0.025144992,0.010792484,0.08761066
0.0156473,0.06198462,0.010324121,0.010517283,0.07895334,0.06340469,0.025598278,0.008498016,0.00820794,0.022480238,0.038798038,0.069593064,0.033502407,0.020704357,0.047070183,0.034657724,0.019595524,0.024591107,0.010749678,0.08765417
0.01562803,0.06198632,0.01031512,0.010511298,0.07893078,0.063384525,0.025592055,0.00850381,0.008217718,0.022493927,0.038794387,0.0696012,0.033500418,0.020704705,0.047068078,0.034681216,0.019601278,0.024585225,0.010753473,0.087638244
0.015624115,0.062008362,0.010322865,0.010518958,0.07894391,0.06336382,0.025617722,0.008517055,0.008198037,0.022489246,0.038808506,0.06962757,0.033505283,0.020709379,0.047079694,0.0346733,0.019605845,0.024584826,0.010751015,0.08765331
0.015610224,0.06200288,0.010328196,0.010522419,0.07895904,0.06339364,0.025632279,0.008522867,0.008199216,0.022504063,0.038811248,0.069606476,0.033516813,0.020702815,0.047082637,0.034679003,0.019607035,0.024590261,0.01074313,0.08764852
0.01556527,0.062015213,0.010326242,0.010520481,0.07895371,0.06337542,0.025611112,0.008492604,0.0082030045,0.022491261,0.038793467,0.069639936,0.03348578,0.020702899,0.047091134,0.034649417,0.019617345,0.024583476,0.010752674,0.087666154
0.015547828,0.06200186,0.010321616,0.010508621,0.07896058,0.06338656,0.0256189,0.008520032,0.00819676,0.022507176,0.03881127,0.06963198,0.03350921,0.020706415,0.047110032,0.034661613,0.019606333,0.024598448,0.010742873,0.08766094
0.015441756,0.063419,0.009990584,0.0108711375,0.07882785,0.06283837,0.026135158,0.008210676,0.008103686,0.021558058,0.03847186,0.07112785,0.032390174,0.020930907,0.046200957,0.03437476,0.020076163,0.023786101,0.010810937,0.087496325
0.015475437,0.06335935,0.009987624,0.010860993,0.07883289,0.06289766,0.02612066,0.008214136,0.008115665,0.021578155,0.038480837,0.0710562,0.032400224,0.020933116,0.04622814,0.03439118,0.020036902,0.023786465,0.010803633,0.08749345
0.015448746,0.06339153,0.009984952,0.0108638555,0.07883233,0.06283001,0.026145484,0.008218934,0.008105474,0.021567622,0.03843433,0.07111413,0.032404073,0.020931507,0.046207223,0.03436126,0.02007078,0.023782862,0.010811756,0.08748593
0.0154026365,0.06341091,0.009980035,0.010866046,0.07883326,0.06284068,0.026133994,0.008218235,0.008110753,0.021595025,0.038461078,0.07111898,0.032411024,0.020936424,0.046224773,0.034360513,0.02006067,0.02378435,0.010805461,0.08749105
0.015433425,0.06339737,0.009990017,0.010863239,0.078855306,0.0628242,0.026154468,0.008217625,0.008114378,0.021569721,0.038459737,0.071092024,0.032395605,0.020929927,0.04622199,0.034369476,0.020051159,0.023784833,0.010804855,0.08749889
0.015447073,0.063440695,0.00998135,0.010875079,0.07884602,0.062857375,0.026175398,0.008204999,0.008110871,0.021584472,0.038474035,0.07114359,0.03242068,0.020936143,0.046217665,0.03436579,0.02007526,0.02379128,0.010809913,0.087501846
0.16165186,0.0659875,0.010386672,0.011010481,0.0600794,0.08942054,0.02716378,0.009650647,0.007447593,0.07893893,0.10820889,0.07358103,0.033868268,0.01999688,0.06758574,0.07582759,0.02101127,0.024286747,0.0100917965,0.036900602
0.16182642,0.06606554,0.010366248,0.011009974,0.060042057,0.08908011,0.02717092,0.009649105,0.0074346424,0.07885735,0.10840731,0.073666774,0.033872712,0.019978428,0.067511745,0.07582442,0.02103259,0.024297342,0.010069454,0.036893584
0.1619254,0.06607046,0.0103557445,0.011023787,0.060036875,0.08895196,0.027172465,0.009666175,0.007442346,0.07883146,0.10847951,0.07367999,0.033844903,0.019967435,0.06750118,0.075839005,0.021031182,0.02426982,0.0100685395,0.036890846
0.16195482,0.06607312,0.010372573,0.011025576,0.060009163,0.08889912,0.027145937,0.009670475,0.0074220113,0.07879848,0.10850776,0.07367308,0.03388954,0.01998248,0.06747194,0.0758045,0.021031415,0.02429059,0.010057278,0.03686636
0.16198055,0.06604197,0.010351443,0.011010947,0.06002424,0.088863924,0.027142635,0.009653268,0.0074344096,0.078822866,0.10853893,0.073670715,0.03385085,0.019961564,0.06748872,0.07580905,0.021041088,0.024269877,0.010065819,0.03688127
0.16196166,0.06606646,0.010371514,0.011019634,0.06002865,0.08880989,0.027163465,0.009657088,0.007411893,0.0788128,0.1085644,0.07369093,0.03389642,0.019962866,0.067482084,0.07579962,0.021033874,0.02428442,0.010057697,0.036886934
0.013541822,0.3130355,0.0072918977,0.013610553,0.059809353,0.05448369,0.13157576,0.007351907,0.008099805,0.07077701,0.03540021,0.31181338,0.02455597,0.02144914,0.05935152,0.031832524,0.102767564,0.017830083,0.0105668465,0.036373056
0.013420142,0.313946,0.0073024095,0.013597612,0.059846733,0.05446354,0.13193189,0.0073641054,0.008100219,0.07082713,0.035376538,0.31268963,0.024584038,0.021474361,0.059388176,0.031805146,0.103079915,0.01783309,0.010561247,0.03642381
0.0133412285,0.31429327,0.007295375,0.01360858,0.05984123,0.054439727,0.13208859,0.0073437016,0.008098178,0.07082205,0.035358094,0.3129942,0.024558147,0.021483054,0.0593782,0.031772565,0.10320382,0.017821096,0.0105597,0.036429588
0.013276935,0.31453422,0.007306039,0.013613391,0.05985465,0.054393485,0.13215132,0.0073703458,0.008077454,0.07084257,0.03538934,0.31320253,0.024581704,0.021494783,0.059406422,0.031753145,0.10326049,0.017842058,0.010561593,0.03643481
0.013306244,0.31460637,0.0073038675,0.0136190485,0.05984803,0.05444768,0.13218206,0.0073501747,0.008082044,0.07083153,0.03532775,0.31324813,0.024547046,0.021492163,0.059393436,0.031776533,0.10329086,0.017821763,0.010578069,0.03643764
0.013271577,0.31476173,0.007315462,0.013603681,0.059879787,0.054432455,0.13222568,0.00735144,0.00809966,0.070857204,0.03533093,0.3133976,0.024561435,0.021491885,0.059410095,0.031749226,0.103341065,0.017818797,0.010581009,0.036456883
0.01576586,0.06193121,0.010466802,0.036288112,0.057631046,0.061398353,0.025275461,0.009244496,0.061321773,0.07567641,0.036741532,0.068891115,0.03428589,0.07084462,0.064971045,0.03266888,0.019704828,0.02504078,0.046551656,0.03560393
0.015807196,0.06190504,0.010475054,0.03627825,0.05763964,0.0614368,0.025276877,0.009246237,0.061324578,0.07566271,0.036730334,0.06889289,0.034328785,0.07084289,0.06497726,0.032666847,0.019709846,0.025066238,0.046533518,0.035594564
0.015831903,0.061924335,0.010486358,0.03627013,0.057667326,0.061509583,0.025293604,0.009238675,0.061322454,0.075677514,0.0367681,0.06890003,0.034359384,0.07086065,0.06498509,0.032684997,0.019691018,0.025082357,0.04652544,0.035598256
0.015888968,0.06194896,0.010491502,0.036256846,0.057682782,0.06156666,0.025309367,0.00924321,0.0613399,0.07569899,0.036743388,0.068932846,0.03437262,0.07084983,0.06498982,0.032687556,0.019703291,0.025119767,0.04653154,0.035619065
0.015891064,0.06191108,0.010483558,0.036248606,0.057676893,0.061495926,0.025347952,0.009237787,0.06131294,0.07570763,0.036704645,0.06890815,0.034344383,0.07084459,0.065005876,0.032664742,0.019690195,0.025076572,0.04650436,0.035608206
0.015843814,0.061944824,0.010494461,0.03624758,0.05768956,0.06147269,0.02532886,0.009253505,0.061323915,0.07572005,0.036712132,0.0689463,0.034364916,0.07083969,0.065012574,0.032664947,0.019723786,0.025085269,0.046507053,0.03560324
0.013136768,0.2810373,0.007615234,0.009719358,0.04673186,0.055263285,0.112405084,0.0073211812,0.009150317,0.03898799,0.036227502,0.28345525,0.025383849,0.020137092,0.029320344,0.03254898,0.09263974,0.018480621,0.011079912,0.028009212
0.013127346,0.28117177,0.00761278,0.0097217215,0.046715215,0.055261005,0.112474136,0.0073159663,0.009142143,0.03897023,0.03621893,0.28357175,0.025376962,0.02013273,0.029307649,0.032526467,0.09266456,0.018470492,0.011083721,0.028002195
0.013092623,0.28115845,0.0076044938,0.009722893,0.046721615,0.05522604,0.11246833,0.0073135467,0.009144187,0.03895426,0.03621714,0.28355956,0.025354989,0.020132015,0.029300442,0.032522745,0.09266003,0.018459836,0.011087836,0.028018959
0.013064087,0.28116107,0.007601269,0.009711195,0.04670899,0.0551583,0.11245875,0.0073235924,0.009136975,0.038937695,0.036227483,0.28353214,0.025376022,0.020134008,0.029295294,0.032549176,0.092667505,0.018468302,0.011089024,0.028017962
0.013108967,0.28119564,0.0076044463,0.009725483,0.04671524,0.055218674,0.11248165,0.0073121404,0.009148665,0.03895556,0.036227673,0.28357345,0.0253644,0.020130256,0.029284112,0.032547247,0.09267981,0.01846264,0.011079725,0.028033886
0.0131023135,0.28114986,0.0076068905,0.0097175855,0.04672367,0.05521071,0.112466544,0.0073283873,0.009134201,0.038954277,0.03620415,0.28355923,0.025373187,0.020128312,0.029276712,0.03253846,0.09266714,0.018466074,0.011082305,0.028021842
0.015780402,0.06284139,0.010723908,0.035705414,0.058024,0.061954673,0.025568614,0.009435801,0.061037406,0.07698862,0.03723648,0.06965799,0.035121977,0.07009558,0.06594836,0.03308827,0.020049099,0.0256491,0.04601988,0.035702545
0.015798138,0.06281353,0.010736,0.035688676,0.058028866,0.061994217,0.02555548,0.009430393,0.06106437,0.077017166,0.037220165,0.06964255,0.03515285,0.07009404,0.06598544,0.03310813,0.020034727,0.025669299,0.04601722,0.0356995
0.015808398,0.062764324,0.01074537,0.035681635,0.058054198,0.062030077,0.025534399,0.0094239265,0.061056834,0.07707424,0.03723406,0.06959114,0.035162076,0.070088096,0.066006,0.033115298,0.020004148,0.025692293,0.046016037,0.035705175
0.015812626,0.06280203,0.010742758,0.03567546,0.05803658,0.062048364,0.025543863,0.009422434,0.061069928,0.0770468,0.037222292,0.06963126,0.035185892,0.07008674,0.06599824,0.033094943,0.02002221,0.025698788,0.0460168,0.035688747
0.015858157,0.06270826,0.010740703,0.035677712,0.058030985,0.062046714,0.025528844,0.009432666,0.06105338,0.077053495,0.037206113,0.06953385,0.035157744,0.0700858,0.06600365,0.03309711,0.02000877,0.02569645,0.04600247,0.03568678
0.015841972,0.062754154,0.010746374,0.035684377,0.058058165,0.06205326,0.025546381,0.009430155,0.061072264,0.07708029,0.037206627,0.06959398,0.03518743,0.07009366,0.066019125,0.033110842,0.020027455,0.02569194,0.046004947,0.035684567
0.013203285,0.3181528,0.008186055,0.013415013,0.060002126,0.055166114,0.13365488,0.008244604,0.008125898,0.07097856,0.034922298,0.31659162,0.027549006,0.020704089,0.059261285,0.031220257,0.104548745,0.01996608,0.010055099,0.036326576
0.013218534,0.3178064,0.008203067,0.013410246,0.05999707,0.055191863,0.13347098,0.0082662245,0.008098362,0.07098353,0.034917183,0.3162284,0.02755262,0.020699743,0.059260402,0.031211138,0.10444618,0.019958237,0.010041355,0.03633571
0.013226132,0.31768423,0.008187963,0.013413247,0.059989616,0.055134133,0.13338849,0.008243426,0.008100099,0.07095047,0.03492112,0.31605166,0.027523898,0.020700388,0.059259105,0.031209473,0.10439721,0.019961074,0.010047256,0.0363211
0.01318577,0.31767735,0.008193913,0.013425,0.059977654,0.055192444,0.1333425,0.008240113,0.00811731,0.07095842,0.03494026,0.31603757,0.027561935,0.02070549,0.059251383,0.031228036,0.10439399,0.019970834,0.010046005,0.036323063
0.013222572,0.31778392,0.008189497,0.013427058,0.059991762,0.055177946,0.13335162,0.008256587,0.008103645,0.07096795,0.034937415,0.31607154,0.027513774,0.020709595,0.05926748,0.031230874,0.10441598,0.019957427,0.010045003,0.03632781
0.013218403,0.31762695,0.008193134,0.013419754,0.059982497,0.055172857,0.13335072,0.008260659,0.008109439,0.070981465,0.03490788,0.31598225,0.027539045,0.02070873,0.059266925,0.031242725,0.10437176,0.01996142,0.010037071,0.03632052
0.015702032,0.06808347,0.010343342,0.036166262,0.058398988,0.06134312,0.027563976,0.009197339,0.05968804,0.075532824,0.036698,0.07525019,0.033976838,0.06964573,0.0642509,0.032639477,0.021776652,0.024808273,0.045666043,0.035633434
0.01570417,0.06802938,0.010364093,0.03615371,0.05840925,0.06133741,0.027561905,0.009209912,0.05969054,0.075559676,0.036671475,0.07521333,0.03402283,0.069649816,0.064267606,0.032617927,0.021752847,0.02485158,0.04565646,0.035628617
0.015725683,0.06799915,0.010367609,0.036126703,0.05839263,0.061352503,0.027557017,0.009216636,0.059680793,0.07555418,0.036687866,0.07516554,0.034011547,0.06963647,0.06427473,0.032655366,0.021740813,0.024832107,0.045637533,0.035618655
0.015745299,0.06801163,0.010369574,0.036133252,0.058423817,0.061392047,0.02756407,0.00922828,0.059687283,0.07558239,0.03667167,0.07520521,0.03403808,0.06965227,0.06428635,0.032626156,0.021750737,0.024850084,0.045634303,0.03561874
0.015765917,0.068047956,0.010385168,0.036148228,0.058442377,0.061430734,0.027588814,0.009233207,0.059714723,0.07557486,0.036660966,0.07520812,0.034059793,0.06966752,0.06427484,0.032637358,0.021770384,0.02489258,0.045654196,0.035641436
0.01575578,0.06806563,0.010378392,0.036124807,0.0584286,0.061423365,0.02759732,0.009218512,0.059697933,0.075577006,0.036681402,0.07521087,0.034052204,0.06963622,0.064292066,0.032638025,0.02175822,0.024863644,0.04563058,0.035622094
0.012656479,0.078055054,0.043634042,0.014140339,0.059663504,0.053681903,0.031801753,0.0040584747,0.008802972,0.069156446,0.03441587,0.08668509,0.056529354,0.021388605,0.0574334,0.031121608,0.02490449,0.04881614,0.01061037,0.03572362
0.0126571,0.07808391,0.043624163,0.014134202,0.059654508,0.053683843,0.03179997,0.0040508965,0.008796832,0.0691381,0.03439943,0.086686194,0.056491233,0.02139752,0.057437114,0.031125585,0.024913097,0.048778016,0.010614074,0.03572407
0.012623789,0.07804036,0.043644134,0.0141392145,0.059664283,0.05370825,0.031771712,0.0040583634,0.008788859,0.06915961,0.03441197,0.0866518,0.05652426,0.021402655,0.057433277,0.0311219,0.024906594,0.048797227,0.010608513,0.035717726
0.012593741,0.07806247,0.0436281,0.01414511,0.05967377,0.053672303,0.031796478,0.004049303,0.008799872,0.06915539,0.03441807,0.08668948,0.056506746,0.021406144,0.057443492,0.031118687,0.02490488,0.048800994,0.010610497,0.035712957
0.012591102,0.078025565,0.04364336,0.014139176,0.05968658,0.053708952,0.03176989,0.004047628,0.008788649,0.069164075,0.03443028,0.08664189,0.056530215,0.021400055,0.05744845,0.031128665,0.024895802,0.048813235,0.010611184,0.035729457
0.0126754595,0.07802839,0.0436243,0.014144944,0.059693146,0.053707916,0.031793598,0.004046673,0.008804003,0.069187194,0.034403056,0.08665024,0.05651328,0.021406062,0.05745053,0.031132478,0.024898553,0.048793938,0.010618323,0.03572455
0.013013031,0.2904777,0.006321501,0.010235591,0.04688962,0.052222665,0.11623884,0.0062123616,0.009513352,0.03733999,0.03527366,0.29299313,0.021197934,0.021029683,0.02747489,0.03191627,0.09574206,0.015435815,0.011621377,0.028232029
0.01301182,0.29058543,0.0063350187,0.01023099,0.046877358,0.052206665,0.11630071,0.006204954,0.009490885,0.03732747,0.035313338,0.2930464,0.02119016,0.021027016,0.027462592,0.031928416,0.095762245,0.015438098,0.011618775,0.028215228
0.012984556,0.29059818,0.006325403,0.010236314,0.046863712,0.052254573,0.11632192,0.0062104505,0.009489788,0.037313268,0.03532382,0.2930751,0.021178126,0.021007884,0.027458582,0.031923283,0.09578947,0.015420586,0.011621017,0.028223298
0.012997042,0.29069054,0.0063513955,0.010224352,0.04687534,0.052238744,0.11633953,0.0062276544,0.009498651,0.037316494,0.03532773,0.2931167,0.021208279,0.021017646,0.027460866,0.031923722,0.09580692,0.015452335,0.011634066,0.02822899
0.0129937995,0.29066563,0.0063184947,0.010232467,0.046870597,0.052233156,0.11634456,0.0062122294,0.009479866,0.037288256,0.03532092,0.2931195,0.021180099,0.021003718,0.02745073,0.03191697,0.09579786,0.015428034,0.011623827,0.028228449
0.012946601,0.29064888,0.006335108,0.010231003,0.046874598,0.05220915,0.11632898,0.006212446,0.009502982,0.03729745,0.03536121,0.2930998,0.021197012,0.021012513,0.027455073,0.031908225,0.09580288,0.015428356,0.011623089,0.028223807
0.015756302,0.06096499,0.010656266,0.010529722,0.079581246,0.06329918,0.025134578,0.008922546,0.008124823,0.022392517,0.038430486,0.068371125,0.034704346,0.020618392,0.047021285,0.034220107,0.019325653,0.025432695,0.01066094,0.08807521
0.015801396,0.060945477,0.010684367,0.010523275,0.07960887,0.063336104,0.025150578,0.008933837,0.0081301415,0.022415824,0.0383925,0.06835344,0.034763142,0.020625861,0.04704238,0.034209345,0.019296546,0.025480721,0.010661581,0.088072255
0.015829299,0.060901314,0.010675536,0.010526152,0.07962314,0.063366175,0.02513105,0.008930316,0.008127472,0.022418406,0.038373794,0.068312064,0.034734663,0.02062731,0.047059957,0.034186747,0.019304177,0.025444925,0.010664206,0.08807494
0.015802847,0.060911916,0.010696735,0.0105126165,0.079614446,0.06337551,0.025147624,0.008936294,0.0081402715,0.022408685,0.03841794,0.06832184,0.034776133,0.020628031,0.047043547,0.034200843,0.01929802,0.025479862,0.010661149,0.08806128
0.01583951,0.060926992,0.010676601,0.010525014,0.07963727,0.06337105,0.025163217,0.008918332,0.008126081,0.022408638,0.03838283,0.06833341,0.034738496,0.020622885,0.04706349,0.034206126,0.019300455,0.025463121,0.010657903,0.08807823
0.015880909,0.060929462,0.010688975,0.0105078425,0.07961132,0.06335947,0.025168665,0.008932978,0.0081272535,0.022411698,0.03838036,0.06834257,0.03475579,0.020622948,0.047054704,0.03421484,0.019304687,0.025465816,0.010664714,0.08806425
0.16214877,0.065581724,0.009962569,0.010777525,0.059935056,0.09042519,0.027114239,0.009218969,0.0076005124,0.07948057,0.10921046,0.073524565,0.03246119,0.020060027,0.068486005,0.077004075,0.020815782,0.023280613,0.010328766,0.037181184
0.16250736,0.065653585,0.00996376,0.010774615,0.05991224,0.089889385,0.027159138,0.009235254,0.007587145,0.07944956,0.10955809,0.073589295,0.032466896,0.02003066,0.06846377,0.07696653,0.02084296,0.023274515,0.010306573,0.03716005
0.16264239,0.065637834,0.009945078,0.010777883,0.059877004,0.0897748,0.02716087,0.00921705,0.00757412,0.07940638,0.1096509,0.0735745,0.03243355,0.020013835,0.068435565,0.076990575,0.020844955,0.02324927,0.010309641,0.037161045
0.16271801,0.065639675,0.009957308,0.010775769,0.059889097,0.089661665,0.027178008,0.009212924,0.0075796316,0.07940993,0.10972077,0.073580876,0.03246069,0.020017143,0.068430446,0.0769961,0.020840643,0.023260321,0.0103028,0.037153263
0.16274014,0.06565682,0.009947458,0.01077511,0.059880763,0.08963139,0.027163934,0.009227824,0.007576059,0.07938564,0.10977216,0.07359439,0.032422345,0.020017723,0.06841013,0.07699248,0.020841438,0.023248585,0.010291807,0.037153617
0.16278493,0.06565671,0.009949916,0.010769267,0.059882287,0.08958507,0.027151134,0.009232274,0.007576357,0.079408854,0.1098008,0.073576614,0.032437067,0.0200142,0.06841764,0.07698933,0.020850528,0.023261111,0.010291998,0.03714976
0.16286223,0.06573795,0.010584907,0.010808332,0.06046791,0.08961865,0.02714084,0.009564928,0.0074294345,0.0790671,0.10827323,0.07356813,0.03443827,0.019862702,0.067960635,0.07564765,0.020888675,0.02475822,0.010116751,0.037387908
0.16289791,0.06570727,0.010614154,0.010820291,0.060469985,0.08957045,0.027158935,0.009556836,0.007432689,0.07904434,0.108290866,0.073553264,0.034486204,0.019856822,0.06793364,0.07564291,0.020899205,0.024769407,0.010106033,0.037398957
0.16291289,0.0657417,0.0106021855,0.01081899,0.060448956,0.08955536,0.027159663,0.009539751,0.0074495682,0.07903928,0.10830484,0.07358355,0.034443755,0.019854654,0.06793867,0.07564816,0.020903204,0.024759252,0.010111892,0.037389282
0.1629703,0.06572078,0.010597309,0.010823532,0.060459007,0.089529224,0.027156869,0.009569578,0.00743669,0.07903281,0.10832981,0.07357389,0.034479376,0.01986186,0.06793863,0.07565918,0.020877494,0.024783015,0.01011345,0.03738642
0.16280264,0.065730594,0.010583268,0.010798918,0.0604298,0.08948954,0.02714464,0.009553024,0.007442314,0.079012774,0.10826451,0.073541716,0.034429934,0.019837268,0.06790412,0.07564488,0.02089526,0.02476033,0.010108261,0.037384577
0.1629879,0.065839976,0.010611553,0.010825705,0.06046851,0.08950748,0.02720412,0.009564116,0.0074455515,0.07905674,0.10833834,0.07368277,0.03448368,0.019862957,0.0679464,0.07565705,0.020928975,0.024788368,0.010112793,0.03739497
0.16249606,0.06682468,0.0101499725,0.011023284,0.0601851,0.08909211,0.027444523,0.009010839,0.0074340403,0.07839873,0.10907534,0.0744517,0.032907404,0.020005869,0.06720869,0.076235175,0.021300688,0.023665726,0.010074503,0.037093714
0.16247821,0.066841945,0.01014439,0.011030235,0.06019891,0.08903777,0.02743098,0.009004621,0.007444887,0.07838245,0.109129,0.074487075,0.032925136,0.020006793,0.067199044,0.07624209,0.021318797,0.023672435,0.01006882,0.037089396
0.16248553,0.06684324,0.010143876,0.011022441,0.060197975,0.08905834,0.027468497,0.009012098,0.007446875,0.078402646,0.10911287,0.07445165,0.03288293,0.020011202,0.06720981,0.076236226,0.02130386,0.023650894,0.010081344,0.037086338
0.16247652,0.06678612,0.010142327,0.011016886,0.0601815,0.08903242,0.027456703,0.009004575,0.007450678,0.07839196,0.10910041,0.074403904,0.03289583,0.019992266,0.06719447,0.07625161,0.021297246,0.023646506,0.010067072,0.037087705
0.16247931,0.06677865,0.010123037,0.011014506,0.060175043,0.08897509,0.027433796,0.009026917,0.0074211834,0.0783882,0.109095946,0.07439395,0.03286906,0.020004366,0.06720917,0.07621583,0.02128955,0.023625286,0.010071777,0.03707659
0.16249405,0.06681927,0.010155839,0.0110187875,0.06019135,0.08898038,0.027468499,0.0090236915,0.007421664,0.07838611,0.109138615,0.07443513,0.032901026,0.019998666,0.06719909,0.0762524,0.021307517,0.023658976,0.010071259,0.03708802
0.16245349,0.069031455,0.01024834,0.011106555,0.05913062,0.088912725,0.028391073,0.009439177,0.007260247,0.07739159,0.109137826,0.0769759,0.033465076,0.019681575,0.06632262,0.07622895,0.02199387,0.024014873,0.009898701,0.036400013
0.16244756,0.069004275,0.010268249,0.01111778,0.059135687,0.08890512,0.028393736,0.009447551,0.007258157,0.0773929,0.10913665,0.07696048,0.033470374,0.019681225,0.06631278,0.07622416,0.02198687,0.024015456,0.009897626,0.03640333
0.16247989,0.06903842,0.010258658,0.011106181,0.059131928,0.08889378,0.028399551,0.009448835,0.007248194,0.07739864,0.10914966,0.07696776,0.033473145,0.01967416,0.06632191,0.07620604,0.021987118,0.024008606,0.0098977415,0.03639976
0.16247942,0.06897579,0.01026977,0.01111102,0.05913874,0.0888537,0.028346453,0.009431335,0.007245476,0.077403136,0.109150864,0.076920755,0.033485435,0.019682558,0.06631691,0.0762283,0.021975262,0.024035098,0.00990122,0.036398787
0.16247982,0.06895733,0.01025792,0.01110439,0.05912822,0.08890237,0.028361259,0.009430841,0.0072425925,0.077400185,0.109169975,0.07689263,0.033472575,0.01966573,0.066328496,0.076229386,0.021982556,0.024006315,0.009896864,0.03641535
0.1625065,0.068993054,0.010266602,0.011111927,0.0591302,0.08885701,0.028373584,0.009442584,0.0072524385,0.07739893,0.109162904,0.07692045,0.03347238,0.019676054,0.06631496,0.076214366,0.021976171,0.024012012,0.009907274,0.036397748
0.013412290252745152,0.31972387433052063,0.007817866280674934,0.013620054349303246,0.060540858656167984,0.05498707666993141,0.1343093365430832,0.008461960591375828,0.00831931084394455,0.07139893621206284,0.03477335348725319,0.31846120953559875,0.026557084172964096,0.020533617585897446,0.05931868776679039,0.031137622892856598,0.10485518723726273,0.01917596347630024,0.009936008602380753,0.03642275929450989
0.013353461399674416,0.3197302520275116,0.007796272169798613,0.013623042032122612,0.06049560755491257,0.05487125739455223,0.13433164358139038,0.00846193265169859,0.008292559534311295,0.07139144837856293,0.0347517691552639,0.31837162375450134,0.026543106883764267,0.0205270666629076,0.05931299552321434,0.031119154766201973,0.10484273731708527,0.019154900684952736,0.00993748102337122,0.036389704793691635
0.013362858444452286,0.31964579224586487,0.007813096046447754,0.013639007695019245,0.06045355647802353,0.05481206253170967,0.1342555284500122,0.00847537163645029,0.008292830549180508,0.07134328782558441,0.03473729267716408,0.3182622790336609,0.026512959972023964,0.020523732528090477,0.05927114933729172,0.031098851934075356,0.10485191643238068,0.01914042979478836,0.009926056489348412,0.03638147935271263
0.0133023327216506,0.31957414746284485,0.0077905962243676186,0.013635816052556038,0.060432419180870056,0.05482548102736473,0.1342231184244156,0.008472691290080547,0.008276996202766895,0.07135115563869476,0.034766748547554016,0.3181862533092499,0.026536138728260994,0.020530711859464645,0.05927908048033714,0.031126121059060097,0.10480629652738571,0.01916120946407318,0.009924917481839657,0.03635333478450775
0.01331258937716484,0.31956544518470764,0.007789854891598225,0.013631734065711498,0.06043757125735283,0.05482356250286102,0.13423007726669312,0.008473610505461693,0.008286707103252411,0.07134287804365158,0.034748874604701996,0.31815195083618164,0.026512786746025085,0.020506972447037697,0.059271782636642456,0.031117789447307587,0.10480088740587234,0.019134927541017532,0.009927777573466301,0.03636949509382248
0.013295532204210758,0.319415807723999,0.0077939205802977085,0.013643168844282627,0.06041794642806053,0.05483430624008179,0.13416150212287903,0.008468659594655037,0.008283576928079128,0.0713246762752533,0.03475561365485191,0.31801289319992065,0.02652142010629177,0.020516127347946167,0.05926395207643509,0.031135832890868187,0.10475414991378784,0.01914902776479721,0.009930433705449104,0.03635609149932861
0.016228539869189262,0.0652308315038681,0.010837258771061897,0.03550068661570549,0.0579826794564724,0.06280510872602463,0.026531221345067024,0.009358721785247326,0.06087648868560791,0.07712113112211227,0.03757951408624649,0.07239062339067459,0.035388872027397156,0.06961321830749512,0.06614293903112411,0.03344971686601639,0.020766686648130417,0.0258859284222126,0.04583359882235527,0.035764049738645554
0.016275055706501007,0.0651778057217598,0.010836486704647541,0.03549179062247276,0.05797972530126572,0.06284111738204956,0.026517802849411964,0.009376846253871918,0.06088533625006676,0.07713072001934052,0.03757307678461075,0.07233833521604538,0.03542812168598175,0.0696132704615593,0.06614704430103302,0.03343133255839348,0.020762816071510315,0.025913825258612633,0.045812688767910004,0.03575398400425911
0.016272369772195816,0.06519044935703278,0.010847454890608788,0.035472020506858826,0.057985711842775345,0.06287119537591934,0.02652246505022049,0.009355003945529461,0.06086825579404831,0.07712510228157043,0.0375746451318264,0.072359599173069,0.035412244498729706,0.06961444020271301,0.06614076346158981,0.03344638645648956,0.020758092403411865,0.02590121515095234,0.04580586031079292,0.035744890570640564
0.016279522329568863,0.06515264511108398,0.010838150978088379,0.03547528013586998,0.057965297251939774,0.06289345771074295,0.02652454748749733,0.009363410994410515,0.06086414307355881,0.07711823284626007,0.03756347671151161,0.07230377942323685,0.03544379770755768,0.06960950791835785,0.0661308690905571,0.033450350165367126,0.020724020898342133,0.025933044031262398,0.04579126089811325,0.03574081137776375
0.016337547451257706,0.0651697963476181,0.01085257064551115,0.035472672432661057,0.057979267090559006,0.06290362030267715,0.026552217081189156,0.009343461133539677,0.06086362898349762,0.07713619619607925,0.03755061700940132,0.072346031665802,0.03541038930416107,0.0696135088801384,0.06614349037408829,0.0334443598985672,0.020748429000377655,0.025920717045664787,0.04579845815896988,0.0357474610209465
0.0163166094571352,0.06521924585103989,0.010845468379557133,0.03546149283647537,0.05798320099711418,0.06291137635707855,0.026568925008177757,0.00935652107000351,0.060864441096782684,0.07712472975254059,0.0375496931374073,0.07237157970666885,0.03543369472026825,0.06960894912481308,0.06614187359809875,0.033472657203674316,0.02074630744755268,0.02592276781797409,0.0457908920943737,0.035733193159103394
0.016196327283978462,0.06554242223501205,0.010286043398082256,0.0359330028295517,0.058111295104026794,0.06268306076526642,0.02665424719452858,0.009103158488869667,0.06023541837930679,0.07619597017765045,0.03745977580547333,0.07266247272491455,0.03369196504354477,0.0698438286781311,0.0650370866060257,0.03340106084942818,0.02086404152214527,0.024632824584841728,0.045704200863838196,0.03559496998786926
0.01617981679737568,0.06546744704246521,0.010289480909705162,0.03592783212661743,0.05813538283109665,0.06267863512039185,0.02662828005850315,0.0091096768155694,0.06023520976305008,0.07619422674179077,0.03746049851179123,0.07260351628065109,0.03372471034526825,0.06985896825790405,0.06503713876008987,0.03335712105035782,0.020859844982624054,0.02464519441127777,0.045701153576374054,0.03559986501932144
0.016208089888095856,0.06546945869922638,0.010309278964996338,0.03593389317393303,0.0581459179520607,0.06264370679855347,0.026616057381033897,0.00909931305795908,0.060232240706682205,0.07622624933719635,0.03745100274682045,0.07259991019964218,0.03372277691960335,0.06986341625452042,0.06505153328180313,0.03339598327875137,0.020862597972154617,0.024642163887619972,0.045703910291194916,0.03560732677578926
0.01623537763953209,0.06543612480163574,0.010287798009812832,0.03591907024383545,0.0581437386572361,0.06267593801021576,0.026637442409992218,0.009107280522584915,0.06024229899048805,0.07623094320297241,0.037407539784908295,0.07257445901632309,0.033726222813129425,0.06985193490982056,0.06504252552986145,0.033367499709129333,0.02084307372570038,0.024649575352668762,0.04569801315665245,0.035614438354969025
0.016187448054552078,0.06543545424938202,0.010289161466062069,0.035925816744565964,0.05813191831111908,0.06268920749425888,0.026601480320096016,0.009096712805330753,0.06022481620311737,0.07621630281209946,0.03745274245738983,0.07258889079093933,0.033712469041347504,0.06984353065490723,0.06504811346530914,0.03340275585651398,0.02085869014263153,0.024635327979922295,0.045687541365623474,0.035598184913396835
0.016183072701096535,0.06545969098806381,0.010278661735355854,0.03592255339026451,0.05812438204884529,0.06265722960233688,0.026619447395205498,0.009106965735554695,0.06023643910884857,0.07620908319950104,0.03743831440806389,0.07259834557771683,0.033715035766363144,0.06986396759748459,0.06505735218524933,0.03339124470949173,0.020855143666267395,0.024637995287775993,0.045685071498155594,0.03558281809091568
0.1613311469554901,0.06618665158748627,0.010438916273415089,0.010970968753099442,0.05786505341529846,0.08976450562477112,0.027242721989750862,0.009941788390278816,0.007455981336534023,0.07791690528392792,0.10934997349977493,0.07395327091217041,0.03414854034781456,0.020044930279254913,0.06708328425884247,0.07688162475824356,0.021015988662838936,0.02446698769927025,0.010120579041540623,0.0358281247317791
0.16159333288669586,0.06627485156059265,0.010417117737233639,0.010975069366395473,0.05781799927353859,0.0892612487077713,0.02729771099984646,0.009948105551302433,0.007452588994055986,0.0778542160987854,0.10968057811260223,0.07404092699289322,0.03416525572538376,0.020017605274915695,0.0670238807797432,0.07688599824905396,0.0210470799356699,0.024458039551973343,0.010105259716510773,0.03581207990646362
0.1617375910282135,0.06629450619220734,0.010411374270915985,0.010983946733176708,0.05779675021767616,0.08906178921461105,0.02732609398663044,0.009937592782080173,0.007438601925969124,0.07779737561941147,0.10978184640407562,0.07406985014677048,0.03411564975976944,0.02002205327153206,0.06699527055025101,0.07690945267677307,0.021065959706902504,0.02444344013929367,0.010107027366757393,0.03579117730259895
0.16174736618995667,0.06631146371364594,0.010403777472674847,0.010976869612932205,0.05779633671045303,0.08890926092863083,0.027309536933898926,0.009961334988474846,0.007447339128702879,0.07778263092041016,0.10984206199645996,0.07409317046403885,0.034152109175920486,0.020008843392133713,0.06698363274335861,0.07687214016914368,0.02106274478137493,0.024457087740302086,0.010087023489177227,0.035802196711301804
0.1618165820837021,0.06630382686853409,0.010423275642096996,0.010969961993396282,0.05777450650930405,0.08884444087743759,0.02732909843325615,0.009956564754247665,0.0074371094815433025,0.07777420431375504,0.10988184064626694,0.0740673691034317,0.03410165011882782,0.020008539780974388,0.06695739179849625,0.07685133069753647,0.021069634705781937,0.024421511217951775,0.010090227238833904,0.03578925132751465
0.16184309124946594,0.06629469245672226,0.010397866368293762,0.010979238897562027,0.057789940387010574,0.08883320540189743,0.027321722358465195,0.009952402673661709,0.007432329934090376,0.07775580883026123,0.10994074493646622,0.07406585663557053,0.03412019833922386,0.020010069012641907,0.06694124639034271,0.07685824483633041,0.02106059342622757,0.024435730651021004,0.010088779032230377,0.03578801080584526
0.05364144593477249,0.05993502214550972,0.010918650776147842,0.009368551895022392,0.042264558374881744,0.0808662623167038,0.024817069992423058,0.008590624667704105,0.01053382083773613,0.044249650090932846,0.05866289138793945,0.0675140991806984,0.0351090282201767,0.021524539217352867,0.03669344261288643,0.056845974177122116,0.01889706961810589,0.02573639526963234,0.011468891985714436,0.025683213025331497
0.053553175181150436,0.05995185673236847,0.010914338752627373,0.00937161035835743,0.04226958006620407,0.08061423152685165,0.024845341220498085,0.008584965020418167,0.010556184686720371,0.044152241200208664,0.05874045938253403,0.06753316521644592,0.03513001650571823,0.021534165367484093,0.03660285845398903,0.05687196925282478,0.018904831260442734,0.025758957490324974,0.011475512757897377,0.02567244879901409
0.0535837858915329,0.05994144827127457,0.010925213806331158,0.009368990547955036,0.042271219193935394,0.0804624930024147,0.024855293333530426,0.008587954565882683,0.010564531199634075,0.04409845173358917,0.058769505470991135,0.06751802563667297,0.03513779863715172,0.021550573408603668,0.03656213358044624,0.05687195062637329,0.018904434517025948,0.025759529322385788,0.011501551605761051,0.02565852738916874
0.05362870544195175,0.059967659413814545,0.01093373354524374,0.009371808730065823,0.042262181639671326,0.08035505563020706,0.02485944703221321,0.008594012819230556,0.010567696765065193,0.04406335949897766,0.05881901830434799,0.06754704564809799,0.03516050800681114,0.021552514284849167,0.03652927652001381,0.05690564960241318,0.018905973061919212,0.025778753682971,0.011487392708659172,0.025660602375864983
0.053596582263708115,0.06000520661473274,0.01093664113432169,0.009367629885673523,0.04228070378303528,0.08032967895269394,0.024862604215741158,0.008586622774600983,0.010567117482423782,0.044057153165340424,0.05889233201742172,0.06757552176713943,0.03515174612402916,0.021542536094784737,0.03651052713394165,0.05690605565905571,0.01890919916331768,0.025783749297261238,0.011501357890665531,0.025657009333372116
0.05358977988362312,0.05998389795422554,0.01093220803886652,0.009369887411594391,0.0422830767929554,0.08027537912130356,0.024892332032322884,0.008589287288486958,0.010565126314759254,0.044000063091516495,0.058888066560029984,0.0675746351480484,0.035177845507860184,0.021546076983213425,0.03649607673287392,0.05692223832011223,0.01892247051000595,0.0257871076464653,0.011501877568662167,0.02566017396748066
0.012968039140105247,0.07770371437072754,0.0433441586792469,0.014000101946294308,0.06037115678191185,0.05226479470729828,0.0317545048892498,0.004278160631656647,0.00863070972263813,0.06982190161943436,0.03417306765913963,0.08655617386102676,0.05781439319252968,0.02154448814690113,0.05814855545759201,0.031068973243236542,0.024690257385373116,0.04975705221295357,0.010803504846990108,0.03627493605017662
0.012916108593344688,0.07771912962198257,0.04334848001599312,0.01399520318955183,0.06038162112236023,0.05231770873069763,0.031761039048433304,0.004270564764738083,0.008604965172708035,0.06988868862390518,0.03421512246131897,0.08659165352582932,0.05778735131025314,0.021556708961725235,0.05820772796869278,0.03109927289187908,0.024710655212402344,0.04976006597280502,0.010795318521559238,0.03630582615733147
0.012863749638199806,0.07764498889446259,0.04334826022386551,0.013982290402054787,0.06039702147245407,0.05235747620463371,0.03174670413136482,0.004279631190001965,0.00859864242374897,0.06992760300636292,0.03422708064317703,0.08653892576694489,0.057829443365335464,0.021578095853328705,0.058249834924936295,0.031126782298088074,0.024677911773324013,0.049771733582019806,0.010790142230689526,0.03631255775690079
0.012874276377260685,0.07765772193670273,0.04334414377808571,0.01399078220129013,0.06041324511170387,0.052347276359796524,0.031749021261930466,0.004274244420230389,0.0085825864225626,0.06995273381471634,0.03422212973237038,0.08655685931444168,0.057806894183158875,0.02158069796860218,0.058258429169654846,0.031143207103013992,0.024677826091647148,0.04976750165224075,0.010790972039103508,0.03632406145334244
0.012817742303013802,0.0776333138346672,0.04335804656147957,0.013990902341902256,0.060416314750909805,0.052284471690654755,0.0317559689283371,0.004286134149879217,0.00858349073678255,0.06995411217212677,0.034175992012023926,0.08652288466691971,0.057826075702905655,0.021584466099739075,0.05826130509376526,0.031082861125469208,0.024682791903614998,0.049782250076532364,0.010794106870889664,0.03632013872265816
0.008837570436298847,0.0448053739964962,0.020315021276474,0.0066870832815766335,0.037230540066957474,0.023905301466584206,0.018566427752375603,0.003942736890166998,0.0071570551954209805,0.04406963661313057,0.015510219149291515,0.04728059098124504,0.038487788289785385,0.011695138178765774,0.03132008761167526,0.01563568040728569,0.013102761469781399,0.04438990354537964,0.007974723353981972,0.025365322828292847
0.015526818111538887,0.0610726922750473,0.010261442512273788,0.010712859220802784,0.07868534326553345,0.06276319921016693,0.025401446968317032,0.008317990228533745,0.008472002111375332,0.022632218897342682,0.038485318422317505,0.068938247859478,0.03322628512978554,0.02124853990972042,0.04727672412991524,0.03446678817272186,0.019243864342570305,0.02443569339811802,0.011019248515367508,0.08768612891435623
0.015529213473200798,0.06107538938522339,0.010257604531943798,0.01071049366146326,0.07866329699754715,0.06280117481946945,0.025407886132597923,0.008311831392347813,0.008470294065773487,0.022644447162747383,0.03848874196410179,0.06893695145845413,0.03325343877077103,0.021231679245829582,0.04727691784501076,0.03446567431092262,0.019242839887738228,0.024450434371829033,0.011013896204531193,0.08769163489341736
0.015504180453717709,0.061071380972862244,0.010257408022880554,0.010702933184802532,0.07866615056991577,0.06278238445520401,0.025405606254935265,0.008296888321638107,0.008467111736536026,0.02266542986035347,0.03846915066242218,0.06893022358417511,0.0332261398434639,0.021232685074210167,0.047287095338106155,0.034449074417352676,0.019234297797083855,0.024431347846984863,0.011014111340045929,0.08770696818828583
0.01551767811179161,0.061108965426683426,0.010252056643366814,0.010715954005718231,0.0786500871181488,0.06275524944067001,0.025418898090720177,0.008316347375512123,0.008470427244901657,0.02267059125006199,0.038452520966529846,0.06895911693572998,0.03325793147087097,0.021242359653115273,0.04730399698019028,0.03442959487438202,0.01925688236951828,0.02443532645702362,0.011023038066923618,0.08770182728767395
0.015498785302042961,0.0611259751021862,0.010263594798743725,0.010707919485867023,0.07867644727230072,0.06276307255029678,0.025423698127269745,0.008304275572299957,0.008477364666759968,0.022678451612591743,0.03848235309123993,0.06896474957466125,0.03322165086865425,0.02122993767261505,0.04730767011642456,0.0344594269990921,0.019267579540610313,0.02442544512450695,0.01101729180663824,0.0877179205417633
0.015468950383365154,0.06106377765536308,0.010245210491120815,0.010713131166994572,0.07865031808614731,0.06277523189783096,0.025391772389411926,0.008310780860483646,0.008450536988675594,0.022694425657391548,0.03845984488725662,0.0689060315489769,0.033244241029024124,0.021243803203105927,0.04730946943163872,0.034441836178302765,0.019234955310821533,0.024431487545371056,0.011018848977982998,0.08771996200084686
0.015515077859163284,0.06505424529314041,0.010158110409975052,0.03589034453034401,0.058446552604436874,0.06111140921711922,0.026523727923631668,0.008952854201197624,0.06089065223932266,0.07679851353168488,0.03679284453392029,0.07229410856962204,0.033251501619815826,0.07026512920856476,0.06570058315992355,0.032866470515728,0.020693745464086533,0.024328401312232018,0.045968592166900635,0.035930562764406204
0.015523992478847504,0.06502173095941544,0.010150544345378876,0.03588535636663437,0.058452900499105453,0.06110149621963501,0.026510441675782204,0.008941520005464554,0.06087823584675789,0.07679980993270874,0.03678920492529869,0.07227009534835815,0.03327091410756111,0.0702480897307396,0.06569773703813553,0.03286711126565933,0.02068016678094864,0.024320140480995178,0.045965708792209625,0.03592126816511154
0.015469996258616447,0.0650610625743866,0.01016384270042181,0.03588752821087837,0.05844700708985329,0.06110941618680954,0.026524201035499573,0.00895171519368887,0.06087231636047363,0.07679829001426697,0.03680386021733284,0.0723070278763771,0.03326313942670822,0.07025288045406342,0.06570286303758621,0.03286615014076233,0.020696623250842094,0.024314003065228462,0.04597233608365059,0.035924069583415985
0.015457981266081333,0.06503374129533768,0.010151568800210953,0.03588640317320824,0.05843295156955719,0.06112029403448105,0.026531588286161423,0.00895334966480732,0.06085876375436783,0.07680542767047882,0.036797668784856796,0.07226169109344482,0.03326619043946266,0.07024441659450531,0.06570380926132202,0.03290806710720062,0.020698310807347298,0.024321556091308594,0.04596948251128197,0.03591446578502655
0.015497290529310703,0.06507489830255508,0.01016847975552082,0.03588896989822388,0.05846097320318222,0.06107592582702637,0.026537355035543442,0.008951802738010883,0.060865357518196106,0.0768188014626503,0.036768838763237,0.07232136279344559,0.03325272351503372,0.07025089114904404,0.06570971012115479,0.03287707269191742,0.0207056887447834,0.024311399087309837,0.045956868678331375,0.03592302277684212
0.015514078550040722,0.06505529582500458,0.010152623988687992,0.035878583788871765,0.058463867753744125,0.06111687421798706,0.026533029973506927,0.008966472931206226,0.060862354934215546,0.07683419436216354,0.03678254783153534,0.07228163629770279,0.0332789346575737,0.07024609297513962,0.06572356075048447,0.03289484232664108,0.020704934373497963,0.02434925176203251,0.04595256596803665,0.03592953085899353
0.012987863272428513,0.32044437527656555,0.006776895839720964,0.013808365911245346,0.0610044039785862,0.052965473383665085,0.1346110999584198,0.007322758436203003,0.008160321041941643,0.07126280665397644,0.03455469012260437,0.31953054666519165,0.022981973364949226,0.021150995045900345,0.059343352913856506,0.031183315441012383,0.10500539839267731,0.01661747880280018,0.010396136902272701,0.0368846096098423
0.012991414405405521,0.32021939754486084,0.006762736011296511,0.013825098052620888,0.06096210330724716,0.05295057222247124,0.13449077308177948,0.00732426205649972,0.008172143250703812,0.07122468948364258,0.03456757217645645,0.31925341486930847,0.022981837391853333,0.0211446825414896,0.05932055041193962,0.031189749017357826,0.10491356253623962,0.01662127859890461,0.01039344072341919,0.03687269985675812
0.013035043142735958,0.32008495926856995,0.00676956819370389,0.013820284977555275,0.060967884957790375,0.05293453484773636,0.1344279944896698,0.00731202308088541,0.00815973524004221,0.07123535871505737,0.034589219838380814,0.31909313797950745,0.022972268983721733,0.02113710530102253,0.05932749807834625,0.031174566596746445,0.10486742109060287,0.01661508157849312,0.010387597605586052,0.03687556833028793
0.013021093793213367,0.3200531601905823,0.006742417812347412,0.01382480375468731,0.06097250431776047,0.05293117091059685,0.1344057023525238,0.007308132015168667,0.00815602857619524,0.07123645395040512,0.034614015370607376,0.3190532624721527,0.02298205904662609,0.021137472242116928,0.05931854993104935,0.03121355175971985,0.10486383736133575,0.01660504937171936,0.010399529710412025,0.03688815236091614
0.013002544641494751,0.3200133740901947,0.006741492543369532,0.013818507082760334,0.06097087636590004,0.052915818989276886,0.13441698253154755,0.007308680098503828,0.008136129938066006,0.07123333215713501,0.03459787741303444,0.3190113604068756,0.022955477237701416,0.021140500903129578,0.05931834504008293,0.031208861619234085,0.10485123842954636,0.0165935680270195,0.010378172621130943,0.03688628226518631
0.012995411641895771,0.3199830651283264,0.006757820025086403,0.013823946937918663,0.060975346714258194,0.05289404094219208,0.1344042718410492,0.007320967968553305,0.008154879324138165,0.07123328000307083,0.03458795323967934,0.31898102164268494,0.022977732121944427,0.021133460104465485,0.05932936817407608,0.031175842508673668,0.10484353452920914,0.016614539548754692,0.010379694402217865,0.036890383809804916
0.01565866731107235,0.06506941467523575,0.009979704394936562,0.03608192875981331,0.05770160257816315,0.062354061752557755,0.026521889492869377,0.00857314933091402,0.06061224266886711,0.07537241280078888,0.03776146098971367,0.07233331352472305,0.032596882432699203,0.07021448016166687,0.06456687301397324,0.03372476249933243,0.020693939179182053,0.023869452998042107,0.045967794954776764,0.03557219356298447
0.015686267986893654,0.06508587300777435,0.009991743601858616,0.036050841212272644,0.057715531438589096,0.06237969174981117,0.026554007083177567,0.008580740541219711,0.06061958149075508,0.07538344711065292,0.03776220977306366,0.07236494868993759,0.03261331468820572,0.07022110372781754,0.06457777321338654,0.03372570872306824,0.020708678290247917,0.023890452459454536,0.045949991792440414,0.03558767959475517
0.0157418604940176,0.06507310271263123,0.010001471266150475,0.03603792190551758,0.05771741643548012,0.0624644011259079,0.026581209152936935,0.008549151942133904,0.060612790286540985,0.07538682967424393,0.037762679159641266,0.07234379649162292,0.03261002525687218,0.0702146515250206,0.0645807608962059,0.0337207168340683,0.020694317296147346,0.023873640224337578,0.04593762382864952,0.035564202815294266
0.015697544440627098,0.06508970260620117,0.009994406253099442,0.03603609278798103,0.057711970061063766,0.06243870034813881,0.0265471413731575,0.008562780916690826,0.060605742037296295,0.07538753002882004,0.03776846453547478,0.07235696166753769,0.032621484249830246,0.07020572572946548,0.06456571072340012,0.03372799605131149,0.02070048451423645,0.02389761433005333,0.04592844098806381,0.03555985540151596
0.0157301127910614,0.06501920521259308,0.01000418234616518,0.0360388346016407,0.05773565545678139,0.06239433214068413,0.02652776427567005,0.008558805100619793,0.060617513954639435,0.07540301233530045,0.037737131118774414,0.07231131941080093,0.03260556980967522,0.07020922005176544,0.06458701193332672,0.033706359565258026,0.020675471052527428,0.023889172822237015,0.04592464119195938,0.03556692227721214
0.015752369537949562,0.06502087414264679,0.009987088851630688,0.03603985533118248,0.057710107415914536,0.06243088096380234,0.026527417823672295,0.00855611078441143,0.06059465929865837,0.07539351284503937,0.037737660109996796,0.07231385260820389,0.03260883316397667,0.07021795958280563,0.06457774341106415,0.03369104862213135,0.02066650800406933,0.02389036864042282,0.045920729637145996,0.035554189234972
0.01660156063735485,0.0639159083366394,0.010957302525639534,0.03555051609873772,0.05808500573039055,0.0633726567029953,0.026051748543977737,0.009458426386117935,0.060622770339250565,0.07679057866334915,0.03759080544114113,0.07094548642635345,0.03578785061836243,0.06956829875707626,0.06577352434396744,0.03346100077033043,0.020349320024251938,0.026191914454102516,0.045723285526037216,0.03575504571199417
0.01657194085419178,0.06387624889612198,0.010962988249957561,0.03555436059832573,0.0580936074256897,0.06335040181875229,0.02599676325917244,0.009460797533392906,0.060617223381996155,0.0768355205655098,0.0375966913998127,0.07089913636445999,0.03578924387693405,0.06956423074007034,0.06578538566827774,0.03346475213766098,0.020321711897850037,0.026186523959040642,0.04571373015642166,0.03573739528656006
0.016578130424022675,0.06390029191970825,0.010948745533823967,0.035554807633161545,0.058073174208402634,0.06336461007595062,0.026036832481622696,0.009448950178921223,0.06062030419707298,0.07681886851787567,0.03762016072869301,0.07093112915754318,0.035781264305114746,0.06956301629543304,0.06578408926725388,0.033491816371679306,0.020343251526355743,0.026193473488092422,0.04571137949824333,0.035743311047554016
0.01660934090614319,0.06390489637851715,0.010966195724904537,0.03554819896817207,0.05807306244969368,0.06340803951025009,0.026007482782006264,0.009452038444578648,0.06061328202486038,0.07680942118167877,0.03760020434856415,0.07092320919036865,0.03578778728842735,0.06955225765705109,0.06578345596790314,0.033470865339040756,0.020332084968686104,0.026182100176811218,0.04570966958999634,0.03573347628116608
0.01660304330289364,0.06386011093854904,0.01095609925687313,0.03555061295628548,0.05808887630701065,0.0633680671453476,0.026009410619735718,0.009455864317715168,0.060621995478868484,0.07683031260967255,0.03757248818874359,0.07090499252080917,0.03579153120517731,0.06955597549676895,0.06579286605119705,0.03345143049955368,0.020345289260149002,0.026202715933322906,0.045703351497650146,0.035744912922382355
0.01657661609351635,0.06387893855571747,0.01096373051404953,0.03553815186023712,0.058095093816518784,0.06335631012916565,0.025998566299676895,0.009452254511415958,0.06060491502285004,0.07683904469013214,0.03759933263063431,0.0709085464477539,0.035782117396593094,0.0695602223277092,0.06580308824777603,0.033485084772109985,0.02034120075404644,0.026190416887402534,0.045712344348430634,0.03574613109230995
0.012498280964791775,0.07612115889787674,0.043172791600227356,0.014397894963622093,0.06161030754446983,0.05075908452272415,0.031088342890143394,0.004185805097222328,0.008907665498554707,0.07000194489955902,0.03351186215877533,0.0848284587264061,0.05885189026594162,0.0217161625623703,0.057840123772621155,0.030515313148498535,0.02418973296880722,0.05061892792582512,0.010796422138810158,0.0367618128657341
0.012534726411104202,0.0761706605553627,0.04317283630371094,0.014398440718650818,0.06160359084606171,0.050834521651268005,0.031146278604865074,0.0041685281321406364,0.008898748084902763,0.070011667907238,0.033473558723926544,0.08489510416984558,0.05885494872927666,0.021709715947508812,0.057838357985019684,0.030507490038871765,0.024202289059758186,0.05061859264969826,0.010806968435645103,0.03677380084991455
0.012510578148066998,0.07618850469589233,0.043176133185625076,0.014395086094737053,0.061595916748046875,0.050828851759433746,0.031141523271799088,0.004186147358268499,0.008902445435523987,0.07001524418592453,0.03350116312503815,0.08492036163806915,0.05883302912116051,0.02171352133154869,0.05785498768091202,0.030560370534658432,0.02421993762254715,0.0506051629781723,0.010809379629790783,0.036772362887859344
0.012480434961616993,0.07619550824165344,0.04317590221762657,0.014400112442672253,0.0616251602768898,0.050831813365221024,0.031116148456931114,0.004176983144134283,0.008890497498214245,0.07005177438259125,0.03351147472858429,0.08490905910730362,0.05884042754769325,0.02171272411942482,0.05786751210689545,0.030522365123033524,0.024212345480918884,0.05060607194900513,0.010810049250721931,0.036778248846530914
0.012490483932197094,0.07620980590581894,0.04316903278231621,0.014386549592018127,0.061616379767656326,0.05087023973464966,0.03112071566283703,0.004176661372184753,0.00887652300298214,0.07002414017915726,0.03350348398089409,0.08493584394454956,0.05882451683282852,0.021721605211496353,0.05784647911787033,0.03052724525332451,0.024208853021264076,0.050600990653038025,0.010798927396535873,0.036772146821022034
0.012472977861762047,0.07620112597942352,0.04317392781376839,0.014389986172318459,0.061634212732315063,0.05084089934825897,0.031145405024290085,0.004174061119556427,0.008881556801497936,0.07003029435873032,0.0334920771420002,0.084930919110775,0.05883669853210449,0.021717768162488937,0.05784912034869194,0.030522655695676804,0.024196524173021317,0.05060216784477234,0.01079507078975439,0.03677256777882576
0.013559634797275066,0.3036673367023468,0.005589199252426624,0.010434181429445744,0.044669244438409805,0.053182151168584824,0.12146025151014328,0.005233403295278549,0.009834786877036095,0.03414279967546463,0.03605004772543907,0.3062880337238312,0.018573177978396416,0.021497445181012154,0.024668674916028976,0.0326644703745842,0.09990931302309036,0.013612191192805767,0.01193956471979618,0.027076082304120064
0.013525540009140968,0.3036920130252838,0.00558649143204093,0.010430342517793179,0.044654350727796555,0.0531596839427948,0.12153536081314087,0.00521079171448946,0.009827308356761932,0.034117892384529114,0.036047205328941345,0.30627918243408203,0.018545521423220634,0.02148967795073986,0.0246465802192688,0.03264318034052849,0.09992920607328415,0.013596289791166782,0.011935016140341759,0.02707131765782833
0.013526043854653835,0.3036964535713196,0.005583733320236206,0.010425369255244732,0.0446564219892025,0.05314718186855316,0.12155919522047043,0.005215528886765242,0.009828553535044193,0.03411874920129776,0.03604938089847565,0.30626726150512695,0.018563162535429,0.021493343636393547,0.02466479316353798,0.03263913840055466,0.09991521388292313,0.013590813614428043,0.011928207240998745,0.027083132416009903
0.013510302640497684,0.30368319153785706,0.005574611946940422,0.010429308749735355,0.044659607112407684,0.05311994254589081,0.1215645968914032,0.005221083760261536,0.009816942736506462,0.034106433391571045,0.036009613424539566,0.3062572777271271,0.018543390557169914,0.021488633006811142,0.024647526443004608,0.032619114965200424,0.0999230295419693,0.013589148409664631,0.011930697597563267,0.027077073231339455
0.01348253432661295,0.3037130832672119,0.005586888641119003,0.010430393740534782,0.044642429798841476,0.05312320590019226,0.12155400961637497,0.005220026709139347,0.009819247759878635,0.03409795090556145,0.03603936731815338,0.30627134442329407,0.018565867096185684,0.021490005776286125,0.02463424578309059,0.03263552859425545,0.09993216395378113,0.013595005497336388,0.01193881407380104,0.02708115614950657
0.013470848090946674,0.3037704825401306,0.005583346821367741,0.010431081987917423,0.04465675354003906,0.05312343314290047,0.12159668654203415,0.005221247673034668,0.009817004203796387,0.03408338129520416,0.036048270761966705,0.3063194155693054,0.018540071323513985,0.021489420905709267,0.024638822302222252,0.03263556584715843,0.09995324909687042,0.013589353300631046,0.011941298842430115,0.02708442695438862
0.013338902033865452,0.29637661576271057,0.0060803755186498165,0.010147549211978912,0.0461035892367363,0.05265668034553528,0.11858849972486496,0.005830691661685705,0.009629718959331512,0.03634006530046463,0.03567778691649437,0.2988426387310028,0.020323511213064194,0.021054569631814957,0.026593027636408806,0.03230016678571701,0.09752047061920166,0.014843557961285114,0.011614654213190079,0.027772177010774612
0.013318863697350025,0.2963641881942749,0.006096663884818554,0.010149567387998104,0.04609975591301918,0.05263704061508179,0.11860523372888565,0.005846027750521898,0.009608599357306957,0.036329060792922974,0.035665858536958694,0.2988627254962921,0.020320281386375427,0.02104680798947811,0.026588279753923416,0.03228645771741867,0.09752388298511505,0.014849086292088032,0.011616401374340057,0.027770403772592545
0.013298030011355877,0.29632219672203064,0.0060831643640995026,0.010165039449930191,0.04608910530805588,0.0526290237903595,0.1185760572552681,0.005856756586581469,0.009626810438930988,0.03634678199887276,0.03569301590323448,0.29881107807159424,0.020330915227532387,0.021063918247818947,0.02658131718635559,0.032294731587171555,0.09750568866729736,0.014838683418929577,0.01161189191043377,0.027765821665525436
0.013283615000545979,0.2963367998600006,0.006097049452364445,0.010155328549444675,0.04609908536076546,0.052641093730926514,0.11862438917160034,0.005844408180564642,0.009620261378586292,0.03635634109377861,0.03571469336748123,0.2988230586051941,0.020323483273386955,0.021051514893770218,0.02658262476325035,0.03230513259768486,0.09751598536968231,0.014843570999801159,0.011621988378465176,0.02777201682329178
0.013314144685864449,0.29629820585250854,0.006073527503758669,0.010155590251088142,0.04608917608857155,0.052651457488536835,0.11858244240283966,0.00584454694762826,0.009617432951927185,0.03633517026901245,0.03569361940026283,0.2987946569919586,0.020347081124782562,0.021046265959739685,0.026577772572636604,0.032296545803546906,0.09749685972929001,0.01485279481858015,0.01162299606949091,0.027765464037656784
0.013291415758430958,0.2962871789932251,0.006085996516048908,0.010161810554564,0.04609668254852295,0.05263999477028847,0.11857567727565765,0.005825663451105356,0.009623001329600811,0.03634339198470116,0.035662099719047546,0.2987687289714813,0.020321404561400414,0.021052081137895584,0.02659079059958458,0.03228731080889702,0.0974968671798706,0.014859694987535477,0.011619465425610542,0.027765091508626938
0.012383376248180866,0.07982931286096573,0.04317818582057953,0.01476676668971777,0.058820970356464386,0.05042346566915512,0.03267618268728256,0.004260824993252754,0.009010733105242252,0.06709332764148712,0.033505845814943314,0.08913625776767731,0.05911749228835106,0.022122861817479134,0.0557173527777195,0.03050224669277668,0.025369467213749886,0.050794411450624466,0.011066315695643425,0.03537833318114281
0.01242489367723465,0.07975739985704422,0.0431564562022686,0.014759673736989498,0.05883287265896797,0.05039697885513306,0.03266961872577667,0.0043104346841573715,0.00900096632540226,0.0671122670173645,0.03348870575428009,0.08907651156187057,0.059183280915021896,0.022139884531497955,0.055734287947416306,0.03051280416548252,0.02532988414168358,0.050843242555856705,0.011082534678280354,0.035373296588659286
0.01244179904460907,0.07974855601787567,0.043138038367033005,0.01475790236145258,0.05884227901697159,0.050438445061445236,0.03266371786594391,0.004265212453901768,0.009003899991512299,0.06713389605283737,0.03348473832011223,0.08906862884759903,0.05915383994579315,0.022144470363855362,0.055765844881534576,0.030521320179104805,0.025326861068606377,0.05082753300666809,0.011073023080825806,0.035371504724025726
0.012434314005076885,0.07977544516324997,0.0431317575275898,0.0147577915340662,0.05885372310876846,0.05043447017669678,0.03268799930810928,0.00427250238135457,0.00898731965571642,0.06716068089008331,0.033437520265579224,0.08910248428583145,0.05920826271176338,0.02215147390961647,0.0557781457901001,0.030493561178445816,0.0253202635794878,0.05085961893200874,0.011069446802139282,0.035364456474781036
0.0124442083761096,0.07973657548427582,0.04312868416309357,0.014753321185708046,0.05884005129337311,0.05047660320997238,0.032658495008945465,0.004269720055162907,0.00898837111890316,0.06714826822280884,0.03347793594002724,0.08907703310251236,0.05916237458586693,0.022158250212669373,0.05577090382575989,0.030524902045726776,0.025313543155789375,0.05083264783024788,0.011080899275839329,0.03536291792988777
0.01242393720895052,0.07969076931476593,0.04312092438340187,0.014759579673409462,0.05886916443705559,0.05043122172355652,0.03264316916465759,0.004271905403584242,0.008987759239971638,0.06719131767749786,0.03350848704576492,0.08902161568403244,0.059190571308135986,0.0221451036632061,0.055785130709409714,0.030550897121429443,0.025308789685368538,0.050856564193964005,0.01108271349221468,0.03538376837968826
0.012203125283122063,0.3220197856426239,0.006777545902878046,0.014631526544690132,0.061393216252326965,0.05082879215478897,0.13525249063968658,0.007810438517481089,0.008960139937698841,0.06900526583194733,0.033140603452920914,0.32078537344932556,0.023326845839619637,0.021238500252366066,0.05670655891299248,0.029822658747434616,0.10561535507440567,0.016780516132712364,0.01028440985828638,0.03674698993563652
0.012309122830629349,0.32170242071151733,0.006785161327570677,0.01464032381772995,0.06140109524130821,0.05083156004548073,0.1350909173488617,0.0078101567924022675,0.008947827853262424,0.06899156421422958,0.03311038389801979,0.3204197585582733,0.023302070796489716,0.02124139480292797,0.0567084476351738,0.02984038181602955,0.10550113767385483,0.016766948625445366,0.010268178768455982,0.036761075258255005
0.012289755046367645,0.3215230107307434,0.006780833471566439,0.014655196107923985,0.06138242408633232,0.05082925409078598,0.13498173654079437,0.007818272337317467,0.008951082825660706,0.06899242848157883,0.03312162309885025,0.3202155828475952,0.023333920165896416,0.021222837269306183,0.05671148747205734,0.02982502616941929,0.10544808954000473,0.016787327826023102,0.010261347517371178,0.03673546016216278
0.012276728637516499,0.3214791417121887,0.006792633794248104,0.01464972086250782,0.06139189004898071,0.05083104968070984,0.13494408130645752,0.007803032174706459,0.00896607618778944,0.06897792965173721,0.033149294555187225,0.3201671838760376,0.02330467477440834,0.02122664637863636,0.056706752628088,0.029836174100637436,0.10542742908000946,0.016781499609351158,0.010266917757689953,0.03676073998212814
0.012309226207435131,0.32149600982666016,0.006780574563890696,0.014647584408521652,0.06139892712235451,0.05086115375161171,0.134937584400177,0.007825210690498352,0.00894701573997736,0.06899763643741608,0.033161625266075134,0.320170521736145,0.02332852967083454,0.021236350759863853,0.056722451001405716,0.029818788170814514,0.10542060434818268,0.01678338460624218,0.010266585275530815,0.03674935922026634
0.012302360497415066,0.3214610517024994,0.006782726384699345,0.014646033756434917,0.06138855591416359,0.05085747316479683,0.1349196881055832,0.007798970676958561,0.008957138285040855,0.06898415088653564,0.03312883898615837,0.3201013207435608,0.023310018703341484,0.021218208596110344,0.05670897662639618,0.02983102947473526,0.10540484637022018,0.01677049696445465,0.0102576594799757,0.036746907979249954
0.01643788255751133,0.0645102933049202,0.01108655147254467,0.03535907715559006,0.05719869211316109,0.06366270035505295,0.026277199387550354,0.00934185553342104,0.06108971685171127,0.07683263719081879,0.03797713667154312,0.07164222747087479,0.036149583756923676,0.06963161379098892,0.0660662055015564,0.03376784548163414,0.020522410050034523,0.026494499295949936,0.04579910263419151,0.03543880209326744
0.016512874513864517,0.0644744411110878,0.011104554869234562,0.03535396233201027,0.05720868706703186,0.06373435258865356,0.02624630741775036,0.009324110113084316,0.06108511611819267,0.07685660570859909,0.03797503560781479,0.07160094380378723,0.03613247349858284,0.06961873918771744,0.06607221812009811,0.03378536179661751,0.020510293543338776,0.026475815102458,0.04578183963894844,0.03543693572282791
0.016534892842173576,0.06446123123168945,0.011102464981377125,0.03532491624355316,0.05720340833067894,0.06374507397413254,0.0262569859623909,0.009344026446342468,0.06106581911444664,0.07685710489749908,0.03794659674167633,0.07160965353250504,0.036183036863803864,0.06960690766572952,0.06607968360185623,0.033775392919778824,0.02051292173564434,0.026517551392316818,0.04577545076608658,0.03542247414588928
0.016548817977309227,0.06444628536701202,0.011100618168711662,0.03532419726252556,0.05721867084503174,0.06378902494907379,0.02624240517616272,0.00932605005800724,0.061060357838869095,0.07686971127986908,0.03796715661883354,0.07157508283853531,0.03616541624069214,0.0696035698056221,0.06610122323036194,0.033766429871320724,0.02051577717065811,0.02651473879814148,0.04576130583882332,0.03542959317564964
0.01657925732433796,0.06441342830657959,0.011111988686025143,0.03532346710562706,0.05721205845475197,0.06379342079162598,0.02623983658850193,0.009351151995360851,0.06106385961174965,0.07687169313430786,0.03793397918343544,0.0715349093079567,0.036166418343782425,0.06961863487958908,0.06608109921216965,0.03377188369631767,0.02050717920064926,0.0265166275203228,0.045758236199617386,0.03541257604956627
0.01653400808572769,0.06446268409490585,0.011124939657747746,0.03530946746468544,0.057201601564884186,0.06378870457410812,0.02624332532286644,0.00932924821972847,0.061053019016981125,0.07688403129577637,0.037936944514513016,0.07159032672643661,0.0361584797501564,0.0696156769990921,0.06610555946826935,0.033776044845581055,0.020521255210042,0.026510469615459442,0.045756690204143524,0.0354069359600544
0.016198884695768356,0.05959746241569519,0.01077770721167326,0.010625607334077358,0.078867107629776,0.06375742703676224,0.02465430647134781,0.008961185812950134,0.008453110232949257,0.022966045886278152,0.03836549073457718,0.06697063148021698,0.03502533584833145,0.02117987535893917,0.047519516199827194,0.034192588180303574,0.018810046836733818,0.025701183825731277,0.010949088260531425,0.08777838945388794
0.01621011272072792,0.059595100581645966,0.010773571208119392,0.010631130076944828,0.07885255664587021,0.06375257670879364,0.0246328953653574,0.008942196145653725,0.008461561053991318,0.022974280640482903,0.03833205625414848,0.06697874516248703,0.03500058501958847,0.021187283098697662,0.04752710834145546,0.03419962152838707,0.01882212422788143,0.02568100579082966,0.010951240547001362,0.08778133243322372
0.016203414648771286,0.05955355986952782,0.010772178880870342,0.010622547939419746,0.07885512709617615,0.06377007812261581,0.0246447641402483,0.008949723094701767,0.008459740318357944,0.022996606305241585,0.03835495188832283,0.06695083528757095,0.03501971438527107,0.021177057176828384,0.047544825822114944,0.03420006111264229,0.018805326893925667,0.02570202946662903,0.01094560045748949,0.08777488023042679
0.01619992032647133,0.0595569983124733,0.0107800904661417,0.010621562600135803,0.07887226343154907,0.06378579139709473,0.024652374908328056,0.008958623744547367,0.008452774956822395,0.02298044040799141,0.0384051613509655,0.06694885343313217,0.03501134365797043,0.02118866518139839,0.04754958674311638,0.03422929346561432,0.018802925944328308,0.025692300871014595,0.010948719456791878,0.08778879791498184
0.01624797284603119,0.05956308916211128,0.010782000608742237,0.01061828900128603,0.07888226956129074,0.06380540877580643,0.024629557505249977,0.008957982994616032,0.008460095152258873,0.023018853738904,0.03839150443673134,0.06695514172315598,0.03501557558774948,0.02118653617799282,0.0475662425160408,0.03421918302774429,0.018809732049703598,0.0256996788084507,0.010948264971375465,0.08781266212463379
0.016220495104789734,0.05955251306295395,0.010775706730782986,0.010615822859108448,0.07887427508831024,0.06376562267541885,0.024618327617645264,0.008966819383203983,0.0084616020321846,0.022996367886662483,0.03835052251815796,0.06694664806127548,0.03502800688147545,0.021183518692851067,0.04754919186234474,0.03420238941907883,0.018811257556080818,0.02570369839668274,0.010952244512736797,0.08780539035797119
0.012180715799331665,0.07857494056224823,0.04368274286389351,0.014059372246265411,0.0611414797604084,0.05120604857802391,0.03206537291407585,0.004004084970802069,0.00844102818518877,0.07011845707893372,0.033003196120262146,0.0875433012843132,0.05650106817483902,0.02155112847685814,0.05837679281830788,0.029967622831463814,0.02500108629465103,0.04880376160144806,0.010849440470337868,0.03685584291815758
0.012168859131634235,0.07858316600322723,0.04368388652801514,0.014071586541831493,0.06114890053868294,0.05123618245124817,0.032078471034765244,0.0039886892773211,0.008425071835517883,0.07012072205543518,0.03304249420762062,0.08753354102373123,0.056485194712877274,0.021567143499851227,0.058393508195877075,0.029987607151269913,0.02497970499098301,0.04878922179341316,0.010858193039894104,0.03685931861400604
0.012166416272521019,0.07860936969518661,0.04368104413151741,0.014059753157198429,0.06115138903260231,0.05122535675764084,0.032085973769426346,0.0039948513731360435,0.008438944816589355,0.07011238485574722,0.0330251008272171,0.08756472170352936,0.05646618828177452,0.021564915776252747,0.0583806186914444,0.029973449185490608,0.02498185820877552,0.04877981171011925,0.010852433741092682,0.03687069192528725
0.012174765579402447,0.0786081850528717,0.04367142543196678,0.014066186733543873,0.06117689609527588,0.051216136664152145,0.03211534395813942,0.003993675112724304,0.00842995010316372,0.07010839134454727,0.03301794454455376,0.08758533746004105,0.056490708142519,0.021560372784733772,0.05839555338025093,0.02996682934463024,0.02500353567302227,0.04879659786820412,0.010857051238417625,0.036882683634757996
0.012180320918560028,0.07864011824131012,0.043674878776073456,0.014065750874578953,0.061168912798166275,0.05123019218444824,0.03210913762450218,0.003991059958934784,0.008432409726083279,0.07010355591773987,0.03303704783320427,0.08761882781982422,0.0564727708697319,0.0215668473392725,0.05838960036635399,0.029974469915032387,0.02500586397945881,0.048794444650411606,0.010861038230359554,0.03686536103487015
0.012194901704788208,0.0786559134721756,0.04368060454726219,0.014055565930902958,0.061167363077402115,0.05124778673052788,0.032114818692207336,0.0040031070820987225,0.008439603261649609,0.07012966275215149,0.033042244613170624,0.08760806173086166,0.056476395577192307,0.021558253094553947,0.05839737504720688,0.029980957508087158,0.02499844878911972,0.04880331829190254,0.010856962762773037,0.03687511011958122
0.016100596636533737,0.06029963493347168,0.010320823639631271,0.010478891432285309,0.07961566001176834,0.06437628716230392,0.024958821013569832,0.008642401546239853,0.00836048275232315,0.023213142529129982,0.039007510989904404,0.06786180287599564,0.033578190952539444,0.020899267867207527,0.04777046665549278,0.03481459245085716,0.019023364409804344,0.02463666722178459,0.010815921239554882,0.0881151482462883
0.016124246641993523,0.06024189665913582,0.010321622714400291,0.010473323054611683,0.07962021976709366,0.06432633846998215,0.024959025904536247,0.00863763689994812,0.008355994708836079,0.02322506345808506,0.038947127759456635,0.06779047846794128,0.03355783596634865,0.020907672122120857,0.04777824506163597,0.034780099987983704,0.019032476469874382,0.024631338194012642,0.010817749425768852,0.0881289541721344
0.016108987852931023,0.06023472547531128,0.01030548382550478,0.01047629863023758,0.07961487025022507,0.06433117389678955,0.02496490068733692,0.008650367148220539,0.008345202542841434,0.023230142891407013,0.03896825388073921,0.06778526306152344,0.033582691103219986,0.020901832729578018,0.047782834619283676,0.034794945269823074,0.019014792516827583,0.024648815393447876,0.010818766430020332,0.08813190460205078
0.016145899891853333,0.06023469567298889,0.010327352210879326,0.010471518151462078,0.07961728423833847,0.06438690423965454,0.0249598678201437,0.008619075641036034,0.008343999274075031,0.023238178342580795,0.0389886274933815,0.06778356432914734,0.033580124378204346,0.020896876230835915,0.047777578234672546,0.03480193763971329,0.019016439095139503,0.02463984675705433,0.010812906548380852,0.08814141899347305
0.016140218824148178,0.060264889150857925,0.01030419860035181,0.010470867156982422,0.07960749417543411,0.06434499472379684,0.024960007518529892,0.008626934140920639,0.008355983532965183,0.023257510736584663,0.03896996006369591,0.06781642138957977,0.033588457852602005,0.020910706371068954,0.04780110716819763,0.03478098288178444,0.019033439457416534,0.024651098996400833,0.010819661431014538,0.08812439441680908
0.016125930473208427,0.06027204543352127,0.010332011617720127,0.010480132885277271,0.0796055719256401,0.06433486938476562,0.02498779259622097,0.00862881913781166,0.008370138704776764,0.023250102996826172,0.03894597291946411,0.06782487779855728,0.03356637433171272,0.02090536803007126,0.04779466614127159,0.03477480262517929,0.019014040008187294,0.024637380614876747,0.010818665847182274,0.0881296768784523
0.16269728541374207,0.06384604424238205,0.010696953162550926,0.009977486915886402,0.06073463708162308,0.0910288468003273,0.026365181431174278,0.009599589742720127,0.007446535862982273,0.08140534907579422,0.10961797833442688,0.07154359668493271,0.034754786640405655,0.019251961261034012,0.07020613551139832,0.07730748504400253,0.02023586630821228,0.025002960115671158,0.009759518317878246,0.03771960362792015
0.16295765340328217,0.06401984393596649,0.010677337646484375,0.009982407093048096,0.060677096247673035,0.09051612764596939,0.026453925296664238,0.009584669955074787,0.00744006410241127,0.08132538944482803,0.10993072390556335,0.07171094417572021,0.034696634858846664,0.01923685520887375,0.07013632357120514,0.07728860527276993,0.020279936492443085,0.02496875263750553,0.00975794531404972,0.037703875452280045
0.16307960450649261,0.06404843181371689,0.010682852938771248,0.009980794042348862,0.06067974865436554,0.09029487520456314,0.02647246979176998,0.009591784328222275,0.007415818516165018,0.08132495731115341,0.11002639681100845,0.07174452394247055,0.03473349288105965,0.01922948658466339,0.07012978941202164,0.07727424055337906,0.020303281024098396,0.024989644065499306,0.0097372280433774,0.03770238533616066
0.16310834884643555,0.06403840333223343,0.010689176619052887,0.009976634755730629,0.060654230415821075,0.0901862233877182,0.026447199285030365,0.009582890197634697,0.007412702776491642,0.08128224313259125,0.11005032807588577,0.07172320783138275,0.03469349071383476,0.01920451410114765,0.07009948045015335,0.07726442813873291,0.020307887345552444,0.024960968643426895,0.009747431613504887,0.03769557178020477
0.16317793726921082,0.06405875831842422,0.010665914043784142,0.009984787553548813,0.06066732108592987,0.09011814743280411,0.02646271511912346,0.009593814611434937,0.007427456323057413,0.08128407597541809,0.11013229936361313,0.07173162698745728,0.03469233214855194,0.019217580556869507,0.07010572403669357,0.07729063183069229,0.020309552550315857,0.024953361600637436,0.009741238318383694,0.03769803047180176
0.16320055723190308,0.06404483318328857,0.010661493055522442,0.009973193518817425,0.06063833460211754,0.09007016569375992,0.026476360857486725,0.00960157997906208,0.007405787706375122,0.08124449104070663,0.11018244922161102,0.07173529267311096,0.03468947112560272,0.019213300198316574,0.07008019834756851,0.07727352529764175,0.020309846848249435,0.024950895458459854,0.009744301438331604,0.03769379109144211
0.014784898608922958,0.3003428876399994,0.005491446703672409,0.009869839996099472,0.04713832959532738,0.0525011271238327,0.12013737857341766,0.0054984367452561855,0.009100819937884808,0.036062393337488174,0.036542296409606934,0.30291125178337097,0.01848170906305313,0.020196102559566498,0.02598516270518303,0.03325745835900307,0.09883473068475723,0.01352330856025219,0.011157375760376453,0.02854061685502529
0.014657154679298401,0.30065202713012695,0.005498346406966448,0.009869595058262348,0.04714954271912575,0.05242713540792465,0.12031933665275574,0.005466533359140158,0.009095285087823868,0.03606168553233147,0.03651180863380432,0.3031969964504242,0.01845930702984333,0.02020290493965149,0.02597883902490139,0.033225592225790024,0.09892968088388443,0.01350225880742073,0.011181390844285488,0.02854374796152115
0.014618711546063423,0.30075591802597046,0.005496291443705559,0.009876280091702938,0.04716683551669121,0.05248462036252022,0.12037166953086853,0.00548716401681304,0.009107000194489956,0.03606746345758438,0.03655358403921127,0.3032791316509247,0.01847105100750923,0.020212514325976372,0.02598211169242859,0.03325915336608887,0.09896444529294968,0.013501336798071861,0.011189144104719162,0.028551742434501648
0.014583993703126907,0.3008763790130615,0.005503129679709673,0.009870561771094799,0.047170042991638184,0.05247111618518829,0.12041371315717697,0.005479960702359676,0.009121416136622429,0.0360739529132843,0.03657103329896927,0.3034130036830902,0.018456272780895233,0.020210927352309227,0.02598707750439644,0.03325421363115311,0.09898977726697922,0.013497263193130493,0.011181480251252651,0.028549501672387123
0.014543859288096428,0.30090081691741943,0.0054849437437951565,0.009870046749711037,0.04717269167304039,0.05244025960564613,0.1204356774687767,0.005480283871293068,0.00912261288613081,0.03606755658984184,0.03656909242272377,0.3034406900405884,0.018453683704137802,0.020226916298270226,0.025979766622185707,0.033240754157304764,0.09900170564651489,0.013480152003467083,0.011187734082341194,0.028558125719428062
0.014546318911015987,0.3009321391582489,0.005494429264217615,0.009873202070593834,0.047191962599754333,0.0524473637342453,0.1204373687505722,0.0054890490137040615,0.009130175225436687,0.036061566323041916,0.036519527435302734,0.3034636378288269,0.01844700425863266,0.020222486928105354,0.025984328240156174,0.0332309827208519,0.09899254143238068,0.013498947024345398,0.011198451742529869,0.028567172586917877
0.05374053493142128,0.05824271962046623,0.01086450181901455,0.009423439390957355,0.04207904636859894,0.08118652552366257,0.02413647435605526,0.008518017828464508,0.010728881694376469,0.04382265731692314,0.05917122960090637,0.06565333902835846,0.03498310223221779,0.021772777661681175,0.036313749849796295,0.05727463960647583,0.018355855718255043,0.025652583688497543,0.011615326628088951,0.02556701935827732
0.05385255441069603,0.058229509741067886,0.010885966010391712,0.009416460990905762,0.04207204654812813,0.08107970654964447,0.024166490882635117,0.008507868275046349,0.010736477561295033,0.043753135949373245,0.05928467959165573,0.06562050431966782,0.03499056398868561,0.02177596464753151,0.036240920424461365,0.057322654873132706,0.01834142953157425,0.025665901601314545,0.011609635315835476,0.025554398074746132
0.05388698726892471,0.0582154206931591,0.010883142240345478,0.009409838356077671,0.042074792087078094,0.08104582130908966,0.024138420820236206,0.008525501936674118,0.010737423785030842,0.0437125638127327,0.05931390821933746,0.06564529985189438,0.035018373280763626,0.021770579740405083,0.03621196001768112,0.05735073983669281,0.018330132588744164,0.02569381333887577,0.01161273755133152,0.025539979338645935
0.053923100233078,0.05829896032810211,0.010889936238527298,0.00941220112144947,0.04205659404397011,0.08098259568214417,0.024178121238946915,0.008505717851221561,0.010733949951827526,0.043687086552381516,0.05933235213160515,0.0656997561454773,0.03500821813941002,0.021775366738438606,0.03617895394563675,0.05733923241496086,0.018353017047047615,0.025681426748633385,0.01162174716591835,0.025539150461554527
0.05393809825181961,0.05824195221066475,0.010891296900808811,0.009415622800588608,0.04204992204904556,0.0809510350227356,0.024182569235563278,0.00851991306990385,0.010728556662797928,0.04366694390773773,0.0593358650803566,0.06565792858600616,0.035030823200941086,0.021774517372250557,0.0361737459897995,0.05737651139497757,0.018343497067689896,0.025709733366966248,0.011613876558840275,0.02553459443151951
0.053976185619831085,0.05828848481178284,0.010892278514802456,0.00941137969493866,0.04205068573355675,0.08097293227910995,0.024213939905166626,0.00850685779005289,0.010747553780674934,0.043654173612594604,0.05938776582479477,0.06568889319896698,0.035012587904930115,0.021760160103440285,0.03614877909421921,0.05738985538482666,0.01835831068456173,0.025694571435451508,0.011609735898673534,0.025537297129631042
0.0151240648701787,0.06538503617048264,0.010302803479135036,0.0361023023724556,0.05889920890331268,0.05944269523024559,0.02645835652947426,0.009256660006940365,0.06000053882598877,0.07607906311750412,0.03582810238003731,0.07229483127593994,0.033866409212350845,0.07009108364582062,0.0647115558385849,0.03197471424937248,0.020852530375123024,0.024721642956137657,0.0455797053873539,0.03592759370803833
0.015129424631595612,0.06534631550312042,0.010315592400729656,0.03610250726342201,0.058918800204992294,0.05953122675418854,0.026461204513907433,0.00925622321665287,0.05999837443232536,0.07616344094276428,0.03579789400100708,0.07226770371198654,0.0338609479367733,0.07008406519889832,0.06476762145757675,0.0319809652864933,0.020832061767578125,0.024714462459087372,0.04558058828115463,0.035943884402513504
0.015131639316678047,0.06531145423650742,0.010310261510312557,0.03610802814364433,0.058925844728946686,0.05956920608878136,0.02643563784658909,0.00926534179598093,0.060027603060007095,0.07617274671792984,0.035820093005895615,0.07223309576511383,0.033878058195114136,0.07010255753993988,0.06481016427278519,0.03197992220520973,0.020820705220103264,0.024739569053053856,0.045577969402074814,0.03594152256846428
0.015087896026670933,0.06533532589673996,0.010313138365745544,0.03610485419631004,0.05892474949359894,0.05953225493431091,0.026463843882083893,0.009227748960256577,0.060011476278305054,0.07623345404863358,0.03583990037441254,0.07226184010505676,0.03384269401431084,0.07011309266090393,0.0648116022348404,0.031970683485269547,0.0208327304571867,0.024720845744013786,0.045567985624074936,0.03594908118247986
0.015098778530955315,0.06530269980430603,0.010311994701623917,0.03610119968652725,0.058952849358320236,0.05957853049039841,0.02646823599934578,0.009236488491296768,0.06002585589885712,0.07624373584985733,0.03582977503538132,0.07222453504800797,0.03388126939535141,0.07010285556316376,0.06484635919332504,0.031999558210372925,0.020825034007430077,0.024739781394600868,0.045569807291030884,0.035963717848062515
0.015130690298974514,0.06531891226768494,0.010311231017112732,0.03609340637922287,0.0589282363653183,0.05954543501138687,0.026452431455254555,0.009247906506061554,0.06003221124410629,0.07624305039644241,0.035809487104415894,0.0722493976354599,0.03385127708315849,0.07010436803102493,0.06485309451818466,0.031990617513656616,0.020826594904065132,0.02473318763077259,0.04556835815310478,0.03595545142889023
0.052907682955265045,0.059250663965940475,0.010742629878222942,0.009355484507977962,0.04309253767132759,0.08029422909021378,0.024614468216896057,0.008326017297804356,0.010592036880552769,0.04484374821186066,0.058785635977983475,0.06685376912355423,0.034533917903900146,0.021506350487470627,0.037222158163785934,0.05684794485569,0.018651017919182777,0.02536063641309738,0.01150823850184679,0.026213347911834717
0.053022243082523346,0.05924137681722641,0.010756805539131165,0.009351111948490143,0.043101198971271515,0.0802827849984169,0.024600425735116005,0.00834030844271183,0.01057425793260336,0.044816646724939346,0.05883534625172615,0.06684118509292603,0.034538622945547104,0.021503765136003494,0.03720192238688469,0.05686675012111664,0.018646396696567535,0.025362661108374596,0.011507807299494743,0.02621748112142086
0.05307871103286743,0.05928493291139603,0.010767671279609203,0.009358333423733711,0.043113838881254196,0.08026324212551117,0.024618547409772873,0.008346831426024437,0.010581896640360355,0.04480523616075516,0.058891721069812775,0.06686627864837646,0.034571826457977295,0.021520907059311867,0.03720017895102501,0.05686657875776291,0.01865207590162754,0.02537303790450096,0.011505760252475739,0.026215406134724617
0.05307697877287865,0.05921745300292969,0.010759882628917694,0.00934988260269165,0.04309859499335289,0.08022798597812653,0.024599308148026466,0.008344749920070171,0.01057327538728714,0.04480208456516266,0.05884337052702904,0.06681152433156967,0.03455419838428497,0.021505696699023247,0.03718619793653488,0.056851740926504135,0.018641240894794464,0.025360610336065292,0.011514527723193169,0.026223184540867805
0.05312560126185417,0.05923168733716011,0.010755335912108421,0.009350752457976341,0.043090738356113434,0.0801938995718956,0.024608582258224487,0.008337828330695629,0.010586822405457497,0.04479878768324852,0.05889935418963432,0.0668364092707634,0.034552693367004395,0.02150292880833149,0.03718436136841774,0.056900471448898315,0.018654808402061462,0.025366676971316338,0.011520488187670708,0.02622227743268013
0.05310981348156929,0.059217289090156555,0.010756132192909718,0.009347843006253242,0.043083615601062775,0.08016244322061539,0.02461335062980652,0.008328139781951904,0.010573990643024445,0.044759634882211685,0.05889126658439636,0.06682666391134262,0.03453819081187248,0.02150951512157917,0.03715839982032776,0.05688617005944252,0.018639184534549713,0.025356106460094452,0.011517652310431004,0.026206227019429207
0.015922797843813896,0.06270385533571243,0.01103176362812519,0.035343073308467865,0.05864274501800537,0.061863239854574203,0.025538276880979538,0.0094666862860322,0.060915421694517136,0.07744820415973663,0.03707735612988472,0.0696190670132637,0.036021001636981964,0.06960197538137436,0.06636626273393631,0.03302634879946709,0.01993609219789505,0.02637438289821148,0.04572327062487602,0.03613667190074921
0.015969788655638695,0.06268720328807831,0.011038013733923435,0.035338446497917175,0.05865386873483658,0.061879970133304596,0.02554301917552948,0.009469261392951012,0.06094476580619812,0.07751808315515518,0.03702503442764282,0.06962287425994873,0.03598397970199585,0.06959951668977737,0.06643501669168472,0.03304030001163483,0.019935598596930504,0.026345785707235336,0.045709770172834396,0.03614876791834831
0.01592276617884636,0.06265921890735626,0.011034354567527771,0.03534479811787605,0.058678481727838516,0.061909038573503494,0.025511400774121284,0.009452165104448795,0.06093861535191536,0.07757306843996048,0.037056051194667816,0.06959855556488037,0.03602102771401405,0.06960337609052658,0.06647293269634247,0.033050112426280975,0.019926972687244415,0.02637362666428089,0.04570933058857918,0.03615686669945717
0.01593359187245369,0.06268936395645142,0.011037508025765419,0.03533446788787842,0.05869002640247345,0.06191554293036461,0.025534028187394142,0.009462440386414528,0.06094024330377579,0.0775965079665184,0.03707544133067131,0.06962819397449493,0.035990405827760696,0.0696151852607727,0.06649080663919449,0.033061958849430084,0.01993599534034729,0.02635696902871132,0.0457131490111351,0.03616366535425186
0.01591786928474903,0.0627116709947586,0.011048909276723862,0.03533755987882614,0.058696143329143524,0.06189379841089249,0.025524571537971497,0.00947180762887001,0.06094200164079666,0.07762178033590317,0.03709028661251068,0.06966174393892288,0.03603446111083031,0.06960730254650116,0.06651629507541656,0.033046092838048935,0.01994313858449459,0.026374537497758865,0.04571925103664398,0.036147139966487885
0.015949672088027,0.06270383298397064,0.011038905940949917,0.03533646836876869,0.05868831276893616,0.06192919611930847,0.025543462485074997,0.009437412023544312,0.0609407052397728,0.07762552052736282,0.037082161754369736,0.06963309645652771,0.036006513983011246,0.06961501389741898,0.06652742624282837,0.033053912222385406,0.019932197406888008,0.02638133428990841,0.04571738839149475,0.036154605448246
0.1618787944316864,0.06689455360174179,0.010300718247890472,0.011009357869625092,0.05963979288935661,0.08977718651294708,0.02752421610057354,0.009188882075250149,0.007376518100500107,0.07794597744941711,0.10860510915517807,0.0746200829744339,0.03342735767364502,0.019958000630140305,0.0668463259935379,0.07617312669754028,0.02126551792025566,0.024054214358329773,0.01004271674901247,0.036776382476091385
0.16204369068145752,0.06700078397989273,0.010290357284247875,0.011010055430233479,0.05960844084620476,0.08945533633232117,0.02756003476679325,0.009204638190567493,0.007360244169831276,0.07789678871631622,0.10885002464056015,0.07472142577171326,0.03340820595622063,0.019950125366449356,0.06681488454341888,0.07615987956523895,0.02130022458732128,0.024036463350057602,0.010024973191320896,0.036761581897735596
0.16214677691459656,0.06693877279758453,0.010284424759447575,0.01100884284824133,0.0596044659614563,0.08937031030654907,0.027546178549528122,0.009211220778524876,0.007349847815930843,0.07790859788656235,0.1089140772819519,0.07467857748270035,0.033398065716028214,0.019947713240981102,0.06681060791015625,0.07616408169269562,0.02127501741051674,0.024023961275815964,0.010027492418885231,0.03676118701696396
0.16216503083705902,0.06693383306264877,0.010280756279826164,0.011012769304215908,0.059580981731414795,0.08925784379243851,0.02753353863954544,0.009205966256558895,0.007367044687271118,0.07786839455366135,0.10895080864429474,0.07467257976531982,0.0333736389875412,0.01992681808769703,0.06678205728530884,0.07614567875862122,0.021268503740429878,0.02399802953004837,0.01002777274698019,0.036760617047548294
0.16231881082057953,0.06697950512170792,0.01027792040258646,0.011008522473275661,0.05961034074425697,0.08924730867147446,0.02755507454276085,0.009225277230143547,0.007352591026574373,0.07789459824562073,0.1090366393327713,0.07472735643386841,0.03340594843029976,0.019945824518799782,0.06680244207382202,0.0761837512254715,0.02129313349723816,0.02402493543922901,0.010028218850493431,0.0367647260427475
0.1623322069644928,0.06696339696645737,0.010291540063917637,0.011003742925822735,0.05959049239754677,0.08922765403985977,0.02756122685968876,0.009202216751873493,0.007363760378211737,0.07788287848234177,0.10905752331018448,0.07468591630458832,0.033374182879924774,0.01993056945502758,0.06679947674274445,0.07617515325546265,0.021283181384205818,0.024003496393561363,0.010016106069087982,0.036771588027477264
0.012908097356557846,0.07865239679813385,0.04310902580618858,0.014457792975008488,0.05972462147474289,0.0511489138007164,0.03214278817176819,0.004415546543896198,0.00888439267873764,0.0684172660112381,0.03378954157233238,0.08762732148170471,0.058649804443120956,0.022033793851733208,0.05684945732355118,0.030782479792833328,0.025019606575369835,0.0503811277449131,0.010968737304210663,0.03589784353971481
0.012770697474479675,0.0786600112915039,0.04312543943524361,0.014463664963841438,0.05972714349627495,0.05112967640161514,0.03217439725995064,0.004416517447680235,0.008879764936864376,0.06842803210020065,0.03377486765384674,0.08765770494937897,0.05874217674136162,0.022071262821555138,0.05685940384864807,0.030756138265132904,0.025005055591464043,0.050481539219617844,0.010980792343616486,0.03589605167508125
0.012720972299575806,0.07868761569261551,0.04312913492321968,0.014458240941166878,0.0597655214369297,0.05114784464240074,0.03215399757027626,0.004446345381438732,0.008854564279317856,0.06847153604030609,0.03379515931010246,0.0876910537481308,0.05881364643573761,0.02208244614303112,0.056891269981861115,0.03076877072453499,0.02501196600496769,0.05053466185927391,0.010986173525452614,0.03591269627213478
0.012687243521213531,0.07863261550664902,0.043125808238983154,0.014453318901360035,0.0597551129758358,0.051123686134815216,0.0321490578353405,0.004444951191544533,0.008881069719791412,0.06845811009407043,0.03378738835453987,0.08761553466320038,0.05880381911993027,0.022087667137384415,0.05688425153493881,0.030750678852200508,0.024995701387524605,0.050528351217508316,0.010996502824127674,0.03591281548142433
0.012672250159084797,0.07861717790365219,0.04312784597277641,0.014445526525378227,0.05977914109826088,0.051157306879758835,0.032147858291864395,0.0044619496911764145,0.00885106809437275,0.06848068535327911,0.03377130255103111,0.0876188799738884,0.05882817879319191,0.022096917033195496,0.05690804496407509,0.03075544908642769,0.02499866671860218,0.050551652908325195,0.01100488007068634,0.03591379150748253
0.012658057734370232,0.07860677689313889,0.04313613846898079,0.014450161717832088,0.05979336425662041,0.05112948268651962,0.03214198350906372,0.004460471216589212,0.008854173123836517,0.06849696487188339,0.033775486052036285,0.08759023994207382,0.058835890144109726,0.022095676511526108,0.05690287426114082,0.03077663481235504,0.024981675669550896,0.050564538687467575,0.010995888151228428,0.03591752052307129
0.05271053686738014,0.05830184370279312,0.010902151465415955,0.00932066049426794,0.042992137372493744,0.08050983399152756,0.024230120703577995,0.008448999375104904,0.010591601952910423,0.04492892697453499,0.05875938758254051,0.06579159945249557,0.035020723938941956,0.021509291604161263,0.03734293580055237,0.05679570883512497,0.01835564151406288,0.025701433420181274,0.011478839442133904,0.02617405541241169
0.052852269262075424,0.058306124061346054,0.010888366028666496,0.009312234818935394,0.04295699670910835,0.0804138109087944,0.024250395596027374,0.008458598516881466,0.010585888288915157,0.04485419765114784,0.05887748673558235,0.06580276787281036,0.03499756380915642,0.021490223705768585,0.037290725857019424,0.05688164383172989,0.018355293199419975,0.02569691278040409,0.01146028097718954,0.02615044079720974
0.052927643060684204,0.05828296020627022,0.010889166966080666,0.009312838315963745,0.0429827980697155,0.08036570996046066,0.024243788793683052,0.0084559116512537,0.01058933325111866,0.04485958442091942,0.058869171887636185,0.06577003747224808,0.0350135900080204,0.021494094282388687,0.037262558937072754,0.056884028017520905,0.018347378820180893,0.025682123377919197,0.01147223636507988,0.026156706735491753
0.05292331799864769,0.05831471458077431,0.010892609134316444,0.009302537888288498,0.042978812009096146,0.08031893521547318,0.024237366393208504,0.008435267955064774,0.010586954653263092,0.04483567550778389,0.05889616161584854,0.06580454111099243,0.035001978278160095,0.021489417180418968,0.03726062923669815,0.05688976123929024,0.018356436863541603,0.025707770138978958,0.011478481814265251,0.026149209588766098
0.05297571420669556,0.058354731649160385,0.010891234502196312,0.00930802896618843,0.0429704450070858,0.08032848685979843,0.02425687573850155,0.008457821793854237,0.010586564429104328,0.044832177460193634,0.058912117034196854,0.0658537894487381,0.03502325341105461,0.021486543118953705,0.0372454859316349,0.056906577199697495,0.01835940219461918,0.025708628818392754,0.011477614752948284,0.02614770457148552
0.052965350449085236,0.05831017345190048,0.010897127911448479,0.009319053962826729,0.0429641492664814,0.08026421815156937,0.02425171621143818,0.008444690145552158,0.010573339648544788,0.044830601662397385,0.058930903673172,0.06581266969442368,0.03500405699014664,0.021496376022696495,0.03723430633544922,0.05692070722579956,0.018358921632170677,0.025706186890602112,0.01147101353853941,0.02614632062613964
0.01602814346551895,0.06102827936410904,0.010909179225564003,0.010201016440987587,0.08012007921934128,0.06275057047605515,0.025256169959902763,0.00923573225736618,0.008144292049109936,0.023576883599162102,0.03795713558793068,0.0686754435300827,0.035583388060331345,0.020372262224555016,0.04799396172165871,0.03381006792187691,0.01925789564847946,0.02609592117369175,0.01057453639805317,0.08817189931869507
0.01599595509469509,0.060951896011829376,0.010925846174359322,0.010197121649980545,0.0801481306552887,0.06280851364135742,0.025232205167412758,0.009214617311954498,0.00815687794238329,0.023620035499334335,0.03793874755501747,0.0686207041144371,0.03557228296995163,0.02038639597594738,0.048044633120298386,0.03382432833313942,0.019232064485549927,0.026087410748004913,0.010567557066679,0.08823058754205704
0.015991967171430588,0.06097381189465523,0.010914143174886703,0.010216501541435719,0.08016566932201385,0.06282902508974075,0.025224409997463226,0.009235941804945469,0.008170339278876781,0.02361440844833851,0.03795769065618515,0.06861458718776703,0.035575706511735916,0.02038586139678955,0.04806791990995407,0.033839330077171326,0.01923076994717121,0.026088640093803406,0.010575558990240097,0.08826884627342224
0.0159789826720953,0.060936279594898224,0.010915864259004593,0.010204026475548744,0.08013984560966492,0.06284487992525101,0.02522784285247326,0.009220026433467865,0.008171889930963516,0.02364359237253666,0.03796615079045296,0.06861703097820282,0.03554908558726311,0.02038826234638691,0.04807718098163605,0.03385348990559578,0.019234832376241684,0.026067273691296577,0.010565177537500858,0.08827383071184158
0.01598753221333027,0.06099662929773331,0.01091432198882103,0.010203850455582142,0.08016733825206757,0.06283393502235413,0.02525913342833519,0.009229788556694984,0.008160783909261227,0.023630447685718536,0.03793846070766449,0.06864899396896362,0.03559007868170738,0.020373258739709854,0.048080939799547195,0.03382867947220802,0.019239839166402817,0.026093294844031334,0.010568949393928051,0.08828462660312653
0.016006654128432274,0.060994453728199005,0.010937046259641647,0.010209538042545319,0.08018708229064941,0.06287562102079391,0.025250937789678574,0.009229768067598343,0.0081558246165514,0.02363186702132225,0.03794674575328827,0.06866557151079178,0.03557926416397095,0.020395629107952118,0.048085182905197144,0.03385200724005699,0.0192410871386528,0.02608543261885643,0.010567002929747105,0.08830827474594116
0.012804029509425163,0.07732502371072769,0.04336537420749664,0.014357559382915497,0.059245914220809937,0.05312976986169815,0.0315374955534935,0.004375470336526632,0.008925585076212883,0.06831543147563934,0.034477755427360535,0.08606155961751938,0.05785490944981575,0.02184651605784893,0.056712839752435684,0.03128049895167351,0.024584151804447174,0.04980122298002243,0.010818874463438988,0.03552314266562462
0.012759768404066563,0.07741507887840271,0.04336405172944069,0.014351415447890759,0.05926184728741646,0.05314591899514198,0.03158528730273247,0.004383688326925039,0.008920312859117985,0.06832952052354813,0.034513168036937714,0.0861620381474495,0.0578598715364933,0.021861232817173004,0.05672468617558479,0.03129248693585396,0.02461344376206398,0.04978477582335472,0.010818089358508587,0.03551962226629257
0.012741933576762676,0.0774041935801506,0.04335091635584831,0.014354616403579712,0.05926405265927315,0.053109701722860336,0.031561121344566345,0.00439887959510088,0.008918493054807186,0.06833340972661972,0.03449660912156105,0.08614899218082428,0.05784149095416069,0.021855326369404793,0.05672473460435867,0.03128613159060478,0.024624856188893318,0.049804046750068665,0.010827229358255863,0.03552844002842903
0.012791644781827927,0.07739637047052383,0.04336247220635414,0.014361673034727573,0.05925723537802696,0.05314486846327782,0.03158626705408096,0.004393044393509626,0.008927484974265099,0.06833641231060028,0.03447683900594711,0.0861504003405571,0.0578504353761673,0.021858232095837593,0.05672653764486313,0.0312846302986145,0.02460424229502678,0.04980333894491196,0.01082143746316433,0.03552655503153801
0.0127848656848073,0.07739228010177612,0.04334619268774986,0.014364361763000488,0.059264831244945526,0.05320596322417259,0.03158457577228546,0.004400754813104868,0.00892206933349371,0.0683625265955925,0.03451140224933624,0.08613885939121246,0.057840846478939056,0.021874291822314262,0.05673794448375702,0.03131430223584175,0.024615751579403877,0.049787022173404694,0.010814814828336239,0.03552984073758125
0.012729989364743233,0.07737897336483002,0.04336663335561752,0.014353329315781593,0.059263162314891815,0.05317451059818268,0.0315699465572834,0.004387420602142811,0.008927972055971622,0.06833067536354065,0.034541644155979156,0.08612173050642014,0.05784307047724724,0.021869566291570663,0.0567299909889698,0.031296201050281525,0.024609724059700966,0.04979201778769493,0.010825266130268574,0.03553576394915581
0.16270199418067932,0.06777878850698471,0.010595154948532581,0.01097444910556078,0.06035053730010986,0.09034457802772522,0.027847586199641228,0.009718446992337704,0.0072616757825016975,0.07848430424928665,0.10732033103704453,0.0755707398056984,0.03452637419104576,0.019736094400286674,0.06710436195135117,0.07506260275840759,0.02153942920267582,0.02480722777545452,0.009864425286650658,0.037068627774715424
0.16291768848896027,0.06794209778308868,0.010579360648989677,0.01098004262894392,0.06033895164728165,0.09003039449453354,0.027929585427045822,0.009718543849885464,0.007253617513924837,0.07842807471752167,0.10751307755708694,0.07569580525159836,0.0345015674829483,0.01971512846648693,0.06704892963171005,0.07505150884389877,0.021600959822535515,0.02479502186179161,0.009840032085776329,0.03705170750617981
0.1629820317029953,0.0680202841758728,0.010573805309832096,0.010981466621160507,0.06031780317425728,0.08992937207221985,0.027932289987802505,0.009719165973365307,0.007264078129082918,0.07840275019407272,0.10761481523513794,0.07578980922698975,0.03448847681283951,0.019712170585989952,0.06703147292137146,0.07507431507110596,0.021642809733748436,0.024785064160823822,0.009846747852861881,0.03705235570669174
0.16305597126483917,0.06806930899620056,0.010585039854049683,0.010983338579535484,0.06031760573387146,0.08987142145633698,0.027955345809459686,0.009706477634608746,0.007252802141010761,0.07839978486299515,0.10766570270061493,0.0758092999458313,0.03448893874883652,0.019695710390806198,0.06702122092247009,0.07507599145174026,0.02165050245821476,0.024781474843621254,0.009834162890911102,0.037061214447021484
0.1630362868309021,0.06805291771888733,0.01056718174368143,0.010983549989759922,0.0603116974234581,0.08981934934854507,0.02793750911951065,0.00969445239752531,0.007256326265633106,0.07839356362819672,0.10766763240098953,0.07580004632472992,0.034493446350097656,0.01969207637012005,0.06702291965484619,0.07504408806562424,0.02164357341825962,0.024772625416517258,0.009834536351263523,0.03704960644245148
0.16313862800598145,0.06811689585447311,0.010585726238787174,0.010977166704833508,0.06032856926321983,0.08979243785142899,0.0279696062207222,0.009724457748234272,0.007253661751747131,0.0784136950969696,0.10768452286720276,0.07588665187358856,0.03450748696923256,0.01969175413250923,0.06704192608594894,0.07502663135528564,0.021676307544112206,0.02478943020105362,0.009834419004619122,0.037064824253320694
0.013536080718040466,0.3163059949874878,0.0077230422757565975,0.013836422003805637,0.0595182441174984,0.054710566997528076,0.13282810151576996,0.008268982172012329,0.008417169563472271,0.06987515836954117,0.03495882824063301,0.3149935305118561,0.026253430172801018,0.020751558244228363,0.058071840554475784,0.03135744482278824,0.10374510288238525,0.018978988751769066,0.009988924488425255,0.03585419803857803
0.01342097483575344,0.31721216440200806,0.007743386551737785,0.013835320249199867,0.05954323709011078,0.05466759577393532,0.13319189846515656,0.008261521346867085,0.008400406688451767,0.06990319490432739,0.034963611513376236,0.3158233165740967,0.02627851627767086,0.020780228078365326,0.058077551424503326,0.03132627531886101,0.10403941571712494,0.019000662490725517,0.010004574432969093,0.03587539494037628
0.01340240053832531,0.31748685240745544,0.007724076043814421,0.01382866408675909,0.05955322086811066,0.054686304181814194,0.13327939808368683,0.008258549496531487,0.008380722254514694,0.06991653144359589,0.03490033000707626,0.31607797741889954,0.026249248534440994,0.0207900982350111,0.058085836470127106,0.03129812702536583,0.10413509607315063,0.018979160115122795,0.010005068965256214,0.035882726311683655
0.013402391225099564,0.31767532229423523,0.0077442205511033535,0.013830432668328285,0.05955001711845398,0.05465615168213844,0.1333427131175995,0.008275722153484821,0.008398589678108692,0.06992065906524658,0.034878186881542206,0.3162355124950409,0.026266785338521004,0.020795665681362152,0.05810391157865524,0.03129107877612114,0.10420061647891998,0.01898413896560669,0.010008358396589756,0.03589503839612007
0.01333473902195692,0.3178395926952362,0.0077274576760828495,0.013826815411448479,0.05956907942891121,0.05467786639928818,0.13341784477233887,0.00826856680214405,0.00837976485490799,0.06993158906698227,0.0349082350730896,0.31640875339508057,0.026269730180501938,0.020783958956599236,0.05811484903097153,0.03128928318619728,0.10425776988267899,0.01899629831314087,0.01000263448804617,0.03589219972491264
0.013357715681195259,0.3179226517677307,0.007734245155006647,0.013828115537762642,0.05958320200443268,0.05465023219585419,0.1334391087293625,0.00826285406947136,0.008377271704375744,0.06994853168725967,0.034897007048130035,0.3164776861667633,0.026251517236232758,0.020800041034817696,0.058112598955631256,0.03127947077155113,0.10427241027355194,0.01898842677474022,0.010007545351982117,0.03590315580368042
0.051761262118816376,0.05556027591228485,0.011377071030437946,0.009516928344964981,0.04188093543052673,0.08086076378822327,0.02294675074517727,0.008884124457836151,0.010940627194941044,0.04425894469022751,0.058632995933294296,0.06245382875204086,0.03659079596400261,0.022138984873890877,0.03673698380589485,0.05667045712471008,0.01752004213631153,0.026839133352041245,0.01174034271389246,0.025405796244740486
0.051883164793252945,0.05555225908756256,0.011399670504033566,0.00952186156064272,0.041883621364831924,0.08075893670320511,0.02295096218585968,0.008888152427971363,0.010940843261778355,0.04416883364319801,0.05870934575796127,0.06243406608700752,0.03662147372961044,0.02215821109712124,0.03668654337525368,0.056706592440605164,0.01752922311425209,0.026864394545555115,0.01174975000321865,0.025403888896107674
0.05188437178730965,0.05554496496915817,0.011387752369046211,0.00951285008341074,0.04188002645969391,0.08068456500768661,0.022963598370552063,0.008889679796993732,0.01092977449297905,0.044173579663038254,0.058732081204652786,0.0624164454638958,0.03662523627281189,0.02215742878615856,0.03666188195347786,0.05670392885804176,0.01751905493438244,0.02687319926917553,0.011768546886742115,0.025401202961802483
0.051890552043914795,0.05553986504673958,0.011410591192543507,0.009506317786872387,0.04187082499265671,0.08063977211713791,0.02297399379312992,0.008853350766003132,0.01094998512417078,0.044152140617370605,0.058776941150426865,0.0624188557267189,0.03664691373705864,0.022158173844218254,0.03665012866258621,0.05674009025096893,0.01752011850476265,0.026874184608459473,0.011764394119381905,0.025384938344359398
0.051903534680604935,0.055535946041345596,0.011401786468923092,0.009513950906693935,0.041871704161167145,0.08064360916614532,0.022956879809498787,0.0088858213275671,0.010938068851828575,0.04413503035902977,0.058749936521053314,0.062427178025245667,0.03664952144026756,0.0221544299274683,0.03664367273449898,0.05673396959900856,0.0175186637789011,0.026890313252806664,0.011766526848077774,0.02539122849702835
0.05187000334262848,0.055529627948999405,0.011408595368266106,0.00951165147125721,0.04188113287091255,0.08062092214822769,0.022961322218179703,0.00887187011539936,0.010928913950920105,0.04413066431879997,0.05876482278108597,0.06242254003882408,0.036647915840148926,0.022160155698657036,0.036628615111112595,0.056762125343084335,0.0175135750323534,0.026887813583016396,0.011753922328352928,0.025396665558218956
0.054076217114925385,0.05954119935631752,0.010566242970526218,0.009342648088932037,0.0417102612555027,0.08237435668706894,0.024638203904032707,0.008353928104043007,0.010524353012442589,0.04361860826611519,0.06039523333311081,0.06700082123279572,0.0340367816388607,0.02150433324277401,0.03611072525382042,0.05827903747558594,0.01877179741859436,0.024954888969659805,0.011463450267910957,0.02526065520942211
0.054116830229759216,0.05954141542315483,0.010582848452031612,0.00934460386633873,0.04171781241893768,0.08233771473169327,0.02463887818157673,0.00835252832621336,0.010532981716096401,0.04361717030405998,0.060407254844903946,0.06699036806821823,0.0340319387614727,0.021506235003471375,0.036115486174821854,0.05829723924398422,0.01876484788954258,0.024954048916697502,0.011477972380816936,0.02527293749153614
0.054095592349767685,0.05952852964401245,0.010560162365436554,0.009339584037661552,0.041707009077072144,0.08232510089874268,0.02463340200483799,0.008343277499079704,0.010520834475755692,0.04363582283258438,0.06038830801844597,0.06697194278240204,0.034018807113170624,0.021500376984477043,0.03610903024673462,0.058300167322158813,0.01875271275639534,0.02494431845843792,0.011478777043521404,0.025258919224143028
0.05412784218788147,0.059509869664907455,0.010576433502137661,0.009334134869277477,0.04171435907483101,0.0823010578751564,0.02464093081653118,0.008358783088624477,0.010530257597565651,0.04360469803214073,0.060393162071704865,0.06695803999900818,0.034019988030195236,0.021509746089577675,0.0360899455845356,0.0582803450524807,0.018743475899100304,0.02493562549352646,0.011475594714283943,0.025269843637943268
0.05412363260984421,0.059551261365413666,0.010557417757809162,0.009349324740469456,0.041706256568431854,0.08232338726520538,0.024658327922225,0.008363582193851471,0.01053885743021965,0.04359520599246025,0.06041289120912552,0.06699054688215256,0.034025710076093674,0.021509183570742607,0.036080215126276016,0.05832153558731079,0.01875251904129982,0.02495393343269825,0.011471630074083805,0.025260699912905693
0.05411014333367348,0.059521447867155075,0.010566574521362782,0.009339974261820316,0.04170909896492958,0.08230758458375931,0.02463623881340027,0.0083506740629673,0.01051203440874815,0.04359475523233414,0.06042821705341339,0.06695520877838135,0.03401980921626091,0.021491851657629013,0.03608076274394989,0.058326851576566696,0.018765592947602272,0.024951843544840813,0.011470316909253597,0.025268597528338432
0.16068249940872192,0.06773056834936142,0.010144016705453396,0.011186578311026096,0.058122992515563965,0.08881780505180359,0.027913719415664673,0.009326253086328506,0.007371419109404087,0.07694129645824432,0.10905519127845764,0.07567182928323746,0.0330590195953846,0.020064827054739,0.06597789376974106,0.07642775774002075,0.021521326154470444,0.023750077933073044,0.010111205279827118,0.035805732011795044
0.16112378239631653,0.06785433739423752,0.010142526589334011,0.01118958368897438,0.058129940181970596,0.08862901479005814,0.027948981150984764,0.00932170357555151,0.007361903786659241,0.07704553008079529,0.10934325307607651,0.07577312737703323,0.033040013164281845,0.020068436861038208,0.06606907397508621,0.07649381458759308,0.021543970331549644,0.023726794868707657,0.010098590515553951,0.03582599759101868
0.16127145290374756,0.06782884150743484,0.01014692336320877,0.011189489625394344,0.058119434863328934,0.08859888464212418,0.027939941734075546,0.009316416457295418,0.007364833727478981,0.07708356529474258,0.10944722592830658,0.07574400305747986,0.03303376957774162,0.02005625329911709,0.06610789149999619,0.07652830332517624,0.02154376357793808,0.02372005023062229,0.010093259625136852,0.03581467643380165
0.1614055186510086,0.06781535595655441,0.010128483176231384,0.011193597689270973,0.05813760682940483,0.08853813260793686,0.027939070016145706,0.009321662597358227,0.007372604217380285,0.07712651789188385,0.10952168703079224,0.0757608413696289,0.03305119648575783,0.02006414160132408,0.06613820791244507,0.07653360813856125,0.021537279710173607,0.023728186264634132,0.010090511292219162,0.03582565858960152
0.16146808862686157,0.06782439351081848,0.01012942474335432,0.011196539737284184,0.05812496319413185,0.08852260559797287,0.027964657172560692,0.009325028397142887,0.007373201195150614,0.07714196294546127,0.1095939427614212,0.07573586702346802,0.0330176055431366,0.020058507099747658,0.06615698337554932,0.07656517624855042,0.021547505632042885,0.023717708885669708,0.010087130591273308,0.03582984581589699
0.1615101844072342,0.06784820556640625,0.010126004926860332,0.011200357228517532,0.058129992336034775,0.08854532241821289,0.027949800714850426,0.009307557716965675,0.007356523536145687,0.07715547829866409,0.10960239171981812,0.07578285038471222,0.03303857892751694,0.02006986178457737,0.06617119908332825,0.0765605941414833,0.021556440740823746,0.023727061226963997,0.010081866756081581,0.035832274705171585
0.013840547762811184,0.2953468859195709,0.006167645566165447,0.01004044245928526,0.04605977609753609,0.05373396351933479,0.1180829256772995,0.005951504223048687,0.009621084667742252,0.036174170672893524,0.03615898638963699,0.29768988490104675,0.020629357546567917,0.020898591727018356,0.02647441066801548,0.03271482512354851,0.09720398485660553,0.015065129846334457,0.011544868350028992,0.027804875746369362
0.013723970390856266,0.29553458094596863,0.006171134300529957,0.010040810331702232,0.04606616124510765,0.05372561514377594,0.1182008907198906,0.005963275209069252,0.009627739898860455,0.03619001433253288,0.03618668392300606,0.2978787124156952,0.020618872717022896,0.020906852558255196,0.026486903429031372,0.03274234011769295,0.09726548939943314,0.01506008394062519,0.01155471708625555,0.027812616899609566
0.013623466715216637,0.29565101861953735,0.0061721885576844215,0.010030766949057579,0.046066220849752426,0.053620126098394394,0.11826968193054199,0.005971905309706926,0.00963771902024746,0.03616947680711746,0.036192622035741806,0.298003226518631,0.02060975693166256,0.020909659564495087,0.02649621106684208,0.03272813931107521,0.0973065197467804,0.015051626600325108,0.011561442166566849,0.027823932468891144
0.013616914860904217,0.29578182101249695,0.006164815276861191,0.010045879520475864,0.046080082654953,0.053667113184928894,0.1183062419295311,0.005965482443571091,0.009622519835829735,0.03621738776564598,0.036204881966114044,0.29811805486679077,0.02061852626502514,0.02090698666870594,0.02650047466158867,0.03273436427116394,0.09735263139009476,0.015059270896017551,0.011564699001610279,0.027816863730549812
0.013609562069177628,0.2958565354347229,0.006169304717332125,0.010035889223217964,0.04610256105661392,0.05362674221396446,0.11836904287338257,0.00596699770539999,0.00962562020868063,0.03621784970164299,0.036159761250019073,0.2982276380062103,0.020611444488167763,0.02090931497514248,0.026510365307331085,0.03270099684596062,0.09736250340938568,0.015055511146783829,0.0115509619936347,0.02783448062837124
0.01356064435094595,0.2960902154445648,0.006173459812998772,0.010053894482553005,0.046153850853443146,0.05366683006286621,0.11842227727174759,0.005959102418273687,0.009640748612582684,0.03623347729444504,0.03621651604771614,0.2984251081943512,0.020622380077838898,0.020928243175148964,0.026522085070610046,0.03272011876106262,0.09742036461830139,0.015065457671880722,0.0115662207826972,0.02784348838031292
0.051294632256031036,0.05968303233385086,0.010751952417194843,0.009396098554134369,0.042937085032463074,0.08001101762056351,0.02468598634004593,0.008542087860405445,0.010294029489159584,0.045632317662239075,0.058388009667396545,0.06716117262840271,0.03467688709497452,0.02141469530761242,0.03789886087179184,0.056362394243478775,0.018806355074048042,0.02540694735944271,0.0113759720697999,0.02604546956717968
0.051399193704128265,0.05968170240521431,0.010774693451821804,0.009398304857313633,0.04292543977499008,0.07993026822805405,0.024693332612514496,0.008549992926418781,0.01029711589217186,0.0455692857503891,0.05844776704907417,0.06715375185012817,0.03470597043633461,0.021418457850813866,0.03786313533782959,0.05638252943754196,0.01881210319697857,0.025448571890592575,0.011374177411198616,0.02603917010128498
0.05138150975108147,0.059685368090867996,0.01077232975512743,0.009393244981765747,0.042929548770189285,0.07990241050720215,0.024700269103050232,0.008547650650143623,0.010292107239365578,0.04555820673704147,0.05844362452626228,0.06716156005859375,0.034702885895967484,0.02141117863357067,0.03784336894750595,0.056376390159130096,0.018814262002706528,0.025451377034187317,0.011368333362042904,0.026029512286186218
0.051410164684057236,0.059656403958797455,0.01078039314597845,0.0093821557238698,0.04293536767363548,0.07988841086626053,0.02469051256775856,0.008559982292354107,0.010295787826180458,0.045555852353572845,0.05843972787261009,0.067134328186512,0.03472144529223442,0.021422509104013443,0.03783247247338295,0.05637749284505844,0.018794171512126923,0.025457993149757385,0.011370652355253696,0.026040954515337944
0.05142524093389511,0.05967758595943451,0.010774282738566399,0.009386640973389149,0.042940229177474976,0.07985426485538483,0.02470306307077408,0.008559881709516048,0.010284407995641232,0.045564260333776474,0.05848994851112366,0.06714247167110443,0.034727346152067184,0.021425023674964905,0.03784206882119179,0.05640190839767456,0.01881861500442028,0.02545345388352871,0.01137237623333931,0.026035839691758156
0.051460567861795425,0.05972519516944885,0.010776114650070667,0.009379594586789608,0.04293438419699669,0.07988280802965164,0.02470877207815647,0.008542331866919994,0.010301068425178528,0.04554203152656555,0.058468349277973175,0.06720073521137238,0.0347297266125679,0.021415427327156067,0.03782934322953224,0.056424580514431,0.018817923963069916,0.025468943640589714,0.01138929184526205,0.026028789579868317
0.16112020611763,0.06621119379997253,0.010677986778318882,0.010781311430037022,0.05977362021803856,0.08888166397809982,0.02721068635582924,0.009780743159353733,0.0072298054583370686,0.07846416532993317,0.10861023515462875,0.07379048317670822,0.03480774536728859,0.019557610154151917,0.06719096750020981,0.07598752528429031,0.021054448559880257,0.02501836232841015,0.00981585681438446,0.03678265959024429
0.16146256029605865,0.06626912206411362,0.010658100247383118,0.010776585899293423,0.059774089604616165,0.0888056606054306,0.0272409375756979,0.009792283177375793,0.00722034927457571,0.07852108776569366,0.10885107517242432,0.07384102046489716,0.03479711711406708,0.019547253847122192,0.06726595014333725,0.076021209359169,0.021059496328234673,0.0250021331012249,0.009801188483834267,0.03678593784570694
0.16156446933746338,0.06626444309949875,0.010677887126803398,0.010779131203889847,0.05979297682642937,0.08879587054252625,0.027245204895734787,0.009787344373762608,0.007205192465335131,0.07858169078826904,0.10894062370061874,0.07384005934000015,0.0347864031791687,0.019567841663956642,0.06730683892965317,0.07605002075433731,0.021074041724205017,0.02500193938612938,0.009793995879590511,0.036805570125579834
0.16163580119609833,0.06627558916807175,0.010661186650395393,0.010789444670081139,0.059784095734357834,0.08879121392965317,0.027230817824602127,0.009782947599887848,0.007223404943943024,0.07857638597488403,0.10896503925323486,0.07384809106588364,0.03479247912764549,0.019555650651454926,0.06731640547513962,0.07607580721378326,0.02108536660671234,0.025001611560583115,0.009795954450964928,0.036792922765016556
0.16168047487735748,0.06625763326883316,0.010669923387467861,0.0107794851064682,0.05979907885193825,0.08871600031852722,0.02722977101802826,0.009776809252798557,0.007214661221951246,0.07861245423555374,0.10902638733386993,0.07385574281215668,0.03478551656007767,0.01955311931669712,0.06734447926282883,0.07607061415910721,0.021082231774926186,0.024991579353809357,0.009790590032935143,0.036801379173994064
0.16170336306095123,0.06627273559570312,0.010654246434569359,0.010789081454277039,0.05977809429168701,0.0887024998664856,0.027229558676481247,0.009782947599887848,0.0072031463496387005,0.07861988991498947,0.10904521495103836,0.0738632082939148,0.034783735871315,0.01954319141805172,0.06734372675418854,0.07606475800275803,0.02108260802924633,0.02500048093497753,0.009790067560970783,0.03679418936371803
0.01370218675583601,0.2867758274078369,0.006998381111770868,0.009825869463384151,0.04593450576066971,0.05523082613945007,0.11461105942726135,0.006560226436704397,0.009418910369277,0.037172771990299225,0.03660474345088005,0.2890688180923462,0.023295661434531212,0.020562289282679558,0.027630718424916267,0.033026810735464096,0.09439284354448318,0.017022086307406425,0.011248419992625713,0.027691906318068504
0.013574465177953243,0.28701648116111755,0.006996018346399069,0.00981164537370205,0.045945122838020325,0.05515867844223976,0.11473408341407776,0.006568673998117447,0.009415647946298122,0.037159014493227005,0.03659438341856003,0.2892838418483734,0.02327089011669159,0.020575324073433876,0.027640365064144135,0.03298986703157425,0.09446980059146881,0.016992492601275444,0.011252087540924549,0.027708977460861206
0.013571052812039852,0.2871460020542145,0.007004182320088148,0.009829223155975342,0.04594777524471283,0.05515057221055031,0.11481174826622009,0.00656017055734992,0.009424462914466858,0.03714214637875557,0.03658163920044899,0.28941601514816284,0.023284005001187325,0.020580731332302094,0.027619371190667152,0.0329802967607975,0.09450715035200119,0.01701318472623825,0.011247516609728336,0.027704332023859024
0.013529939576983452,0.2872110903263092,0.0069880858063697815,0.009815603494644165,0.0459677018225193,0.055145014077425,0.1148485466837883,0.00656463298946619,0.009430802427232265,0.03717701509594917,0.03659992665052414,0.2894822359085083,0.023284580558538437,0.020584896206855774,0.027631863951683044,0.033005956560373306,0.09454276412725449,0.017000248655676842,0.011264529079198837,0.027712751179933548
0.013504114001989365,0.28720784187316895,0.0070002335123717785,0.009818358346819878,0.045951880514621735,0.05516178160905838,0.11485613137483597,0.006567060481756926,0.009444640949368477,0.037175193428993225,0.03658683970570564,0.28951162099838257,0.02327248454093933,0.02058163285255432,0.027630304917693138,0.032998085021972656,0.09456007182598114,0.017009176313877106,0.011268380098044872,0.027707166969776154
0.013493428938090801,0.28726696968078613,0.006984974257647991,0.00982047338038683,0.04596487432718277,0.055113568902015686,0.1148606538772583,0.006575779989361763,0.00943765975534916,0.03716418892145157,0.03659060224890709,0.28953713178634644,0.023273654282093048,0.0205813180655241,0.027641694992780685,0.03299412131309509,0.09456731379032135,0.017012188211083412,0.011271738447248936,0.027714822441339493
0.16284851729869843,0.06714936345815659,0.010100219398736954,0.010916127823293209,0.06029200926423073,0.08991795033216476,0.027692919597029686,0.009349975734949112,0.007382093463093042,0.07906468212604523,0.1085229367017746,0.07506377249956131,0.03293309360742569,0.01994447037577629,0.06780451536178589,0.07590668648481369,0.021321237087249756,0.02364271879196167,0.010120546445250511,0.03720878064632416
0.16299504041671753,0.06714455038309097,0.010074885562062263,0.010916916653513908,0.060291312634944916,0.08978582918643951,0.027680912986397743,0.009360609576106071,0.007386330049484968,0.07909069210290909,0.10866396874189377,0.07506994903087616,0.03290592133998871,0.019919967278838158,0.0678071677684784,0.0759127289056778,0.021317820996046066,0.023629363626241684,0.010097510181367397,0.03721272572875023
0.1630716472864151,0.06715328991413116,0.0100922966375947,0.01092060748487711,0.06027965992689133,0.08974964171648026,0.027719656005501747,0.009360686875879765,0.007380293216556311,0.07907301932573318,0.10870499163866043,0.075100839138031,0.03292056918144226,0.01993005909025669,0.0678132027387619,0.07592909038066864,0.021330276504158974,0.023628216236829758,0.010101993568241596,0.037204574793577194
0.16308815777301788,0.06717337667942047,0.010074947960674763,0.010917047038674355,0.06029641628265381,0.08970757573843002,0.02771276980638504,0.009374233894050121,0.007370004430413246,0.07908492535352707,0.10873247683048248,0.07510193437337875,0.032907597720623016,0.019927695393562317,0.06782277673482895,0.07592438906431198,0.021334536373615265,0.02361675351858139,0.010087987408041954,0.03722386062145233
0.16312801837921143,0.06721876561641693,0.010089301504194736,0.010921565815806389,0.06029226630926132,0.08969581872224808,0.027730483561754227,0.009354469366371632,0.007370619103312492,0.07909318804740906,0.10874710232019424,0.07513362169265747,0.032930467277765274,0.01992151141166687,0.0678136944770813,0.07592140883207321,0.021347977221012115,0.023633351549506187,0.010103070177137852,0.03720809146761894
0.16309839487075806,0.06714904308319092,0.010065047070384026,0.010918588377535343,0.06030131131410599,0.08961688727140427,0.027698375284671783,0.009368794038891792,0.007377462927252054,0.07908029854297638,0.10876702517271042,0.07507447153329849,0.03292122483253479,0.019926825538277626,0.06782396882772446,0.07591720670461655,0.021309157833456993,0.02362648770213127,0.010095614939928055,0.037213098257780075
0.015960438176989555,0.06304728984832764,0.01074447575956583,0.03553496673703194,0.057351868599653244,0.06217155233025551,0.025670630857348442,0.009152080863714218,0.06143449246883392,0.0773702934384346,0.03746563941240311,0.07003767788410187,0.03509917110204697,0.07017853856086731,0.0665028765797615,0.03339555114507675,0.02005884423851967,0.025704411789774895,0.04594030976295471,0.03550126031041145
0.01595066860318184,0.06292124092578888,0.010758831165730953,0.03549209237098694,0.05738785117864609,0.06214570626616478,0.025644542649388313,0.00917708221822977,0.06143094226717949,0.07740121334791183,0.037422988563776016,0.06988804787397385,0.03512083739042282,0.070191890001297,0.06652628630399704,0.03336207568645477,0.020003903657197952,0.02572183683514595,0.04591497406363487,0.03552204743027687
0.015941863879561424,0.06288688629865646,0.010754615999758244,0.035470228642225266,0.05740203708410263,0.0621577650308609,0.025608213618397713,0.009166479110717773,0.061430081725120544,0.07742417603731155,0.03739016503095627,0.06985446810722351,0.03510569781064987,0.07018604129552841,0.06655159592628479,0.03329962119460106,0.019999947398900986,0.025716889649629593,0.045909661799669266,0.03551986813545227
0.015975920483469963,0.06287519633769989,0.01077388133853674,0.035470813512802124,0.05741216987371445,0.06219036504626274,0.025590060278773308,0.009180044755339622,0.06143887713551521,0.07743394374847412,0.03738181293010712,0.06984350085258484,0.03512768819928169,0.07019087672233582,0.06655013561248779,0.03331585228443146,0.019995395094156265,0.025740928947925568,0.04590236768126488,0.03551458939909935
0.015929361805319786,0.06288660317659378,0.010766137391328812,0.03544963151216507,0.05741315707564354,0.06215289235115051,0.025607893243432045,0.009166792966425419,0.061430077999830246,0.07744796574115753,0.037401653826236725,0.06986834853887558,0.03512217104434967,0.07019536942243576,0.06655925512313843,0.03332660719752312,0.019996097311377525,0.025726567953824997,0.04588283598423004,0.03552298620343208
0.015924159437417984,0.0628487691283226,0.010782331228256226,0.035448212176561356,0.057414162904024124,0.06216290220618248,0.025595176964998245,0.009171866811811924,0.06143811717629433,0.0774523988366127,0.037385884672403336,0.06982386112213135,0.03512271121144295,0.07018139958381653,0.06657280027866364,0.03332488611340523,0.019985174760222435,0.02573678269982338,0.045890942215919495,0.03552398830652237
0.16189751029014587,0.06486941874027252,0.010685930028557777,0.01092442125082016,0.06038036197423935,0.08901970833539963,0.026644086465239525,0.010146448388695717,0.007220536470413208,0.07889655232429504,0.10843677073717117,0.07228367030620575,0.03500799089670181,0.01965576969087124,0.06747744232416153,0.07572516798973083,0.020621806383132935,0.025109611451625824,0.009855687618255615,0.03709615394473076
0.1620759814977646,0.06490868330001831,0.010669611394405365,0.010931323282420635,0.06034977361559868,0.08883276581764221,0.0266614630818367,0.01015452854335308,0.00722129549831152,0.0788465142250061,0.10859952121973038,0.07233351469039917,0.035011813044548035,0.01962115243077278,0.06743262708187103,0.07574101537466049,0.020647065714001656,0.025100508704781532,0.00985158234834671,0.03709293529391289
0.16212038695812225,0.06493353843688965,0.010694245807826519,0.01093041617423296,0.060340333729982376,0.08884356915950775,0.026691051200032234,0.01015897374600172,0.007223436143249273,0.07884137332439423,0.10862530767917633,0.07234752178192139,0.0350196473300457,0.019628962501883507,0.06742377579212189,0.0757242888212204,0.020657114684581757,0.025096401572227478,0.00984349474310875,0.03707803040742874
0.1621490865945816,0.06493489444255829,0.010678949765861034,0.010928475297987461,0.06034288555383682,0.08877848088741302,0.026673592627048492,0.010166081599891186,0.007227453403174877,0.07882813364267349,0.1086493507027626,0.07235453277826309,0.03502143546938896,0.01963435485959053,0.06740468740463257,0.07572919875383377,0.020651720464229584,0.025099825114011765,0.00984133966267109,0.037079475820064545
0.1621410995721817,0.06492888182401657,0.010685469023883343,0.01093386858701706,0.06033439561724663,0.08874868601560593,0.02667318284511566,0.010170381516218185,0.007213426288217306,0.07881424576044083,0.1086430698633194,0.07236473262310028,0.03503451496362686,0.019628897309303284,0.06740576028823853,0.07571741938591003,0.020640384405851364,0.025119079276919365,0.009841433726251125,0.037088409066200256
0.1620287448167801,0.06491225957870483,0.010641773231327534,0.010917376726865768,0.06030962988734245,0.08875385671854019,0.026680996641516685,0.010167150758206844,0.007222706917673349,0.07881039381027222,0.10858846455812454,0.07233795523643494,0.03495818004012108,0.01961313560605049,0.06740298867225647,0.07571540772914886,0.020666543394327164,0.02506951056420803,0.009839670732617378,0.037072598934173584
0.015787387266755104,0.061208147555589676,0.01055119838565588,0.010423771105706692,0.07978739589452744,0.06250793486833572,0.025312671437859535,0.008821744471788406,0.008253068663179874,0.022972429171204567,0.03808614984154701,0.06879644840955734,0.03436762094497681,0.02074521966278553,0.04754536971449852,0.034025806933641434,0.019342582672834396,0.025222305208444595,0.010673332959413528,0.08797496557235718
0.015743430703878403,0.06116683781147003,0.010555971413850784,0.010415393859148026,0.0798044428229332,0.06246513873338699,0.025289328768849373,0.00882788933813572,0.008256148546934128,0.023022104054689407,0.038058411329984665,0.06874856352806091,0.034370359033346176,0.020754583179950714,0.04761098697781563,0.033994365483522415,0.01933334395289421,0.025220733135938644,0.010681028477847576,0.08807658404111862
0.01570810191333294,0.06123409792780876,0.010569389909505844,0.01041425671428442,0.07985198497772217,0.0624711774289608,0.0253002792596817,0.008817335590720177,0.008282909169793129,0.023092683404684067,0.03804190456867218,0.06882382184267044,0.03438637778162956,0.020766843110322952,0.04765249788761139,0.03396202251315117,0.019339177757501602,0.02522670477628708,0.010700925253331661,0.08813446015119553
0.015747791156172752,0.061225373297929764,0.010573306120932102,0.010407381691038609,0.0798722431063652,0.06250175088644028,0.025319833308458328,0.008808528073132038,0.008262697607278824,0.023093415424227715,0.03804340958595276,0.06881390511989594,0.034371327608823776,0.02077047899365425,0.04767275229096413,0.033973973244428635,0.01933918334543705,0.02522854693233967,0.010706986300647259,0.08817625045776367
0.015724454075098038,0.06117996945977211,0.010562022216618061,0.010404903441667557,0.07988328486680984,0.06251589953899384,0.02529963105916977,0.00880756601691246,0.008271360769867897,0.023118600249290466,0.03804402053356171,0.06877181679010391,0.03437425568699837,0.020771102979779243,0.04768809676170349,0.03400334715843201,0.019329937174916267,0.025241032242774963,0.010709747672080994,0.08819364011287689
0.01569565385580063,0.06111568957567215,0.010560141876339912,0.010400473140180111,0.07986824214458466,0.06252609938383102,0.02528846450150013,0.008830252103507519,0.008272452279925346,0.023128587752580643,0.038053471595048904,0.06872452795505524,0.03435137867927551,0.02077493630349636,0.04770119488239288,0.03397519513964653,0.019306469708681107,0.02523503452539444,0.010703125968575478,0.08820819854736328
0.05248946323990822,0.05698804557323456,0.011354450136423111,0.009100668132305145,0.0425003357231617,0.0816529244184494,0.023604586720466614,0.008840241469442844,0.010409549809992313,0.04474996402859688,0.059308093041181564,0.06409646570682526,0.03651518002152443,0.021216001361608505,0.037113334983587265,0.057354602962732315,0.017981523647904396,0.026789966970682144,0.011212187819182873,0.025778157636523247
0.052662964910268784,0.05699360370635986,0.011364118196070194,0.00909933540970087,0.04249513894319534,0.08150778710842133,0.023580648005008698,0.008849496021866798,0.010406962595880032,0.04467102140188217,0.059401217848062515,0.06410239636898041,0.03651716932654381,0.0212208554148674,0.0370408296585083,0.05738765746355057,0.017975958064198494,0.026788748800754547,0.011205842718482018,0.025761406868696213
0.052710629999637604,0.05692443251609802,0.01136420015245676,0.009087376296520233,0.04248771816492081,0.08150196820497513,0.023540081456303596,0.008855786174535751,0.010409106500446796,0.0446518249809742,0.05948098376393318,0.06398970633745193,0.03652365878224373,0.021214233711361885,0.03702673316001892,0.05744776129722595,0.017942823469638824,0.026808422058820724,0.011211255565285683,0.02575249783694744
0.05270165577530861,0.056971047073602676,0.011356945149600506,0.009093530476093292,0.04248135909438133,0.08144944161176682,0.0235432181507349,0.008858286775648594,0.010405849665403366,0.0446477085351944,0.05949391797184944,0.06401239335536957,0.03653128445148468,0.021212661638855934,0.03701665624976158,0.057442840188741684,0.01797453872859478,0.026813197880983353,0.011213237419724464,0.025751031935214996
0.05273619294166565,0.056997884064912796,0.011370442807674408,0.009093252010643482,0.04247971624135971,0.08145551383495331,0.023541655391454697,0.00884009525179863,0.010422884486615658,0.04463058337569237,0.059501275420188904,0.06403253227472305,0.03651721403002739,0.021217776462435722,0.03698531165719032,0.05746359005570412,0.017970722168684006,0.02681640349328518,0.011216570623219013,0.025756634771823883
0.052771732211112976,0.05701778084039688,0.011355076916515827,0.009099396876990795,0.04248799756169319,0.0814427062869072,0.023537343367934227,0.00886379461735487,0.010413928888738155,0.044626154005527496,0.059520378708839417,0.06403696537017822,0.03653450310230255,0.021210430189967155,0.03698839247226715,0.057474952191114426,0.01796797476708889,0.02681344747543335,0.011205801740288734,0.025753574445843697
0.016766663640737534,0.06296270340681076,0.010920170694589615,0.035468317568302155,0.057492632418870926,0.06342896074056625,0.025611259043216705,0.009280531667172909,0.06106451526284218,0.0768899917602539,0.037687838077545166,0.06991089880466461,0.035599350929260254,0.0698445662856102,0.0660412460565567,0.03355618938803673,0.020000416785478592,0.026081228628754616,0.04582779109477997,0.03554274141788483
0.01670127548277378,0.0629279613494873,0.010919169522821903,0.03546939417719841,0.057504039257764816,0.0634683147072792,0.025597065687179565,0.009291291236877441,0.061061494052410126,0.07698023319244385,0.037690263241529465,0.06986425817012787,0.03561920300126076,0.06985045969486237,0.06612037122249603,0.03354877606034279,0.020008200779557228,0.02610691823065281,0.045816779136657715,0.03553340584039688
0.016714150086045265,0.06294400244951248,0.010914405807852745,0.035456590354442596,0.057514678686857224,0.06345795094966888,0.025622457265853882,0.009286382235586643,0.061059921979904175,0.0770246610045433,0.037675827741622925,0.069919154047966,0.03559959679841995,0.06984645128250122,0.06615031510591507,0.0335441529750824,0.020002834498882294,0.026089943945407867,0.04581710323691368,0.03555633872747421
0.015342657454311848,0.06339462101459503,0.010870732367038727,0.03819907084107399,0.05789485573768616,0.06708265841007233,0.02604377642273903,0.009274803102016449,0.06561248749494553,0.07721660286188126,0.03765331208705902,0.07077264040708542,0.03545726090669632,0.07382436096668243,0.06613698601722717,0.03431924432516098,0.020191598683595657,0.025880863890051842,0.05186929181218147,0.035890378057956696
0.016718247905373573,0.06292880326509476,0.010922265239059925,0.03545976057648659,0.05752687156200409,0.06346507370471954,0.025593498721718788,0.00927216187119484,0.06107360124588013,0.077071912586689,0.03772430121898651,0.06989219039678574,0.035606108605861664,0.06985793262720108,0.06620129197835922,0.033547379076480865,0.02000392973423004,0.026100600138306618,0.04581517353653908,0.035560913383960724
0.016723915934562683,0.06288529932498932,0.010945390909910202,0.03546404466032982,0.05752580612897873,0.06349775195121765,0.025590132921934128,0.009273760952055454,0.06106862053275108,0.07706838846206665,0.03768932819366455,0.06985379010438919,0.03561776876449585,0.06985302269458771,0.06619810312986374,0.03355496749281883,0.019993780180811882,0.02610750123858452,0.045803289860486984,0.035552915185689926
0.013275093398988247,0.3211267292499542,0.007438858970999718,0.01406254805624485,0.05920829251408577,0.05443247780203819,0.13484200835227966,0.008203181438148022,0.008599964901804924,0.06899254769086838,0.034796249121427536,0.3200037181377411,0.025424987077713013,0.020755048841238022,0.057183410972356796,0.031220708042383194,0.10532616823911667,0.018352389335632324,0.010004865936934948,0.03560793027281761
0.013258790597319603,0.3209018111228943,0.0074485293589532375,0.014078487642109394,0.05919226258993149,0.05442221835255623,0.1347307413816452,0.008213558234274387,0.008580891415476799,0.06900279223918915,0.03483188524842262,0.31969714164733887,0.0254316758364439,0.020745787769556046,0.057190705090761185,0.03125012665987015,0.10525429248809814,0.018356474116444588,0.009991728700697422,0.03560923412442207
0.013246521353721619,0.32087498903274536,0.00744703970849514,0.01407416258007288,0.059208109974861145,0.05441071093082428,0.13472890853881836,0.008192447014153004,0.008587389253079891,0.06899464130401611,0.03480212017893791,0.3196420669555664,0.025424392893910408,0.020760437473654747,0.0571800097823143,0.031246228143572807,0.10524008423089981,0.01835007779300213,0.01000047754496336,0.0356258824467659
0.013286445289850235,0.3208531439304352,0.007456959690898657,0.014086890034377575,0.05920123681426048,0.05443421006202698,0.13467830419540405,0.008209228515625,0.008589425124228,0.06901155412197113,0.03480647876858711,0.31961604952812195,0.025436297059059143,0.02075013518333435,0.05719158053398132,0.031261105090379715,0.10522392392158508,0.018361734226346016,0.00998641923069954,0.03562092036008835
0.013246198184788227,0.320884108543396,0.00743170315399766,0.01407723966985941,0.05919644236564636,0.05444065481424332,0.13465037941932678,0.008203973062336445,0.008580977097153664,0.06899899989366531,0.03480967506766319,0.3196227550506592,0.025418153032660484,0.02075852081179619,0.05718754231929779,0.03125869482755661,0.1052459105849266,0.01835540495812893,0.009997441433370113,0.03562470152974129
0.013223579153418541,0.32083868980407715,0.007455538492649794,0.014083131216466427,0.0592050738632679,0.05438755825161934,0.1346588283777237,0.008203670382499695,0.008565114811062813,0.0690210685133934,0.034805431962013245,0.31956613063812256,0.025431953370571136,0.020764708518981934,0.05719319358468056,0.031241942197084427,0.10522763431072235,0.018358919769525528,0.009999715723097324,0.03562358766794205
0.015542426146566868,0.06460586935281754,0.010284392163157463,0.03568289428949356,0.05828780680894852,0.06160019710659981,0.026358826085925102,0.0090261809527874,0.06090083345770836,0.0771748423576355,0.03731017932295799,0.07191125303506851,0.033718083053827286,0.06992778182029724,0.06612356752157211,0.03328510746359825,0.020527880638837814,0.02466569095849991,0.045863524079322815,0.035961996763944626
0.015606477856636047,0.0645693987607956,0.010295293293893337,0.03564699366688728,0.05830653756856918,0.06161588057875633,0.026362814009189606,0.00903687160462141,0.06092212721705437,0.0772026926279068,0.0372740812599659,0.07187175750732422,0.03371568024158478,0.06991546601057053,0.06613288819789886,0.03327315300703049,0.020519046112895012,0.024684259667992592,0.04583842679858208,0.035962458699941635
0.015579823404550552,0.06447900086641312,0.010303000919520855,0.0356307327747345,0.05831170827150345,0.061624761670827866,0.026305362582206726,0.00903859082609415,0.06090663745999336,0.0772072821855545,0.03725939989089966,0.07176470011472702,0.03372621163725853,0.06992907077074051,0.06615143269300461,0.03328227251768112,0.02048560231924057,0.0246893223375082,0.045817986130714417,0.035952139645814896
0.01557784341275692,0.06443975865840912,0.010310298763215542,0.03562208265066147,0.058321818709373474,0.06166568771004677,0.026307638734579086,0.00901758298277855,0.06088949367403984,0.07721764594316483,0.0372823141515255,0.07172345370054245,0.033749282360076904,0.06990724802017212,0.06616266071796417,0.033288516104221344,0.0204852856695652,0.024694114923477173,0.04581442102789879,0.03595805540680885
0.015569108538329601,0.06444752216339111,0.010297351516783237,0.03562970459461212,0.05832821875810623,0.06164776161313057,0.02629072777926922,0.009027793072164059,0.06090465560555458,0.07722960412502289,0.03726455569267273,0.07173717021942139,0.03374600410461426,0.06991653144359589,0.06617748737335205,0.033274512737989426,0.02047484740614891,0.024703705683350563,0.04580888897180557,0.035966649651527405
0.015597191639244556,0.06444449722766876,0.010313558392226696,0.03562995046377182,0.05832042545080185,0.06167349964380264,0.026290861889719963,0.009022131562232971,0.06090611591935158,0.07724492251873016,0.03725267946720123,0.071726493537426,0.033747490495443344,0.06992780417203903,0.06616590172052383,0.0332559235394001,0.02047358639538288,0.024701979011297226,0.04581930488348007,0.03596531227231026
0.016177143901586533,0.06460804492235184,0.010032979771494865,0.0353316031396389,0.0586816668510437,0.06391513347625732,0.026324043050408363,0.008787013590335846,0.06099258363246918,0.07808136194944382,0.03862950950860977,0.07184763997793198,0.032872509211301804,0.06949055939912796,0.06693977117538452,0.03452127426862717,0.020534414798021317,0.024063479155302048,0.04574626311659813,0.03619656711816788
0.016166632995009422,0.06461941450834274,0.010032718069851398,0.03532829508185387,0.058679286390542984,0.06394851207733154,0.026347383856773376,0.00879152026027441,0.0609656386077404,0.07808800786733627,0.03866921737790108,0.07188890129327774,0.032852429896593094,0.06949429214000702,0.06693530082702637,0.03449985012412071,0.020547637715935707,0.02405768446624279,0.045744605362415314,0.03620866686105728
0.016146931797266006,0.06458704173564911,0.01002972386777401,0.03532615303993225,0.05867660045623779,0.06390856951475143,0.0263203177601099,0.008798511698842049,0.06097712740302086,0.07808008044958115,0.0386488176882267,0.0718316063284874,0.032868266105651855,0.06950537860393524,0.0669340193271637,0.03448157384991646,0.02052774280309677,0.024060271680355072,0.04574884846806526,0.036201514303684235
0.01619795523583889,0.06456231325864792,0.010043378919363022,0.03532227873802185,0.05867691710591316,0.06393224745988846,0.02632535994052887,0.008778252638876438,0.060976333916187286,0.07810080051422119,0.038618650287389755,0.07183098793029785,0.03286908194422722,0.06948494166135788,0.06694530695676804,0.03449682518839836,0.02051757276058197,0.02406010404229164,0.04574420675635338,0.03621076047420502
0.01620158925652504,0.06458304077386856,0.010024710558354855,0.03531358018517494,0.05868442356586456,0.06396003067493439,0.02633773535490036,0.008797595277428627,0.06096963584423065,0.07810436934232712,0.03864681348204613,0.07185828685760498,0.03285840526223183,0.06947799026966095,0.06694670021533966,0.034491416066884995,0.02053678222000599,0.024067679420113564,0.0457395575940609,0.03620560094714165
0.016166752204298973,0.06456223875284195,0.010043468326330185,0.035320933908224106,0.05869757756590843,0.063955157995224,0.02630947157740593,0.008789884857833385,0.0609586238861084,0.07810255885124207,0.0386444590985775,0.07181356847286224,0.03288235887885094,0.06949257850646973,0.06694746017456055,0.03452004864811897,0.02052311785519123,0.02407759614288807,0.045736730098724365,0.03621743619441986
0.013941743411123753,0.2994914948940277,0.0058134025894105434,0.010174205526709557,0.0460975244641304,0.05147245526313782,0.11977420747280121,0.00563153438270092,0.009830559603869915,0.0352911539375782,0.03546738997101784,0.3021869659423828,0.019462009891867638,0.02114308625459671,0.02567589282989502,0.0322488397359848,0.09853179007768631,0.014246266335248947,0.011770056560635567,0.028074391186237335
0.013921168632805347,0.29960325360298157,0.005822096019983292,0.010169517248868942,0.04609615355730057,0.051450394093990326,0.11985217034816742,0.0056264642626047134,0.009813657030463219,0.035277653485536575,0.03548186272382736,0.30223536491394043,0.019455192610621452,0.021155674010515213,0.025662951171398163,0.03224918618798256,0.0985710546374321,0.014224893413484097,0.011774185113608837,0.028088495135307312
0.013880752958357334,0.2995823323726654,0.005814321804791689,0.010167294181883335,0.04610942676663399,0.05141501873731613,0.11984467506408691,0.005631416570395231,0.009800795465707779,0.03528015315532684,0.03548305109143257,0.3021959662437439,0.01944543793797493,0.02114311419427395,0.025667449459433556,0.032268963754177094,0.09855829924345016,0.014223532751202583,0.011759011074900627,0.028091317042708397
0.01384326908737421,0.29958370327949524,0.005824986845254898,0.010155853815376759,0.046095117926597595,0.051462821662425995,0.11987891793251038,0.005631330423057079,0.009813675656914711,0.03527108207345009,0.03548865020275116,0.30221933126449585,0.019450755789875984,0.021134816110134125,0.025665385648608208,0.03224332630634308,0.0985754206776619,0.014239921234548092,0.011769792065024376,0.028088243678212166
0.013863883912563324,0.29958614706993103,0.0058146193623542786,0.010154621675610542,0.04611360281705856,0.051420290023088455,0.11985143274068832,0.005624402314424515,0.009817533195018768,0.035252150148153305,0.03546079993247986,0.30221235752105713,0.019459471106529236,0.021128667518496513,0.025647424161434174,0.032253414392471313,0.09856291115283966,0.014232099987566471,0.011766603216528893,0.02808796986937523
0.013890055008232594,0.2996196150779724,0.005831973627209663,0.010163805447518826,0.04611068591475487,0.05140884965658188,0.1198648065328598,0.005612075794488192,0.009808835573494434,0.035246457904577255,0.03549365699291229,0.3022429943084717,0.01944737136363983,0.021135536953806877,0.02565266378223896,0.03226633742451668,0.09858252108097076,0.014236277900636196,0.011765498667955399,0.02808801829814911
0.05284806713461876,0.058698464184999466,0.01104253064841032,0.009195046499371529,0.042857278138399124,0.08099690824747086,0.024232158437371254,0.008625488728284836,0.010384732857346535,0.044632457196712494,0.05918950214982033,0.06605672091245651,0.03551402688026428,0.02121809311211109,0.03700985759496689,0.0571901835501194,0.018510574474930763,0.02606479451060295,0.011286534368991852,0.026065612211823463
0.05297147110104561,0.05867523327469826,0.01107399258762598,0.009187936782836914,0.042863454669713974,0.08094020932912827,0.024253947660326958,0.008637689054012299,0.010385261848568916,0.044587258249521255,0.05925268679857254,0.0660267025232315,0.0355837419629097,0.021220002323389053,0.03694794327020645,0.05723905190825462,0.018497047945857048,0.026115264743566513,0.011296788230538368,0.02605866827070713
0.05300538241863251,0.05869204178452492,0.011059162206947803,0.009189442731440067,0.04285290092229843,0.08092392981052399,0.024258343502879143,0.00861790869385004,0.010379008017480373,0.04455157369375229,0.05924225598573685,0.06605883687734604,0.035568397492170334,0.02121835947036743,0.03693555295467377,0.05724503472447395,0.01850942336022854,0.026121070608496666,0.011286530643701553,0.02605121023952961
0.053035978227853775,0.058643683791160583,0.011081897653639317,0.009189732372760773,0.042833637446165085,0.08086831122636795,0.024243012070655823,0.008623255416750908,0.010386421345174313,0.04453357309103012,0.059268683195114136,0.06598203629255295,0.035565558820962906,0.021216608583927155,0.036916542798280716,0.0572563111782074,0.018483899533748627,0.02610458806157112,0.01128263771533966,0.026038330048322678
0.053063176572322845,0.05865746736526489,0.011072956956923008,0.009186930023133755,0.04284657537937164,0.08088455349206924,0.02424333430826664,0.008610252290964127,0.010385550558567047,0.04452327638864517,0.05931445211172104,0.06600631773471832,0.03557813912630081,0.021216845139861107,0.03690449148416519,0.0572764128446579,0.018495406955480576,0.026105167344212532,0.011286281049251556,0.02604571171104908
0.053071022033691406,0.05867438390851021,0.011077622883021832,0.00919055100530386,0.042851753532886505,0.08085855841636658,0.024257423356175423,0.008628947660326958,0.010396894998848438,0.04452528804540634,0.05930202081799507,0.06601367890834808,0.0355902723968029,0.021215183660387993,0.036909349262714386,0.057271525263786316,0.018490253016352654,0.026125553995370865,0.01128773670643568,0.02604592591524124
0.01303054578602314,0.32173049449920654,0.007152911741286516,0.013946648687124252,0.06000206619501114,0.05342693254351616,0.135024756193161,0.007882138714194298,0.008424888364970684,0.06945476680994034,0.03458898887038231,0.3204907774925232,0.02441527135670185,0.02085559070110321,0.05764740705490112,0.031140191480517387,0.10551302134990692,0.017642736434936523,0.010159525088965893,0.0361989364027977
0.01306484080851078,0.32131534814834595,0.007161295972764492,0.013948237523436546,0.05999432131648064,0.05343923345208168,0.1348562389612198,0.007913242094218731,0.008396279998123646,0.06954613327980042,0.03462495654821396,0.3200896978378296,0.02442212589085102,0.02087128907442093,0.05772939696907997,0.031163416802883148,0.10536544024944305,0.01763172633945942,0.010140059515833855,0.03621795028448105
0.013033418916165829,0.32115259766578674,0.007160670589655638,0.013963588513433933,0.05999384820461273,0.05344458669424057,0.1347884088754654,0.007896948605775833,0.008386966772377491,0.06958402693271637,0.034639328718185425,0.3199000954627991,0.02442503720521927,0.0208840761333704,0.057772498577833176,0.03116135485470295,0.10533034056425095,0.017648421227931976,0.01013440452516079,0.036207739263772964
0.013031288981437683,0.3209918439388275,0.007158720400184393,0.013966217637062073,0.06001044437289238,0.053459156304597855,0.1347317397594452,0.007904734462499619,0.008379004895687103,0.06961127370595932,0.03466510772705078,0.3197658658027649,0.024423668161034584,0.020883487537503242,0.05778968334197998,0.031192563474178314,0.10527130216360092,0.01763926073908806,0.0101375263184309,0.03623218834400177
0.013056280091404915,0.32096776366233826,0.007146636955440044,0.013953937217593193,0.06002597510814667,0.053465355187654495,0.13472145795822144,0.007892106659710407,0.008383766748011112,0.06964244693517685,0.03464680537581444,0.3197057545185089,0.024422328919172287,0.020888587459921837,0.05781133845448494,0.031185122206807137,0.10525589436292648,0.017628692090511322,0.010129679925739765,0.03622836619615555
0.013059200718998909,0.32087892293930054,0.0071562728844583035,0.013962514698505402,0.060007933527231216,0.05345304682850838,0.13467592000961304,0.007899672724306583,0.008387090638279915,0.06966846436262131,0.03462927043437958,0.31964483857154846,0.02443341165781021,0.02089707925915718,0.05782658979296684,0.031193673610687256,0.10524537414312363,0.017653504386544228,0.010123152285814285,0.03622903302311897
0.051928501576185226,0.05795701593160629,0.011153185740113258,0.009237421676516533,0.04262395575642586,0.08062618225812912,0.023978862911462784,0.008687922731041908,0.01053099986165762,0.045135438442230225,0.05877409130334854,0.06529027968645096,0.035879798233509064,0.021430728957057,0.03756261244416237,0.05678078159689903,0.01825799234211445,0.026350179687142372,0.011361067183315754,0.025938181206583977
0.05198434367775917,0.05795198306441307,0.011172783561050892,0.009239168837666512,0.04260629788041115,0.08054635673761368,0.02397230826318264,0.00869059469550848,0.010525145567953587,0.045083239674568176,0.05882982909679413,0.06526654958724976,0.03592575341463089,0.0214293971657753,0.037525419145822525,0.0567937009036541,0.01825324259698391,0.026371654123067856,0.01137701328843832,0.025930335745215416
0.051990050822496414,0.05792737752199173,0.011169775389134884,0.00924550462514162,0.04262125492095947,0.08052454143762589,0.02399405650794506,0.00865966361016035,0.010517208836972713,0.04507644847035408,0.058859892189502716,0.06524711847305298,0.035914551466703415,0.02142636477947235,0.037503331899642944,0.056796807795763016,0.018247466534376144,0.026367971673607826,0.011379842646420002,0.025940636172890663
0.05201192945241928,0.05793507397174835,0.011183984577655792,0.009233779273927212,0.04260832816362381,0.08049710094928741,0.0239877849817276,0.008681487292051315,0.010519369505345821,0.04506991058588028,0.05883128568530083,0.06526695191860199,0.035919010639190674,0.021426286548376083,0.03751614689826965,0.05681703984737396,0.01825752481818199,0.02638535015285015,0.011374562978744507,0.025930965319275856
0.05203729867935181,0.057927295565605164,0.011178330518305302,0.009232506155967712,0.04259834811091423,0.08048554509878159,0.0239914208650589,0.008673008531332016,0.010506147518754005,0.045056719332933426,0.05883701890707016,0.06524765491485596,0.0359211228787899,0.02142416313290596,0.03749540075659752,0.05681390315294266,0.01824653148651123,0.026379233226180077,0.011380008421838284,0.0259288027882576
0.05204944312572479,0.05789550766348839,0.011187450028955936,0.009235533885657787,0.042614374309778214,0.08050233125686646,0.02397851087152958,0.00866685900837183,0.010508215054869652,0.04505081847310066,0.05887668952345848,0.06522933393716812,0.03592686727643013,0.02143002301454544,0.03749706968665123,0.05683840438723564,0.01823512837290764,0.026383301243185997,0.01139532495290041,0.025923054665327072
0.013162365183234215,0.3199072778224945,0.006145790219306946,0.014261835254728794,0.05988854169845581,0.05151494964957237,0.13436506688594818,0.007009776774793863,0.008328055962920189,0.06901591271162033,0.034317824989557266,0.3189520537853241,0.02108510211110115,0.022072382271289825,0.057588789612054825,0.031095022335648537,0.1048436313867569,0.015220589935779572,0.010940946638584137,0.036447763442993164
0.013178880326449871,0.31966841220855713,0.006153387483209372,0.014283222146332264,0.05990229919552803,0.05154193937778473,0.13425324857234955,0.0070158205926418304,0.008317886851727962,0.06908786296844482,0.034338392317295074,0.31868839263916016,0.021078098565340042,0.02207108959555626,0.057669926434755325,0.031138692051172256,0.10475712269544601,0.015214028768241405,0.010923914611339569,0.036466505378484726
0.013110306113958359,0.31955239176750183,0.006141709629446268,0.014281819574534893,0.05992606282234192,0.051524817943573,0.13418316841125488,0.007006815634667873,0.008328596130013466,0.06915340572595596,0.034378327429294586,0.31854936480522156,0.021071448922157288,0.022087831050157547,0.05772710219025612,0.031156742945313454,0.10471206158399582,0.015209249220788479,0.010924181900918484,0.03647344186902046
0.013094725087285042,0.3195440471172333,0.006140554323792458,0.014278138056397438,0.059916410595178604,0.05152641609311104,0.13419710099697113,0.006986395921558142,0.0083169499412179,0.06917359679937363,0.03437274694442749,0.31852447986602783,0.021063433960080147,0.022100085392594337,0.05774595960974693,0.03116452321410179,0.10470651835203171,0.01520243939012289,0.010922078043222427,0.036483827978372574
0.013122511096298695,0.31943434476852417,0.006132930051535368,0.01428550761193037,0.059903182089328766,0.05153689533472061,0.1341685652732849,0.0070094093680381775,0.008325772359967232,0.06918339431285858,0.034387893974781036,0.31843358278274536,0.02107352390885353,0.02210322581231594,0.05776510015130043,0.03114762343466282,0.10468477010726929,0.015215100720524788,0.010929849930107594,0.03647778555750847
0.013152613304555416,0.3194262683391571,0.006143044680356979,0.014284132048487663,0.059926051646471024,0.051556382328271866,0.13412554562091827,0.007009790278971195,0.008318755775690079,0.06920987367630005,0.034395117312669754,0.318412721157074,0.02106844075024128,0.022104259580373764,0.057765644043684006,0.031161874532699585,0.10468170791864395,0.015201179310679436,0.010919860564172268,0.03648798540234566
0.01694316975772381,0.3087660074234009,0.007815796881914139,0.013069897890090942,0.06416827440261841,0.055683307349681854,0.12665711343288422,0.008109542541205883,0.010463733226060867,0.07627558708190918,0.035732392221689224,0.3043861389160156,0.026227237656712532,0.0198138989508152,0.06239091977477074,0.03187248110771179,0.10111722350120544,0.019195424392819405,0.012634185142815113,0.04074490815401077
0.012978378683328629,0.321378231048584,0.007410193327814341,0.01387687399983406,0.059751346707344055,0.05332426726818085,0.13487040996551514,0.007930716499686241,0.008257110603153706,0.06947353482246399,0.034431129693984985,0.3202087879180908,0.025135422125458717,0.02091645635664463,0.05783586576581001,0.03097350522875786,0.10538321733474731,0.01819531060755253,0.010188221000134945,0.03620295971632004
0.012944492511451244,0.321351021528244,0.007393931970000267,0.013892198912799358,0.059748925268650055,0.053317390382289886,0.13486666977405548,0.007900182157754898,0.008247864432632923,0.06947501003742218,0.034431226551532745,0.320182740688324,0.02512533962726593,0.020909756422042847,0.05783696100115776,0.03097309172153473,0.1053573414683342,0.018186593428254128,0.010174436494708061,0.03620361164212227
0.012921839021146297,0.32123106718063354,0.007403118070214987,0.013889584690332413,0.05976691097021103,0.05331261456012726,0.13482485711574554,0.007919916883111,0.00825275108218193,0.06948794424533844,0.034455157816410065,0.32008951902389526,0.02513362281024456,0.020915672183036804,0.05785677582025528,0.03098803386092186,0.1053299680352211,0.0181925930082798,0.01018607895821333,0.036218974739313126
0.012968303635716438,0.3211762309074402,0.007389663252979517,0.013892003335058689,0.05973827838897705,0.05331341549754143,0.13479648530483246,0.007900881581008434,0.008243299089372158,0.06947652995586395,0.034420013427734375,0.32002031803131104,0.025117330253124237,0.020897725597023964,0.057847313582897186,0.030983101576566696,0.10530685633420944,0.018177729099988937,0.010182670317590237,0.036194998770952225
0.012974390760064125,0.32120218873023987,0.007405740674585104,0.013889891095459461,0.05976433306932449,0.053334712982177734,0.13479015231132507,0.007900196127593517,0.008238859474658966,0.06949782371520996,0.03442641720175743,0.3200714588165283,0.025132453069090843,0.020905915647745132,0.05785907059907913,0.030980397015810013,0.10530945658683777,0.018200671300292015,0.010178639553487301,0.036224883049726486
0.016026796773076057,0.06046125292778015,0.010393425822257996,0.010511677712202072,0.07820431888103485,0.06429718434810638,0.025049835443496704,0.008559735491871834,0.008545816875994205,0.023601315915584564,0.03919876366853714,0.06810713559389114,0.03377398103475571,0.02120310068130493,0.048008281737565994,0.03498303145170212,0.019074125215411186,0.024832941591739655,0.010949966497719288,0.0874667540192604
0.01603093557059765,0.06041190028190613,0.010412770323455334,0.010508605279028416,0.07822989672422409,0.06431809067726135,0.025022724643349648,0.008556665852665901,0.008569740690290928,0.023634733632206917,0.03920040652155876,0.0680372565984726,0.03381506726145744,0.021207943558692932,0.04805127531290054,0.03498276695609093,0.019070342183113098,0.024855084717273712,0.01096438243985176,0.08750109374523163
0.016070732846856117,0.06042160838842392,0.010416719131171703,0.010508449748158455,0.07824347168207169,0.0643203854560852,0.025035733357071877,0.008556785061955452,0.008554106578230858,0.02365289069712162,0.039140548557043076,0.0680357962846756,0.03381174057722092,0.021222824230790138,0.048071082681417465,0.03494424745440483,0.01905095763504505,0.024865418672561646,0.010973206721246243,0.08750896900892258
0.016106320545077324,0.06038402393460274,0.010427731089293957,0.010509872809052467,0.07824984192848206,0.06436631083488464,0.0250114593654871,0.008561726659536362,0.008544535376131535,0.02367873303592205,0.03914357349276543,0.0680096372961998,0.03382693976163864,0.02120770886540413,0.04808380827307701,0.034947481006383896,0.019060958176851273,0.024866070598363876,0.010966629721224308,0.08751902729272842
0.016111202538013458,0.06036937236785889,0.010419239290058613,0.010500811040401459,0.07824832946062088,0.06435619294643402,0.024994196370244026,0.00855741836130619,0.008563493378460407,0.0236764345318079,0.039122581481933594,0.06801607459783554,0.03384768217802048,0.02121293731033802,0.048080045729875565,0.0349419079720974,0.01905250921845436,0.02487308345735073,0.010968118906021118,0.08752254396677017
0.01605258695781231,0.06041502580046654,0.010428831912577152,0.010509852319955826,0.07823196798563004,0.06433048844337463,0.025050252676010132,0.008569951169192791,0.008567890152335167,0.023682614788413048,0.03914188593626022,0.06804627180099487,0.0338301807641983,0.02121768146753311,0.04808247834444046,0.034957002848386765,0.01904957741498947,0.024869445711374283,0.010972862131893635,0.0875224843621254
0.015794282779097557,0.06170075759291649,0.010576000437140465,0.010471554473042488,0.07997920364141464,0.06289942562580109,0.02554464526474476,0.008696546778082848,0.00820014625787735,0.023094987496733665,0.038141533732414246,0.06941159069538116,0.0343344546854496,0.020745733752846718,0.04778791218996048,0.03406530246138573,0.01948484219610691,0.025233039632439613,0.010748275555670261,0.0885678306221962
0.01581287942826748,0.061712682247161865,0.010584969073534012,0.010466225445270538,0.07999757677316666,0.0629117488861084,0.025516221299767494,0.008704385720193386,0.008212422020733356,0.023116616532206535,0.03813698887825012,0.06946220248937607,0.03435515612363815,0.020744893699884415,0.04779037460684776,0.034081704914569855,0.01948571391403675,0.02523830719292164,0.010751058347523212,0.08856108039617538
0.015840094536542892,0.06164710596203804,0.01056887861341238,0.010462765581905842,0.0799821987748146,0.06294231861829758,0.025513581931591034,0.00870417058467865,0.008234740234911442,0.023098621517419815,0.038144800812006,0.06938071548938751,0.03433649614453316,0.02073683962225914,0.047785673290491104,0.034097619354724884,0.01947152242064476,0.02523922547698021,0.010754179209470749,0.08856074512004852
0.01580054499208927,0.06170628219842911,0.01057520043104887,0.010467820800840855,0.07998933643102646,0.06293483823537827,0.02550375647842884,0.008714270778000355,0.008206200785934925,0.023089660331606865,0.03816644847393036,0.0694194883108139,0.0343569777905941,0.020733797922730446,0.04780038446187973,0.03408237546682358,0.01948852837085724,0.025251705199480057,0.0107439449056983,0.08856979757547379
0.015783468261361122,0.06166401877999306,0.0105675607919693,0.01046600192785263,0.0799797847867012,0.0629473626613617,0.025518078356981277,0.008685415610671043,0.008206263184547424,0.02310938946902752,0.03817233815789223,0.06939216703176498,0.034334003925323486,0.020737286657094955,0.047792788594961166,0.03407876193523407,0.019469821825623512,0.02523028664290905,0.010738655924797058,0.08856455236673355
0.01583424210548401,0.06168513000011444,0.010585738345980644,0.01046417374163866,0.08000240474939346,0.06299566477537155,0.02553064562380314,0.008708097971975803,0.008226991631090641,0.023114141076803207,0.038127969950437546,0.06941734999418259,0.03436501696705818,0.020746126770973206,0.0478125736117363,0.034084171056747437,0.019487807527184486,0.025255918502807617,0.010752061381936073,0.0885898694396019
0.013159411959350109,0.3195980489253998,0.007621404714882374,0.013981310650706291,0.05987372249364853,0.054504744708538055,0.1341651827096939,0.008167171850800514,0.008499741554260254,0.07008837163448334,0.034550707787275314,0.3181762397289276,0.02590283751487732,0.02094581536948681,0.058050770312547684,0.03101840429008007,0.10486803948879242,0.018743477761745453,0.010044544003903866,0.03599422425031662
0.013148641213774681,0.3192213773727417,0.007624604273587465,0.01398257166147232,0.05987021327018738,0.054442521184682846,0.1339961588382721,0.00816441047936678,0.00852461438626051,0.07006169855594635,0.03457038477063179,0.31775885820388794,0.0258917398750782,0.02093849889934063,0.05802496522665024,0.031015248969197273,0.10474207252264023,0.01871972717344761,0.010034250095486641,0.035996805876493454
0.013146922923624516,0.3191258907318115,0.007602509576827288,0.013989278115332127,0.05987101048231125,0.054427698254585266,0.13395573198795319,0.008171320892870426,0.008519518189132214,0.0700727254152298,0.03456956893205643,0.3176550567150116,0.025884775444865227,0.020941518247127533,0.05804481729865074,0.03100702352821827,0.10469681769609451,0.018722308799624443,0.010040382854640484,0.03598766401410103
0.013172635808587074,0.31902047991752625,0.00761773344129324,0.013984233140945435,0.05986018851399422,0.0544389970600605,0.133881077170372,0.008159155026078224,0.008508064784109592,0.07005640864372253,0.0345798097550869,0.3175545930862427,0.02589433826506138,0.02094329334795475,0.05803493410348892,0.031011506915092468,0.10465987026691437,0.018731581047177315,0.01004236564040184,0.035985831171274185
0.013211471028625965,0.3189593255519867,0.007607614155858755,0.013990262523293495,0.05986465886235237,0.05446943640708923,0.13388876616954803,0.008179678581655025,0.008500801399350166,0.07005410641431808,0.03457897901535034,0.31748467683792114,0.02585669793188572,0.020939378067851067,0.058024946600198746,0.031021704897284508,0.10463914275169373,0.018708668649196625,0.01003275066614151,0.035998839884996414
0.013174988329410553,0.31893086433410645,0.007628905586898327,0.01399145182222128,0.05987515673041344,0.05445367097854614,0.1338542103767395,0.008180269971489906,0.008499995805323124,0.07006245106458664,0.034592241048812866,0.3174631595611572,0.0259088147431612,0.020942455157637596,0.05804220214486122,0.031018108129501343,0.10463117808103561,0.01873590424656868,0.010038189589977264,0.03598844259977341
0.016292786225676537,0.06704331189393997,0.010373895987868309,0.0359681099653244,0.05763790383934975,0.06291051208972931,0.027119722217321396,0.008980090729892254,0.05976765602827072,0.07538486272096634,0.03754376620054245,0.07417856156826019,0.033958811312913895,0.06962847709655762,0.06428555399179459,0.03339104354381561,0.02139018103480339,0.024869229644536972,0.045387573540210724,0.03535056114196777
0.016367921605706215,0.06702468544244766,0.010410226881504059,0.03594127669930458,0.057645656168460846,0.06293661892414093,0.027142172679305077,0.009005050174891949,0.05975918471813202,0.07538746297359467,0.037488799542188644,0.07417349517345428,0.03400576114654541,0.06961938738822937,0.06428561359643936,0.0333801805973053,0.021401643753051758,0.024896835908293724,0.04537906125187874,0.03536171838641167
0.016397103667259216,0.0670393779873848,0.01039501465857029,0.03593020141124725,0.05764394253492355,0.06297624856233597,0.027142513543367386,0.009000930935144424,0.05974303558468819,0.07538681477308273,0.03748747333884239,0.0741833820939064,0.033967699855566025,0.06962932646274567,0.06428533792495728,0.03338427096605301,0.021389367058873177,0.024876978248357773,0.04536138474941254,0.03535476326942444
0.016384296119213104,0.06696263700723648,0.010403124615550041,0.03593100234866142,0.057645756751298904,0.06298935413360596,0.02710925042629242,0.009013163857161999,0.05975986644625664,0.07538456469774246,0.03749832510948181,0.07411543279886246,0.03399626910686493,0.06962429732084274,0.06429649144411087,0.033391598612070084,0.021384568884968758,0.024887701496481895,0.04537148401141167,0.035359062254428864
0.01640143245458603,0.06697115302085876,0.01039130799472332,0.03592081367969513,0.05766500532627106,0.06303847581148148,0.027122531086206436,0.008983831852674484,0.05974858999252319,0.07540221512317657,0.037498991936445236,0.07410982251167297,0.03400776907801628,0.06962113827466965,0.06429793685674667,0.03337429091334343,0.02136523835361004,0.024907510727643967,0.04534798860549927,0.035353533923625946
0.01645849272608757,0.0669884979724884,0.010401888750493526,0.03591926395893097,0.05765727907419205,0.06300463527441025,0.02715451270341873,0.008981901220977306,0.05974337086081505,0.07540224492549896,0.03745552897453308,0.0741441622376442,0.03399978205561638,0.06962021440267563,0.06430177390575409,0.03337433934211731,0.021382147446274757,0.02489844337105751,0.04535157233476639,0.035354867577552795
0.015639998018741608,0.06342729926109314,0.009877387434244156,0.010909504257142544,0.07938548177480698,0.0630049929022789,0.02628270350396633,0.008205436170101166,0.008004311472177505,0.021831493824720383,0.03851931169629097,0.07146967947483063,0.032101109623909,0.02091071382164955,0.046622902154922485,0.0344822071492672,0.02002362348139286,0.023581329733133316,0.010795258916914463,0.08818305283784866
0.015583721920847893,0.06342045217752457,0.009894543327391148,0.010905909352004528,0.07939840853214264,0.06300345808267593,0.026280565187335014,0.00819146353751421,0.00801017228513956,0.02187572792172432,0.03855176270008087,0.07146821171045303,0.032121527940034866,0.020914098247885704,0.04664929211139679,0.034495022147893906,0.020017780363559723,0.023602565750479698,0.01080528274178505,0.08819941431283951
0.015592232346534729,0.06342928111553192,0.009871023707091808,0.010892112739384174,0.07940627634525299,0.0630216971039772,0.026282383129000664,0.008184630423784256,0.008002495393157005,0.021876271814107895,0.0385298989713192,0.07148312032222748,0.03210519999265671,0.020924875512719154,0.046645063906908035,0.03447612375020981,0.02002759650349617,0.0235919039696455,0.01079795602709055,0.08820050209760666
0.01558325719088316,0.06344190984964371,0.00988829042762518,0.010898354463279247,0.07939524948596954,0.06299331784248352,0.02627352811396122,0.008198958821594715,0.008004073984920979,0.021865788847208023,0.038534097373485565,0.07149389386177063,0.03211619704961777,0.020919227972626686,0.04665708914399147,0.034468524158000946,0.020012272521853447,0.023597415536642075,0.010809781029820442,0.08820050209760666
0.015604500658810139,0.06341283768415451,0.009867710061371326,0.010899161919951439,0.07937982678413391,0.06300657987594604,0.02626381441950798,0.008195463567972183,0.008004613220691681,0.021882252767682076,0.03851676359772682,0.07144644111394882,0.032079100608825684,0.020922724157571793,0.04665578529238701,0.0344892181456089,0.020006448030471802,0.02356923371553421,0.010799395851790905,0.08819780498743057
0.0156037462875247,0.06343310326337814,0.009872076101601124,0.010898781009018421,0.07939683645963669,0.06298863142728806,0.026270246133208275,0.008198738098144531,0.007989173755049706,0.021876657381653786,0.038519978523254395,0.07146839797496796,0.03210021182894707,0.020900549367070198,0.04665953293442726,0.0344841331243515,0.020020898431539536,0.02359786257147789,0.010789293795824051,0.08821648359298706
0.1620108187198639,0.06700631976127625,0.010376526042819023,0.010723435319960117,0.06237254664301872,0.09036126732826233,0.027558045461773872,0.009760809130966663,0.007054812740534544,0.0810401439666748,0.1074134111404419,0.07484827935695648,0.03391701355576515,0.01929491013288498,0.06905853748321533,0.07531262934207916,0.021284805610775948,0.024343736469745636,0.009700761176645756,0.038187019526958466
0.1623697429895401,0.06712210923433304,0.010353419929742813,0.010736552998423576,0.06235131248831749,0.08991286903619766,0.027608755975961685,0.009778164327144623,0.007049643900245428,0.08098424226045609,0.10769963264465332,0.07493343204259872,0.033901870250701904,0.01927252486348152,0.06900335848331451,0.07530859857797623,0.021342547610402107,0.02433272823691368,0.009695783257484436,0.038192957639694214
0.162446990609169,0.06713810563087463,0.01036149263381958,0.01072346605360508,0.062322936952114105,0.08971786499023438,0.02763652801513672,0.009777049534022808,0.007045081350952387,0.08091752976179123,0.1078372672200203,0.07495854049921036,0.03388261795043945,0.01926848292350769,0.06898091733455658,0.0753202810883522,0.021332865580916405,0.024304214864969254,0.009686111472547054,0.0381530299782753
0.16254998743534088,0.06717559695243835,0.01034589484333992,0.010738696902990341,0.06232341006398201,0.08962789922952652,0.027638206258416176,0.009775793179869652,0.007054709363728762,0.08091646432876587,0.1078772321343422,0.07499080896377563,0.03388989344239235,0.01926424168050289,0.068958580493927,0.07527869939804077,0.021349551156163216,0.024309640750288963,0.009690833278000355,0.038155581802129745
0.16260169446468353,0.0672154352068901,0.010346508584916592,0.010733882896602154,0.062310840934515,0.08952020853757858,0.02763688750565052,0.009767338633537292,0.007043564226478338,0.0808982402086258,0.10795536637306213,0.07502733170986176,0.03387965261936188,0.0192545335739851,0.06895165890455246,0.07530446350574493,0.021378150209784508,0.02429414540529251,0.009681922383606434,0.03816315904259682
0.16265201568603516,0.06721965223550797,0.010336584411561489,0.010723918676376343,0.062301356345415115,0.08947746455669403,0.027630386874079704,0.00977544765919447,0.007054751273244619,0.08089691400527954,0.10800010710954666,0.07502008974552155,0.033886369317770004,0.019251713529229164,0.0689258873462677,0.075324647128582,0.021370021626353264,0.024306010454893112,0.009681507013738155,0.03814661130309105
0.0540752150118351,0.057113997638225555,0.01118370983749628,0.00922505371272564,0.041767630726099014,0.0826689824461937,0.023598017171025276,0.008751357905566692,0.010592368431389332,0.043593794107437134,0.05997105687856674,0.06422221660614014,0.03598453477025032,0.02151281200349331,0.03605848178267479,0.05805279687047005,0.018035447224974632,0.026385599747300148,0.011371100321412086,0.02530503086745739
0.05403241515159607,0.0571429580450058,0.011186131276190281,0.00922811683267355,0.04177604243159294,0.08243879675865173,0.023622747510671616,0.008747977204620838,0.010625569149851799,0.04356135055422783,0.06002090498805046,0.06424708664417267,0.03599369153380394,0.021542280912399292,0.03601716086268425,0.058066632598638535,0.018042340874671936,0.0264032743871212,0.011386390775442123,0.025322718545794487
0.054025135934352875,0.05714283883571625,0.011194800026714802,0.009224151261150837,0.04178117215633392,0.08235505223274231,0.023614956066012383,0.008753457106649876,0.01063347514718771,0.04352856054902077,0.060055285692214966,0.06424400210380554,0.03600306063890457,0.02153586596250534,0.0359857901930809,0.058086980134248734,0.018034687265753746,0.026425085961818695,0.011397113092243671,0.025323523208498955
0.05405408516526222,0.05712130293250084,0.011191808618605137,0.009227910079061985,0.04177748039364815,0.08235326409339905,0.02359534427523613,0.008753001689910889,0.010633452795445919,0.04351223260164261,0.06009391322731972,0.06423208117485046,0.036010369658470154,0.021548613905906677,0.035963770002126694,0.05810006707906723,0.018016448244452477,0.02642035111784935,0.011404024437069893,0.025312401354312897
0.05403709411621094,0.05718695744872093,0.011206553317606449,0.00923140998929739,0.04177568852901459,0.08223210275173187,0.02361982688307762,0.008735481649637222,0.010631916113197803,0.04348203167319298,0.060099419206380844,0.06427033990621567,0.03601863607764244,0.021544763818383217,0.03595012426376343,0.05809873715043068,0.018045229837298393,0.026432523503899574,0.011401333846151829,0.025320984423160553
0.054030805826187134,0.05716352537274361,0.011197248473763466,0.009222396649420261,0.04177602753043175,0.08225642144680023,0.023629000410437584,0.008735701441764832,0.010633423924446106,0.04347453638911247,0.06009242311120033,0.06426049768924713,0.03600441291928291,0.021546831354498863,0.035943206399679184,0.05811116844415665,0.018047383055090904,0.026438217610120773,0.011400237679481506,0.025322938337922096
0.013715261593461037,0.2869926989078522,0.0065639629028737545,0.010031010024249554,0.04609154909849167,0.05354085564613342,0.11462987214326859,0.006172295194119215,0.009618689306080341,0.03669113293290138,0.03594275563955307,0.2895808219909668,0.02183188498020172,0.02097908966243267,0.02718614786863327,0.032622672617435455,0.09441760927438736,0.01597977988421917,0.011536822654306889,0.027888644486665726
0.013596383854746819,0.28757309913635254,0.00657444354146719,0.010025810450315475,0.046086955815553665,0.05353999882936478,0.1149524673819542,0.006185629870742559,0.00961581151932478,0.036737989634275436,0.03605546057224274,0.2901328206062317,0.021843716502189636,0.020978927612304688,0.027231307700276375,0.03264026716351509,0.09463156014680862,0.015986965969204903,0.011514964513480663,0.027902983129024506
0.013586284592747688,0.2877752482891083,0.006558955647051334,0.010025623254477978,0.04609731212258339,0.05347202345728874,0.11502818018198013,0.006172592286020517,0.00963015016168356,0.03674512729048729,0.03603670746088028,0.29030758142471313,0.021825917065143585,0.02097461000084877,0.02723645605146885,0.0326310470700264,0.09469126164913177,0.015964312478899956,0.011525933630764484,0.027909060940146446
0.013561996631324291,0.2879076600074768,0.006557699292898178,0.010022863745689392,0.0460982471704483,0.05351085960865021,0.11509737372398376,0.006175013724714518,0.00961837638169527,0.03675822913646698,0.036024607717990875,0.29042068123817444,0.021816305816173553,0.020980294793844223,0.027244912460446358,0.032633647322654724,0.09473373740911484,0.015958286821842194,0.011528115719556808,0.027907470241189003
0.013552322052419186,0.2879576086997986,0.006556697189807892,0.010028624907135963,0.04609782248735428,0.05348347872495651,0.11511600762605667,0.006162778474390507,0.009625570848584175,0.03677862137556076,0.03606005012989044,0.2904667854309082,0.021824751049280167,0.02098946087062359,0.027255797758698463,0.03263929858803749,0.09474828094244003,0.01596836745738983,0.011522571556270123,0.027908720076084137
0.013541539199650288,0.2880913317203522,0.006559373810887337,0.0100226616486907,0.046125125139951706,0.05350619927048683,0.11515727639198303,0.006167745683342218,0.009622042998671532,0.03678090125322342,0.03606623038649559,0.2906074523925781,0.021826285868883133,0.020984595641493797,0.0272628553211689,0.03266066685318947,0.09480419754981995,0.01596132665872574,0.011533334851264954,0.027920667082071304
0.012656976468861103,0.07840368896722794,0.04350309818983078,0.014059186913073063,0.05992809310555458,0.05219684913754463,0.03203296661376953,0.004249623976647854,0.008570526726543903,0.06942462176084518,0.03416924923658371,0.08746107667684555,0.057421233505010605,0.021531209349632263,0.0577729232609272,0.03103686310350895,0.024919159710407257,0.0494905561208725,0.010708746500313282,0.036101095378398895
0.012635339051485062,0.07839296758174896,0.04348777234554291,0.014051783829927444,0.05995108559727669,0.05226069316267967,0.03203057870268822,0.004228182137012482,0.008562556467950344,0.06945091485977173,0.034158192574977875,0.08745517581701279,0.05740761756896973,0.021538421511650085,0.05778995528817177,0.031025273725390434,0.024915162473917007,0.04948704317212105,0.01071176491677761,0.03609395772218704
0.012695865705609322,0.07838420569896698,0.04349038749933243,0.014052558690309525,0.059974305331707,0.05226944759488106,0.03201483562588692,0.0042433589696884155,0.008562005124986172,0.0694887638092041,0.034145962446928024,0.08744628727436066,0.05743874981999397,0.0215523149818182,0.05782314017415047,0.0310493353754282,0.02489970438182354,0.04951450601220131,0.010712428949773312,0.03610767424106598
0.012638963758945465,0.07835881412029266,0.043468400835990906,0.014042554423213005,0.059975553303956985,0.052309516817331314,0.03203431889414787,0.004247100092470646,0.00855835061520338,0.06950293481349945,0.03418006747961044,0.08744242787361145,0.057434242218732834,0.021568115800619125,0.05784149467945099,0.031076688319444656,0.02489778958261013,0.04952164739370346,0.010731600224971771,0.03609718754887581
0.012623831629753113,0.07833646982908249,0.04347092658281326,0.014044184237718582,0.05998893454670906,0.05229075998067856,0.03202233463525772,0.0042404173873364925,0.008563368581235409,0.0695132240653038,0.03413404896855354,0.08741884678602219,0.05746888741850853,0.021554511040449142,0.05784783884882927,0.03104265034198761,0.02487661875784397,0.04953406751155853,0.010724281892180443,0.03611217439174652
0.012673711404204369,0.07834607362747192,0.04346216470003128,0.014050946570932865,0.05999196320772171,0.0523231066763401,0.03203906863927841,0.0042403689585626125,0.008556097745895386,0.06951292604207993,0.03414062783122063,0.0874313935637474,0.05746253579854965,0.021564587950706482,0.05785961449146271,0.031063660979270935,0.02490055374801159,0.04953329265117645,0.010727002285420895,0.0361076183617115
0.013169869780540466,0.3193848729133606,0.0079077472910285,0.013740488328039646,0.0605781115591526,0.05440123379230499,0.1340789496898651,0.008497990667819977,0.008379238657653332,0.07057742774486542,0.03450319543480873,0.31791892647743225,0.02684859000146389,0.020531142130494118,0.058461107313632965,0.030931489542126656,0.10480863600969315,0.019422311335802078,0.009856932796537876,0.036447327584028244
0.01315288059413433,0.3191165626049042,0.007903140969574451,0.013737487606704235,0.06052954122424126,0.054363030940294266,0.13394765555858612,0.008513537235558033,0.008365964516997337,0.07054181396961212,0.034524962306022644,0.3175758421421051,0.026871390640735626,0.02053414098918438,0.05843694135546684,0.03093203715980053,0.10472400486469269,0.019421078264713287,0.009842760860919952,0.036427903920412064
0.013139786198735237,0.31910234689712524,0.007905637845396996,0.013738671317696571,0.060545582324266434,0.054344505071640015,0.13390079140663147,0.008491037413477898,0.008364981040358543,0.07055314630270004,0.034489355981349945,0.3175252377986908,0.02685071900486946,0.020535310730338097,0.05844050273299217,0.030928468331694603,0.10471610724925995,0.019413795322179794,0.009840368293225765,0.03644222021102905
0.013160832226276398,0.3189878463745117,0.0079010259360075,0.013745310716331005,0.06054404750466347,0.05436711385846138,0.1338742971420288,0.008508001454174519,0.008364417590200901,0.07055535167455673,0.034508999437093735,0.3174091875553131,0.026877587661147118,0.02052507922053337,0.05844469368457794,0.03092479333281517,0.10468274354934692,0.01943335309624672,0.00983578059822321,0.036427274346351624
0.01320128794759512,0.31901296973228455,0.007893431931734085,0.013745351694524288,0.06054016202688217,0.05443606525659561,0.1338367909193039,0.008505575358867645,0.008360420353710651,0.07054278999567032,0.03451718017458916,0.3174281120300293,0.026837579905986786,0.020530231297016144,0.05844380334019661,0.030925806611776352,0.10469341278076172,0.01940934732556343,0.009842436760663986,0.03643764927983284
0.013172964565455914,0.3190033733844757,0.007893108762800694,0.013737503439188004,0.0605468675494194,0.05439648777246475,0.1338721662759781,0.008509698323905468,0.00836810003966093,0.07055436074733734,0.03451916575431824,0.31744900345802307,0.026858272030949593,0.02053104341030121,0.05845482274889946,0.03094468265771866,0.10467708855867386,0.01942187175154686,0.009839081205427647,0.03644099459052086
0.05514910817146301,0.05776990205049515,0.010433975607156754,0.009372281841933727,0.044131696224212646,0.08008979260921478,0.024043690413236618,0.008151012472808361,0.010544267483055592,0.04487072303891182,0.05878943204879761,0.06538508087396622,0.0335601381957531,0.021515510976314545,0.03703537583351135,0.05704145133495331,0.0181763656437397,0.024626540020108223,0.011494170874357224,0.026869766414165497
0.05524994060397148,0.05772615224123001,0.010429366491734982,0.009365534409880638,0.04411452263593674,0.07999823987483978,0.024050753563642502,0.00813628826290369,0.010545274242758751,0.0447741374373436,0.05885299667716026,0.06536572426557541,0.03358219563961029,0.02151915431022644,0.036967214196920395,0.057067833840847015,0.018143294379115105,0.02465318702161312,0.011491386219859123,0.026860056445002556
0.05527951940894127,0.05772840231657028,0.010445542633533478,0.009369069710373878,0.044125571846961975,0.07996779680252075,0.024042630568146706,0.008151578716933727,0.010542300529778004,0.04478966444730759,0.05888253450393677,0.0653490424156189,0.0335836298763752,0.021516529843211174,0.03694728761911392,0.0570710264146328,0.01813735067844391,0.024664387106895447,0.011495579034090042,0.02686387300491333
0.05529985576868057,0.05775640532374382,0.010459472425282001,0.009358145296573639,0.04410770162940025,0.0799146443605423,0.024092230945825577,0.008139904588460922,0.010549589991569519,0.044749367982149124,0.05890443176031113,0.06537724286317825,0.03358558565378189,0.02151588723063469,0.03693719208240509,0.057097870856523514,0.01813727617263794,0.024664953351020813,0.011503058485686779,0.026853429153561592
0.05529167503118515,0.05773815140128136,0.010456043295562267,0.009362762793898582,0.04410462826490402,0.07992134243249893,0.024049408733844757,0.008168880827724934,0.010533417575061321,0.04474642127752304,0.058937590569257736,0.06535379588603973,0.033587824553251266,0.02151457406580448,0.036931443959474564,0.057096146047115326,0.01814240589737892,0.024674436077475548,0.011502767913043499,0.02685900218784809
0.05530932545661926,0.057698093354701996,0.01045829989016056,0.00937349908053875,0.04412015900015831,0.07988891750574112,0.024029375985264778,0.008131543174386024,0.010551399551331997,0.04475623369216919,0.05894463136792183,0.06531607359647751,0.0335891917347908,0.02152307890355587,0.036921873688697815,0.057109639048576355,0.018122907727956772,0.024674367159605026,0.011505814269185066,0.02685599960386753
0.01362988818436861,0.31741267442703247,0.008303437381982803,0.013238025829195976,0.060345135629177094,0.055889640003442764,0.13327883183956146,0.008363704197108746,0.007997233420610428,0.07152948528528214,0.03518762066960335,0.31589406728744507,0.027939055114984512,0.020327292382717133,0.05958396568894386,0.03152233734726906,0.10413239896297455,0.020278042182326317,0.009826641529798508,0.036482781171798706
0.013591129332780838,0.3171454668045044,0.008302885107696056,0.013251989148557186,0.060350414365530014,0.05587583780288696,0.13317303359508514,0.008381958119571209,0.008002595975995064,0.07162170112133026,0.03521781042218208,0.3155876398086548,0.027941718697547913,0.02035415545105934,0.059662628918886185,0.03152083232998848,0.10405054688453674,0.02028604969382286,0.009820030070841312,0.0364818200469017
0.013575690798461437,0.3170846700668335,0.008301462978124619,0.013246752321720123,0.06037110835313797,0.055867962539196014,0.13312098383903503,0.00836881808936596,0.007981579750776291,0.0716760978102684,0.035245366394519806,0.3155328333377838,0.027926506474614143,0.020352210849523544,0.059706855565309525,0.0315377376973629,0.10401622951030731,0.02028939314186573,0.009807397611439228,0.036493606865406036
0.013607395812869072,0.31694215536117554,0.008308746851980686,0.013249184004962444,0.06036817282438278,0.05592282488942146,0.1330346316099167,0.008369182236492634,0.00799128133803606,0.07171589136123657,0.03522057458758354,0.31540244817733765,0.027934350073337555,0.02036050707101822,0.05974120274186134,0.03155670315027237,0.1039796769618988,0.02028387039899826,0.00980399176478386,0.036497488617897034
0.013621826656162739,0.3168906271457672,0.008286121301352978,0.013244721107184887,0.06037580594420433,0.05594589561223984,0.13304801285266876,0.008378526195883751,0.007985880598425865,0.07172258198261261,0.035269804298877716,0.31534484028816223,0.02792012132704258,0.02036149986088276,0.05974986031651497,0.03157077729701996,0.10393843054771423,0.020273951813578606,0.00980522483587265,0.03650754317641258
0.013582147657871246,0.3167198598384857,0.008291712962090969,0.013249987736344337,0.06037502363324165,0.055931709706783295,0.13297758996486664,0.00837207306176424,0.007984897121787071,0.07174477726221085,0.03526637330651283,0.31519877910614014,0.02793046459555626,0.020358053967356682,0.059771258383989334,0.03157180920243263,0.10388969630002975,0.020272213965654373,0.009796909987926483,0.036491990089416504
0.01297625619918108,0.0755898505449295,0.044037673622369766,0.01328493095934391,0.061007555574178696,0.05423486605286598,0.03072817251086235,0.003950212616473436,0.008129781112074852,0.07218676805496216,0.03466159105300903,0.08399008959531784,0.05479272082448006,0.021114464849233627,0.06031400337815285,0.031324394047260284,0.024081870913505554,0.047479379922151566,0.010443436913192272,0.03681686520576477
0.012959621846675873,0.07551607489585876,0.04401521757245064,0.013271701522171497,0.06103559583425522,0.05421501025557518,0.030697377398610115,0.003937594126909971,0.00814853422343731,0.07222355157136917,0.034609220921993256,0.08390931040048599,0.054828859865665436,0.02110675722360611,0.0603315569460392,0.03132059425115585,0.02405814826488495,0.047519784420728683,0.010453742928802967,0.03681948408484459
0.012951510027050972,0.07553083449602127,0.04403261840343475,0.013276735320687294,0.06104351580142975,0.054263606667518616,0.030721813440322876,0.0039437501691281796,0.008131987415254116,0.07224200665950775,0.03461391106247902,0.08390864729881287,0.05484971031546593,0.021127134561538696,0.06033695861697197,0.03131280466914177,0.024067774415016174,0.0475439690053463,0.010458585806190968,0.036815110594034195
0.01293658372014761,0.07551354914903641,0.04400878772139549,0.01326849963515997,0.061049386858940125,0.05429856479167938,0.03072570078074932,0.00395331671461463,0.008130626752972603,0.07225269079208374,0.03464438021183014,0.08390391618013382,0.054867200553417206,0.02112928219139576,0.06035672873258591,0.031347937881946564,0.02405528351664543,0.047557033598423004,0.010452810674905777,0.036809999495744705
0.012892629019916058,0.07548565417528152,0.044020749628543854,0.013277804479002953,0.06106910854578018,0.054261282086372375,0.030714822933077812,0.003956564236432314,0.008125371299684048,0.07224678248167038,0.03462837263941765,0.08389661461114883,0.05490313470363617,0.021126696839928627,0.06034952402114868,0.03132405877113342,0.024058872833848,0.04758496209979057,0.010456160642206669,0.03683584928512573
0.012939194217324257,0.07547757774591446,0.04399755224585533,0.01327239628881216,0.061064712703228,0.05425432324409485,0.030718332156538963,0.003933759871870279,0.00813256949186325,0.0722603127360344,0.0346146784722805,0.08385764807462692,0.05487826094031334,0.021126659587025642,0.060361601412296295,0.031293850392103195,0.02404860407114029,0.047571320086717606,0.010462204925715923,0.03683575615286827
0.05358080938458443,0.05783392861485481,0.010803851298987865,0.00933324545621872,0.041808031499385834,0.08215443789958954,0.023966781795024872,0.008426373824477196,0.010611393488943577,0.04372857138514519,0.059968627989292145,0.06516775488853455,0.03470649942755699,0.021651584655046463,0.03623416647315025,0.05800850689411163,0.018231112509965897,0.0254820603877306,0.011473827064037323,0.025385744869709015
0.053768888115882874,0.0578170008957386,0.01079056691378355,0.009336905553936958,0.0418044812977314,0.08211919665336609,0.023967130109667778,0.008425204083323479,0.010610305704176426,0.04371345788240433,0.060090839862823486,0.06514719873666763,0.03470399230718613,0.021663572639226913,0.0362076461315155,0.058061037212610245,0.018231797963380814,0.025477316230535507,0.011467191390693188,0.02537441998720169
0.05378853902220726,0.057789094746112823,0.01079547218978405,0.009343151934444904,0.04178829491138458,0.08209296315908432,0.02396029606461525,0.008437049575150013,0.01060519739985466,0.04371616989374161,0.060112882405519485,0.06510671973228455,0.034706465899944305,0.021649880334734917,0.03619640693068504,0.05809301510453224,0.018213531002402306,0.025475118309259415,0.011455779895186424,0.02536620944738388
0.05378028005361557,0.057841356843709946,0.010786468163132668,0.009332086890935898,0.041785433888435364,0.08210411667823792,0.02398093417286873,0.008442746475338936,0.010606616735458374,0.043675169348716736,0.06009092926979065,0.06515683233737946,0.03473374620079994,0.02164851874113083,0.036188021302223206,0.058079399168491364,0.01822231337428093,0.025500355288386345,0.01147477701306343,0.02536313608288765
0.053812701255083084,0.0578094907104969,0.01080495398491621,0.009324567392468452,0.04179901257157326,0.0820620059967041,0.02395445667207241,0.008455194532871246,0.010603703558444977,0.04367811605334282,0.06009750813245773,0.0651223435997963,0.0347195602953434,0.021644799038767815,0.036186035722494125,0.05807262659072876,0.018209151923656464,0.025493089109659195,0.011468883603811264,0.025377804413437843
0.0538356713950634,0.05780237913131714,0.01080399565398693,0.009329746477305889,0.04179638251662254,0.08208191394805908,0.023953936994075775,0.008426809683442116,0.010609552264213562,0.043680936098098755,0.06014647334814072,0.06512340158224106,0.03471783921122551,0.021657466888427734,0.03617534413933754,0.05811324715614319,0.01822447031736374,0.025481320917606354,0.011467535980045795,0.025370771065354347
0.015736764296889305,0.0619448758661747,0.010078159160912037,0.01063617318868637,0.07918687164783478,0.063194639980793,0.025609828531742096,0.00830038171261549,0.008321805857121944,0.022976621985435486,0.03863662853837013,0.06972336024045944,0.032715994864702225,0.021054131910204887,0.047553278505802155,0.03459630161523819,0.019534233957529068,0.024050112813711166,0.01091119647026062,0.08801765739917755
0.01571100577712059,0.06192798912525177,0.010070024989545345,0.010618562810122967,0.07920491695404053,0.06320920586585999,0.025608522817492485,0.008299747481942177,0.008328298106789589,0.022980432957410812,0.038637805730104446,0.06971634179353714,0.032732464373111725,0.021070074290037155,0.0475870706140995,0.03457966446876526,0.01953946240246296,0.024056654423475266,0.010898308828473091,0.0880812481045723
0.01568642631173134,0.06191741302609444,0.010081600397825241,0.010625990107655525,0.07924070954322815,0.06322142481803894,0.02559644915163517,0.008282304741442204,0.008334978483617306,0.02300417795777321,0.03864552453160286,0.06970759481191635,0.03272029012441635,0.021069392561912537,0.04761973023414612,0.034587275236845016,0.019538719207048416,0.024059530347585678,0.010898911394178867,0.08811990916728973
0.015694597736001015,0.061935458332300186,0.010072734206914902,0.010621421970427036,0.0792362168431282,0.06329893320798874,0.02561778388917446,0.008309649303555489,0.008326112292706966,0.023001575842499733,0.03865642473101616,0.0697341114282608,0.032732706516981125,0.021077053621411324,0.047627903521060944,0.034603990614414215,0.019541224464774132,0.024059033021330833,0.01090661808848381,0.08812302350997925
0.015671128407120705,0.06191347911953926,0.010074771009385586,0.010622700676321983,0.0792536810040474,0.06322793662548065,0.025616686791181564,0.008293959312140942,0.00832278374582529,0.02301461063325405,0.038642626255750656,0.06971461325883865,0.032722990959882736,0.021075846627354622,0.047633662819862366,0.034603193402290344,0.019549008458852768,0.024074027314782143,0.010899963788688183,0.08813739567995071
0.015668926760554314,0.06187616288661957,0.010074933990836143,0.010618677362799644,0.07924316823482513,0.06326621025800705,0.02560514584183693,0.008297347463667393,0.008321934379637241,0.023015517741441727,0.03865210339426994,0.06966818869113922,0.03273661807179451,0.02107464335858822,0.04763227701187134,0.03459322452545166,0.019532460719347,0.024075690656900406,0.01090286299586296,0.08814118802547455
0.01335305254906416,0.3173139989376068,0.007782577537000179,0.01321767084300518,0.061060115694999695,0.05521532893180847,0.13328078389167786,0.00800930242985487,0.007864442653954029,0.07219959795475006,0.03522976487874985,0.31583988666534424,0.026273909956216812,0.02072416990995407,0.060291554778814316,0.03163658455014229,0.10410331189632416,0.019075622782111168,0.010096835903823376,0.037080615758895874
0.01331233885139227,0.3170779347419739,0.007800080347806215,0.013233455829322338,0.06103449687361717,0.05522247403860092,0.13318198919296265,0.008017514832317829,0.00784323550760746,0.07217267900705338,0.035241950303316116,0.3155677914619446,0.026309162378311157,0.020735424011945724,0.06027408316731453,0.03164895996451378,0.10402771085500717,0.01908312551677227,0.010083154775202274,0.037072841078042984
0.013336936943233013,0.3168216943740845,0.007789773400872946,0.013222645968198776,0.061034515500068665,0.055185336619615555,0.1330593377351761,0.008033120073378086,0.00785829871892929,0.07218331098556519,0.0352497361600399,0.315313458442688,0.026300927624106407,0.020725153386592865,0.06029500439763069,0.03164364770054817,0.10393152385950089,0.01906222105026245,0.010080629028379917,0.03708085045218468
0.013379506766796112,0.3166061341762543,0.007805565372109413,0.013225480914115906,0.0610475018620491,0.05518953874707222,0.1329611986875534,0.008025774732232094,0.007845659740269184,0.07220330834388733,0.03522830456495285,0.3150964677333832,0.026312479749321938,0.020723514258861542,0.06031735613942146,0.03165275976061821,0.1038595512509346,0.019089290872216225,0.010072371922433376,0.03708784282207489
0.013371093198657036,0.31655755639076233,0.007784028071910143,0.013229910284280777,0.06104022637009621,0.05521290749311447,0.1329464167356491,0.008007535710930824,0.007840132340788841,0.07219158113002777,0.03527941182255745,0.3150114119052887,0.0262896791100502,0.020726922899484634,0.06030245125293732,0.03169560059905052,0.1038573831319809,0.01907624863088131,0.010073875077068806,0.03707713261246681
0.01336396299302578,0.3165183663368225,0.007811856456100941,0.013238807208836079,0.0610632598400116,0.055201780050992966,0.13289181888103485,0.008032217621803284,0.007844211533665657,0.07222805172204971,0.03528691455721855,0.314995139837265,0.02631697803735733,0.020727118477225304,0.06033957377076149,0.03169414401054382,0.10380387306213379,0.01908820867538452,0.01006524357944727,0.037087373435497284
0.015967415645718575,0.06639504432678223,0.010007304139435291,0.03630981966853142,0.057828374207019806,0.06251690536737442,0.02683413401246071,0.008914858102798462,0.05912260338664055,0.07433728873729706,0.03749160096049309,0.07337379455566406,0.032840557396411896,0.0697142705321312,0.06315294653177261,0.03342467546463013,0.021206429228186607,0.024022500962018967,0.04520762711763382,0.03533582761883736
0.016048775985836983,0.06636743992567062,0.010008087381720543,0.03627847507596016,0.05784428492188454,0.06257381290197372,0.02682659961283207,0.00892756786197424,0.059121813625097275,0.07437419146299362,0.03747366741299629,0.07336464524269104,0.032868433743715286,0.06970663368701935,0.06315413862466812,0.03344345465302467,0.021191738545894623,0.024024348706007004,0.04518258944153786,0.0353236198425293
0.01610599458217621,0.06635582447052002,0.01002290565520525,0.03627006709575653,0.05785245820879936,0.06262201070785522,0.026830390095710754,0.008911478333175182,0.05911171808838844,0.07437458634376526,0.037477776408195496,0.073351189494133,0.03289494663476944,0.0697091743350029,0.0631725937128067,0.033429551869630814,0.021182313561439514,0.02405231073498726,0.045175906270742416,0.03533989191055298
0.016073953360319138,0.06632451713085175,0.01002061553299427,0.036266472190618515,0.05785246193408966,0.06262949109077454,0.026830701157450676,0.008925694972276688,0.059128183871507645,0.07438347488641739,0.037464722990989685,0.07331918179988861,0.0328948050737381,0.06971250474452972,0.06317771226167679,0.033452603965997696,0.021181024610996246,0.024071047082543373,0.04517202079296112,0.03533308207988739
0.01602749340236187,0.0663226768374443,0.010029090568423271,0.03627749904990196,0.05787578970193863,0.06260675936937332,0.026818551123142242,0.008925095200538635,0.05912358686327934,0.07439059019088745,0.03748114034533501,0.07331808656454086,0.032884903252124786,0.06971906870603561,0.06317847967147827,0.03343883901834488,0.02118276245892048,0.02406146749854088,0.04516662284731865,0.03533320873975754
0.016108056530356407,0.06627510488033295,0.010017864406108856,0.036252640187740326,0.05786452442407608,0.06263474375009537,0.026801982894539833,0.008918638341128826,0.05911482498049736,0.07438835501670837,0.03746482729911804,0.07327146083116531,0.03288944438099861,0.06971655786037445,0.06318771839141846,0.03342759236693382,0.021162940189242363,0.0240553617477417,0.04516617953777313,0.0353313647210598
0.016062065958976746,0.060937270522117615,0.010564836673438549,0.010497210547327995,0.07943976670503616,0.06364542245864868,0.025159789249300957,0.008807116188108921,0.008207063190639019,0.023016314953565598,0.038426078855991364,0.06846833229064941,0.03435279056429863,0.020843101665377617,0.04754708707332611,0.0343514122068882,0.019264737144112587,0.025225678458809853,0.010681452229619026,0.0880497545003891
0.016015445813536644,0.06089643016457558,0.010567648336291313,0.010504488833248615,0.07943318784236908,0.06362088024616241,0.0251692496240139,0.008793308399617672,0.00821847002953291,0.023014487698674202,0.0384242907166481,0.06844734400510788,0.03434620797634125,0.020861845463514328,0.04755144193768501,0.03434063866734505,0.019245734438300133,0.02522653341293335,0.010681238025426865,0.08805035054683685
0.016021696850657463,0.060934875160455704,0.010555997490882874,0.01048758439719677,0.07944940030574799,0.06357055902481079,0.02516452968120575,0.008823398500680923,0.008206193335354328,0.02301771007478237,0.03841714560985565,0.06844434887170792,0.034353386610746384,0.020842161029577255,0.04755420982837677,0.03431474789977074,0.01924842782318592,0.02522633969783783,0.010683251544833183,0.08807406574487686
0.016049498692154884,0.06089739128947258,0.010557768866419792,0.0104959886521101,0.0794510766863823,0.06358303874731064,0.0251369196921587,0.00881029013544321,0.00822029821574688,0.0230354405939579,0.03839989751577377,0.06843859702348709,0.03437938541173935,0.02084694430232048,0.047566745430231094,0.034306466579437256,0.01924116350710392,0.025237053632736206,0.010680652223527431,0.08807919174432755
0.016051776707172394,0.060925401747226715,0.01055823639035225,0.010509305633604527,0.07946625351905823,0.06358034163713455,0.025161296129226685,0.008812124840915203,0.008201542310416698,0.023020118474960327,0.0384381003677845,0.0684506818652153,0.034362684935331345,0.020852189511060715,0.04757266491651535,0.03433294594287872,0.01926165074110031,0.025233618915081024,0.010689853690564632,0.0880834311246872
0.016043972223997116,0.060923896729946136,0.010568521916866302,0.010496508330106735,0.07946477830410004,0.06360770761966705,0.025181785225868225,0.008813002146780491,0.00821582693606615,0.023032594472169876,0.03841979056596756,0.06846481561660767,0.03435279428958893,0.020845163613557816,0.04757402092218399,0.034343961626291275,0.019252585247159004,0.02523687854409218,0.0106815742328763,0.08808168023824692
0.16249527037143707,0.06605642288923264,0.009969403967261314,0.011044669896364212,0.060221899300813675,0.09079741686582565,0.027150657027959824,0.009272621013224125,0.0074570197612047195,0.07915914058685303,0.10811598598957062,0.07377304136753082,0.03251977637410164,0.020234057679772377,0.06775062531232834,0.07601538300514221,0.020977409556508064,0.023344121873378754,0.01013984251767397,0.037078261375427246
0.16277562081813812,0.06613411009311676,0.009954619221389294,0.011040113866329193,0.06018949672579765,0.09028839319944382,0.027210567146539688,0.009307019412517548,0.007453523576259613,0.07910183817148209,0.10839099436998367,0.07384654879570007,0.03252102807164192,0.020223114639520645,0.06768406182527542,0.07596778124570847,0.02101777121424675,0.02334694191813469,0.010119916871190071,0.03705666959285736
0.16291062533855438,0.06622143089771271,0.009939680807292461,0.011049079708755016,0.060174450278282166,0.09021509438753128,0.02724623493850231,0.009271474555134773,0.0074505372904241085,0.07905657589435577,0.10851588100194931,0.07392409443855286,0.032479602843523026,0.020208271220326424,0.0676673874258995,0.07599388808012009,0.021058185026049614,0.02332106977701187,0.01011467445641756,0.03705228865146637
0.16300982236862183,0.066181480884552,0.009950319305062294,0.011050268076360226,0.06018255650997162,0.09011869132518768,0.027234338223934174,0.009287897497415543,0.00743432343006134,0.07903631776571274,0.10858921706676483,0.07389543950557709,0.03250015154480934,0.020203635096549988,0.06764855980873108,0.07598116248846054,0.021038437262177467,0.023333564400672913,0.010110050439834595,0.037047017365694046
0.16305051743984222,0.06625300645828247,0.009924824349582195,0.011057964526116848,0.06016150489449501,0.09001673012971878,0.027237581089138985,0.009273874573409557,0.007432349491864443,0.0790301114320755,0.10861219465732574,0.07396122068166733,0.032478515058755875,0.02020242251455784,0.0676407441496849,0.0759676843881607,0.02105141431093216,0.023313073441386223,0.010108415968716145,0.037046607583761215
0.16305673122406006,0.06621278077363968,0.00996080506592989,0.011047177948057652,0.060153499245643616,0.08999380469322205,0.0272538885474205,0.009296862408518791,0.007429684977978468,0.07901713997125626,0.10862775892019272,0.07391595095396042,0.03248758986592293,0.020191460847854614,0.06762577593326569,0.07598313689231873,0.021045450121164322,0.023331988602876663,0.010094222612679005,0.03704332932829857
0.01342662051320076,0.07444515824317932,0.043267518281936646,0.014606578275561333,0.05932466685771942,0.05514010041952133,0.030265694484114647,0.004444798920303583,0.009081216529011726,0.0675707533955574,0.03551466763019562,0.08269273489713669,0.05806710198521614,0.021969210356473923,0.055954888463020325,0.0321495421230793,0.02372601628303528,0.0499560683965683,0.010818758979439735,0.035612452775239944
0.013335315510630608,0.07443512976169586,0.0432572178542614,0.01460770983248949,0.05935898795723915,0.055148616433143616,0.03029653988778591,0.004436972551047802,0.009072057902812958,0.06760205328464508,0.03548978269100189,0.08269459754228592,0.0581321083009243,0.022001106292009354,0.05598398670554161,0.03215186297893524,0.023702291771769524,0.0500202439725399,0.010832041501998901,0.03562098369002342
0.01330356765538454,0.07445326447486877,0.04327404499053955,0.01461018342524767,0.05938229709863663,0.05521981418132782,0.03029162995517254,0.004418520722538233,0.009056991897523403,0.06760552525520325,0.03549989312887192,0.08271222561597824,0.05821855366230011,0.02202160470187664,0.05599445477128029,0.03216176852583885,0.023710722103714943,0.0500873439013958,0.010854069143533707,0.035644788295030594
0.013250512070953846,0.07443153113126755,0.04326803609728813,0.014599672518670559,0.059384915977716446,0.055187299847602844,0.030311599373817444,0.00442607281729579,0.009074125438928604,0.0676206648349762,0.035484813153743744,0.08272508531808853,0.05821282044053078,0.022013697773218155,0.056012555956840515,0.03213460370898247,0.023718921467661858,0.05009596049785614,0.010861413553357124,0.03563842922449112
0.013212918303906918,0.07438252121210098,0.04327588528394699,0.014598200097680092,0.0594002790749073,0.055204253643751144,0.030299058184027672,0.004444093909114599,0.009040887467563152,0.06761348247528076,0.035478051751852036,0.08265695720911026,0.05826488137245178,0.02202647551894188,0.05600613355636597,0.03215441480278969,0.023697948083281517,0.050129055976867676,0.010855202563107014,0.035637158900499344
0.013219326734542847,0.07436908781528473,0.04327567294239998,0.014602117240428925,0.05940162390470505,0.05519988760352135,0.030275072902441025,0.004429531749337912,0.009053080342710018,0.0676291286945343,0.03549326956272125,0.08263848721981049,0.05825353041291237,0.022024791687726974,0.05600694939494133,0.0321621336042881,0.023684460669755936,0.050131652504205704,0.010862760245800018,0.03565078228712082
0.013243738561868668,0.3171756863594055,0.0074181389063596725,0.013738241046667099,0.05957287177443504,0.05428388714790344,0.1331949234008789,0.007462671957910061,0.00819343514740467,0.07030045986175537,0.034971993416547775,0.3158237040042877,0.024933326989412308,0.021552233025431633,0.058715831488370895,0.03147122636437416,0.10404835641384125,0.018123362213373184,0.010413888841867447,0.036202386021614075
0.013232347555458546,0.31694740056991577,0.007427819538861513,0.013730254024267197,0.05957169085741043,0.05418834835290909,0.13308587670326233,0.007455103099346161,0.00820223893970251,0.07028944790363312,0.034984514117240906,0.31557708978652954,0.024964714422822,0.02154759131371975,0.05871559679508209,0.03147076815366745,0.10396092385053635,0.018144868314266205,0.01040642336010933,0.03620162978768349
0.013279720209538937,0.31678053736686707,0.007419419474899769,0.013744615018367767,0.059541404247283936,0.054271481931209564,0.1330106109380722,0.0074736932292580605,0.008190780878067017,0.07027075439691544,0.034967049956321716,0.3153921365737915,0.0249404888600111,0.021533338353037834,0.058698173612356186,0.031467095017433167,0.10389994829893112,0.018133152276277542,0.010397874750196934,0.036191560328006744
0.013263664208352566,0.3167484402656555,0.007415967993438244,0.013733739964663982,0.059547025710344315,0.05424927547574043,0.13298991322517395,0.007475471589714289,0.008189684711396694,0.07028328627347946,0.03497336059808731,0.3153757154941559,0.024949848651885986,0.021547695621848106,0.05870761349797249,0.031433477997779846,0.10391567647457123,0.01812814176082611,0.010394472628831863,0.036196012049913406
0.013273784890770912,0.3168228566646576,0.007425565272569656,0.013744333758950233,0.05956707149744034,0.054259587079286575,0.13301481306552887,0.007471694145351648,0.008185477927327156,0.07030230760574341,0.03496203199028969,0.3154292702674866,0.024936974048614502,0.021550975739955902,0.05872466042637825,0.03145108371973038,0.10391020029783249,0.018115516752004623,0.010401898995041847,0.03620104119181633
0.013247499242424965,0.31691643595695496,0.0074240583926439285,0.013735066168010235,0.059567421674728394,0.05424283817410469,0.1330687403678894,0.007450133562088013,0.008185779675841331,0.07027116417884827,0.034974128007888794,0.31552255153656006,0.024958742782473564,0.021545497700572014,0.05871107801795006,0.03145794942975044,0.10396905988454819,0.018142148852348328,0.01040023472160101,0.03619907796382904
0.01463205087929964,0.06585700809955597,0.009835392236709595,0.03628239408135414,0.06010003760457039,0.05891967937350273,0.0266435407102108,0.00896416511386633,0.05925723910331726,0.07604090869426727,0.035836972296237946,0.07281914353370667,0.032434530556201935,0.06978392601013184,0.06434065103530884,0.032066866755485535,0.021036159247159958,0.02368931472301483,0.04523565247654915,0.03655131533741951
0.014701448380947113,0.06582172960042953,0.009861834347248077,0.036263976246118546,0.06012899801135063,0.058951813727617264,0.02663302980363369,0.008979210630059242,0.059260398149490356,0.07605662196874619,0.0358046218752861,0.07278090715408325,0.03245966136455536,0.06978819519281387,0.06435594707727432,0.03203956037759781,0.021023208275437355,0.023713449016213417,0.04522746801376343,0.03656207397580147
0.014730419963598251,0.06582683324813843,0.009854312054812908,0.036262497305870056,0.060122981667518616,0.059004418551921844,0.0266153272241354,0.008965274319052696,0.05925498902797699,0.07605316489934921,0.035819511860609055,0.07279561460018158,0.03246007859706879,0.06976943463087082,0.06435976922512054,0.0320737287402153,0.021022874861955643,0.023719007149338722,0.04521414637565613,0.03654468059539795
0.014702988788485527,0.06579945981502533,0.009870082139968872,0.03623966500163078,0.06014106795191765,0.059024207293987274,0.0266428180038929,0.008996743708848953,0.05923635885119438,0.0760793685913086,0.03581872954964638,0.07277828454971313,0.03248131647706032,0.06976325064897537,0.06437256932258606,0.03205301985144615,0.0209930669516325,0.0237260814756155,0.04519663006067276,0.03657035157084465
0.01466753613203764,0.0658097118139267,0.009861263446509838,0.03623782843351364,0.06014498695731163,0.058980461210012436,0.026648113504052162,0.008980127982795238,0.05925115942955017,0.0760788545012474,0.03580291569232941,0.0727943554520607,0.032471247017383575,0.06977662444114685,0.06436406821012497,0.032061006873846054,0.021008698269724846,0.02371855638921261,0.04520631954073906,0.036559946835041046
0.014741526916623116,0.06582117080688477,0.00986795499920845,0.03623131290078163,0.060134463012218475,0.05905894562602043,0.026630694046616554,0.008993901312351227,0.05924864113330841,0.07605418562889099,0.035777971148490906,0.0728164091706276,0.03248409181833267,0.06975902616977692,0.06436188519001007,0.03206628933548927,0.02101704105734825,0.023731792345643044,0.0452069491147995,0.03656281903386116
0.013340885750949383,0.29480722546577454,0.006716882344335318,0.009967796504497528,0.04501732066273689,0.05391811951994896,0.11781185865402222,0.006553175859153271,0.009637515991926193,0.036167580634355545,0.03590471297502518,0.29712265729904175,0.022484373301267624,0.020992424339056015,0.026587383821606636,0.032473042607307434,0.09707403928041458,0.016427258029580116,0.01144666038453579,0.0270528644323349
0.01328054815530777,0.2948835790157318,0.006728540174663067,0.009968834929168224,0.04501938819885254,0.05390920490026474,0.11786362528800964,0.006524239666759968,0.009623822756111622,0.03615033999085426,0.035950250923633575,0.29717108607292175,0.022501399740576744,0.0209753829985857,0.026572726666927338,0.03246920183300972,0.09711359441280365,0.016406334936618805,0.011447232216596603,0.027048084884881973
0.013247259892523289,0.294955313205719,0.006721413694322109,0.009967240504920483,0.045027196407318115,0.0538899302482605,0.11789947003126144,0.006544504780322313,0.009637489914894104,0.03616133704781532,0.035924218595027924,0.29720214009284973,0.022506767883896828,0.020983397960662842,0.026580676436424255,0.032482389360666275,0.09713287651538849,0.016412978991866112,0.011449625715613365,0.027051541954278946
0.013262184336781502,0.29488444328308105,0.006735320668667555,0.009964950382709503,0.04502749815583229,0.05391654372215271,0.11789790540933609,0.006537870969623327,0.009619987569749355,0.03614950180053711,0.03594254329800606,0.29716265201568604,0.02250145748257637,0.020980240777134895,0.026575328782200813,0.032468315213918686,0.09711457788944244,0.016409682109951973,0.011444255709648132,0.027061011642217636
0.013267098926007748,0.29492971301078796,0.006707013584673405,0.009963687509298325,0.045033156871795654,0.0538971982896328,0.11789917945861816,0.006524949800223112,0.00961983297020197,0.036157868802547455,0.03594449535012245,0.2971815764904022,0.022493863478302956,0.020987961441278458,0.026572495698928833,0.03246799483895302,0.09711918234825134,0.01640620082616806,0.011435246095061302,0.027067601680755615
0.013199487701058388,0.2948973774909973,0.0067366622388362885,0.00997195579111576,0.045015718787908554,0.05390297248959541,0.1179087907075882,0.006540289614349604,0.00961327739059925,0.03613933548331261,0.03595443814992905,0.2971671223640442,0.022499902173876762,0.020984459668397903,0.02656726911664009,0.03246026858687401,0.09712173789739609,0.016398755833506584,0.011435450986027718,0.027051767334342003
0.054250288754701614,0.0591915100812912,0.01052003726363182,0.009356711059808731,0.04245835170149803,0.08167386054992676,0.02453087456524372,0.008255518972873688,0.010525454767048359,0.04395577684044838,0.059698302298784256,0.06681216508150101,0.03387129679322243,0.021530307829380035,0.03637468069791794,0.05780636519193649,0.018646178767085075,0.024852344766259193,0.01145869493484497,0.0258304625749588
0.05436966195702553,0.059164103120565414,0.010531434789299965,0.009362336248159409,0.04246438294649124,0.08158651739358902,0.024540191516280174,0.008273068815469742,0.010535657405853271,0.04389461874961853,0.05977423116564751,0.06674250215291977,0.033871203660964966,0.02154954895377159,0.03630048409104347,0.05784576013684273,0.018641451373696327,0.02487676404416561,0.011469539254903793,0.025822406634688377
0.054436080157756805,0.05914287641644478,0.010525057092308998,0.009352597407996655,0.0424371100962162,0.08157497644424438,0.024512678384780884,0.008259927853941917,0.010522882454097271,0.04387449473142624,0.05981440469622612,0.06675407290458679,0.03388115018606186,0.02154500037431717,0.036278609186410904,0.05786973983049393,0.01863021031022072,0.024870559573173523,0.011458938010036945,0.02580999583005905
0.054486364126205444,0.059165749698877335,0.010536572895944118,0.009354385547339916,0.042448654770851135,0.08158907294273376,0.024540595710277557,0.008271885104477406,0.01053552981466055,0.04385819658637047,0.05983718857169151,0.06675855815410614,0.03390149399638176,0.021538807079195976,0.036262575536966324,0.057906340807676315,0.01863090880215168,0.024892549961805344,0.011458435095846653,0.025808919221162796
0.054484300315380096,0.05912196636199951,0.010536079294979572,0.009351328015327454,0.04245300218462944,0.08155295252799988,0.024547094479203224,0.008277089335024357,0.01052690576761961,0.043846581131219864,0.0598372220993042,0.06671657413244247,0.033891674131155014,0.021539250388741493,0.03626221790909767,0.05788729712367058,0.018614795058965683,0.02488626353442669,0.011465403251349926,0.025809036567807198
0.05448805168271065,0.059155091643333435,0.010546685196459293,0.009348896332085133,0.0424528568983078,0.08153510838747025,0.024548765271902084,0.008265997283160686,0.010512053966522217,0.04384342208504677,0.05983632802963257,0.06675805151462555,0.03390483185648918,0.021533075720071793,0.03624315932393074,0.05790070816874504,0.018622785806655884,0.024895895272493362,0.011457630433142185,0.025807496160268784
0.013401989825069904,0.2896595597267151,0.006188982632011175,0.010142801329493523,0.047071512788534164,0.053424280136823654,0.11578324437141418,0.006116676609963179,0.009294738993048668,0.03752667084336281,0.03581058233976364,0.2922097146511078,0.0207435991615057,0.020845774561166763,0.027485255151987076,0.032396718859672546,0.09534444659948349,0.015145494602620602,0.011425385251641273,0.02822975069284439
0.013390480540692806,0.290119469165802,0.006184227764606476,0.01013157144188881,0.047079019248485565,0.05343339219689369,0.11597342789173126,0.0061218831688165665,0.009285381995141506,0.03758716583251953,0.035812340676784515,0.2926361560821533,0.02072729915380478,0.02084517665207386,0.027521952986717224,0.03241971135139465,0.09550340473651886,0.015118580311536789,0.011405820958316326,0.028250863775610924
0.0133495619520545,0.2902524769306183,0.006173192989081144,0.010128069669008255,0.04706050083041191,0.05339900776743889,0.11604774743318558,0.006115987431257963,0.00929392408579588,0.03756783530116081,0.03582785278558731,0.2927554249763489,0.020711882039904594,0.020831936970353127,0.027519438415765762,0.032403331249952316,0.09553902596235275,0.015114100649952888,0.011425803415477276,0.028254786506295204
0.013316784985363483,0.29034823179244995,0.0061838519759476185,0.010127095505595207,0.04708037152886391,0.05338430032134056,0.11609110236167908,0.00612062169238925,0.009298398159444332,0.03761035576462746,0.0358283706009388,0.29283952713012695,0.020733080804347992,0.02083582989871502,0.027550939470529556,0.03241486847400665,0.0955762192606926,0.015123221091926098,0.01141559798270464,0.028270717710256577
0.013328921049833298,0.2904375493526459,0.0061812857165932655,0.010129965841770172,0.04709699749946594,0.05340223014354706,0.11610284447669983,0.006111604627221823,0.009286601096391678,0.03762580826878548,0.0358491875231266,0.2929117977619171,0.020710226148366928,0.020839234814047813,0.0275603998452425,0.03243894875049591,0.09562905877828598,0.01510675624012947,0.01140142884105444,0.028297096490859985
0.013281273655593395,0.2905396521091461,0.006186372134834528,0.010118828155100346,0.047084253281354904,0.05337473750114441,0.11613836884498596,0.0061088018119335175,0.009299544617533684,0.037615641951560974,0.035864006727933884,0.29302769899368286,0.0207132026553154,0.02084323950111866,0.027553033083677292,0.03244246542453766,0.09564463049173355,0.015108459629118443,0.011413936503231525,0.02827608399093151
0.013272496871650219,0.32005801796913147,0.007891952991485596,0.013277193531394005,0.06064553186297417,0.05517071858048439,0.13443654775619507,0.008125382475554943,0.007863051258027554,0.07169272005558014,0.035102155059576035,0.31882405281066895,0.026657868176698685,0.02039497345685959,0.05979632958769798,0.0314660370349884,0.10498999804258347,0.01934274286031723,0.009925797581672668,0.03677381947636604
0.013331733644008636,0.31962695717811584,0.00791604071855545,0.013287556357681751,0.0606665164232254,0.05520760267972946,0.13423889875411987,0.008127150125801563,0.007882476784288883,0.07173194736242294,0.035093385726213455,0.31835877895355225,0.02666802890598774,0.020402567461133003,0.059826623648405075,0.031481146812438965,0.10482808947563171,0.019337691366672516,0.009925968013703823,0.03679041936993599
0.013299720361828804,0.31950142979621887,0.007885590195655823,0.013297787867486477,0.060655999928712845,0.05520152673125267,0.1341564953327179,0.008132465183734894,0.007865392602980137,0.07177074253559113,0.03511841595172882,0.3182414770126343,0.026663344353437424,0.020401788875460625,0.059843759983778,0.031458646059036255,0.10478688776493073,0.01934751495718956,0.009912158362567425,0.03676721453666687
0.013351832516491413,0.3193424344062805,0.007901856675744057,0.013290464878082275,0.06065170839428902,0.05522371828556061,0.1341065764427185,0.008130300790071487,0.007861831225454807,0.07178161293268204,0.03510047495365143,0.31808537244796753,0.026677880436182022,0.020416827872395515,0.05986519902944565,0.03149263188242912,0.10473964363336563,0.01933828368782997,0.009920340031385422,0.036785371601581573
0.013333956710994244,0.3192664086818695,0.007892433553934097,0.013287906534969807,0.060656849294900894,0.05519131198525429,0.1340639442205429,0.008136691525578499,0.007870448753237724,0.07178612798452377,0.035107795149087906,0.31799671053886414,0.02665603533387184,0.02041349560022354,0.0598737932741642,0.03146858140826225,0.10472773015499115,0.019343756139278412,0.009917719289660454,0.0367911122739315
0.013353646732866764,0.319277822971344,0.007906340062618256,0.013297278434038162,0.06067304685711861,0.05522514134645462,0.13403509557247162,0.0081334812566638,0.007871548645198345,0.071824811398983,0.03509125858545303,0.3179633617401123,0.026668423786759377,0.020416896790266037,0.059903234243392944,0.03148813545703888,0.10471541434526443,0.019353952258825302,0.009913320653140545,0.03678120672702789
0.01547067891806364,0.062236953526735306,0.010143394581973553,0.010547815822064877,0.07967951893806458,0.06301846355199814,0.025792431086301804,0.008418639190495014,0.008112655952572823,0.022895218804478645,0.03866410255432129,0.07019594311714172,0.03303220123052597,0.02073989249765873,0.04759844392538071,0.03460044413805008,0.019647521898150444,0.024280458688735962,0.010708662681281567,0.08843912929296494
0.015497393906116486,0.06217851862311363,0.010164152830839157,0.010535243898630142,0.07969643175601959,0.06305348128080368,0.025789441540837288,0.008429006673395634,0.008118622936308384,0.022918930277228355,0.03864813223481178,0.07014062255620956,0.03306211903691292,0.02072947286069393,0.04762370511889458,0.03459688648581505,0.019603878259658813,0.02429353818297386,0.010710245929658413,0.08845792710781097
0.015460437163710594,0.06217335909605026,0.010162151418626308,0.010543132200837135,0.07970177382230759,0.0630141943693161,0.02579401060938835,0.008423024788498878,0.008123979903757572,0.022975552827119827,0.03863830864429474,0.07013622671365738,0.03305920213460922,0.020739393308758736,0.04765191301703453,0.034570902585983276,0.01961320824921131,0.024306494742631912,0.010710041038691998,0.08847111463546753
0.015509740449488163,0.062191713601350784,0.010167933069169521,0.010524068027734756,0.0797191858291626,0.0630430206656456,0.025801079347729683,0.008429259061813354,0.008134683594107628,0.022974615916609764,0.038619935512542725,0.07014743983745575,0.03308965638279915,0.020747818052768707,0.04767346382141113,0.034569043666124344,0.01962883770465851,0.024324901401996613,0.010717103257775307,0.08847775310277939
0.015537391416728497,0.0621207170188427,0.010185439139604568,0.010543109849095345,0.07971398532390594,0.06307292729616165,0.02579006925225258,0.008416207507252693,0.008112707175314426,0.022976983338594437,0.03863565996289253,0.07006646692752838,0.03305836021900177,0.020749801769852638,0.04767123609781265,0.03458748012781143,0.01959322765469551,0.024315904825925827,0.01070893369615078,0.08848752081394196
0.015486200340092182,0.06220032647252083,0.01015913300216198,0.010537058115005493,0.0797225758433342,0.06303882598876953,0.02581196092069149,0.008426816202700138,0.008125637657940388,0.02299000695347786,0.03863799199461937,0.07017245143651962,0.03306804224848747,0.02074846439063549,0.04767950624227524,0.03457192704081535,0.019619563594460487,0.02431042306125164,0.010710717178881168,0.08848121017217636
0.012656018137931824,0.07620485126972198,0.043778449296951294,0.013490870594978333,0.06129944324493408,0.053091853857040405,0.03110138513147831,0.004079241771250963,0.00808798335492611,0.07166546583175659,0.034257013350725174,0.0849345475435257,0.056090131402015686,0.021327311173081398,0.05990174785256386,0.031077254563570023,0.024229561910033226,0.04849749431014061,0.01067016739398241,0.037098318338394165
0.012666307389736176,0.07625307887792587,0.04378100484609604,0.01349884457886219,0.061311256140470505,0.053150177001953125,0.031127795577049255,0.004094474948942661,0.008099207654595375,0.07165685296058655,0.03424839675426483,0.08498883992433548,0.05609000101685524,0.021338017657399178,0.05990571528673172,0.031075509265065193,0.024242183193564415,0.04849768057465553,0.010672936215996742,0.037112630903720856
0.012666762806475163,0.07624595612287521,0.04377605766057968,0.01348646730184555,0.06131388992071152,0.0531880185008049,0.0311148539185524,0.004073421936482191,0.008096504025161266,0.07167574763298035,0.03426885977387428,0.08499136567115784,0.05607907846570015,0.021325765177607536,0.05990258604288101,0.03109809197485447,0.024248069152235985,0.048485685139894485,0.010679335333406925,0.03711399808526039
0.012667117640376091,0.07622627168893814,0.043785881251096725,0.013502110727131367,0.06131670996546745,0.05319631099700928,0.031104236841201782,0.004082440864294767,0.008093105629086494,0.07167722284793854,0.034270282834768295,0.0849812924861908,0.05606798827648163,0.02134462632238865,0.05991947650909424,0.031100714579224586,0.024244219064712524,0.04849269986152649,0.010678328573703766,0.03712189570069313
0.012623458169400692,0.076202891767025,0.04376603662967682,0.013491949997842312,0.061327334493398666,0.053127221763134,0.03110169805586338,0.00408605020493269,0.008075808174908161,0.0716678574681282,0.034259770065546036,0.0849464014172554,0.056064803153276443,0.021338410675525665,0.059908825904130936,0.03108985163271427,0.024222079664468765,0.048481009900569916,0.010662808082997799,0.03711450845003128
0.012654715217649937,0.07617836445569992,0.043787337839603424,0.013486129231750965,0.06133786961436272,0.0531734861433506,0.03109014220535755,0.004090723115950823,0.008097106590867043,0.0716707780957222,0.03424477577209473,0.08492401242256165,0.05607932060956955,0.021333422511816025,0.05992242321372032,0.031099142506718636,0.024213163182139397,0.04849471524357796,0.01067233458161354,0.037117183208465576
0.16339586675167084,0.06707103550434113,0.010324825532734394,0.010725514031946659,0.06181436404585838,0.09138663113117218,0.02766219526529312,0.00941030215471983,0.007304237689822912,0.0803554505109787,0.10707879811525345,0.07505501806735992,0.0336306132376194,0.0197797529399395,0.06876581907272339,0.07512618601322174,0.021296659484505653,0.02419426664710045,0.009972332045435905,0.038127634674310684
0.16364815831184387,0.06718747317790985,0.010319603607058525,0.010734139941632748,0.06177625432610512,0.09097988158464432,0.027693746611475945,0.009432053193449974,0.007298530079424381,0.08031216263771057,0.10733360052108765,0.07515555620193481,0.03363114967942238,0.019761979579925537,0.06873412430286407,0.07512091845273972,0.021331464871764183,0.02419084496796131,0.009960939176380634,0.038104474544525146
0.1637135148048401,0.06722363829612732,0.010304032824933529,0.010736838914453983,0.0617738738656044,0.09081785380840302,0.027723096311092377,0.009429766796529293,0.007280904799699783,0.08025984466075897,0.10742227733135223,0.07520824670791626,0.03361397609114647,0.01974920742213726,0.06869136542081833,0.07512880861759186,0.02135610766708851,0.024174338206648827,0.009943160228431225,0.03810258209705353
0.16382791101932526,0.06720972061157227,0.010316075757145882,0.010730622336268425,0.06176009401679039,0.09076843410730362,0.02771688438951969,0.009422536008059978,0.007289099041372538,0.08024626225233078,0.10752005130052567,0.07517003268003464,0.03360389173030853,0.019750133156776428,0.06868274509906769,0.07510686665773392,0.02134421095252037,0.024180276319384575,0.009952441789209843,0.03809944540262222
0.1638900190591812,0.06723199039697647,0.010307541117072105,0.010739375837147236,0.06174861639738083,0.09070312976837158,0.027733858674764633,0.009422343224287033,0.007284452673047781,0.08023389428853989,0.10757507383823395,0.07520841807126999,0.033605631440877914,0.019736090674996376,0.06867337971925735,0.07512431591749191,0.0213752631098032,0.024172991514205933,0.009941993281245232,0.03809269890189171
0.1639116257429123,0.06719129532575607,0.010320876725018024,0.010730655863881111,0.06175987049937248,0.09071158617734909,0.0277122613042593,0.009414943866431713,0.007293649949133396,0.08023923635482788,0.10759160667657852,0.0751548558473587,0.03361908346414566,0.019743088632822037,0.06867408752441406,0.07512620836496353,0.021349232643842697,0.024176763370633125,0.009941681288182735,0.038101356476545334
0.013629807159304619,0.29084059596061707,0.00631788931787014,0.010062000714242458,0.04752511903643608,0.05215980112552643,0.11623717099428177,0.006315481849014759,0.009094652719795704,0.037541236728429794,0.03539111092686653,0.2934180796146393,0.021238544955849648,0.020532352849841118,0.0273992121219635,0.03208370506763458,0.09572917968034744,0.015492693521082401,0.011243010871112347,0.0286522526293993
0.013514050282537937,0.2911093831062317,0.0063256858848035336,0.010042938403785229,0.04753319174051285,0.0521765761077404,0.11640939861536026,0.006303512025624514,0.009090797044336796,0.03753000870347023,0.03539198264479637,0.29364776611328125,0.021222379058599472,0.02053883485496044,0.02740655653178692,0.03208886831998825,0.09583307802677155,0.015481098555028439,0.011256767436861992,0.028656059876084328
0.013472742401063442,0.29109346866607666,0.006315392442047596,0.01005467213690281,0.04753558337688446,0.05220550671219826,0.11637847125530243,0.00629050936549902,0.009094085544347763,0.03753766417503357,0.03542187437415123,0.2936418652534485,0.021223675459623337,0.020544612780213356,0.02740379422903061,0.0321103036403656,0.0958050861954689,0.015477923676371574,0.011269425973296165,0.028660614043474197
0.013429329730570316,0.2912251055240631,0.006330134347081184,0.010047420859336853,0.047538872808218,0.05216909945011139,0.11645646393299103,0.0063154506497085094,0.009097445756196976,0.03753141313791275,0.03541743382811546,0.29376184940338135,0.021225951611995697,0.020544348284602165,0.027403227984905243,0.032117292284965515,0.0958576500415802,0.015483900904655457,0.011266356334090233,0.028657233342528343
0.01340060867369175,0.2912294566631317,0.006314457394182682,0.010052409023046494,0.04754788056015968,0.05218969285488129,0.11645779758691788,0.00631397869437933,0.00910057034343481,0.03755621984601021,0.03539073094725609,0.2937809228897095,0.02123105712234974,0.020554132759571075,0.027411580085754395,0.03207141160964966,0.09584749490022659,0.015484519302845001,0.011263330467045307,0.028665857389569283
0.01344982162117958,0.2913244962692261,0.006326109170913696,0.010055039077997208,0.04755013436079025,0.05218644440174103,0.1165066733956337,0.006289299577474594,0.009097149595618248,0.03755331039428711,0.03541182354092598,0.29384633898735046,0.02121506631374359,0.020554453134536743,0.027413204312324524,0.0321090929210186,0.09589796513319016,0.015472239814698696,0.011262216605246067,0.028663668781518936
0.1615966111421585,0.06926997750997543,0.010423698462545872,0.010793413035571575,0.05830154940485954,0.08927235752344131,0.028489157557487488,0.009523731656372547,0.007029508240520954,0.07753167301416397,0.10995680838823318,0.07733545452356339,0.03397984430193901,0.019334595650434494,0.0665438249707222,0.077159583568573,0.02203250862658024,0.024436868727207184,0.009659628383815289,0.03608231619000435
0.16176146268844604,0.06927035003900528,0.010434756986796856,0.010796214453876019,0.058277882635593414,0.08912113308906555,0.028492623940110207,0.009503895416855812,0.00702852476388216,0.07754147797822952,0.11011089384555817,0.07732091099023819,0.03397521749138832,0.019305536523461342,0.066560298204422,0.07719860970973969,0.022024016827344894,0.02443217672407627,0.009646869264543056,0.03607122227549553
0.1617860496044159,0.06926833838224411,0.010415658354759216,0.01079377718269825,0.05829352140426636,0.08901209384202957,0.02849724143743515,0.009537875652313232,0.007022790610790253,0.07753342390060425,0.11014503985643387,0.07733549177646637,0.03399467095732689,0.019312672317028046,0.06656026840209961,0.07716992497444153,0.022029537707567215,0.0244520865380764,0.009646302089095116,0.03607138246297836
0.16181771457195282,0.06925473362207413,0.010441657155752182,0.010794180445373058,0.058280330151319504,0.08891899138689041,0.0285157673060894,0.009507102891802788,0.007028832565993071,0.07752904295921326,0.11014910042285919,0.07732576876878738,0.03397940471768379,0.01930350810289383,0.06653522700071335,0.0771637111902237,0.0220356248319149,0.02443641982972622,0.009651961736381054,0.0360889695584774
0.16190651059150696,0.06924960762262344,0.010420099832117558,0.010797788389027119,0.0582909919321537,0.08893503993749619,0.028504488989710808,0.009521618485450745,0.0070346444845199585,0.07752429693937302,0.11022445559501648,0.07733478397130966,0.03399159759283066,0.019303662702441216,0.0665433406829834,0.07718771696090698,0.022029420360922813,0.024435248225927353,0.009652962908148766,0.0360691212117672
0.1619352102279663,0.06925040483474731,0.010434490628540516,0.010800546035170555,0.05829443037509918,0.08891826868057251,0.02849142625927925,0.009508670307695866,0.007037159986793995,0.07753655314445496,0.11024270951747894,0.07733970135450363,0.034001875668764114,0.01930765062570572,0.06656524538993835,0.07716836780309677,0.022029055282473564,0.024450160562992096,0.009653654880821705,0.0360715277493
0.01563657820224762,0.06184261664748192,0.010310365818440914,0.010416870936751366,0.08017568290233612,0.06260587275028229,0.02563684619963169,0.00860214326530695,0.008145208470523357,0.023086976259946823,0.038348350673913956,0.06965575367212296,0.03361155465245247,0.02062922902405262,0.047804705798625946,0.03428317978978157,0.01952241361141205,0.024686606600880623,0.010657770559191704,0.08847381174564362
0.015604546293616295,0.0618034228682518,0.010331301018595695,0.01040668599307537,0.08022124320268631,0.06266102939844131,0.0256029162555933,0.008610215038061142,0.008149939589202404,0.02317456342279911,0.03831029310822487,0.06962602585554123,0.03361447900533676,0.020647132769227028,0.04786708950996399,0.034256067126989365,0.019506292417645454,0.024695266038179398,0.010660522617399693,0.08859619498252869
0.01556039322167635,0.061799757182598114,0.010318118147552013,0.010405446402728558,0.080238476395607,0.06267201155424118,0.025625791400671005,0.008606464602053165,0.008148171938955784,0.02319278195500374,0.03833246976137161,0.06962456554174423,0.03362485393881798,0.02064153179526329,0.04790312796831131,0.034262459725141525,0.019509809091687202,0.024688947945833206,0.010650262236595154,0.08863028138875961
0.015591343864798546,0.061772361397743225,0.010336168110370636,0.010414090938866138,0.08029108494520187,0.06268307566642761,0.025619443506002426,0.008607647381722927,0.008148773573338985,0.02323978580534458,0.038298651576042175,0.06959733366966248,0.03364396095275879,0.020670870319008827,0.04793111979961395,0.034251850098371506,0.019491087645292282,0.02469857782125473,0.010667701251804829,0.08866459131240845
0.015561092644929886,0.061780039221048355,0.010332537814974785,0.01040254533290863,0.08028817176818848,0.06267567723989487,0.025612100958824158,0.008593606762588024,0.008152547292411327,0.023255882784724236,0.03828740864992142,0.06960662454366684,0.03362629562616348,0.02065487578511238,0.04794707149267197,0.03425569832324982,0.019504986703395844,0.024691756814718246,0.010666829533874989,0.08867642283439636
0.015573294833302498,0.061776190996170044,0.010341628454625607,0.010409501381218433,0.08027666062116623,0.06270217895507812,0.025578472763299942,0.008609212934970856,0.00816313549876213,0.02326050214469433,0.038290753960609436,0.06959068030118942,0.03364865109324455,0.02066817134618759,0.047951798886060715,0.03425326198339462,0.019506053999066353,0.024716604501008987,0.010680081322789192,0.08868946135044098
0.05241233482956886,0.055949095636606216,0.011363474652171135,0.009181077592074871,0.04297313466668129,0.0810156986117363,0.02320822887122631,0.008646088652312756,0.010564090684056282,0.0449313148856163,0.05877036228775978,0.06312312930822372,0.036441072821617126,0.021464815363287926,0.037316448986530304,0.05689367279410362,0.017621969804167747,0.026799805462360382,0.011341739445924759,0.02620222605764866
0.052520327270030975,0.0559673085808754,0.0113831153139472,0.009190855547785759,0.04298402741551399,0.0809047594666481,0.023229723796248436,0.008652158081531525,0.010549879632890224,0.044855426996946335,0.058867521584033966,0.06315071880817413,0.03645428642630577,0.021456627175211906,0.03725461661815643,0.05696512758731842,0.017632190138101578,0.026806803420186043,0.011336835101246834,0.02619345486164093
0.05251288414001465,0.05594491586089134,0.011373387649655342,0.009190288372337818,0.042957283556461334,0.08083072304725647,0.023237789049744606,0.008634954690933228,0.010567106306552887,0.04480842500925064,0.058877743780612946,0.0631328895688057,0.03645310550928116,0.021452372893691063,0.03721251338720322,0.056965842843055725,0.017631029710173607,0.026817185804247856,0.011338991113007069,0.026185117661952972
0.052545979619026184,0.05594591423869133,0.011371980421245098,0.009188243187963963,0.04295242950320244,0.08081264793872833,0.023233264684677124,0.008650310337543488,0.010558410547673702,0.04480838030576706,0.05892350524663925,0.06311241537332535,0.0364779531955719,0.021459093317389488,0.03721262514591217,0.05699044466018677,0.017624014988541603,0.02681780233979225,0.011346359737217426,0.02618173509836197
0.05259770154953003,0.05600401759147644,0.011376142501831055,0.009183317422866821,0.04295943304896355,0.08085937798023224,0.023250503465533257,0.008655667304992676,0.010561935603618622,0.044795095920562744,0.05892708897590637,0.06317692250013351,0.036458492279052734,0.021454840898513794,0.03720507398247719,0.05700832977890968,0.01764853484928608,0.0268136914819479,0.011330953799188137,0.026182452216744423
0.05260077491402626,0.055964145809412,0.011379002593457699,0.009188923053443432,0.04295912757515907,0.08083941042423248,0.023199057206511497,0.008643994107842445,0.010562678799033165,0.044808294624090195,0.05894520506262779,0.06313399225473404,0.036466728895902634,0.02145533822476864,0.037197038531303406,0.05701545998454094,0.017627371475100517,0.026814434677362442,0.011348914355039597,0.026187045499682426
0.013143215328454971,0.07626811414957047,0.04263485595583916,0.014372238889336586,0.0611606128513813,0.05083315074443817,0.03138634189963341,0.005134261678904295,0.00859635230153799,0.06969460844993591,0.034093815833330154,0.08560474216938019,0.061197828501462936,0.022354764863848686,0.057970717549324036,0.031219618394970894,0.02415425330400467,0.05233385041356087,0.011272257193922997,0.03692169487476349
0.013132371939718723,0.07623341679573059,0.0426611453294754,0.014373510144650936,0.06117966026067734,0.05090649425983429,0.03137044981122017,0.005131158512085676,0.008582065813243389,0.06975829601287842,0.03412575274705887,0.0855841413140297,0.06120637059211731,0.022379500791430473,0.058040156960487366,0.031244393438100815,0.024131838232278824,0.052339643239974976,0.011265815235674381,0.036936625838279724
0.013087044470012188,0.0762370228767395,0.042658302932977676,0.01437977235764265,0.06119897589087486,0.050897225737571716,0.03138114884495735,0.005137583240866661,0.008549188263714314,0.06980344653129578,0.03411105275154114,0.08561630547046661,0.061180491000413895,0.022380637004971504,0.05806490033864975,0.03125669062137604,0.02411695010960102,0.05232241004705429,0.011261595413088799,0.03696916624903679
0.013101656921207905,0.07629872113466263,0.04264840856194496,0.014379182830452919,0.061197489500045776,0.05087389796972275,0.031423937529325485,0.005160472355782986,0.008562960661947727,0.06980691850185394,0.03414217382669449,0.08567269146442413,0.06122608110308647,0.02239137701690197,0.05808871611952782,0.0312797911465168,0.024142086505889893,0.05234267935156822,0.011255284771323204,0.03695497289299965
0.013092541135847569,0.07624806463718414,0.042643751949071884,0.014369404874742031,0.06122138351202011,0.05091413855552673,0.03141070157289505,0.005104176700115204,0.008558981120586395,0.06981819868087769,0.03412399813532829,0.08560608327388763,0.06116273254156113,0.02239910513162613,0.05811174958944321,0.03128090128302574,0.024143554270267487,0.0523117370903492,0.011257537640631199,0.0369722880423069
0.013043664395809174,0.07622314244508743,0.04265807569026947,0.0143796531483531,0.06121945381164551,0.05090075358748436,0.03140754625201225,0.00513850711286068,0.008555945008993149,0.06986010819673538,0.03413516283035278,0.08560475707054138,0.06119402498006821,0.02239777334034443,0.05812070146203041,0.03126012533903122,0.02412276901304722,0.0523298904299736,0.011254956014454365,0.036976877599954605
0.012938147410750389,0.07854730635881424,0.042853858321905136,0.014355235733091831,0.060559578239917755,0.05133451148867607,0.032261382788419724,0.004677059128880501,0.008533395826816559,0.06913615763187408,0.03420119732618332,0.08801018446683884,0.060392022132873535,0.02201027423143387,0.05754511430859566,0.03125027194619179,0.024890869855880737,0.05178428068757057,0.011064867489039898,0.03658865764737129
0.012957444414496422,0.07851803302764893,0.04285251721739769,0.014349092729389668,0.06056663393974304,0.05134601518511772,0.032247770577669144,0.004696532152593136,0.008539174683392048,0.06914535164833069,0.034198809415102005,0.0879657194018364,0.060382358729839325,0.021992089226841927,0.05753694102168083,0.031279537826776505,0.02489328198134899,0.051791198551654816,0.011075865477323532,0.0365973562002182
0.012944388203322887,0.07853120565414429,0.04284822568297386,0.014354139566421509,0.060552798211574554,0.05133751407265663,0.03225761279463768,0.004691932816058397,0.008541800081729889,0.06915199011564255,0.03421848267316818,0.08799931406974792,0.06038239225745201,0.02199479751288891,0.05755322054028511,0.03130238875746727,0.024898238480091095,0.05176682397723198,0.011058959178626537,0.036591242998838425
0.012884281575679779,0.07854851335287094,0.04285959154367447,0.014358015730977058,0.06058958172798157,0.05128795653581619,0.032283324748277664,0.004689546301960945,0.008533429354429245,0.06917308270931244,0.034226320683956146,0.0880337581038475,0.06042762100696564,0.022003326565027237,0.05756717920303345,0.03126666694879532,0.024903371930122375,0.051810372620821,0.011066172271966934,0.0366085022687912
0.012912910431623459,0.07855154573917389,0.0428534671664238,0.01435106061398983,0.060572683811187744,0.05138281732797623,0.03225398436188698,0.004684973508119583,0.008529912680387497,0.06917154043912888,0.03422415629029274,0.08801881968975067,0.06040452420711517,0.022012971341609955,0.05756464600563049,0.031288500875234604,0.02490212582051754,0.05179368332028389,0.01107272133231163,0.03658523038029671
0.01290913112461567,0.07857009768486023,0.04286319762468338,0.014355010353028774,0.06059643253684044,0.05136143043637276,0.03228412941098213,0.004695250652730465,0.008510047569870949,0.0691792368888855,0.034214384853839874,0.08803179860115051,0.06040573865175247,0.02201847918331623,0.057572539895772934,0.031276214867830276,0.024900414049625397,0.05180615931749344,0.011069126427173615,0.03659871965646744
0.013099988922476768,0.0744800940155983,0.043571893125772476,0.013859343715012074,0.05922720581293106,0.05538354068994522,0.03039376251399517,0.004286327864974737,0.008457167074084282,0.0704757571220398,0.03530152142047882,0.08295351266860962,0.05689850077033043,0.022081011906266212,0.05889487266540527,0.03196807578206062,0.02368166111409664,0.04910358414053917,0.010937245562672615,0.03570834547281265
0.013075795024633408,0.07443662732839584,0.04359123483300209,0.013849830254912376,0.05925397947430611,0.05533643439412117,0.0303528793156147,0.004306011833250523,0.008474144153296947,0.07051250338554382,0.03526686131954193,0.0829099714756012,0.05691191181540489,0.02207190915942192,0.05892569571733475,0.031923722475767136,0.02366836555302143,0.04909645766019821,0.010939786210656166,0.035714276134967804
0.01307865884155035,0.07442152500152588,0.043588005006313324,0.01385266799479723,0.05923086032271385,0.055354002863168716,0.030363600701093674,0.004283486865460873,0.008463903330266476,0.07047777622938156,0.03528127446770668,0.08292799443006516,0.056915804743766785,0.022075753659009933,0.058914970606565475,0.03195197507739067,0.02367924153804779,0.04912388697266579,0.010928533971309662,0.035711243748664856
0.01314604189246893,0.0744151845574379,0.04358067363500595,0.013858928345143795,0.059251513332128525,0.055398713797330856,0.030364664271473885,0.004292426165193319,0.008459648117423058,0.07050451636314392,0.03528711572289467,0.08291424065828323,0.05693027749657631,0.02209509164094925,0.05891728773713112,0.031985092908144,0.02367389388382435,0.04914507642388344,0.010934547521173954,0.035719938576221466
0.013103771023452282,0.07439243048429489,0.0435691773891449,0.01385059580206871,0.059240806847810745,0.05537865683436394,0.030334150418639183,0.004279106855392456,0.008465085178613663,0.07050993293523788,0.035262513905763626,0.08289290964603424,0.05691501498222351,0.02208944968879223,0.058910153806209564,0.03194739297032356,0.023674538359045982,0.049119241535663605,0.01093797292560339,0.035713180899620056
0.013085548765957355,0.07441049814224243,0.04357823356986046,0.013861794024705887,0.059250954538583755,0.05536923557519913,0.030355971306562424,0.004289155825972557,0.008459686301648617,0.07049611955881119,0.035291463136672974,0.08288397639989853,0.056922126561403275,0.022069299593567848,0.05892128497362137,0.03195260837674141,0.023678593337535858,0.049131620675325394,0.01092500239610672,0.03571796417236328
0.0135733587667346,0.30117067694664,0.005906058009713888,0.010148204863071442,0.046432964503765106,0.051411304622888565,0.12035945802927017,0.005820300430059433,0.009481524117290974,0.03575775772333145,0.03516841307282448,0.303946852684021,0.019744642078876495,0.020899293944239616,0.025783391669392586,0.031994689255952835,0.09912675619125366,0.014429868198931217,0.011550750583410263,0.02808709815144539
0.013638462871313095,0.302430659532547,0.005791882518678904,0.010157211683690548,0.046620916575193405,0.05156085267663002,0.12096820771694183,0.005813040770590305,0.009476759470999241,0.035854142159223557,0.03528458625078201,0.305107980966568,0.019491046667099,0.020936019718647003,0.025846412405371666,0.03209882602095604,0.09954709559679031,0.014020301401615143,0.011575792916119099,0.028202513232827187
0.013549723662436008,0.3014391362667084,0.005883406847715378,0.010148807428777218,0.04641442373394966,0.05134263634681702,0.12054300308227539,0.005824435502290726,0.00945492833852768,0.03570857644081116,0.03515579551458359,0.3040986955165863,0.019727647304534912,0.02088579349219799,0.02575073391199112,0.03195895627140999,0.09923011064529419,0.014421249739825726,0.011549953371286392,0.02807805873453617
0.0135609470307827,0.3014954924583435,0.005885888822376728,0.010132856667041779,0.04641534760594368,0.05137970298528671,0.12060172855854034,0.0058122798800468445,0.009459702298045158,0.03571097552776337,0.03518451005220413,0.3041510581970215,0.019714022055268288,0.020880239084362984,0.025749007239937782,0.03197123482823372,0.09924676269292831,0.014408272691071033,0.011542022228240967,0.02808343805372715
0.01354068424552679,0.30146902799606323,0.00588210579007864,0.010149020701646805,0.046428289264440536,0.05136267840862274,0.12059759348630905,0.0058192722499370575,0.009455611929297447,0.035715747624635696,0.03519725799560547,0.3041154444217682,0.019732464104890823,0.020884674042463303,0.025746358558535576,0.03198282793164253,0.09922098368406296,0.01440523099154234,0.01155195850878954,0.028083767741918564
0.013513701036572456,0.3015165328979492,0.005884374957531691,0.010145236738026142,0.046431444585323334,0.051379937678575516,0.12059587240219116,0.005823544692248106,0.00946520920842886,0.03570549935102463,0.03520160913467407,0.30415427684783936,0.01972620189189911,0.02088858000934124,0.025749044492840767,0.03196600452065468,0.09926044940948486,0.014397109858691692,0.011550325900316238,0.028100961819291115
0.013253766112029552,0.29172483086586,0.006060919724404812,0.010213167406618595,0.04715343564748764,0.052341364324092865,0.11665038764476776,0.006131099537014961,0.009162187576293945,0.03761829063296318,0.03536350280046463,0.29455071687698364,0.020405884832143784,0.020779024809598923,0.02758096531033516,0.03204371780157089,0.09599907696247101,0.014870361424982548,0.011415255255997181,0.028373880311846733
0.013253405690193176,0.291723370552063,0.006048099137842655,0.01021262165158987,0.04716502130031586,0.05228077247738838,0.11666009575128555,0.006130109075456858,0.0091573316603899,0.037632495164871216,0.03532752767205238,0.294538676738739,0.020382734015583992,0.020785722881555557,0.027569284662604332,0.03202209621667862,0.09601298719644547,0.014860693365335464,0.011407828889787197,0.02837326191365719
0.01320562046021223,0.2917526662349701,0.0060655223205685616,0.010217447765171528,0.04716663435101509,0.05226409062743187,0.11667004972696304,0.006125063169747591,0.00916239432990551,0.03761560097336769,0.03535761684179306,0.294572651386261,0.020406533032655716,0.020778683945536613,0.027564283460378647,0.032045938074588776,0.0960036888718605,0.014872384257614613,0.011415956541895866,0.028376996517181396
0.013192777521908283,0.2917684018611908,0.00606163265183568,0.010210162028670311,0.04716707393527031,0.05225610360503197,0.1166883260011673,0.006134721450507641,0.009157202206552029,0.03762373700737953,0.03532591462135315,0.2945796251296997,0.020382344722747803,0.020773205906152725,0.027578599750995636,0.03202535957098007,0.09602534770965576,0.014859811402857304,0.011417687870562077,0.02837596833705902
0.01320711337029934,0.29183295369148254,0.006056394428014755,0.010216498747467995,0.04717168211936951,0.05226157233119011,0.11666814237833023,0.006115361582487822,0.009153425693511963,0.0376313216984272,0.035336121916770935,0.2946228086948395,0.020401451736688614,0.020773665979504585,0.027579834684729576,0.03202468156814575,0.0960325077176094,0.014860178343951702,0.011415635235607624,0.028375422582030296
0.013232587836682796,0.29177454113960266,0.0060593849048018456,0.01021058950573206,0.04716366529464722,0.0523020476102829,0.11667171865701675,0.006114210467785597,0.009146654047071934,0.03762084245681763,0.035347796976566315,0.29460257291793823,0.020386790856719017,0.020783158019185066,0.02756931073963642,0.03202052414417267,0.09603627026081085,0.014865625649690628,0.011425542645156384,0.028386082500219345
0.0123513862490654,0.07774145156145096,0.04283928498625755,0.014697487466037273,0.05995384603738785,0.050269853323698044,0.03191332891583443,0.00493240263313055,0.008645656518638134,0.0689307153224945,0.03330017626285553,0.08715959638357162,0.0606156587600708,0.023170264437794685,0.057582348585128784,0.0303647480905056,0.024638719856739044,0.05193229764699936,0.01173223927617073,0.03640202805399895
0.012366033159196377,0.07768837362527847,0.04282928630709648,0.014700474217534065,0.0599885918200016,0.05026548355817795,0.03193939849734306,0.004950002301484346,0.008637990802526474,0.06898641586303711,0.03327418863773346,0.08709792792797089,0.060682546347379684,0.023180272430181503,0.05761772394180298,0.03038344345986843,0.024635447189211845,0.051978256553411484,0.01173614151775837,0.03640144318342209
0.012344497255980968,0.07762931287288666,0.04281863197684288,0.014693603850901127,0.060001879930496216,0.05030413717031479,0.031906746327877045,0.0049273781478405,0.00862039253115654,0.06900583207607269,0.03327852860093117,0.08705676347017288,0.06067715585231781,0.02318659797310829,0.05764210224151611,0.03036293014883995,0.024624507874250412,0.051981303840875626,0.01172755379229784,0.036400072276592255
0.012383128516376019,0.07766621559858322,0.042815592139959335,0.014687768183648586,0.06000346317887306,0.050328705459833145,0.03193189948797226,0.004947618115693331,0.00864704791456461,0.06900878995656967,0.033286746591329575,0.08709649741649628,0.06070218235254288,0.02319543994963169,0.05765034258365631,0.030396390706300735,0.024608418345451355,0.05199025571346283,0.011727876029908657,0.036409586668014526
0.012373936362564564,0.07758079469203949,0.042803239077329636,0.014694422483444214,0.06001940369606018,0.05036583170294762,0.03189793974161148,0.004939914681017399,0.00863226130604744,0.06902680546045303,0.03327671438455582,0.08703240752220154,0.060700349509716034,0.023195430636405945,0.05766195058822632,0.03040461800992489,0.024580512195825577,0.051975496113300323,0.011754892766475677,0.03641320392489433
0.012341072782874107,0.07761877775192261,0.04282230883836746,0.014694960787892342,0.06003011390566826,0.050323739647865295,0.03191765397787094,0.004946588072925806,0.008620805107057095,0.06904063373804092,0.03327827900648117,0.08706652373075485,0.06072677671909332,0.0231950543820858,0.05768658220767975,0.03037448227405548,0.024594761431217194,0.052021875977516174,0.01173242088407278,0.036416150629520416
0.1620093435049057,0.06691954284906387,0.01025624480098486,0.010900115594267845,0.05937590450048447,0.0900987982749939,0.02762029878795147,0.009291424416005611,0.007307335268706083,0.07835713773965836,0.10891041159629822,0.07492608577013016,0.03333909809589386,0.019903946667909622,0.06729798763990402,0.07658985257148743,0.021256111562252045,0.023999260738492012,0.010082687251269817,0.036842912435531616
0.16232721507549286,0.06710655242204666,0.01025288924574852,0.01090087741613388,0.05939603969454765,0.08979229629039764,0.02770574949681759,0.009265259839594364,0.007293457165360451,0.07831815630197525,0.1092105507850647,0.0751170739531517,0.0333339124917984,0.019900251179933548,0.06730808317661285,0.07657768577337265,0.021311862394213676,0.023985927924513817,0.010048151016235352,0.03683830052614212
0.1624331921339035,0.06714336574077606,0.010241981595754623,0.010916429571807384,0.059374235570430756,0.0896713137626648,0.02771294116973877,0.009289538487792015,0.007284093648195267,0.07832463085651398,0.10930623859167099,0.07513713836669922,0.03336813300848007,0.019887788221240044,0.06729673594236374,0.0765809640288353,0.02130628563463688,0.024007273837924004,0.010039135813713074,0.03683238849043846
0.16246455907821655,0.06714818626642227,0.010243220254778862,0.010898631066083908,0.05936209857463837,0.08957130461931229,0.027731243520975113,0.009287922643125057,0.007309310138225555,0.07829960435628891,0.10937034338712692,0.07515709847211838,0.03332880139350891,0.019884459674358368,0.06728724390268326,0.076557956635952,0.02133198454976082,0.023986341431736946,0.010048707015812397,0.03683381527662277
0.1624864637851715,0.0671832337975502,0.010237039998173714,0.010910683311522007,0.059358611702919006,0.08952882140874863,0.027728786692023277,0.00929383747279644,0.007297933101654053,0.07829859107732773,0.10939197242259979,0.0751950666308403,0.03335501626133919,0.019881917163729668,0.06727205216884613,0.07656663656234741,0.021324431523680687,0.024006348103284836,0.010052136145532131,0.03681449592113495
0.16252805292606354,0.06713411957025528,0.010242803953588009,0.010905774310231209,0.05937941372394562,0.08950730413198471,0.027715010568499565,0.009273623116314411,0.007290320936590433,0.0782875269651413,0.1094404086470604,0.0751580223441124,0.033319391310214996,0.019878974184393883,0.06727750599384308,0.07657671719789505,0.02132338099181652,0.023977063596248627,0.010043833404779434,0.03681844845414162
0.16251544654369354,0.06424499303102493,0.01036693062633276,0.010415993630886078,0.061094626784324646,0.08945756405591965,0.026517057791352272,0.009592028334736824,0.007230931427329779,0.08066463470458984,0.10984689742326736,0.07191086560487747,0.03386495262384415,0.019411321729421616,0.06925850361585617,0.07690270990133286,0.020405326038599014,0.024325454607605934,0.00982667226344347,0.03783087432384491
0.16260360181331635,0.06429845094680786,0.010363000445067883,0.01042440440505743,0.06112866848707199,0.08949396014213562,0.026528969407081604,0.009573843330144882,0.0072346031665802,0.08067137748003006,0.10990164428949356,0.07195959240198135,0.033844005316495895,0.019423000514507294,0.06925907731056213,0.07695915549993515,0.020415615290403366,0.024322688579559326,0.00984268169850111,0.03785068541765213
0.16257448494434357,0.06430616974830627,0.010369427502155304,0.01042232010513544,0.0611102320253849,0.08944473415613174,0.026540078222751617,0.009578391909599304,0.007238947320729494,0.08064369112253189,0.10989776253700256,0.0719839558005333,0.033867426216602325,0.019425805658102036,0.06924831122159958,0.07695889472961426,0.020425811409950256,0.02434169314801693,0.00983359944075346,0.03784249350428581
0.16259871423244476,0.06425260752439499,0.010362768545746803,0.010422722436487675,0.061097368597984314,0.08944597840309143,0.02651669643819332,0.009562232531607151,0.007235262542963028,0.08063831925392151,0.10991343855857849,0.07191181927919388,0.03383558988571167,0.019426967948675156,0.06924478709697723,0.07696085423231125,0.020406801253557205,0.024330953136086464,0.009828866459429264,0.03782886266708374
0.16264088451862335,0.06424938887357712,0.010378556326031685,0.01042258832603693,0.06109848618507385,0.08944221585988998,0.026517340913414955,0.009570627473294735,0.007243596017360687,0.08064605295658112,0.10993406176567078,0.07192931324243546,0.03388053551316261,0.019421901553869247,0.06926367431879044,0.07697124034166336,0.020399827510118484,0.0243524257093668,0.009832981042563915,0.0378294512629509
0.16261954605579376,0.0642935261130333,0.010373084805905819,0.01041419431567192,0.061103709042072296,0.08934228867292404,0.026551710441708565,0.009565787389874458,0.007230571936815977,0.08065266162157059,0.10995274037122726,0.0719493180513382,0.03385815769433975,0.019414719194173813,0.06925495713949203,0.07696489244699478,0.020404059439897537,0.024331973865628242,0.009824246168136597,0.03783489763736725
0.013728845864534378,0.31501704454421997,0.007618244271725416,0.013419265858829021,0.0595412515103817,0.054886288940906525,0.13242532312870026,0.007882824167609215,0.00782275665551424,0.07120341807603836,0.03526214882731438,0.3140190839767456,0.025734584778547287,0.021200181916356087,0.05979492887854576,0.03174680098891258,0.1032959520816803,0.01868356205523014,0.010392467491328716,0.036384232342243195
0.013581261038780212,0.3158828318119049,0.007610299624502659,0.01340515911579132,0.05957261845469475,0.05487586185336113,0.13275814056396484,0.007871967740356922,0.007809142116457224,0.07122136652469635,0.0352434441447258,0.3148239552974701,0.025722665712237358,0.021217191591858864,0.059809911996126175,0.0317232683300972,0.10357173532247543,0.018671970814466476,0.010398094542324543,0.0364224910736084
0.013469146564602852,0.31615278124809265,0.0076049454510211945,0.013410106301307678,0.05958317592740059,0.05480330437421799,0.13286156952381134,0.007870767265558243,0.007805224508047104,0.07125482708215714,0.03523563966155052,0.3150828182697296,0.0257161445915699,0.02121155336499214,0.059828534722328186,0.03169263154268265,0.10367585718631744,0.01866316609084606,0.010416495613753796,0.036422908306121826
0.013451807200908661,0.31625285744667053,0.007597990799695253,0.01341515127569437,0.059564683586359024,0.05482646822929382,0.1328965574502945,0.007869137451052666,0.007802334148436785,0.07123371213674545,0.03523864597082138,0.3151574730873108,0.025697678327560425,0.021210195496678352,0.05981483682990074,0.03169979527592659,0.10372165590524673,0.01864379085600376,0.010402734391391277,0.03642778843641281
0.01346683967858553,0.31651541590690613,0.007614481262862682,0.013414296321570873,0.0595904216170311,0.05483118072152138,0.13300445675849915,0.007867720909416676,0.007801811210811138,0.07125852257013321,0.03521629422903061,0.3154100179672241,0.025722747668623924,0.021222155541181564,0.05982470139861107,0.031666453927755356,0.10380604863166809,0.01868387497961521,0.010412805713713169,0.03644290566444397
0.013436898589134216,0.31663817167282104,0.007615862414240837,0.013417326845228672,0.05960297957062721,0.05483424663543701,0.1330306977033615,0.00786477793008089,0.0078099737875163555,0.07124556601047516,0.03520822525024414,0.31553733348846436,0.025705283507704735,0.021227888762950897,0.059842921793460846,0.03166765347123146,0.103840671479702,0.018660005182027817,0.010413829237222672,0.036453451961278915
0.01402286533266306,0.29144859313964844,0.005866930820047855,0.01025291346013546,0.04501555860042572,0.05413767322897911,0.11656492203474045,0.0055870371870696545,0.010218245908617973,0.03561082109808922,0.03675089031457901,0.2937418520450592,0.019546721130609512,0.021804939955472946,0.026391318067908287,0.03332255035638809,0.09595350921154022,0.014339495450258255,0.0119512053206563,0.027419062331318855
0.013929813168942928,0.2913477420806885,0.00585379870608449,0.0102429473772645,0.045016810297966,0.05408589541912079,0.11648212373256683,0.005604976788163185,0.01022599171847105,0.03561123088002205,0.036745134741067886,0.29369619488716125,0.019541429355740547,0.02180158905684948,0.026369675993919373,0.03331505507230759,0.09591831266880035,0.01431503426283598,0.011969149112701416,0.027414564043283463
0.013951053842902184,0.2913517355918884,0.005864553619176149,0.010252507403492928,0.04501574486494064,0.05410278961062431,0.11648520827293396,0.005591948516666889,0.010212382301688194,0.03558577597141266,0.036720938980579376,0.2936791479587555,0.019540216773748398,0.021804260089993477,0.026353344321250916,0.03331846371293068,0.09593837708234787,0.014319367706775665,0.011965123936533928,0.02741396613419056
0.013947784900665283,0.29136228561401367,0.005837276112288237,0.010254472494125366,0.04502452164888382,0.0541146881878376,0.11649443209171295,0.005593475420027971,0.010219311341643333,0.03559931367635727,0.036727484315633774,0.2936932146549225,0.019527701660990715,0.021802356466650963,0.026372021064162254,0.03329508751630783,0.09592635184526443,0.014305842109024525,0.011949514970183372,0.02741635963320732
0.013944694772362709,0.29136359691619873,0.005855418276041746,0.010244330391287804,0.04501676931977272,0.05409662425518036,0.1164950355887413,0.005607209634035826,0.010210669599473476,0.03557910770177841,0.03672803193330765,0.2936776280403137,0.019531946629285812,0.02179863303899765,0.026351427659392357,0.033316247165203094,0.09594840556383133,0.014306735247373581,0.011940794065594673,0.02743338607251644
0.013878275640308857,0.2913544476032257,0.005852538626641035,0.010257015004754066,0.04503588750958443,0.05405806005001068,0.11648349463939667,0.005576229654252529,0.01022060215473175,0.03558559715747833,0.03672618046402931,0.29370731115341187,0.01952625811100006,0.02180151268839836,0.02635311335325241,0.03330322727560997,0.09592381864786148,0.014320743270218372,0.011964702047407627,0.027422308921813965
0.01633058488368988,0.0613093376159668,0.010884835384786129,0.03528418019413948,0.05829707905650139,0.0633406937122345,0.02496897056698799,0.009473816491663456,0.061087433248758316,0.07805676013231277,0.037835318595170975,0.06814835965633392,0.03566446527838707,0.06969310343265533,0.06695724278688431,0.03367951512336731,0.019508633762598038,0.02610798180103302,0.04562309384346008,0.03608972206711769
0.016387419775128365,0.06128647178411484,0.010903582908213139,0.03526704013347626,0.05831902101635933,0.06340065598487854,0.024964051321148872,0.009456556290388107,0.06109445542097092,0.07806474715471268,0.03780006244778633,0.06812068074941635,0.0356830433011055,0.06968668103218079,0.0669696107506752,0.033650536090135574,0.01949664205312729,0.026136623695492744,0.045616354793310165,0.036096736788749695
0.01641148328781128,0.06128142401576042,0.010916017927229404,0.03527164086699486,0.05833715945482254,0.06342250853776932,0.024949252605438232,0.009466292336583138,0.06110810115933418,0.07808335870504379,0.03778083994984627,0.06812077760696411,0.03568708151578903,0.06969396024942398,0.06699930876493454,0.0336870439350605,0.019495710730552673,0.02613532729446888,0.04561547562479973,0.036087073385715485
0.016438787803053856,0.06126713752746582,0.010933670215308666,0.03525149077177048,0.058334510773420334,0.06346385926008224,0.02494511753320694,0.009444653987884521,0.06110528111457825,0.078096903860569,0.037772540003061295,0.0681145191192627,0.03569139167666435,0.069694384932518,0.06701158732175827,0.033682867884635925,0.019508669152855873,0.026147374883294106,0.045609235763549805,0.03607296198606491
0.016461404040455818,0.06119358167052269,0.010922892019152641,0.03525089472532272,0.058337531983852386,0.06345651298761368,0.0249190516769886,0.009478932246565819,0.0610898993909359,0.0781341940164566,0.037747979164123535,0.06801659613847733,0.035718679428100586,0.06968662887811661,0.0670403316617012,0.03367361053824425,0.019477127119898796,0.026174206286668777,0.04559260234236717,0.03607911989092827
0.016459615901112556,0.061242274940013885,0.010931051336228848,0.03525108844041824,0.05834690481424332,0.063482865691185,0.024915261194109917,0.009471424855291843,0.0610923171043396,0.07814619690179825,0.03778470680117607,0.06806281954050064,0.03570887818932533,0.06968989223241806,0.06703756004571915,0.033670682460069656,0.019486643373966217,0.02617054060101509,0.04558738321065903,0.036079347133636475
0.16327959299087524,0.06654122471809387,0.009962455369532108,0.011020572856068611,0.06027037650346756,0.09077799320220947,0.0274116899818182,0.009146120399236679,0.007394876796752214,0.07868187874555588,0.10844040662050247,0.07438170164823532,0.03247291222214699,0.020163821056485176,0.06745214015245438,0.07611088454723358,0.021126726642251015,0.023337239399552345,0.010127287358045578,0.03727208077907562
0.1636056751012802,0.06658121943473816,0.00995212234556675,0.011035454459488392,0.060259878635406494,0.09053497761487961,0.02743328921496868,0.009152467362582684,0.007396293804049492,0.07864239811897278,0.10865307599306107,0.07444426417350769,0.03241840749979019,0.02014732174575329,0.0674048438668251,0.07610520720481873,0.021170280873775482,0.023312212899327278,0.010125838220119476,0.037251681089401245
0.1636471301317215,0.0665629580616951,0.00995316170156002,0.011028176173567772,0.060238853096961975,0.09043139219284058,0.027433104813098907,0.00915741827338934,0.007391179446130991,0.07861578464508057,0.10873065143823624,0.07445269823074341,0.03246750310063362,0.020132292062044144,0.06739833205938339,0.0761372447013855,0.021148307248950005,0.023327114060521126,0.010108589194715023,0.037262771278619766
0.16376323997974396,0.06655418872833252,0.009934746660292149,0.011043859645724297,0.060239288955926895,0.09039587527513504,0.027434637770056725,0.009140915237367153,0.007387992925941944,0.07860159128904343,0.10878995805978775,0.07441944628953934,0.032439690083265305,0.020139578729867935,0.06737940013408661,0.07612785696983337,0.021153045818209648,0.023319538682699203,0.010113206692039967,0.03725268319249153
0.16377899050712585,0.06655064225196838,0.009945199824869633,0.011039328761398792,0.06022941321134567,0.09038504213094711,0.027451634407043457,0.009149985387921333,0.007389864418655634,0.07859347015619278,0.10880935937166214,0.07443676143884659,0.03245042636990547,0.020133137702941895,0.06737133860588074,0.0761357918381691,0.021161993965506554,0.023318441584706306,0.01009391900151968,0.037255145609378815
0.16379275918006897,0.06655924767255783,0.009937338531017303,0.011042674072086811,0.06024246662855148,0.09030120074748993,0.027450254186987877,0.009143941104412079,0.0073797139339149,0.07860621809959412,0.1088535338640213,0.07443975657224655,0.03241796791553497,0.02012774720788002,0.06737179309129715,0.07612908631563187,0.02115423046052456,0.023313511162996292,0.010104946792125702,0.03726176172494888
0.01574704237282276,0.06198533996939659,0.0102473059669137,0.010404219850897789,0.07947766780853271,0.06331255286931992,0.025700002908706665,0.008388812653720379,0.008202587254345417,0.023167453706264496,0.03886103257536888,0.06988085806369781,0.033277131617069244,0.020721273496747017,0.047879014164209366,0.034768927842378616,0.019553206861019135,0.02448064275085926,0.010682760737836361,0.0882062241435051
0.01574704982340336,0.061982281506061554,0.010254223830997944,0.010417583398520947,0.07952235639095306,0.06337282806634903,0.025695675984025,0.008374213241040707,0.008216122165322304,0.023268964141607285,0.038838207721710205,0.0698619857430458,0.033278290182352066,0.020747968927025795,0.04795435816049576,0.03476085513830185,0.019569044932723045,0.02448146790266037,0.01069533172994852,0.08829544484615326
0.015702584758400917,0.06206272169947624,0.010257325135171413,0.010419163852930069,0.07961853593587875,0.0634072944521904,0.025714341551065445,0.0083745326846838,0.008220856077969074,0.023301050066947937,0.038860611617565155,0.06995172798633575,0.03334159031510353,0.02076444961130619,0.04799678549170494,0.03478093072772026,0.01957392878830433,0.024532673880457878,0.010712971910834312,0.08836984634399414
0.01565115712583065,0.061942461878061295,0.010259117931127548,0.01040157862007618,0.07956869900226593,0.06335067749023438,0.025677746161818504,0.008390981703996658,0.008231515996158123,0.023310646414756775,0.038822706788778305,0.0698336511850357,0.03329378738999367,0.020765675231814384,0.04800223186612129,0.03476996347308159,0.01955675706267357,0.024501260370016098,0.010710958391427994,0.08838798850774765
0.01570240408182144,0.06198583543300629,0.010248064994812012,0.010412799194455147,0.07958173006772995,0.06338047236204147,0.025686755776405334,0.008383236825466156,0.008216394111514091,0.02332685887813568,0.03881562128663063,0.0698784589767456,0.03330828621983528,0.020757382735610008,0.048020489513874054,0.034772928804159164,0.01956922374665737,0.024510031566023827,0.010718012228608131,0.08841071277856827
0.01568782329559326,0.06196771189570427,0.01025903970003128,0.010396590456366539,0.0795726627111435,0.06341855227947235,0.025692541152238846,0.008372514508664608,0.00822220928966999,0.023346643894910812,0.038818564265966415,0.06984184682369232,0.03328423574566841,0.020762326195836067,0.048039887100458145,0.03475509211421013,0.019556844606995583,0.024490322917699814,0.010713741183280945,0.08840958029031754
0.013451159000396729,0.31913772225379944,0.007733503356575966,0.013532483018934727,0.06067679449915886,0.05528583005070686,0.13401702046394348,0.008173396810889244,0.008155375719070435,0.07145048677921295,0.035124521702528,0.31793779134750366,0.026208948343992233,0.020345080643892288,0.05926291644573212,0.031507235020399094,0.10474139451980591,0.018996315076947212,0.009747530333697796,0.03654446452856064
0.013470334000885487,0.3189215660095215,0.007719967979937792,0.013535636477172375,0.06067707762122154,0.055274151265621185,0.13389790058135986,0.008167324587702751,0.008159046992659569,0.0714539960026741,0.03512744978070259,0.31764110922813416,0.026187513023614883,0.02034187503159046,0.05926506593823433,0.031510502099990845,0.10466186702251434,0.018987560644745827,0.009730052202939987,0.03654173016548157
0.01348674762994051,0.3188122510910034,0.0077257039956748486,0.01353930402547121,0.06067876145243645,0.05529746413230896,0.13382785022258759,0.008171550929546356,0.008151073008775711,0.07144758105278015,0.03512353077530861,0.3175230920314789,0.026219205930829048,0.020349672064185143,0.059257883578538895,0.031508032232522964,0.10462095588445663,0.01899171993136406,0.009733112528920174,0.03652895614504814
0.013510077260434628,0.3188117444515228,0.0077267843298614025,0.013541708700358868,0.06067897751927376,0.05529492720961571,0.13385014235973358,0.008174706250429153,0.008157666772603989,0.07145734876394272,0.035096824169158936,0.31753110885620117,0.026210704818367958,0.02035045437514782,0.05925871059298515,0.03151274845004082,0.10462914407253265,0.018986742943525314,0.009729927405714989,0.036549754440784454
0.013508574105799198,0.3188321888446808,0.007734366692602634,0.013539806939661503,0.060676608234643936,0.055306341499090195,0.13384687900543213,0.008196843788027763,0.008155245333909988,0.07146003842353821,0.035101115703582764,0.3175235092639923,0.026203792542219162,0.02035408653318882,0.05925709754228592,0.031504739075899124,0.10461164265871048,0.01899620331823826,0.009733944199979305,0.036555755883455276
0.01345838513225317,0.3189556300640106,0.00772292073816061,0.013547738082706928,0.06067986786365509,0.055296316742897034,0.13390348851680756,0.008185738697648048,0.00815053004771471,0.07146060466766357,0.03512013331055641,0.3176364302635193,0.026210231706500053,0.020348362624645233,0.059261754155159,0.03152720630168915,0.10466381162405014,0.018996406346559525,0.009729689918458462,0.036561477929353714
0.013565058819949627,0.2902010679244995,0.006532792467623949,0.010028423741459846,0.04602392017841339,0.05451863259077072,0.11601250618696213,0.006182687822729349,0.009242767468094826,0.0371076799929142,0.036378029733896255,0.29284563660621643,0.021733609959483147,0.02069605328142643,0.02745954506099224,0.03286584094166756,0.09553010761737823,0.015895387157797813,0.011319741606712341,0.0278061144053936
0.01354715134948492,0.2901269793510437,0.006510227452963591,0.010022609494626522,0.046028055250644684,0.05451809614896774,0.11596837639808655,0.006163943093270063,0.009249115362763405,0.03708109259605408,0.03637005388736725,0.2927747070789337,0.021732985973358154,0.02068323828279972,0.02744430862367153,0.032896365970373154,0.09549662470817566,0.015891095623373985,0.011306497268378735,0.02780841663479805
0.013436779379844666,0.29014211893081665,0.006521177943795919,0.010029155761003494,0.0460197813808918,0.054494716227054596,0.11600065976381302,0.006182908080518246,0.009254993870854378,0.037066735327243805,0.03637426719069481,0.29280194640159607,0.021742291748523712,0.02068966254591942,0.02743491157889366,0.03286777809262276,0.09551158547401428,0.015903811901807785,0.011311175301671028,0.02779887244105339
0.01344973687082529,0.2901262938976288,0.006521510425955057,0.010019984096288681,0.04603620991110802,0.05447098985314369,0.11596619337797165,0.006181034259498119,0.009254248812794685,0.037080008536577225,0.036378148943185806,0.29281482100486755,0.021731426939368248,0.020678317174315453,0.027450423687696457,0.032872263342142105,0.09550222009420395,0.015902023762464523,0.011302890256047249,0.027805784717202187
0.013450035825371742,0.29017388820648193,0.006532694678753614,0.010018948465585709,0.0460534505546093,0.054526157677173615,0.11597783863544464,0.0061874836683273315,0.009251744486391544,0.037082865834236145,0.03638877719640732,0.29281118512153625,0.021737676113843918,0.020692937076091766,0.02744460292160511,0.032890453934669495,0.09552255272865295,0.015912529081106186,0.011310841888189316,0.027814645320177078
0.013453717343509197,0.2900886833667755,0.006534157786518335,0.010022875852882862,0.046044621616601944,0.05454002320766449,0.11596174538135529,0.006155329756438732,0.009258939884603024,0.03708542138338089,0.03637049347162247,0.2927655577659607,0.02172275260090828,0.020688284188508987,0.027435000985860825,0.032889530062675476,0.09549194574356079,0.015905162319540977,0.011307910084724426,0.027817364782094955
