0.0,1.0,0.0,0.0,0.0,0.0,0.0,0.0,0.24125421,0.3493133,0.69914484,0.24825084,0.33713397,0.6745271,0.24540037,0.35320032,0.6921482,0.22622441,0.42653537,0.7056232
0.0,1.0,0.0,0.0,0.0,0.0,0.0,0.0,0.24125421,0.3493133,0.69914484,0.24825084,0.33713397,0.6745271,0.24540037,0.35320032,0.6921482,0.22622441,0.42653537,0.7056232
0.0,1.0,0.0,0.0,0.0,0.0,0.0,0.0,0.24125421,0.3493133,0.69914484,0.24825084,0.33713397,0.6745271,0.24540037,0.35320032,0.6921482,0.22622441,0.42653537,0.7056232
0.0,1.0,0.0,0.0,0.0,0.0,0.0,0.0,0.24125421,0.3493133,0.69914484,0.24825084,0.33713397,0.6745271,0.24540037,0.35320032,0.6921482,0.22622441,0.42653537,0.7056232
0.0,1.0,0.0,0.0,0.0,0.0,0.0,0.0,0.24125421,0.3493133,0.69914484,0.24825084,0.33713397,0.6745271,0.24540037,0.35320032,0.6921482,0.22622441,0.42653537,0.7056232
0.0,1.0,0.0,0.0,0.0,0.0,0.0,0.0,0.24125421,0.3493133,0.69914484,0.24825084,0.33713397,0.6745271,0.24540037,0.35320032,0.6921482,0.22622441,0.42653537,0.7056232
0.0,1.0,0.0,0.0,0.0,0.0,0.0,0.0,0.22518787,0.38740605,0.7076963,0.23244365,0.3951801,0.7121016,0.24073595,0.4003628,0.70380926,0.21171288,0.44985747,0.71339726
0.0,1.0,0.0,0.0,0.0,0.0,0.0,0.0,0.22518787,0.38740605,0.7076963,0.23244365,0.3951801,0.7121016,0.24073595,0.4003628,0.70380926,0.21171288,0.44985747,0.71339726
0.0,1.0,0.0,0.0,0.0,0.0,0.0,0.0,0.22518787,0.38740605,0.7076963,0.23244365,0.3951801,0.7121016,0.24073595,0.4003628,0.70380926,0.21171288,0.44985747,0.71339726
0.0,1.0,0.0,0.0,0.0,0.0,0.0,0.0,0.22518787,0.38740605,0.7076963,0.23244365,0.3951801,0.7121016,0.24073595,0.4003628,0.70380926,0.21171288,0.44985747,0.71339726
0.0,1.0,0.0,0.0,0.0,0.0,0.0,0.0,0.22518787,0.38740605,0.7076963,0.23244365,0.3951801,0.7121016,0.24073595,0.4003628,0.70380926,0.21171288,0.44985747,0.71339726
0.0,1.0,0.0,0.0,0.0,0.0,0.0,0.0,0.22518787,0.38740605,0.7076963,0.23244365,0.3951801,0.7121016,0.24073595,0.4003628,0.70380926,0.21171288,0.44985747,0.71339726
1.0,0.0,0.0,0.0,0.0,0.0,0.0,0.0,0.17672972,0.6442084,0.8310443,0.17465664,0.64369005,0.8136823,0.17983934,0.6328064,0.7758487,0.208085,0.53148484,0.7157295
1.0,0.0,0.0,0.0,0.0,0.0,0.0,0.0,0.17672972,0.6442084,0.8310443,0.17465664,0.64369005,0.8136823,0.17983934,0.6328064,0.7758487,0.208085,0.53148484,0.7157295
1.0,0.0,0.0,0.0,0.0,0.0,0.0,0.0,0.17672972,0.6442084,0.8310443,0.17465664,0.64369005,0.8136823,0.17983934,0.6328064,0.7758487,0.208085,0.53148484,0.7157295
1.0,0.0,0.0,0.0,0.0,0.0,0.0,0.0,0.17672972,0.6442084,0.8310443,0.17465664,0.64369005,0.8136823,0.17983934,0.6328064,0.7758487,0.208085,0.53148484,0.7157295
1.0,0.0,0.0,0.0,0.0,0.0,0.0,0.0,0.17672972,0.6442084,0.8310443,0.17465664,0.64369005,0.8136823,0.17983934,0.6328064,0.7758487,0.208085,0.53148484,0.7157295
1.0,0.0,0.0,0.0,0.0,0.0,0.0,0.0,0.17672972,0.6442084,0.8310443,0.17465664,0.64369005,0.8136823,0.17983934,0.6328064,0.7758487,0.208085,0.53148484,0.7157295
0.0,1.0,0.0,0.0,0.0,0.0,0.0,0.0,0.25084218,0.37133974,0.7385333,0.2500648,0.36978492,0.7369785,0.24462296,0.39388442,0.74216115,0.23270278,0.4791397,0.7310184
0.0,1.0,0.0,0.0,0.0,0.0,0.0,0.0,0.25084218,0.37133974,0.7385333,0.2500648,0.36978492,0.7369785,0.24462296,0.39388442,0.74216115,0.23270278,0.4791397,0.7310184
0.0,1.0,0.0,0.0,0.0,0.0,0.0,0.0,0.25084218,0.37133974,0.7385333,0.2500648,0.36978492,0.7369785,0.24462296,0.39388442,0.74216115,0.23270278,0.4791397,0.7310184
0.0,1.0,0.0,0.0,0.0,0.0,0.0,0.0,0.25084218,0.37133974,0.7385333,0.2500648,0.36978492,0.7369785,0.24462296,0.39388442,0.74216115,0.23270278,0.4791397,0.7310184
0.0,1.0,0.0,0.0,0.0,0.0,0.0,0.0,0.25084218,0.37133974,0.7385333,0.2500648,0.36978492,0.7369785,0.24462296,0.39388442,0.74216115,0.23270278,0.4791397,0.7310184
0.0,1.0,0.0,0.0,0.0,0.0,0.0,0.0,0.25084218,0.37133974,0.7385333,0.2500648,0.36978492,0.7369785,0.24462296,0.39388442,0.74216115,0.23270278,0.4791397,0.7310184
0.0,0.0,0.0,1.0,0.0,0.0,0.0,0.0,0.119461,0.39751232,0.48665458,0.1293081,0.39777145,0.48276755,0.11661052,0.39984453,0.48665458,0.11324177,0.43975124,0.51049495
0.0,0.0,0.0,1.0,0.0,0.0,0.0,0.0,0.119461,0.39751232,0.48665458,0.1293081,0.39777145,0.48276755,0.11661052,0.39984453,0.48665458,0.11324177,0.43975124,0.51049495
0.0,0.0,0.0,1.0,0.0,0.0,0.0,0.0,0.119461,0.39751232,0.48665458,0.1293081,0.39777145,0.48276755,0.11661052,0.39984453,0.48665458,0.11324177,0.43975124,0.51049495
0.0,0.0,0.0,1.0,0.0,0.0,0.0,0.0,0.119461,0.39751232,0.48665458,0.1293081,0.39777145,0.48276755,0.11661052,0.39984453,0.48665458,0.11324177,0.43975124,0.51049495
0.0,0.0,0.0,1.0,0.0,0.0,0.0,0.0,0.119461,0.39751232,0.48665458,0.1293081,0.39777145,0.48276755,0.11661052,0.39984453,0.48665458,0.11324177,0.43975124,0.51049495
0.0,0.0,0.0,1.0,0.0,0.0,0.0,0.0,0.119461,0.39751232,0.48665458,0.1293081,0.39777145,0.48276755,0.11661052,0.39984453,0.48665458,0.11324177,0.43975124,0.51049495
0.0,0.0,1.0,0.0,0.0,0.0,0.0,0.0,0.20704846,0.29696813,0.7178025,0.22518787,0.32029024,0.7180617,0.22622441,0.3373931,0.72091216,0.2231148,0.39051569,0.71236074
0.0,0.0,1.0,0.0,0.0,0.0,0.0,0.0,0.20704846,0.29696813,0.7178025,0.22518787,0.32029024,0.7180617,0.22622441,0.3373931,0.72091216,0.2231148,0.39051569,0.71236074
0.0,0.0,1.0,0.0,0.0,0.0,0.0,0.0,0.20704846,0.29696813,0.7178025,0.22518787,0.32029024,0.7180617,0.22622441,0.3373931,0.72091216,0.2231148,0.39051569,0.71236074
0.0,0.0,1.0,0.0,0.0,0.0,0.0,0.0,0.20704846,0.29696813,0.7178025,0.22518787,0.32029024,0.7180617,0.22622441,0.3373931,0.72091216,0.2231148,0.39051569,0.71236074
0.0,0.0,1.0,0.0,0.0,0.0,0.0,0.0,0.20704846,0.29696813,0.7178025,0.22518787,0.32029024,0.7180617,0.22622441,0.3373931,0.72091216,0.2231148,0.39051569,0.71236074
0.0,0.0,1.0,0.0,0.0,0.0,0.0,0.0,0.20704846,0.29696813,0.7178025,0.22518787,0.32029024,0.7180617,0.22622441,0.3373931,0.72091216,0.2231148,0.39051569,0.71236074
0.0,0.0,0.0,0.0,0.0,1.0,0.0,0.0,0.11220524,0.68256027,0.85695773,0.11220524,0.6791915,0.853589,0.11272351,0.68178284,0.85384816,0.11505572,0.6926665,0.78491837
0.0,0.0,0.0,0.0,0.0,1.0,0.0,0.0,0.11220524,0.68256027,0.85695773,0.11220524,0.6791915,0.853589,0.11272351,0.68178284,0.85384816,0.11505572,0.6926665,0.78491837
0.0,0.0,0.0,0.0,0.0,1.0,0.0,0.0,0.11220524,0.68256027,0.85695773,0.11220524,0.6791915,0.853589,0.11272351,0.68178284,0.85384816,0.11505572,0.6926665,0.78491837
0.0,0.0,0.0,0.0,0.0,1.0,0.0,0.0,0.11220524,0.68256027,0.85695773,0.11220524,0.6791915,0.853589,0.11272351,0.68178284,0.85384816,0.11505572,0.6926665,0.78491837
0.0,0.0,0.0,0.0,0.0,1.0,0.0,0.0,0.11220524,0.68256027,0.85695773,0.11220524,0.6791915,0.853589,0.11272351,0.68178284,0.85384816,0.11505572,0.6926665,0.78491837
0.0,0.0,0.0,0.0,0.0,1.0,0.0,0.0,0.11220524,0.68256027,0.85695773,0.11220524,0.6791915,0.853589,0.11272351,0.68178284,0.85384816,0.11505572,0.6926665,0.78491837
0.0,0.0,0.0,0.0,0.0,0.0,1.0,0.0,0.12516196,0.24306816,0.73464626,0.12853071,0.25783882,0.74190205,0.12568022,0.24617776,0.73801506,0.12568022,0.24617776,0.7413838
0.0,0.0,0.0,0.0,0.0,0.0,1.0,0.0,0.12516196,0.24306816,0.73464626,0.12853071,0.25783882,0.74190205,0.12568022,0.24617776,0.73801506,0.12568022,0.24617776,0.7413838
0.0,0.0,0.0,0.0,0.0,0.0,1.0,0.0,0.12516196,0.24306816,0.73464626,0.12853071,0.25783882,0.74190205,0.12568022,0.24617776,0.73801506,0.12568022,0.24617776,0.7413838
0.0,0.0,0.0,0.0,0.0,0.0,1.0,0.0,0.12516196,0.24306816,0.73464626,0.12853071,0.25783882,0.74190205,0.12568022,0.24617776,0.73801506,0.12568022,0.24617776,0.7413838
0.0,0.0,0.0,0.0,0.0,0.0,1.0,0.0,0.12516196,0.24306816,0.73464626,0.12853071,0.25783882,0.74190205,0.12568022,0.24617776,0.73801506,0.12568022,0.24617776,0.7413838
0.0,0.0,0.0,0.0,0.0,0.0,1.0,0.0,0.12516196,0.24306816,0.73464626,0.12853071,0.25783882,0.74190205,0.12568022,0.24617776,0.73801506,0.12568022,0.24617776,0.7413838
0.0,0.0,0.0,1.0,0.0,0.0,0.0,0.0,0.13578647,0.40088105,0.53537184,0.15133454,0.42083442,0.5358901,0.13552734,0.39336616,0.54495984,0.12956725,0.42135268,0.552993
0.0,0.0,0.0,1.0,0.0,0.0,0.0,0.0,0.13578647,0.40088105,0.53537184,0.15133454,0.42083442,0.5358901,0.13552734,0.39336616,0.54495984,0.12956725,0.42135268,0.552993
0.0,0.0,0.0,1.0,0.0,0.0,0.0,0.0,0.13578647,0.40088105,0.53537184,0.15133454,0.42083442,0.5358901,0.13552734,0.39336616,0.54495984,0.12956725,0.42135268,0.552993
0.0,0.0,0.0,1.0,0.0,0.0,0.0,0.0,0.13578647,0.40088105,0.53537184,0.15133454,0.42083442,0.5358901,0.13552734,0.39336616,0.54495984,0.12956725,0.42135268,0.552993
0.0,0.0,0.0,1.0,0.0,0.0,0.0,0.0,0.13578647,0.40088105,0.53537184,0.15133454,0.42083442,0.5358901,0.13552734,0.39336616,0.54495984,0.12956725,0.42135268,0.552993
0.0,0.0,0.0,1.0,0.0,0.0,0.0,0.0,0.13578647,0.40088105,0.53537184,0.15133454,0.42083442,0.5358901,0.13552734,0.39336616,0.54495984,0.12956725,0.42135268,0.552993
0.0,0.0,0.0,0.0,0.0,1.0,0.0,0.0,0.11246437,0.73956984,0.93651205,0.11324177,0.75330395,0.9315885,0.1119461,0.73360974,0.9546515,0.11246437,0.74060637,0.9507644
0.0,0.0,0.0,0.0,0.0,1.0,0.0,0.0,0.11246437,0.73956984,0.93651205,0.11324177,0.75330395,0.9315885,0.1119461,0.73360974,0.9546515,0.11246437,0.74060637,0.9507644
0.0,0.0,0.0,0.0,0.0,1.0,0.0,0.0,0.11246437,0.73956984,0.93651205,0.11324177,0.75330395,0.9315885,0.1119461,0.73360974,0.9546515,0.11246437,0.74060637,0.9507644
0.0,0.0,0.0,0.0,0.0,1.0,0.0,0.0,0.11246437,0.73956984,0.93651205,0.11324177,0.75330395,0.9315885,0.1119461,0.73360974,0.9546515,0.11246437,0.74060637,0.9507644
0.0,0.0,0.0,0.0,0.0,1.0,0.0,0.0,0.11246437,0.73956984,0.93651205,0.11324177,0.75330395,0.9315885,0.1119461,0.73360974,0.9546515,0.11246437,0.74060637,0.9507644
0.0,0.0,0.0,0.0,0.0,1.0,0.0,0.0,0.11246437,0.73956984,0.93651205,0.11324177,0.75330395,0.9315885,0.1119461,0.73360974,0.9546515,0.11246437,0.74060637,0.9507644
0.0,0.0,1.0,0.0,0.0,0.0,0.0,0.0,0.1938326,0.27545998,0.7452708,0.19823788,0.28530708,0.743716,0.2013475,0.27286863,0.73231405,0.22752008,0.3734128,0.7118424
0.0,0.0,1.0,0.0,0.0,0.0,0.0,0.0,0.1938326,0.27545998,0.7452708,0.19823788,0.28530708,0.743716,0.2013475,0.27286863,0.73231405,0.22752008,0.3734128,0.7118424
0.0,0.0,1.0,0.0,0.0,0.0,0.0,0.0,0.1938326,0.27545998,0.7452708,0.19823788,0.28530708,0.743716,0.2013475,0.27286863,0.73231405,0.22752008,0.3734128,0.7118424
0.0,0.0,1.0,0.0,0.0,0.0,0.0,0.0,0.1938326,0.27545998,0.7452708,0.19823788,0.28530708,0.743716,0.2013475,0.27286863,0.73231405,0.22752008,0.3734128,0.7118424
0.0,0.0,1.0,0.0,0.0,0.0,0.0,0.0,0.1938326,0.27545998,0.7452708,0.19823788,0.28530708,0.743716,0.2013475,0.27286863,0.73231405,0.22752008,0.3734128,0.7118424
0.0,0.0,1.0,0.0,0.0,0.0,0.0,0.0,0.1938326,0.27545998,0.7452708,0.19823788,0.28530708,0.743716,0.2013475,0.27286863,0.73231405,0.22752008,0.3734128,0.7118424
1.0,0.0,0.0,0.0,0.0,0.0,0.0,0.0,0.16817829,0.6499093,0.7903602,0.1585903,0.6561285,0.77040684,0.19072299,0.6268463,0.7986525,0.21352682,0.55091995,0.7820679
1.0,0.0,0.0,0.0,0.0,0.0,0.0,0.0,0.16817829,0.6499093,0.7903602,0.1585903,0.6561285,0.77040684,0.19072299,0.6268463,0.7986525,0.21352682,0.55091995,0.7820679
1.0,0.0,0.0,0.0,0.0,0.0,0.0,0.0,0.16817829,0.6499093,0.7903602,0.1585903,0.6561285,0.77040684,0.19072299,0.6268463,0.7986525,0.21352682,0.55091995,0.7820679
1.0,0.0,0.0,0.0,0.0,0.0,0.0,0.0,0.16817829,0.6499093,0.7903602,0.1585903,0.6561285,0.77040684,0.19072299,0.6268463,0.7986525,0.21352682,0.55091995,0.7820679
1.0,0.0,0.0,0.0,0.0,0.0,0.0,0.0,0.16817829,0.6499093,0.7903602,0.1585903,0.6561285,0.77040684,0.19072299,0.6268463,0.7986525,0.21352682,0.55091995,0.7820679
1.0,0.0,0.0,0.0,0.0,0.0,0.0,0.0,0.16817829,0.6499093,0.7903602,0.1585903,0.6561285,0.77040684,0.19072299,0.6268463,0.7986525,0.21352682,0.55091995,0.7820679
0.0,0.0,0.0,0.0,0.0,0.0,1.0,0.0,0.11142783,0.2472143,0.645504,0.11142783,0.24358642,0.6439492,0.11712879,0.26276237,0.65457374,0.12412542,0.26017103,0.67660016
0.0,0.0,0.0,0.0,0.0,0.0,1.0,0.0,0.11142783,0.2472143,0.645504,0.11142783,0.24358642,0.6439492,0.11712879,0.26276237,0.65457374,0.12412542,0.26017103,0.67660016
0.0,0.0,0.0,0.0,0.0,0.0,1.0,0.0,0.11142783,0.2472143,0.645504,0.11142783,0.24358642,0.6439492,0.11712879,0.26276237,0.65457374,0.12412542,0.26017103,0.67660016
0.0,0.0,0.0,0.0,0.0,0.0,1.0,0.0,0.11142783,0.2472143,0.645504,0.11142783,0.24358642,0.6439492,0.11712879,0.26276237,0.65457374,0.12412542,0.26017103,0.67660016
0.0,0.0,0.0,0.0,0.0,0.0,1.0,0.0,0.11142783,0.2472143,0.645504,0.11142783,0.24358642,0.6439492,0.11712879,0.26276237,0.65457374,0.12412542,0.26017103,0.67660016
0.0,0.0,0.0,0.0,0.0,0.0,1.0,0.0,0.11142783,0.2472143,0.645504,0.11142783,0.24358642,0.6439492,0.11712879,0.26276237,0.65457374,0.12412542,0.26017103,0.67660016
0.0,1.0,0.0,0.0,0.0,0.0,0.0,0.0,0.2290749,0.40632287,0.7305001,0.23322104,0.4177248,0.7286862,0.22803836,0.40450895,0.73075926,0.22518787,0.4462296,0.7558953
0.0,1.0,0.0,0.0,0.0,0.0,0.0,0.0,0.2290749,0.40632287,0.7305001,0.23322104,0.4177248,0.7286862,0.22803836,0.40450895,0.73075926,0.22518787,0.4462296,0.7558953
0.0,1.0,0.0,0.0,0.0,0.0,0.0,0.0,0.2290749,0.40632287,0.7305001,0.23322104,0.4177248,0.7286862,0.22803836,0.40450895,0.73075926,0.22518787,0.4462296,0.7558953
0.0,1.0,0.0,0.0,0.0,0.0,0.0,0.0,0.2290749,0.40632287,0.7305001,0.23322104,0.4177248,0.7286862,0.22803836,0.40450895,0.73075926,0.22518787,0.4462296,0.7558953
0.0,1.0,0.0,0.0,0.0,0.0,0.0,0.0,0.2290749,0.40632287,0.7305001,0.23322104,0.4177248,0.7286862,0.22803836,0.40450895,0.73075926,0.22518787,0.4462296,0.7558953
0.0,1.0,0.0,0.0,0.0,0.0,0.0,0.0,0.2290749,0.40632287,0.7305001,0.23322104,0.4177248,0.7286862,0.22803836,0.40450895,0.73075926,0.22518787,0.4462296,0.7558953
0.0,1.0,0.0,0.0,0.0,0.0,0.0,0.0,0.25757968,0.4169474,0.75926405,0.25835708,0.41798392,0.7603006,0.25809795,0.43094066,0.7429386,0.24021767,0.45218968,0.7219487
0.0,1.0,0.0,0.0,0.0,0.0,0.0,0.0,0.25757968,0.4169474,0.75926405,0.25835708,0.41798392,0.7603006,0.25809795,0.43094066,0.7429386,0.24021767,0.45218968,0.7219487
0.0,1.0,0.0,0.0,0.0,0.0,0.0,0.0,0.25757968,0.4169474,0.75926405,0.25835708,0.41798392,0.7603006,0.25809795,0.43094066,0.7429386,0.24021767,0.45218968,0.7219487
0.0,1.0,0.0,0.0,0.0,0.0,0.0,0.0,0.25757968,0.4169474,0.75926405,0.25835708,0.41798392,0.7603006,0.25809795,0.43094066,0.7429386,0.24021767,0.45218968,0.7219487
0.0,1.0,0.0,0.0,0.0,0.0,0.0,0.0,0.25757968,0.4169474,0.75926405,0.25835708,0.41798392,0.7603006,0.25809795,0.43094066,0.7429386,0.24021767,0.45218968,0.7219487
0.0,1.0,0.0,0.0,0.0,0.0,0.0,0.0,0.25757968,0.4169474,0.75926405,0.25835708,0.41798392,0.7603006,0.25809795,0.43094066,0.7429386,0.24021767,0.45218968,0.7219487
0.0,0.0,1.0,0.0,0.0,0.0,0.0,0.0,0.21067634,0.28945324,0.6698627,0.20704846,0.28427052,0.6636434,0.21689557,0.3011143,0.6737497,0.20549364,0.39207047,0.699404
0.0,0.0,1.0,0.0,0.0,0.0,0.0,0.0,0.21067634,0.28945324,0.6698627,0.20704846,0.28427052,0.6636434,0.21689557,0.3011143,0.6737497,0.20549364,0.39207047,0.699404
0.0,0.0,1.0,0.0,0.0,0.0,0.0,0.0,0.21067634,0.28945324,0.6698627,0.20704846,0.28427052,0.6636434,0.21689557,0.3011143,0.6737497,0.20549364,0.39207047,0.699404
0.0,0.0,1.0,0.0,0.0,0.0,0.0,0.0,0.21067634,0.28945324,0.6698627,0.20704846,0.28427052,0.6636434,0.21689557,0.3011143,0.6737497,0.20549364,0.39207047,0.699404
0.0,0.0,1.0,0.0,0.0,0.0,0.0,0.0,0.21067634,0.28945324,0.6698627,0.20704846,0.28427052,0.6636434,0.21689557,0.3011143,0.6737497,0.20549364,0.39207047,0.699404
0.0,0.0,1.0,0.0,0.0,0.0,0.0,0.0,0.21067634,0.28945324,0.6698627,0.20704846,0.28427052,0.6636434,0.21689557,0.3011143,0.6737497,0.20549364,0.39207047,0.699404
1.0,0.0,0.0,0.0,0.0,0.0,0.0,0.0,0.1705105,0.6867064,0.89945585,0.17310184,0.67582273,0.9121534,0.1863177,0.587717,0.890127,0.19020471,0.549106,0.9134491
1.0,0.0,0.0,0.0,0.0,0.0,0.0,0.0,0.1705105,0.6867064,0.89945585,0.17310184,0.67582273,0.9121534,0.1863177,0.587717,0.890127,0.19020471,0.549106,0.9134491
1.0,0.0,0.0,0.0,0.0,0.0,0.0,0.0,0.1705105,0.6867064,0.89945585,0.17310184,0.67582273,0.9121534,0.1863177,0.587717,0.890127,0.19020471,0.549106,0.9134491
1.0,0.0,0.0,0.0,0.0,0.0,0.0,0.0,0.1705105,0.6867064,0.89945585,0.17310184,0.67582273,0.9121534,0.1863177,0.587717,0.890127,0.19020471,0.549106,0.9134491
1.0,0.0,0.0,0.0,0.0,0.0,0.0,0.0,0.1705105,0.6867064,0.89945585,0.17310184,0.67582273,0.9121534,0.1863177,0.587717,0.890127,0.19020471,0.549106,0.9134491
1.0,0.0,0.0,0.0,0.0,0.0,0.0,0.0,0.1705105,0.6867064,0.89945585,0.17310184,0.67582273,0.9121534,0.1863177,0.587717,0.890127,0.19020471,0.549106,0.9134491
1.0,0.0,0.0,0.0,0.0,0.0,0.0,0.0,0.16195905,0.6721949,0.8152371,0.16195905,0.68022805,0.81834674,0.16921483,0.63850737,0.8152371,0.20031096,0.53899974,0.82586163
1.0,0.0,0.0,0.0,0.0,0.0,0.0,0.0,0.16195905,0.6721949,0.8152371,0.16195905,0.68022805,0.81834674,0.16921483,0.63850737,0.8152371,0.20031096,0.53899974,0.82586163
1.0,0.0,0.0,0.0,0.0,0.0,0.0,0.0,0.16195905,0.6721949,0.8152371,0.16195905,0.68022805,0.81834674,0.16921483,0.63850737,0.8152371,0.20031096,0.53899974,0.82586163
1.0,0.0,0.0,0.0,0.0,0.0,0.0,0.0,0.16195905,0.6721949,0.8152371,0.16195905,0.68022805,0.81834674,0.16921483,0.63850737,0.8152371,0.20031096,0.53899974,0.82586163
1.0,0.0,0.0,0.0,0.0,0.0,0.0,0.0,0.16195905,0.6721949,0.8152371,0.16195905,0.68022805,0.81834674,0.16921483,0.63850737,0.8152371,0.20031096,0.53899974,0.82586163
1.0,0.0,0.0,0.0,0.0,0.0,0.0,0.0,0.16195905,0.6721949,0.8152371,0.16195905,0.68022805,0.81834674,0.16921483,0.63850737,0.8152371,0.20031096,0.53899974,0.82586163
0.0,0.0,1.0,0.0,0.0,0.0,0.0,0.0,0.22052345,0.2863436,0.84192795,0.21845038,0.2801244,0.84322363,0.22752008,0.31277534,0.849702,0.23348017,0.36900753,0.8248251
0.0,0.0,1.0,0.0,0.0,0.0,0.0,0.0,0.22052345,0.2863436,0.84192795,0.21845038,0.2801244,0.84322363,0.22752008,0.31277534,0.849702,0.23348017,0.36900753,0.8248251
0.0,0.0,1.0,0.0,0.0,0.0,0.0,0.0,0.22052345,0.2863436,0.84192795,0.21845038,0.2801244,0.84322363,0.22752008,0.31277534,0.849702,0.23348017,0.36900753,0.8248251
0.0,0.0,1.0,0.0,0.0,0.0,0.0,0.0,0.22052345,0.2863436,0.84192795,0.21845038,0.2801244,0.84322363,0.22752008,0.31277534,0.849702,0.23348017,0.36900753,0.8248251
0.0,0.0,1.0,0.0,0.0,0.0,0.0,0.0,0.22052345,0.2863436,0.84192795,0.21845038,0.2801244,0.84322363,0.22752008,0.31277534,0.849702,0.23348017,0.36900753,0.8248251
0.0,0.0,1.0,0.0,0.0,0.0,0.0,0.0,0.22052345,0.2863436,0.84192795,0.21845038,0.2801244,0.84322363,0.22752008,0.31277534,0.849702,0.23348017,0.36900753,0.8248251
0.0,1.0,0.0,0.0,0.0,0.0,0.0,0.0,0.27286863,0.43456855,0.74319774,0.27623737,0.43508682,0.7426795,0.25757968,0.42731276,0.7362011,0.23270278,0.46566468,0.71106505
0.0,1.0,0.0,0.0,0.0,0.0,0.0,0.0,0.27286863,0.43456855,0.74319774,0.27623737,0.43508682,0.7426795,0.25757968,0.42731276,0.7362011,0.23270278,0.46566468,0.71106505
0.0,1.0,0.0,0.0,0.0,0.0,0.0,0.0,0.27286863,0.43456855,0.74319774,0.27623737,0.43508682,0.7426795,0.25757968,0.42731276,0.7362011,0.23270278,0.46566468,0.71106505
0.0,1.0,0.0,0.0,0.0,0.0,0.0,0.0,0.27286863,0.43456855,0.74319774,0.27623737,0.43508682,0.7426795,0.25757968,0.42731276,0.7362011,0.23270278,0.46566468,0.71106505
0.0,1.0,0.0,0.0,0.0,0.0,0.0,0.0,0.27286863,0.43456855,0.74319774,0.27623737,0.43508682,0.7426795,0.25757968,0.42731276,0.7362011,0.23270278,0.46566468,0.71106505
0.0,1.0,0.0,0.0,0.0,0.0,0.0,0.0,0.27286863,0.43456855,0.74319774,0.27623737,0.43508682,0.7426795,0.25757968,0.42731276,0.7362011,0.23270278,0.46566468,0.71106505
1.0,0.0,0.0,0.0,0.0,0.0,0.0,0.0,0.16714175,0.5581757,0.81342316,0.17387924,0.5612853,0.7867323,0.19409174,0.54366416,0.7851775,0.19590567,0.4975382,0.7595232
1.0,0.0,0.0,0.0,0.0,0.0,0.0,0.0,0.16714175,0.5581757,0.81342316,0.17387924,0.5612853,0.7867323,0.19409174,0.54366416,0.7851775,0.19590567,0.4975382,0.7595232
1.0,0.0,0.0,0.0,0.0,0.0,0.0,0.0,0.16714175,0.5581757,0.81342316,0.17387924,0.5612853,0.7867323,0.19409174,0.54366416,0.7851775,0.19590567,0.4975382,0.7595232
1.0,0.0,0.0,0.0,0.0,0.0,0.0,0.0,0.16714175,0.5581757,0.81342316,0.17387924,0.5612853,0.7867323,0.19409174,0.54366416,0.7851775,0.19590567,0.4975382,0.7595232
1.0,0.0,0.0,0.0,0.0,0.0,0.0,0.0,0.16714175,0.5581757,0.81342316,0.17387924,0.5612853,0.7867323,0.19409174,0.54366416,0.7851775,0.19590567,0.4975382,0.7595232
1.0,0.0,0.0,0.0,0.0,0.0,0.0,0.0,0.16714175,0.5581757,0.81342316,0.17387924,0.5612853,0.7867323,0.19409174,0.54366416,0.7851775,0.19590567,0.4975382,0.7595232
0.0,0.0,0.0,0.0,1.0,0.0,0.0,0.0,0.11401918,0.6356569,0.809277,0.11583312,0.6278829,0.80590826,0.1412283,0.5809795,0.79502463,0.14537445,0.54962426,0.795802
0.0,0.0,0.0,0.0,1.0,0.0,0.0,0.0,0.11401918,0.6356569,0.809277,0.11583312,0.6278829,0.80590826,0.1412283,0.5809795,0.79502463,0.14537445,0.54962426,0.795802
0.0,0.0,0.0,0.0,1.0,0.0,0.0,0.0,0.11401918,0.6356569,0.809277,0.11583312,0.6278829,0.80590826,0.1412283,0.5809795,0.79502463,0.14537445,0.54962426,0.795802
0.0,0.0,0.0,0.0,1.0,0.0,0.0,0.0,0.11401918,0.6356569,0.809277,0.11583312,0.6278829,0.80590826,0.1412283,0.5809795,0.79502463,0.14537445,0.54962426,0.795802
0.0,0.0,0.0,0.0,1.0,0.0,0.0,0.0,0.11401918,0.6356569,0.809277,0.11583312,0.6278829,0.80590826,0.1412283,0.5809795,0.79502463,0.14537445,0.54962426,0.795802
0.0,0.0,0.0,0.0,1.0,0.0,0.0,0.0,0.11401918,0.6356569,0.809277,0.11583312,0.6278829,0.80590826,0.1412283,0.5809795,0.79502463,0.14537445,0.54962426,0.795802
0.0,0.0,0.0,0.0,0.0,1.0,0.0,0.0,0.11272351,0.6791915,0.80746305,0.11298264,0.6747862,0.81964236,0.11220524,0.6810054,0.7963203,0.11272351,0.6677896,0.78854626
0.0,0.0,0.0,0.0,0.0,1.0,0.0,0.0,0.11272351,0.6791915,0.80746305,0.11298264,0.6747862,0.81964236,0.11220524,0.6810054,0.7963203,0.11272351,0.6677896,0.78854626
0.0,0.0,0.0,0.0,0.0,1.0,0.0,0.0,0.11272351,0.6791915,0.80746305,0.11298264,0.6747862,0.81964236,0.11220524,0.6810054,0.7963203,0.11272351,0.6677896,0.78854626
0.0,0.0,0.0,0.0,0.0,1.0,0.0,0.0,0.11272351,0.6791915,0.80746305,0.11298264,0.6747862,0.81964236,0.11220524,0.6810054,0.7963203,0.11272351,0.6677896,0.78854626
0.0,0.0,0.0,0.0,0.0,1.0,0.0,0.0,0.11272351,0.6791915,0.80746305,0.11298264,0.6747862,0.81964236,0.11220524,0.6810054,0.7963203,0.11272351,0.6677896,0.78854626
0.0,0.0,0.0,0.0,0.0,1.0,0.0,0.0,0.11272351,0.6791915,0.80746305,0.11298264,0.6747862,0.81964236,0.11220524,0.6810054,0.7963203,0.11272351,0.6677896,0.78854626
0.0,0.0,0.0,1.0,0.0,0.0,0.0,0.0,0.13319513,0.47447526,0.5680228,0.14304224,0.45063487,0.5579166,0.13189946,0.4770666,0.5700959,0.12904897,0.5027209,0.6190723
0.0,0.0,0.0,1.0,0.0,0.0,0.0,0.0,0.13319513,0.47447526,0.5680228,0.14304224,0.45063487,0.5579166,0.13189946,0.4770666,0.5700959,0.12904897,0.5027209,0.6190723
0.0,0.0,0.0,1.0,0.0,0.0,0.0,0.0,0.13319513,0.47447526,0.5680228,0.14304224,0.45063487,0.5579166,0.13189946,0.4770666,0.5700959,0.12904897,0.5027209,0.6190723
0.0,0.0,0.0,1.0,0.0,0.0,0.0,0.0,0.13319513,0.47447526,0.5680228,0.14304224,0.45063487,0.5579166,0.13189946,0.4770666,0.5700959,0.12904897,0.5027209,0.6190723
0.0,0.0,0.0,1.0,0.0,0.0,0.0,0.0,0.13319513,0.47447526,0.5680228,0.14304224,0.45063487,0.5579166,0.13189946,0.4770666,0.5700959,0.12904897,0.5027209,0.6190723
0.0,0.0,0.0,1.0,0.0,0.0,0.0,0.0,0.13319513,0.47447526,0.5680228,0.14304224,0.45063487,0.5579166,0.13189946,0.4770666,0.5700959,0.12904897,0.5027209,0.6190723
0.0,0.0,0.0,0.0,1.0,0.0,0.0,0.0,0.14304224,0.6356569,0.867064,0.14304224,0.641617,0.8611039,0.15833117,0.6048199,0.83648616,0.15677637,0.59082663,0.8582534
0.0,0.0,0.0,0.0,1.0,0.0,0.0,0.0,0.14304224,0.6356569,0.867064,0.14304224,0.641617,0.8611039,0.15833117,0.6048199,0.83648616,0.15677637,0.59082663,0.8582534
0.0,0.0,0.0,0.0,1.0,0.0,0.0,0.0,0.14304224,0.6356569,0.867064,0.14304224,0.641617,0.8611039,0.15833117,0.6048199,0.83648616,0.15677637,0.59082663,0.8582534
0.0,0.0,0.0,0.0,1.0,0.0,0.0,0.0,0.14304224,0.6356569,0.867064,0.14304224,0.641617,0.8611039,0.15833117,0.6048199,0.83648616,0.15677637,0.59082663,0.8582534
0.0,0.0,0.0,0.0,1.0,0.0,0.0,0.0,0.14304224,0.6356569,0.867064,0.14304224,0.641617,0.8611039,0.15833117,0.6048199,0.83648616,0.15677637,0.59082663,0.8582534
0.0,0.0,0.0,0.0,1.0,0.0,0.0,0.0,0.14304224,0.6356569,0.867064,0.14304224,0.641617,0.8611039,0.15833117,0.6048199,0.83648616,0.15677637,0.59082663,0.8582534
1.0,0.0,0.0,0.0,0.0,0.0,0.0,0.0,0.18087587,0.6061156,0.7968386,0.17906193,0.61078,0.7963203,0.21534076,0.5444416,0.7794765,0.23037057,0.50531226,0.7828453
1.0,0.0,0.0,0.0,0.0,0.0,0.0,0.0,0.18087587,0.6061156,0.7968386,0.17906193,0.61078,0.7963203,0.21534076,0.5444416,0.7794765,0.23037057,0.50531226,0.7828453
1.0,0.0,0.0,0.0,0.0,0.0,0.0,0.0,0.18087587,0.6061156,0.7968386,0.17906193,0.61078,0.7963203,0.21534076,0.5444416,0.7794765,0.23037057,0.50531226,0.7828453
1.0,0.0,0.0,0.0,0.0,0.0,0.0,0.0,0.18087587,0.6061156,0.7968386,0.17906193,0.61078,0.7963203,0.21534076,0.5444416,0.7794765,0.23037057,0.50531226,0.7828453
1.0,0.0,0.0,0.0,0.0,0.0,0.0,0.0,0.18087587,0.6061156,0.7968386,0.17906193,0.61078,0.7963203,0.21534076,0.5444416,0.7794765,0.23037057,0.50531226,0.7828453
1.0,0.0,0.0,0.0,0.0,0.0,0.0,0.0,0.18087587,0.6061156,0.7968386,0.17906193,0.61078,0.7963203,0.21534076,0.5444416,0.7794765,0.23037057,0.50531226,0.7828453
0.0,0.0,0.0,0.0,1.0,0.0,0.0,0.0,0.11453745,0.6001555,0.7512309,0.11427831,0.5986007,0.7488987,0.12982638,0.5755377,0.7266131,0.14356051,0.55610263,0.7219487
0.0,0.0,0.0,0.0,1.0,0.0,0.0,0.0,0.11453745,0.6001555,0.7512309,0.11427831,0.5986007,0.7488987,0.12982638,0.5755377,0.7266131,0.14356051,0.55610263,0.7219487
0.0,0.0,0.0,0.0,1.0,0.0,0.0,0.0,0.11453745,0.6001555,0.7512309,0.11427831,0.5986007,0.7488987,0.12982638,0.5755377,0.7266131,0.14356051,0.55610263,0.7219487
0.0,0.0,0.0,0.0,1.0,0.0,0.0,0.0,0.11453745,0.6001555,0.7512309,0.11427831,0.5986007,0.7488987,0.12982638,0.5755377,0.7266131,0.14356051,0.55610263,0.7219487
0.0,0.0,0.0,0.0,1.0,0.0,0.0,0.0,0.11453745,0.6001555,0.7512309,0.11427831,0.5986007,0.7488987,0.12982638,0.5755377,0.7266131,0.14356051,0.55610263,0.7219487
0.0,0.0,0.0,0.0,1.0,0.0,0.0,0.0,0.11453745,0.6001555,0.7512309,0.11427831,0.5986007,0.7488987,0.12982638,0.5755377,0.7266131,0.14356051,0.55610263,0.7219487
0.0,0.0,0.0,0.0,0.0,0.0,1.0,0.0,0.13060379,0.2840114,0.6905934,0.12956725,0.30137342,0.712879,0.12956725,0.27623737,0.6942213,0.11479658,0.2943768,0.707178
0.0,0.0,0.0,0.0,0.0,0.0,1.0,0.0,0.13060379,0.2840114,0.6905934,0.12956725,0.30137342,0.712879,0.12956725,0.27623737,0.6942213,0.11479658,0.2943768,0.707178
0.0,0.0,0.0,0.0,0.0,0.0,1.0,0.0,0.13060379,0.2840114,0.6905934,0.12956725,0.30137342,0.712879,0.12956725,0.27623737,0.6942213,0.11479658,0.2943768,0.707178
0.0,0.0,0.0,0.0,0.0,0.0,1.0,0.0,0.13060379,0.2840114,0.6905934,0.12956725,0.30137342,0.712879,0.12956725,0.27623737,0.6942213,0.11479658,0.2943768,0.707178
0.0,0.0,0.0,0.0,0.0,0.0,1.0,0.0,0.13060379,0.2840114,0.6905934,0.12956725,0.30137342,0.712879,0.12956725,0.27623737,0.6942213,0.11479658,0.2943768,0.707178
0.0,0.0,0.0,0.0,0.0,0.0,1.0,0.0,0.13060379,0.2840114,0.6905934,0.12956725,0.30137342,0.712879,0.12956725,0.27623737,0.6942213,0.11479658,0.2943768,0.707178
0.0,0.0,0.0,0.0,0.0,0.0,1.0,0.0,0.13112205,0.26690853,0.6672713,0.13423167,0.26794505,0.6701218,0.13112205,0.26690853,0.6672713,0.12982638,0.26198497,0.67038095
0.0,0.0,0.0,0.0,0.0,0.0,1.0,0.0,0.13112205,0.26690853,0.6672713,0.13423167,0.26794505,0.6701218,0.13112205,0.26690853,0.6672713,0.12982638,0.26198497,0.67038095
0.0,0.0,0.0,0.0,0.0,0.0,1.0,0.0,0.13112205,0.26690853,0.6672713,0.13423167,0.26794505,0.6701218,0.13112205,0.26690853,0.6672713,0.12982638,0.26198497,0.67038095
0.0,0.0,0.0,0.0,0.0,0.0,1.0,0.0,0.13112205,0.26690853,0.6672713,0.13423167,0.26794505,0.6701218,0.13112205,0.26690853,0.6672713,0.12982638,0.26198497,0.67038095
0.0,0.0,0.0,0.0,0.0,0.0,1.0,0.0,0.13112205,0.26690853,0.6672713,0.13423167,0.26794505,0.6701218,0.13112205,0.26690853,0.6672713,0.12982638,0.26198497,0.67038095
0.0,0.0,0.0,0.0,0.0,0.0,1.0,0.0,0.13112205,0.26690853,0.6672713,0.13423167,0.26794505,0.6701218,0.13112205,0.26690853,0.6672713,0.12982638,0.26198497,0.67038095
0.0,0.0,0.0,1.0,0.0,0.0,0.0,0.0,0.13915522,0.4244623,0.50064784,0.13915522,0.43508682,0.50168437,0.13837782,0.42264834,0.5001296,0.13267685,0.44311997,0.5071262
0.0,0.0,0.0,1.0,0.0,0.0,0.0,0.0,0.13915522,0.4244623,0.50064784,0.13915522,0.43508682,0.50168437,0.13837782,0.42264834,0.5001296,0.13267685,0.44311997,0.5071262
0.0,0.0,0.0,1.0,0.0,0.0,0.0,0.0,0.13915522,0.4244623,0.50064784,0.13915522,0.43508682,0.50168437,0.13837782,0.42264834,0.5001296,0.13267685,0.44311997,0.5071262
0.0,0.0,0.0,1.0,0.0,0.0,0.0,0.0,0.13915522,0.4244623,0.50064784,0.13915522,0.43508682,0.50168437,0.13837782,0.42264834,0.5001296,0.13267685,0.44311997,0.5071262
0.0,0.0,0.0,1.0,0.0,0.0,0.0,0.0,0.13915522,0.4244623,0.50064784,0.13915522,0.43508682,0.50168437,0.13837782,0.42264834,0.5001296,0.13267685,0.44311997,0.5071262
0.0,0.0,0.0,1.0,0.0,0.0,0.0,0.0,0.13915522,0.4244623,0.50064784,0.13915522,0.43508682,0.50168437,0.13837782,0.42264834,0.5001296,0.13267685,0.44311997,0.5071262
1.0,0.0,0.0,0.0,0.0,0.0,0.0,0.0,0.19124125,0.61622185,0.8564395,0.19098212,0.62632805,0.85928994,0.19538741,0.5786473,0.8473698,0.21145375,0.5545478,0.84555584
1.0,0.0,0.0,0.0,0.0,0.0,0.0,0.0,0.19124125,0.61622185,0.8564395,0.19098212,0.62632805,0.85928994,0.19538741,0.5786473,0.8473698,0.21145375,0.5545478,0.84555584
1.0,0.0,0.0,0.0,0.0,0.0,0.0,0.0,0.19124125,0.61622185,0.8564395,0.19098212,0.62632805,0.85928994,0.19538741,0.5786473,0.8473698,0.21145375,0.5545478,0.84555584
1.0,0.0,0.0,0.0,0.0,0.0,0.0,0.0,0.19124125,0.61622185,0.8564395,0.19098212,0.62632805,0.85928994,0.19538741,0.5786473,0.8473698,0.21145375,0.5545478,0.84555584
1.0,0.0,0.0,0.0,0.0,0.0,0.0,0.0,0.19124125,0.61622185,0.8564395,0.19098212,0.62632805,0.85928994,0.19538741,0.5786473,0.8473698,0.21145375,0.5545478,0.84555584
1.0,0.0,0.0,0.0,0.0,0.0,0.0,0.0,0.19124125,0.61622185,0.8564395,0.19098212,0.62632805,0.85928994,0.19538741,0.5786473,0.8473698,0.21145375,0.5545478,0.84555584
0.0,0.0,0.0,0.0,0.0,0.0,1.0,0.0,0.13164032,0.25939363,0.7159886,0.13034464,0.33376524,0.7258357,0.13215859,0.2682042,0.7139155,0.13423167,0.28038353,0.7377559
0.0,0.0,0.0,0.0,0.0,0.0,1.0,0.0,0.13164032,0.25939363,0.7159886,0.13034464,0.33376524,0.7258357,0.13215859,0.2682042,0.7139155,0.13423167,0.28038353,0.7377559
0.0,0.0,0.0,0.0,0.0,0.0,1.0,0.0,0.13164032,0.25939363,0.7159886,0.13034464,0.33376524,0.7258357,0.13215859,0.2682042,0.7139155,0.13423167,0.28038353,0.7377559
0.0,0.0,0.0,0.0,0.0,0.0,1.0,0.0,0.13164032,0.25939363,0.7159886,0.13034464,0.33376524,0.7258357,0.13215859,0.2682042,0.7139155,0.13423167,0.28038353,0.7377559
0.0,0.0,0.0,0.0,0.0,0.0,1.0,0.0,0.13164032,0.25939363,0.7159886,0.13034464,0.33376524,0.7258357,0.13215859,0.2682042,0.7139155,0.13423167,0.28038353,0.7377559
0.0,0.0,0.0,0.0,0.0,0.0,1.0,0.0,0.13164032,0.25939363,0.7159886,0.13034464,0.33376524,0.7258357,0.13215859,0.2682042,0.7139155,0.13423167,0.28038353,0.7377559
0.0,1.0,0.0,0.0,0.0,0.0,0.0,0.0,0.22674268,0.38636953,0.7719616,0.2306297,0.39207047,0.7732573,0.2238922,0.3982897,0.7774035,0.2194869,0.46177766,0.7600415
0.0,1.0,0.0,0.0,0.0,0.0,0.0,0.0,0.22674268,0.38636953,0.7719616,0.2306297,0.39207047,0.7732573,0.2238922,0.3982897,0.7774035,0.2194869,0.46177766,0.7600415
0.0,1.0,0.0,0.0,0.0,0.0,0.0,0.0,0.22674268,0.38636953,0.7719616,0.2306297,0.39207047,0.7732573,0.2238922,0.3982897,0.7774035,0.2194869,0.46177766,0.7600415
0.0,1.0,0.0,0.0,0.0,0.0,0.0,0.0,0.22674268,0.38636953,0.7719616,0.2306297,0.39207047,0.7732573,0.2238922,0.3982897,0.7774035,0.2194869,0.46177766,0.7600415
0.0,1.0,0.0,0.0,0.0,0.0,0.0,0.0,0.22674268,0.38636953,0.7719616,0.2306297,0.39207047,0.7732573,0.2238922,0.3982897,0.7774035,0.2194869,0.46177766,0.7600415
0.0,1.0,0.0,0.0,0.0,0.0,0.0,0.0,0.22674268,0.38636953,0.7719616,0.2306297,0.39207047,0.7732573,0.2238922,0.3982897,0.7774035,0.2194869,0.46177766,0.7600415
0.0,0.0,0.0,0.0,0.0,1.0,0.0,0.0,0.11790619,0.72479916,0.81083184,0.11401918,0.71702516,0.8142006,0.11557398,0.72013474,0.81238663,0.12075667,0.7387924,0.8144597
0.0,0.0,0.0,0.0,0.0,1.0,0.0,0.0,0.11790619,0.72479916,0.81083184,0.11401918,0.71702516,0.8142006,0.11557398,0.72013474,0.81238663,0.12075667,0.7387924,0.8144597
0.0,0.0,0.0,0.0,0.0,1.0,0.0,0.0,0.11790619,0.72479916,0.81083184,0.11401918,0.71702516,0.8142006,0.11557398,0.72013474,0.81238663,0.12075667,0.7387924,0.8144597
0.0,0.0,0.0,0.0,0.0,1.0,0.0,0.0,0.11790619,0.72479916,0.81083184,0.11401918,0.71702516,0.8142006,0.11557398,0.72013474,0.81238663,0.12075667,0.7387924,0.8144597
0.0,0.0,0.0,0.0,0.0,1.0,0.0,0.0,0.11790619,0.72479916,0.81083184,0.11401918,0.71702516,0.8142006,0.11557398,0.72013474,0.81238663,0.12075667,0.7387924,0.8144597
0.0,0.0,0.0,0.0,0.0,1.0,0.0,0.0,0.11790619,0.72479916,0.81083184,0.11401918,0.71702516,0.8142006,0.11557398,0.72013474,0.81238663,0.12075667,0.7387924,0.8144597
1.0,0.0,0.0,0.0,0.0,0.0,0.0,0.0,0.17310184,0.5835709,0.7229852,0.17517492,0.58201605,0.7193574,0.18839078,0.49779737,0.70665973,0.20238404,0.48587716,0.7144338
1.0,0.0,0.0,0.0,0.0,0.0,0.0,0.0,0.17310184,0.5835709,0.7229852,0.17517492,0.58201605,0.7193574,0.18839078,0.49779737,0.70665973,0.20238404,0.48587716,0.7144338
1.0,0.0,0.0,0.0,0.0,0.0,0.0,0.0,0.17310184,0.5835709,0.7229852,0.17517492,0.58201605,0.7193574,0.18839078,0.49779737,0.70665973,0.20238404,0.48587716,0.7144338
1.0,0.0,0.0,0.0,0.0,0.0,0.0,0.0,0.17310184,0.5835709,0.7229852,0.17517492,0.58201605,0.7193574,0.18839078,0.49779737,0.70665973,0.20238404,0.48587716,0.7144338
1.0,0.0,0.0,0.0,0.0,0.0,0.0,0.0,0.17310184,0.5835709,0.7229852,0.17517492,0.58201605,0.7193574,0.18839078,0.49779737,0.70665973,0.20238404,0.48587716,0.7144338
1.0,0.0,0.0,0.0,0.0,0.0,0.0,0.0,0.17310184,0.5835709,0.7229852,0.17517492,0.58201605,0.7193574,0.18839078,0.49779737,0.70665973,0.20238404,0.48587716,0.7144338
0.0,0.0,1.0,0.0,0.0,0.0,0.0,0.0,0.19072299,0.28452966,0.7310184,0.19072299,0.28582534,0.71987563,0.18683597,0.31899455,0.73568285,0.18735424,0.4034724,0.7292045
0.0,0.0,1.0,0.0,0.0,0.0,0.0,0.0,0.19072299,0.28452966,0.7310184,0.19072299,0.28582534,0.71987563,0.18683597,0.31899455,0.73568285,0.18735424,0.4034724,0.7292045
0.0,0.0,1.0,0.0,0.0,0.0,0.0,0.0,0.19072299,0.28452966,0.7310184,0.19072299,0.28582534,0.71987563,0.18683597,0.31899455,0.73568285,0.18735424,0.4034724,0.7292045
0.0,0.0,1.0,0.0,0.0,0.0,0.0,0.0,0.19072299,0.28452966,0.7310184,0.19072299,0.28582534,0.71987563,0.18683597,0.31899455,0.73568285,0.18735424,0.4034724,0.7292045
0.0,0.0,1.0,0.0,0.0,0.0,0.0,0.0,0.19072299,0.28452966,0.7310184,0.19072299,0.28582534,0.71987563,0.18683597,0.31899455,0.73568285,0.18735424,0.4034724,0.7292045
0.0,0.0,1.0,0.0,0.0,0.0,0.0,0.0,0.19072299,0.28452966,0.7310184,0.19072299,0.28582534,0.71987563,0.18683597,0.31899455,0.73568285,0.18735424,0.4034724,0.7292045
0.0,1.0,0.0,0.0,0.0,0.0,0.0,0.0,0.30137342,0.4366416,0.8421871,0.29852292,0.4343094,0.8686188,0.28945324,0.44234258,0.8699145,0.2710547,0.5384815,0.8896087
0.0,1.0,0.0,0.0,0.0,0.0,0.0,0.0,0.30137342,0.4366416,0.8421871,0.29852292,0.4343094,0.8686188,0.28945324,0.44234258,0.8699145,0.2710547,0.5384815,0.8896087
0.0,1.0,0.0,0.0,0.0,0.0,0.0,0.0,0.30137342,0.4366416,0.8421871,0.29852292,0.4343094,0.8686188,0.28945324,0.44234258,0.8699145,0.2710547,0.5384815,0.8896087
0.0,1.0,0.0,0.0,0.0,0.0,0.0,0.0,0.30137342,0.4366416,0.8421871,0.29852292,0.4343094,0.8686188,0.28945324,0.44234258,0.8699145,0.2710547,0.5384815,0.8896087
0.0,1.0,0.0,0.0,0.0,0.0,0.0,0.0,0.30137342,0.4366416,0.8421871,0.29852292,0.4343094,0.8686188,0.28945324,0.44234258,0.8699145,0.2710547,0.5384815,0.8896087
0.0,1.0,0.0,0.0,0.0,0.0,0.0,0.0,0.30137342,0.4366416,0.8421871,0.29852292,0.4343094,0.8686188,0.28945324,0.44234258,0.8699145,0.2710547,0.5384815,0.8896087
0.0,0.0,0.0,1.0,0.0,0.0,0.0,0.0,0.12982638,0.40295413,0.50220263,0.13241772,0.40684116,0.50064784,0.12542109,0.402695,0.5034983,0.12101581,0.4117647,0.5019435
0.0,0.0,0.0,1.0,0.0,0.0,0.0,0.0,0.12982638,0.40295413,0.50220263,0.13241772,0.40684116,0.50064784,0.12542109,0.402695,0.5034983,0.12101581,0.4117647,0.5019435
0.0,0.0,0.0,1.0,0.0,0.0,0.0,0.0,0.12982638,0.40295413,0.50220263,0.13241772,0.40684116,0.50064784,0.12542109,0.402695,0.5034983,0.12101581,0.4117647,0.5019435
0.0,0.0,0.0,1.0,0.0,0.0,0.0,0.0,0.12982638,0.40295413,0.50220263,0.13241772,0.40684116,0.50064784,0.12542109,0.402695,0.5034983,0.12101581,0.4117647,0.5019435
0.0,0.0,0.0,1.0,0.0,0.0,0.0,0.0,0.12982638,0.40295413,0.50220263,0.13241772,0.40684116,0.50064784,0.12542109,0.402695,0.5034983,0.12101581,0.4117647,0.5019435
0.0,0.0,0.0,1.0,0.0,0.0,0.0,0.0,0.12982638,0.40295413,0.50220263,0.13241772,0.40684116,0.50064784,0.12542109,0.402695,0.5034983,0.12101581,0.4117647,0.5019435
0.0,0.0,1.0,0.0,0.0,0.0,0.0,0.0,0.2163773,0.34361234,0.6911117,0.21611817,0.3417984,0.6797098,0.21223114,0.33713397,0.6760819,0.19823788,0.43068153,0.69914484
0.0,0.0,1.0,0.0,0.0,0.0,0.0,0.0,0.2163773,0.34361234,0.6911117,0.21611817,0.3417984,0.6797098,0.21223114,0.33713397,0.6760819,0.19823788,0.43068153,0.69914484
0.0,0.0,1.0,0.0,0.0,0.0,0.0,0.0,0.2163773,0.34361234,0.6911117,0.21611817,0.3417984,0.6797098,0.21223114,0.33713397,0.6760819,0.19823788,0.43068153,0.69914484
0.0,0.0,1.0,0.0,0.0,0.0,0.0,0.0,0.2163773,0.34361234,0.6911117,0.21611817,0.3417984,0.6797098,0.21223114,0.33713397,0.6760819,0.19823788,0.43068153,0.69914484
0.0,0.0,1.0,0.0,0.0,0.0,0.0,0.0,0.2163773,0.34361234,0.6911117,0.21611817,0.3417984,0.6797098,0.21223114,0.33713397,0.6760819,0.19823788,0.43068153,0.69914484
0.0,0.0,1.0,0.0,0.0,0.0,0.0,0.0,0.2163773,0.34361234,0.6911117,0.21611817,0.3417984,0.6797098,0.21223114,0.33713397,0.6760819,0.19823788,0.43068153,0.69914484
1.0,0.0,0.0,0.0,0.0,0.0,0.0,0.0,0.1622182,0.61518526,0.7349054,0.16066338,0.61492616,0.7242809,0.19357346,0.5415911,0.6737497,0.20186576,0.48484063,0.66312516
1.0,0.0,0.0,0.0,0.0,0.0,0.0,0.0,0.1622182,0.61518526,0.7349054,0.16066338,0.61492616,0.7242809,0.19357346,0.5415911,0.6737497,0.20186576,0.48484063,0.66312516
1.0,0.0,0.0,0.0,0.0,0.0,0.0,0.0,0.1622182,0.61518526,0.7349054,0.16066338,0.61492616,0.7242809,0.19357346,0.5415911,0.6737497,0.20186576,0.48484063,0.66312516
1.0,0.0,0.0,0.0,0.0,0.0,0.0,0.0,0.1622182,0.61518526,0.7349054,0.16066338,0.61492616,0.7242809,0.19357346,0.5415911,0.6737497,0.20186576,0.48484063,0.66312516
1.0,0.0,0.0,0.0,0.0,0.0,0.0,0.0,0.1622182,0.61518526,0.7349054,0.16066338,0.61492616,0.7242809,0.19357346,0.5415911,0.6737497,0.20186576,0.48484063,0.66312516
1.0,0.0,0.0,0.0,0.0,0.0,0.0,0.0,0.1622182,0.61518526,0.7349054,0.16066338,0.61492616,0.7242809,0.19357346,0.5415911,0.6737497,0.20186576,0.48484063,0.66312516
0.0,0.0,1.0,0.0,0.0,0.0,0.0,0.0,0.19694221,0.31743976,0.72454005,0.19746049,0.31795803,0.730241,0.20057009,0.35630992,0.7364602,0.19953355,0.45918632,0.73671937
0.0,0.0,1.0,0.0,0.0,0.0,0.0,0.0,0.19694221,0.31743976,0.72454005,0.19746049,0.31795803,0.730241,0.20057009,0.35630992,0.7364602,0.19953355,0.45918632,0.73671937
0.0,0.0,1.0,0.0,0.0,0.0,0.0,0.0,0.19694221,0.31743976,0.72454005,0.19746049,0.31795803,0.730241,0.20057009,0.35630992,0.7364602,0.19953355,0.45918632,0.73671937
0.0,0.0,1.0,0.0,0.0,0.0,0.0,0.0,0.19694221,0.31743976,0.72454005,0.19746049,0.31795803,0.730241,0.20057009,0.35630992,0.7364602,0.19953355,0.45918632,0.73671937
0.0,0.0,1.0,0.0,0.0,0.0,0.0,0.0,0.19694221,0.31743976,0.72454005,0.19746049,0.31795803,0.730241,0.20057009,0.35630992,0.7364602,0.19953355,0.45918632,0.73671937
0.0,0.0,1.0,0.0,0.0,0.0,0.0,0.0,0.19694221,0.31743976,0.72454005,0.19746049,0.31795803,0.730241,0.20057009,0.35630992,0.7364602,0.19953355,0.45918632,0.73671937
1.0,0.0,0.0,0.0,0.0,0.0,0.0,0.0,0.17465664,0.5846074,0.730241,0.17336097,0.59523195,0.7242809,0.20005183,0.5522156,0.70277274,0.20497538,0.52034205,0.74552995
1.0,0.0,0.0,0.0,0.0,0.0,0.0,0.0,0.17465664,0.5846074,0.730241,0.17336097,0.59523195,0.7242809,0.20005183,0.5522156,0.70277274,0.20497538,0.52034205,0.74552995
1.0,0.0,0.0,0.0,0.0,0.0,0.0,0.0,0.17465664,0.5846074,0.730241,0.17336097,0.59523195,0.7242809,0.20005183,0.5522156,0.70277274,0.20497538,0.52034205,0.74552995
1.0,0.0,0.0,0.0,0.0,0.0,0.0,0.0,0.17465664,0.5846074,0.730241,0.17336097,0.59523195,0.7242809,0.20005183,0.5522156,0.70277274,0.20497538,0.52034205,0.74552995
1.0,0.0,0.0,0.0,0.0,0.0,0.0,0.0,0.17465664,0.5846074,0.730241,0.17336097,0.59523195,0.7242809,0.20005183,0.5522156,0.70277274,0.20497538,0.52034205,0.74552995
1.0,0.0,0.0,0.0,0.0,0.0,0.0,0.0,0.17465664,0.5846074,0.730241,0.17336097,0.59523195,0.7242809,0.20005183,0.5522156,0.70277274,0.20497538,0.52034205,0.74552995
0.0,0.0,0.0,1.0,0.0,0.0,0.0,0.0,0.13034464,0.4576315,0.50686705,0.15884945,0.4343094,0.50816274,0.12904897,0.43923298,0.51282716,0.11324177,0.48924592,0.5576574
0.0,0.0,0.0,1.0,0.0,0.0,0.0,0.0,0.13034464,0.4576315,0.50686705,0.15884945,0.4343094,0.50816274,0.12904897,0.43923298,0.51282716,0.11324177,0.48924592,0.5576574
0.0,0.0,0.0,1.0,0.0,0.0,0.0,0.0,0.13034464,0.4576315,0.50686705,0.15884945,0.4343094,0.50816274,0.12904897,0.43923298,0.51282716,0.11324177,0.48924592,0.5576574
0.0,0.0,0.0,1.0,0.0,0.0,0.0,0.0,0.13034464,0.4576315,0.50686705,0.15884945,0.4343094,0.50816274,0.12904897,0.43923298,0.51282716,0.11324177,0.48924592,0.5576574
0.0,0.0,0.0,1.0,0.0,0.0,0.0,0.0,0.13034464,0.4576315,0.50686705,0.15884945,0.4343094,0.50816274,0.12904897,0.43923298,0.51282716,0.11324177,0.48924592,0.5576574
0.0,0.0,0.0,1.0,0.0,0.0,0.0,0.0,0.13034464,0.4576315,0.50686705,0.15884945,0.4343094,0.50816274,0.12904897,0.43923298,0.51282716,0.11324177,0.48924592,0.5576574
0.0,0.0,0.0,1.0,0.0,0.0,0.0,0.0,0.13915522,0.39103395,0.4358642,0.14019176,0.39388442,0.44182432,0.12878984,0.40476808,0.44908008,0.11816533,0.41617,0.4687743
0.0,0.0,0.0,1.0,0.0,0.0,0.0,0.0,0.13915522,0.39103395,0.4358642,0.14019176,0.39388442,0.44182432,0.12878984,0.40476808,0.44908008,0.11816533,0.41617,0.4687743
0.0,0.0,0.0,1.0,0.0,0.0,0.0,0.0,0.13915522,0.39103395,0.4358642,0.14019176,0.39388442,0.44182432,0.12878984,0.40476808,0.44908008,0.11816533,0.41617,0.4687743
0.0,0.0,0.0,1.0,0.0,0.0,0.0,0.0,0.13915522,0.39103395,0.4358642,0.14019176,0.39388442,0.44182432,0.12878984,0.40476808,0.44908008,0.11816533,0.41617,0.4687743
0.0,0.0,0.0,1.0,0.0,0.0,0.0,0.0,0.13915522,0.39103395,0.4358642,0.14019176,0.39388442,0.44182432,0.12878984,0.40476808,0.44908008,0.11816533,0.41617,0.4687743
0.0,0.0,0.0,1.0,0.0,0.0,0.0,0.0,0.13915522,0.39103395,0.4358642,0.14019176,0.39388442,0.44182432,0.12878984,0.40476808,0.44908008,0.11816533,0.41617,0.4687743
0.0,0.0,0.0,0.0,1.0,0.0,0.0,0.0,0.13060379,0.6048199,0.79372895,0.13215859,0.5960093,0.79139674,0.14563358,0.5654315,0.80746305,0.13189946,0.57424206,0.8603265
0.0,0.0,0.0,0.0,1.0,0.0,0.0,0.0,0.13060379,0.6048199,0.79372895,0.13215859,0.5960093,0.79139674,0.14563358,0.5654315,0.80746305,0.13189946,0.57424206,0.8603265
0.0,0.0,0.0,0.0,1.0,0.0,0.0,0.0,0.13060379,0.6048199,0.79372895,0.13215859,0.5960093,0.79139674,0.14563358,0.5654315,0.80746305,0.13189946,0.57424206,0.8603265
0.0,0.0,0.0,0.0,1.0,0.0,0.0,0.0,0.13060379,0.6048199,0.79372895,0.13215859,0.5960093,0.79139674,0.14563358,0.5654315,0.80746305,0.13189946,0.57424206,0.8603265
0.0,0.0,0.0,0.0,1.0,0.0,0.0,0.0,0.13060379,0.6048199,0.79372895,0.13215859,0.5960093,0.79139674,0.14563358,0.5654315,0.80746305,0.13189946,0.57424206,0.8603265
0.0,0.0,0.0,0.0,1.0,0.0,0.0,0.0,0.13060379,0.6048199,0.79372895,0.13215859,0.5960093,0.79139674,0.14563358,0.5654315,0.80746305,0.13189946,0.57424206,0.8603265
0.0,0.0,0.0,0.0,1.0,0.0,0.0,0.0,0.12593937,0.63591605,0.80487174,0.12438455,0.63384295,0.80098474,0.12593937,0.6115574,0.7991708,0.12542109,0.5752786,0.8061674
0.0,0.0,0.0,0.0,1.0,0.0,0.0,0.0,0.12593937,0.63591605,0.80487174,0.12438455,0.63384295,0.80098474,0.12593937,0.6115574,0.7991708,0.12542109,0.5752786,0.8061674
0.0,0.0,0.0,0.0,1.0,0.0,0.0,0.0,0.12593937,0.63591605,0.80487174,0.12438455,0.63384295,0.80098474,0.12593937,0.6115574,0.7991708,0.12542109,0.5752786,0.8061674
0.0,0.0,0.0,0.0,1.0,0.0,0.0,0.0,0.12593937,0.63591605,0.80487174,0.12438455,0.63384295,0.80098474,0.12593937,0.6115574,0.7991708,0.12542109,0.5752786,0.8061674
0.0,0.0,0.0,0.0,1.0,0.0,0.0,0.0,0.12593937,0.63591605,0.80487174,0.12438455,0.63384295,0.80098474,0.12593937,0.6115574,0.7991708,0.12542109,0.5752786,0.8061674
0.0,0.0,0.0,0.0,1.0,0.0,0.0,0.0,0.12593937,0.63591605,0.80487174,0.12438455,0.63384295,0.80098474,0.12593937,0.6115574,0.7991708,0.12542109,0.5752786,0.8061674
0.0,0.0,0.0,0.0,0.0,0.0,1.0,0.0,0.12490282,0.25576574,0.720653,0.12801243,0.2606893,0.70665973,0.12516196,0.25110132,0.7310184,0.1277533,0.265872,0.70665973
0.0,0.0,0.0,0.0,0.0,0.0,1.0,0.0,0.12490282,0.25576574,0.720653,0.12801243,0.2606893,0.70665973,0.12516196,0.25110132,0.7310184,0.1277533,0.265872,0.70665973
0.0,0.0,0.0,0.0,0.0,0.0,1.0,0.0,0.12490282,0.25576574,0.720653,0.12801243,0.2606893,0.70665973,0.12516196,0.25110132,0.7310184,0.1277533,0.265872,0.70665973
0.0,0.0,0.0,0.0,0.0,0.0,1.0,0.0,0.12490282,0.25576574,0.720653,0.12801243,0.2606893,0.70665973,0.12516196,0.25110132,0.7310184,0.1277533,0.265872,0.70665973
0.0,0.0,0.0,0.0,0.0,0.0,1.0,0.0,0.12490282,0.25576574,0.720653,0.12801243,0.2606893,0.70665973,0.12516196,0.25110132,0.7310184,0.1277533,0.265872,0.70665973
0.0,0.0,0.0,0.0,0.0,0.0,1.0,0.0,0.12490282,0.25576574,0.720653,0.12801243,0.2606893,0.70665973,0.12516196,0.25110132,0.7310184,0.1277533,0.265872,0.70665973
0.0,0.0,0.0,0.0,1.0,0.0,0.0,0.0,0.12878984,0.61648095,0.7965794,0.1269759,0.61078,0.7867323,0.1404509,0.5651723,0.77999485,0.1420057,0.5364084,0.7872506
0.0,0.0,0.0,0.0,1.0,0.0,0.0,0.0,0.12878984,0.61648095,0.7965794,0.1269759,0.61078,0.7867323,0.1404509,0.5651723,0.77999485,0.1420057,0.5364084,0.7872506
0.0,0.0,0.0,0.0,1.0,0.0,0.0,0.0,0.12878984,0.61648095,0.7965794,0.1269759,0.61078,0.7867323,0.1404509,0.5651723,0.77999485,0.1420057,0.5364084,0.7872506
0.0,0.0,0.0,0.0,1.0,0.0,0.0,0.0,0.12878984,0.61648095,0.7965794,0.1269759,0.61078,0.7867323,0.1404509,0.5651723,0.77999485,0.1420057,0.5364084,0.7872506
0.0,0.0,0.0,0.0,1.0,0.0,0.0,0.0,0.12878984,0.61648095,0.7965794,0.1269759,0.61078,0.7867323,0.1404509,0.5651723,0.77999485,0.1420057,0.5364084,0.7872506
0.0,0.0,0.0,0.0,1.0,0.0,0.0,0.0,0.12878984,0.61648095,0.7965794,0.1269759,0.61078,0.7867323,0.1404509,0.5651723,0.77999485,0.1420057,0.5364084,0.7872506
0.0,0.0,0.0,0.0,1.0,0.0,0.0,0.0,0.12904897,0.5789065,0.7452708,0.1269759,0.5763151,0.7473439,0.14252397,0.56465405,0.7450117,0.13423167,0.53381705,0.761078
0.0,0.0,0.0,0.0,1.0,0.0,0.0,0.0,0.12904897,0.5789065,0.7452708,0.1269759,0.5763151,0.7473439,0.14252397,0.56465405,0.7450117,0.13423167,0.53381705,0.761078
0.0,0.0,0.0,0.0,1.0,0.0,0.0,0.0,0.12904897,0.5789065,0.7452708,0.1269759,0.5763151,0.7473439,0.14252397,0.56465405,0.7450117,0.13423167,0.53381705,0.761078
0.0,0.0,0.0,0.0,1.0,0.0,0.0,0.0,0.12904897,0.5789065,0.7452708,0.1269759,0.5763151,0.7473439,0.14252397,0.56465405,0.7450117,0.13423167,0.53381705,0.761078
0.0,0.0,0.0,0.0,1.0,0.0,0.0,0.0,0.12904897,0.5789065,0.7452708,0.1269759,0.5763151,0.7473439,0.14252397,0.56465405,0.7450117,0.13423167,0.53381705,0.761078
0.0,0.0,0.0,0.0,1.0,0.0,0.0,0.0,0.12904897,0.5789065,0.7452708,0.1269759,0.5763151,0.7473439,0.14252397,0.56465405,0.7450117,0.13423167,0.53381705,0.761078
0.0,0.0,1.0,0.0,0.0,0.0,0.0,0.0,0.18087587,0.29204458,0.74786216,0.18087587,0.29359937,0.7504535,0.1803576,0.30033687,0.74345684,0.18320808,0.37470847,0.7483804
0.0,0.0,1.0,0.0,0.0,0.0,0.0,0.0,0.18087587,0.29204458,0.74786216,0.18087587,0.29359937,0.7504535,0.1803576,0.30033687,0.74345684,0.18320808,0.37470847,0.7483804
0.0,0.0,1.0,0.0,0.0,0.0,0.0,0.0,0.18087587,0.29204458,0.74786216,0.18087587,0.29359937,0.7504535,0.1803576,0.30033687,0.74345684,0.18320808,0.37470847,0.7483804
0.0,0.0,1.0,0.0,0.0,0.0,0.0,0.0,0.18087587,0.29204458,0.74786216,0.18087587,0.29359937,0.7504535,0.1803576,0.30033687,0.74345684,0.18320808,0.37470847,0.7483804
0.0,0.0,1.0,0.0,0.0,0.0,0.0,0.0,0.18087587,0.29204458,0.74786216,0.18087587,0.29359937,0.7504535,0.1803576,0.30033687,0.74345684,0.18320808,0.37470847,0.7483804
0.0,0.0,1.0,0.0,0.0,0.0,0.0,0.0,0.18087587,0.29204458,0.74786216,0.18087587,0.29359937,0.7504535,0.1803576,0.30033687,0.74345684,0.18320808,0.37470847,0.7483804
0.0,0.0,0.0,0.0,1.0,0.0,0.0,0.0,0.11401918,0.62036794,0.81264573,0.11635139,0.62036794,0.79139674,0.12982638,0.6084478,0.8025395,0.14381965,0.5628401,0.7926924
0.0,0.0,0.0,0.0,1.0,0.0,0.0,0.0,0.11401918,0.62036794,0.81264573,0.11635139,0.62036794,0.79139674,0.12982638,0.6084478,0.8025395,0.14381965,0.5628401,0.7926924
0.0,0.0,0.0,0.0,1.0,0.0,0.0,0.0,0.11401918,0.62036794,0.81264573,0.11635139,0.62036794,0.79139674,0.12982638,0.6084478,0.8025395,0.14381965,0.5628401,0.7926924
0.0,0.0,0.0,0.0,1.0,0.0,0.0,0.0,0.11401918,0.62036794,0.81264573,0.11635139,0.62036794,0.79139674,0.12982638,0.6084478,0.8025395,0.14381965,0.5628401,0.7926924
0.0,0.0,0.0,0.0,1.0,0.0,0.0,0.0,0.11401918,0.62036794,0.81264573,0.11635139,0.62036794,0.79139674,0.12982638,0.6084478,0.8025395,0.14381965,0.5628401,0.7926924
0.0,0.0,0.0,0.0,1.0,0.0,0.0,0.0,0.11401918,0.62036794,0.81264573,0.11635139,0.62036794,0.79139674,0.12982638,0.6084478,0.8025395,0.14381965,0.5628401,0.7926924
1.0,0.0,0.0,0.0,0.0,0.0,0.0,0.0,0.15185282,0.5957502,0.7121016,0.15366675,0.5957502,0.7100285,0.18761337,0.55247474,0.69888574,0.24099508,0.47084737,0.676341
1.0,0.0,0.0,0.0,0.0,0.0,0.0,0.0,0.15185282,0.5957502,0.7121016,0.15366675,0.5957502,0.7100285,0.18761337,0.55247474,0.69888574,0.24099508,0.47084737,0.676341
1.0,0.0,0.0,0.0,0.0,0.0,0.0,0.0,0.15185282,0.5957502,0.7121016,0.15366675,0.5957502,0.7100285,0.18761337,0.55247474,0.69888574,0.24099508,0.47084737,0.676341
1.0,0.0,0.0,0.0,0.0,0.0,0.0,0.0,0.15185282,0.5957502,0.7121016,0.15366675,0.5957502,0.7100285,0.18761337,0.55247474,0.69888574,0.24099508,0.47084737,0.676341
1.0,0.0,0.0,0.0,0.0,0.0,0.0,0.0,0.15185282,0.5957502,0.7121016,0.15366675,0.5957502,0.7100285,0.18761337,0.55247474,0.69888574,0.24099508,0.47084737,0.676341
1.0,0.0,0.0,0.0,0.0,0.0,0.0,0.0,0.15185282,0.5957502,0.7121016,0.15366675,0.5957502,0.7100285,0.18761337,0.55247474,0.69888574,0.24099508,0.47084737,0.676341
0.0,0.0,0.0,0.0,0.0,0.0,1.0,0.0,0.1111687,0.21430422,0.7045867,0.108059086,0.2373672,0.6965535,0.11013216,0.2111946,0.7006997,0.11272351,0.24099508,0.69137084
0.0,0.0,0.0,0.0,0.0,0.0,1.0,0.0,0.1111687,0.21430422,0.7045867,0.108059086,0.2373672,0.6965535,0.11013216,0.2111946,0.7006997,0.11272351,0.24099508,0.69137084
0.0,0.0,0.0,0.0,0.0,0.0,1.0,0.0,0.1111687,0.21430422,0.7045867,0.108059086,0.2373672,0.6965535,0.11013216,0.2111946,0.7006997,0.11272351,0.24099508,0.69137084
0.0,0.0,0.0,0.0,0.0,0.0,1.0,0.0,0.1111687,0.21430422,0.7045867,0.108059086,0.2373672,0.6965535,0.11013216,0.2111946,0.7006997,0.11272351,0.24099508,0.69137084
0.0,0.0,0.0,0.0,0.0,0.0,1.0,0.0,0.1111687,0.21430422,0.7045867,0.108059086,0.2373672,0.6965535,0.11013216,0.2111946,0.7006997,0.11272351,0.24099508,0.69137084
0.0,0.0,0.0,0.0,0.0,0.0,1.0,0.0,0.1111687,0.21430422,0.7045867,0.108059086,0.2373672,0.6965535,0.11013216,0.2111946,0.7006997,0.11272351,0.24099508,0.69137084
0.0,0.0,0.0,0.0,1.0,0.0,0.0,0.0,0.12671676,0.5636175,0.7748121,0.12153408,0.5519565,0.7820679,0.12205234,0.5454781,0.7781809,0.12671676,0.5312257,0.79994816
0.0,0.0,0.0,0.0,1.0,0.0,0.0,0.0,0.12671676,0.5636175,0.7748121,0.12153408,0.5519565,0.7820679,0.12205234,0.5454781,0.7781809,0.12671676,0.5312257,0.79994816
0.0,0.0,0.0,0.0,1.0,0.0,0.0,0.0,0.12671676,0.5636175,0.7748121,0.12153408,0.5519565,0.7820679,0.12205234,0.5454781,0.7781809,0.12671676,0.5312257,0.79994816
0.0,0.0,0.0,0.0,1.0,0.0,0.0,0.0,0.12671676,0.5636175,0.7748121,0.12153408,0.5519565,0.7820679,0.12205234,0.5454781,0.7781809,0.12671676,0.5312257,0.79994816
0.0,0.0,0.0,0.0,1.0,0.0,0.0,0.0,0.12671676,0.5636175,0.7748121,0.12153408,0.5519565,0.7820679,0.12205234,0.5454781,0.7781809,0.12671676,0.5312257,0.79994816
0.0,0.0,0.0,0.0,1.0,0.0,0.0,0.0,0.12671676,0.5636175,0.7748121,0.12153408,0.5519565,0.7820679,0.12205234,0.5454781,0.7781809,0.12671676,0.5312257,0.79994816
0.0,0.0,0.0,1.0,0.0,0.0,0.0,0.0,0.13423167,0.4156517,0.49546516,0.1471884,0.42627624,0.6294377,0.14485618,0.40658203,0.5231925,0.13086292,0.4109873,0.48276755
0.0,0.0,0.0,1.0,0.0,0.0,0.0,0.0,0.13423167,0.4156517,0.49546516,0.1471884,0.42627624,0.6294377,0.14485618,0.40658203,0.5231925,0.13086292,0.4109873,0.48276755
0.0,0.0,0.0,1.0,0.0,0.0,0.0,0.0,0.13423167,0.4156517,0.49546516,0.1471884,0.42627624,0.6294377,0.14485618,0.40658203,0.5231925,0.13086292,0.4109873,0.48276755
0.0,0.0,0.0,1.0,0.0,0.0,0.0,0.0,0.13423167,0.4156517,0.49546516,0.1471884,0.42627624,0.6294377,0.14485618,0.40658203,0.5231925,0.13086292,0.4109873,0.48276755
0.0,0.0,0.0,1.0,0.0,0.0,0.0,0.0,0.13423167,0.4156517,0.49546516,0.1471884,0.42627624,0.6294377,0.14485618,0.40658203,0.5231925,0.13086292,0.4109873,0.48276755
0.0,0.0,0.0,1.0,0.0,0.0,0.0,0.0,0.13423167,0.4156517,0.49546516,0.1471884,0.42627624,0.6294377,0.14485618,0.40658203,0.5231925,0.13086292,0.4109873,0.48276755
0.0,0.0,1.0,0.0,0.0,0.0,0.0,0.0,0.19953355,0.32262245,0.72842705,0.19357346,0.32184502,0.7216896,0.1997927,0.32106763,0.72842705,0.19668308,0.36874837,0.7286862
0.0,0.0,1.0,0.0,0.0,0.0,0.0,0.0,0.19953355,0.32262245,0.72842705,0.19357346,0.32184502,0.7216896,0.1997927,0.32106763,0.72842705,0.19668308,0.36874837,0.7286862
0.0,0.0,1.0,0.0,0.0,0.0,0.0,0.0,0.19953355,0.32262245,0.72842705,0.19357346,0.32184502,0.7216896,0.1997927,0.32106763,0.72842705,0.19668308,0.36874837,0.7286862
0.0,0.0,1.0,0.0,0.0,0.0,0.0,0.0,0.19953355,0.32262245,0.72842705,0.19357346,0.32184502,0.7216896,0.1997927,0.32106763,0.72842705,0.19668308,0.36874837,0.7286862
0.0,0.0,1.0,0.0,0.0,0.0,0.0,0.0,0.19953355,0.32262245,0.72842705,0.19357346,0.32184502,0.7216896,0.1997927,0.32106763,0.72842705,0.19668308,0.36874837,0.7286862
0.0,0.0,1.0,0.0,0.0,0.0,0.0,0.0,0.19953355,0.32262245,0.72842705,0.19357346,0.32184502,0.7216896,0.1997927,0.32106763,0.72842705,0.19668308,0.36874837,0.7286862
0.0,0.0,0.0,0.0,1.0,0.0,0.0,0.0,0.11686966,0.5822752,0.75900495,0.11505572,0.58046126,0.7491578,0.12205234,0.54651463,0.7424203,0.12878984,0.48561803,0.7286862
0.0,0.0,0.0,0.0,1.0,0.0,0.0,0.0,0.11686966,0.5822752,0.75900495,0.11505572,0.58046126,0.7491578,0.12205234,0.54651463,0.7424203,0.12878984,0.48561803,0.7286862
0.0,0.0,0.0,0.0,1.0,0.0,0.0,0.0,0.11686966,0.5822752,0.75900495,0.11505572,0.58046126,0.7491578,0.12205234,0.54651463,0.7424203,0.12878984,0.48561803,0.7286862
0.0,0.0,0.0,0.0,1.0,0.0,0.0,0.0,0.11686966,0.5822752,0.75900495,0.11505572,0.58046126,0.7491578,0.12205234,0.54651463,0.7424203,0.12878984,0.48561803,0.7286862
0.0,0.0,0.0,0.0,1.0,0.0,0.0,0.0,0.11686966,0.5822752,0.75900495,0.11505572,0.58046126,0.7491578,0.12205234,0.54651463,0.7424203,0.12878984,0.48561803,0.7286862
0.0,0.0,0.0,0.0,1.0,0.0,0.0,0.0,0.11686966,0.5822752,0.75900495,0.11505572,0.58046126,0.7491578,0.12205234,0.54651463,0.7424203,0.12878984,0.48561803,0.7286862
0.0,1.0,0.0,0.0,0.0,0.0,0.0,0.0,0.22881575,0.4358642,0.76755637,0.23529412,0.43456855,0.7522674,0.22933403,0.44208345,0.78984195,0.2029023,0.48276755,0.79839337
0.0,1.0,0.0,0.0,0.0,0.0,0.0,0.0,0.22881575,0.4358642,0.76755637,0.23529412,0.43456855,0.7522674,0.22933403,0.44208345,0.78984195,0.2029023,0.48276755,0.79839337
0.0,1.0,0.0,0.0,0.0,0.0,0.0,0.0,0.22881575,0.4358642,0.76755637,0.23529412,0.43456855,0.7522674,0.22933403,0.44208345,0.78984195,0.2029023,0.48276755,0.79839337
0.0,1.0,0.0,0.0,0.0,0.0,0.0,0.0,0.22881575,0.4358642,0.76755637,0.23529412,0.43456855,0.7522674,0.22933403,0.44208345,0.78984195,0.2029023,0.48276755,0.79839337
0.0,1.0,0.0,0.0,0.0,0.0,0.0,0.0,0.22881575,0.4358642,0.76755637,0.23529412,0.43456855,0.7522674,0.22933403,0.44208345,0.78984195,0.2029023,0.48276755,0.79839337
0.0,1.0,0.0,0.0,0.0,0.0,0.0,0.0,0.22881575,0.4358642,0.76755637,0.23529412,0.43456855,0.7522674,0.22933403,0.44208345,0.78984195,0.2029023,0.48276755,0.79839337
0.0,0.0,0.0,0.0,1.0,0.0,0.0,0.0,0.12853071,0.58564395,0.7844001,0.12801243,0.58719873,0.77118427,0.12878984,0.5853848,0.78880537,0.12956725,0.5980824,0.7991708
0.0,0.0,0.0,0.0,1.0,0.0,0.0,0.0,0.12853071,0.58564395,0.7844001,0.12801243,0.58719873,0.77118427,0.12878984,0.5853848,0.78880537,0.12956725,0.5980824,0.7991708
0.0,0.0,0.0,0.0,1.0,0.0,0.0,0.0,0.12853071,0.58564395,0.7844001,0.12801243,0.58719873,0.77118427,0.12878984,0.5853848,0.78880537,0.12956725,0.5980824,0.7991708
0.0,0.0,0.0,0.0,1.0,0.0,0.0,0.0,0.12853071,0.58564395,0.7844001,0.12801243,0.58719873,0.77118427,0.12878984,0.5853848,0.78880537,0.12956725,0.5980824,0.7991708
0.0,0.0,0.0,0.0,1.0,0.0,0.0,0.0,0.12853071,0.58564395,0.7844001,0.12801243,0.58719873,0.77118427,0.12878984,0.5853848,0.78880537,0.12956725,0.5980824,0.7991708
0.0,0.0,0.0,0.0,1.0,0.0,0.0,0.0,0.12853071,0.58564395,0.7844001,0.12801243,0.58719873,0.77118427,0.12878984,0.5853848,0.78880537,0.12956725,0.5980824,0.7991708
0.0,0.0,0.0,0.0,1.0,0.0,0.0,0.0,0.12568022,0.5516973,0.76885206,0.12671676,0.5527339,0.7683338,0.11842446,0.5480695,0.7683338,0.11894273,0.5379632,0.74812126
0.0,0.0,0.0,0.0,1.0,0.0,0.0,0.0,0.12568022,0.5516973,0.76885206,0.12671676,0.5527339,0.7683338,0.11842446,0.5480695,0.7683338,0.11894273,0.5379632,0.74812126
0.0,0.0,0.0,0.0,1.0,0.0,0.0,0.0,0.12568022,0.5516973,0.76885206,0.12671676,0.5527339,0.7683338,0.11842446,0.5480695,0.7683338,0.11894273,0.5379632,0.74812126
0.0,0.0,0.0,0.0,1.0,0.0,0.0,0.0,0.12568022,0.5516973,0.76885206,0.12671676,0.5527339,0.7683338,0.11842446,0.5480695,0.7683338,0.11894273,0.5379632,0.74812126
0.0,0.0,0.0,0.0,1.0,0.0,0.0,0.0,0.12568022,0.5516973,0.76885206,0.12671676,0.5527339,0.7683338,0.11842446,0.5480695,0.7683338,0.11894273,0.5379632,0.74812126
0.0,0.0,0.0,0.0,1.0,0.0,0.0,0.0,0.12568022,0.5516973,0.76885206,0.12671676,0.5527339,0.7683338,0.11842446,0.5480695,0.7683338,0.11894273,0.5379632,0.74812126
0.0,0.0,0.0,0.0,0.0,0.0,1.0,0.0,0.12257061,0.28841668,0.68048716,0.1277533,0.30085513,0.6807463,0.12231148,0.28919408,0.6851516,0.12360715,0.3050013,0.69396216
0.0,0.0,0.0,0.0,0.0,0.0,1.0,0.0,0.12257061,0.28841668,0.68048716,0.1277533,0.30085513,0.6807463,0.12231148,0.28919408,0.6851516,0.12360715,0.3050013,0.69396216
0.0,0.0,0.0,0.0,0.0,0.0,1.0,0.0,0.12257061,0.28841668,0.68048716,0.1277533,0.30085513,0.6807463,0.12231148,0.28919408,0.6851516,0.12360715,0.3050013,0.69396216
0.0,0.0,0.0,0.0,0.0,0.0,1.0,0.0,0.12257061,0.28841668,0.68048716,0.1277533,0.30085513,0.6807463,0.12231148,0.28919408,0.6851516,0.12360715,0.3050013,0.69396216
0.0,0.0,0.0,0.0,0.0,0.0,1.0,0.0,0.12257061,0.28841668,0.68048716,0.1277533,0.30085513,0.6807463,0.12231148,0.28919408,0.6851516,0.12360715,0.3050013,0.69396216
0.0,0.0,0.0,0.0,0.0,0.0,1.0,0.0,0.12257061,0.28841668,0.68048716,0.1277533,0.30085513,0.6807463,0.12231148,0.28919408,0.6851516,0.12360715,0.3050013,0.69396216
0.0,0.0,0.0,0.0,0.0,1.0,0.0,0.0,0.11220524,0.7048458,0.78647316,0.11272351,0.69759005,0.788028,0.10961389,0.71028763,0.78232706,0.105726875,0.68929774,0.78750974
0.0,0.0,0.0,0.0,0.0,1.0,0.0,0.0,0.11220524,0.7048458,0.78647316,0.11272351,0.69759005,0.788028,0.10961389,0.71028763,0.78232706,0.105726875,0.68929774,0.78750974
0.0,0.0,0.0,0.0,0.0,1.0,0.0,0.0,0.11220524,0.7048458,0.78647316,0.11272351,0.69759005,0.788028,0.10961389,0.71028763,0.78232706,0.105726875,0.68929774,0.78750974
0.0,0.0,0.0,0.0,0.0,1.0,0.0,0.0,0.11220524,0.7048458,0.78647316,0.11272351,0.69759005,0.788028,0.10961389,0.71028763,0.78232706,0.105726875,0.68929774,0.78750974
0.0,0.0,0.0,0.0,0.0,1.0,0.0,0.0,0.11220524,0.7048458,0.78647316,0.11272351,0.69759005,0.788028,0.10961389,0.71028763,0.78232706,0.105726875,0.68929774,0.78750974
0.0,0.0,0.0,0.0,0.0,1.0,0.0,0.0,0.11220524,0.7048458,0.78647316,0.11272351,0.69759005,0.788028,0.10961389,0.71028763,0.78232706,0.105726875,0.68929774,0.78750974
0.0,0.0,1.0,0.0,0.0,0.0,0.0,0.0,0.19564654,0.2886758,0.716766,0.1915004,0.28919408,0.72609484,0.20523451,0.29411766,0.7131381,0.21845038,0.32469553,0.6944804
0.0,0.0,1.0,0.0,0.0,0.0,0.0,0.0,0.19564654,0.2886758,0.716766,0.1915004,0.28919408,0.72609484,0.20523451,0.29411766,0.7131381,0.21845038,0.32469553,0.6944804
0.0,0.0,1.0,0.0,0.0,0.0,0.0,0.0,0.19564654,0.2886758,0.716766,0.1915004,0.28919408,0.72609484,0.20523451,0.29411766,0.7131381,0.21845038,0.32469553,0.6944804
0.0,0.0,1.0,0.0,0.0,0.0,0.0,0.0,0.19564654,0.2886758,0.716766,0.1915004,0.28919408,0.72609484,0.20523451,0.29411766,0.7131381,0.21845038,0.32469553,0.6944804
0.0,0.0,1.0,0.0,0.0,0.0,0.0,0.0,0.19564654,0.2886758,0.716766,0.1915004,0.28919408,0.72609484,0.20523451,0.29411766,0.7131381,0.21845038,0.32469553,0.6944804
0.0,0.0,1.0,0.0,0.0,0.0,0.0,0.0,0.19564654,0.2886758,0.716766,0.1915004,0.28919408,0.72609484,0.20523451,0.29411766,0.7131381,0.21845038,0.32469553,0.6944804
0.0,0.0,0.0,0.0,0.0,0.0,1.0,0.0,0.11324177,0.28841668,0.6934439,0.11350091,0.28893495,0.6949987,0.11246437,0.2819383,0.6957761,0.11401918,0.2961907,0.6926665
0.0,0.0,0.0,0.0,0.0,0.0,1.0,0.0,0.11324177,0.28841668,0.6934439,0.11350091,0.28893495,0.6949987,0.11246437,0.2819383,0.6957761,0.11401918,0.2961907,0.6926665
0.0,0.0,0.0,0.0,0.0,0.0,1.0,0.0,0.11324177,0.28841668,0.6934439,0.11350091,0.28893495,0.6949987,0.11246437,0.2819383,0.6957761,0.11401918,0.2961907,0.6926665
0.0,0.0,0.0,0.0,0.0,0.0,1.0,0.0,0.11324177,0.28841668,0.6934439,0.11350091,0.28893495,0.6949987,0.11246437,0.2819383,0.6957761,0.11401918,0.2961907,0.6926665
0.0,0.0,0.0,0.0,0.0,0.0,1.0,0.0,0.11324177,0.28841668,0.6934439,0.11350091,0.28893495,0.6949987,0.11246437,0.2819383,0.6957761,0.11401918,0.2961907,0.6926665
0.0,0.0,0.0,0.0,0.0,0.0,1.0,0.0,0.11324177,0.28841668,0.6934439,0.11350091,0.28893495,0.6949987,0.11246437,0.2819383,0.6957761,0.11401918,0.2961907,0.6926665
0.0,0.0,0.0,1.0,0.0,0.0,0.0,0.0,0.12179321,0.37237626,0.43327287,0.1202384,0.37237626,0.42990413,0.11920187,0.36227003,0.45115316,0.1293081,0.39077482,0.5136046
0.0,0.0,0.0,1.0,0.0,0.0,0.0,0.0,0.12179321,0.37237626,0.43327287,0.1202384,0.37237626,0.42990413,0.11920187,0.36227003,0.45115316,0.1293081,0.39077482,0.5136046
0.0,0.0,0.0,1.0,0.0,0.0,0.0,0.0,0.12179321,0.37237626,0.43327287,0.1202384,0.37237626,0.42990413,0.11920187,0.36227003,0.45115316,0.1293081,0.39077482,0.5136046
0.0,0.0,0.0,1.0,0.0,0.0,0.0,0.0,0.12179321,0.37237626,0.43327287,0.1202384,0.37237626,0.42990413,0.11920187,0.36227003,0.45115316,0.1293081,0.39077482,0.5136046
0.0,0.0,0.0,1.0,0.0,0.0,0.0,0.0,0.12179321,0.37237626,0.43327287,0.1202384,0.37237626,0.42990413,0.11920187,0.36227003,0.45115316,0.1293081,0.39077482,0.5136046
0.0,0.0,0.0,1.0,0.0,0.0,0.0,0.0,0.12179321,0.37237626,0.43327287,0.1202384,0.37237626,0.42990413,0.11920187,0.36227003,0.45115316,0.1293081,0.39077482,0.5136046
0.0,0.0,0.0,0.0,0.0,0.0,1.0,0.0,0.12645763,0.2899715,0.70018137,0.12801243,0.2930811,0.69318473,0.11531485,0.28738016,0.7105468,0.098730244,0.3386888,0.68618816
0.0,0.0,0.0,0.0,0.0,0.0,1.0,0.0,0.12645763,0.2899715,0.70018137,0.12801243,0.2930811,0.69318473,0.11531485,0.28738016,0.7105468,0.098730244,0.3386888,0.68618816
0.0,0.0,0.0,0.0,0.0,0.0,1.0,0.0,0.12645763,0.2899715,0.70018137,0.12801243,0.2930811,0.69318473,0.11531485,0.28738016,0.7105468,0.098730244,0.3386888,0.68618816
0.0,0.0,0.0,0.0,0.0,0.0,1.0,0.0,0.12645763,0.2899715,0.70018137,0.12801243,0.2930811,0.69318473,0.11531485,0.28738016,0.7105468,0.098730244,0.3386888,0.68618816
0.0,0.0,0.0,0.0,0.0,0.0,1.0,0.0,0.12645763,0.2899715,0.70018137,0.12801243,0.2930811,0.69318473,0.11531485,0.28738016,0.7105468,0.098730244,0.3386888,0.68618816
0.0,0.0,0.0,0.0,0.0,0.0,1.0,0.0,0.12645763,0.2899715,0.70018137,0.12801243,0.2930811,0.69318473,0.11531485,0.28738016,0.7105468,0.098730244,0.3386888,0.68618816
0.0,0.0,1.0,0.0,0.0,0.0,0.0,0.0,0.18113501,0.28608447,0.651205,0.18864991,0.2824566,0.63824826,0.18268982,0.30474216,0.651205,0.18968645,0.41979787,0.6626069
0.0,0.0,1.0,0.0,0.0,0.0,0.0,0.0,0.18113501,0.28608447,0.651205,0.18864991,0.2824566,0.63824826,0.18268982,0.30474216,0.651205,0.18968645,0.41979787,0.6626069
0.0,0.0,1.0,0.0,0.0,0.0,0.0,0.0,0.18113501,0.28608447,0.651205,0.18864991,0.2824566,0.63824826,0.18268982,0.30474216,0.651205,0.18968645,0.41979787,0.6626069
0.0,0.0,1.0,0.0,0.0,0.0,0.0,0.0,0.18113501,0.28608447,0.651205,0.18864991,0.2824566,0.63824826,0.18268982,0.30474216,0.651205,0.18968645,0.41979787,0.6626069
0.0,0.0,1.0,0.0,0.0,0.0,0.0,0.0,0.18113501,0.28608447,0.651205,0.18864991,0.2824566,0.63824826,0.18268982,0.30474216,0.651205,0.18968645,0.41979787,0.6626069
0.0,0.0,1.0,0.0,0.0,0.0,0.0,0.0,0.18113501,0.28608447,0.651205,0.18864991,0.2824566,0.63824826,0.18268982,0.30474216,0.651205,0.18968645,0.41979787,0.6626069
0.0,0.0,0.0,0.0,1.0,0.0,0.0,0.0,0.1293081,0.61777663,0.80098474,0.12853071,0.606893,0.79968905,0.150298,0.54755116,0.76159626,0.15263021,0.531744,0.7672972
0.0,0.0,0.0,0.0,1.0,0.0,0.0,0.0,0.1293081,0.61777663,0.80098474,0.12853071,0.606893,0.79968905,0.150298,0.54755116,0.76159626,0.15263021,0.531744,0.7672972
0.0,0.0,0.0,0.0,1.0,0.0,0.0,0.0,0.1293081,0.61777663,0.80098474,0.12853071,0.606893,0.79968905,0.150298,0.54755116,0.76159626,0.15263021,0.531744,0.7672972
0.0,0.0,0.0,0.0,1.0,0.0,0.0,0.0,0.1293081,0.61777663,0.80098474,0.12853071,0.606893,0.79968905,0.150298,0.54755116,0.76159626,0.15263021,0.531744,0.7672972
0.0,0.0,0.0,0.0,1.0,0.0,0.0,0.0,0.1293081,0.61777663,0.80098474,0.12853071,0.606893,0.79968905,0.150298,0.54755116,0.76159626,0.15263021,0.531744,0.7672972
0.0,0.0,0.0,0.0,1.0,0.0,0.0,0.0,0.1293081,0.61777663,0.80098474,0.12853071,0.606893,0.79968905,0.150298,0.54755116,0.76159626,0.15263021,0.531744,0.7672972
0.0,0.0,1.0,0.0,0.0,0.0,0.0,0.0,0.2194869,0.30888832,0.7771443,0.22363307,0.3195128,0.7672972,0.21870951,0.30707437,0.77636695,0.23866287,0.38662866,0.77273905
0.0,0.0,1.0,0.0,0.0,0.0,0.0,0.0,0.2194869,0.30888832,0.7771443,0.22363307,0.3195128,0.7672972,0.21870951,0.30707437,0.77636695,0.23866287,0.38662866,0.77273905
0.0,0.0,1.0,0.0,0.0,0.0,0.0,0.0,0.2194869,0.30888832,0.7771443,0.22363307,0.3195128,0.7672972,0.21870951,0.30707437,0.77636695,0.23866287,0.38662866,0.77273905
0.0,0.0,1.0,0.0,0.0,0.0,0.0,0.0,0.2194869,0.30888832,0.7771443,0.22363307,0.3195128,0.7672972,0.21870951,0.30707437,0.77636695,0.23866287,0.38662866,0.77273905
0.0,0.0,1.0,0.0,0.0,0.0,0.0,0.0,0.2194869,0.30888832,0.7771443,0.22363307,0.3195128,0.7672972,0.21870951,0.30707437,0.77636695,0.23866287,0.38662866,0.77273905
0.0,0.0,1.0,0.0,0.0,0.0,0.0,0.0,0.2194869,0.30888832,0.7771443,0.22363307,0.3195128,0.7672972,0.21870951,0.30707437,0.77636695,0.23866287,0.38662866,0.77273905
0.0,0.0,0.0,0.0,0.0,0.0,1.0,0.0,0.12360715,0.30681524,0.676341,0.12360715,0.30681524,0.6797098,0.11401918,0.2915263,0.71365637,0.1103913,0.3096657,0.7004405
0.0,0.0,0.0,0.0,0.0,0.0,1.0,0.0,0.12360715,0.30681524,0.676341,0.12360715,0.30681524,0.6797098,0.11401918,0.2915263,0.71365637,0.1103913,0.3096657,0.7004405
0.0,0.0,0.0,0.0,0.0,0.0,1.0,0.0,0.12360715,0.30681524,0.676341,0.12360715,0.30681524,0.6797098,0.11401918,0.2915263,0.71365637,0.1103913,0.3096657,0.7004405
0.0,0.0,0.0,0.0,0.0,0.0,1.0,0.0,0.12360715,0.30681524,0.676341,0.12360715,0.30681524,0.6797098,0.11401918,0.2915263,0.71365637,0.1103913,0.3096657,0.7004405
0.0,0.0,0.0,0.0,0.0,0.0,1.0,0.0,0.12360715,0.30681524,0.676341,0.12360715,0.30681524,0.6797098,0.11401918,0.2915263,0.71365637,0.1103913,0.3096657,0.7004405
0.0,0.0,0.0,0.0,0.0,0.0,1.0,0.0,0.12360715,0.30681524,0.676341,0.12360715,0.30681524,0.6797098,0.11401918,0.2915263,0.71365637,0.1103913,0.3096657,0.7004405
0.0,0.0,0.0,1.0,0.0,0.0,0.0,0.0,0.16999222,0.41824308,0.52034205,0.17595232,0.41979787,0.5332988,0.15237108,0.44182432,0.51515937,0.14667012,0.46462813,0.5288935
0.0,0.0,0.0,1.0,0.0,0.0,0.0,0.0,0.16999222,0.41824308,0.52034205,0.17595232,0.41979787,0.5332988,0.15237108,0.44182432,0.51515937,0.14667012,0.46462813,0.5288935
0.0,0.0,0.0,1.0,0.0,0.0,0.0,0.0,0.16999222,0.41824308,0.52034205,0.17595232,0.41979787,0.5332988,0.15237108,0.44182432,0.51515937,0.14667012,0.46462813,0.5288935
0.0,0.0,0.0,1.0,0.0,0.0,0.0,0.0,0.16999222,0.41824308,0.52034205,0.17595232,0.41979787,0.5332988,0.15237108,0.44182432,0.51515937,0.14667012,0.46462813,0.5288935
0.0,0.0,0.0,1.0,0.0,0.0,0.0,0.0,0.16999222,0.41824308,0.52034205,0.17595232,0.41979787,0.5332988,0.15237108,0.44182432,0.51515937,0.14667012,0.46462813,0.5288935
0.0,0.0,0.0,1.0,0.0,0.0,0.0,0.0,0.16999222,0.41824308,0.52034205,0.17595232,0.41979787,0.5332988,0.15237108,0.44182432,0.51515937,0.14667012,0.46462813,0.5288935
0.0,0.0,0.0,0.0,0.0,0.0,1.0,0.0,0.11350091,0.27934697,0.71883905,0.11350091,0.27934697,0.71883905,0.11272351,0.26198497,0.69914484,0.11324177,0.2653537,0.7144338
0.0,0.0,0.0,0.0,0.0,0.0,1.0,0.0,0.11350091,0.27934697,0.71883905,0.11350091,0.27934697,0.71883905,0.11272351,0.26198497,0.69914484,0.11324177,0.2653537,0.7144338
0.0,0.0,0.0,0.0,0.0,0.0,1.0,0.0,0.11350091,0.27934697,0.71883905,0.11350091,0.27934697,0.71883905,0.11272351,0.26198497,0.69914484,0.11324177,0.2653537,0.7144338
0.0,0.0,0.0,0.0,0.0,0.0,1.0,0.0,0.11350091,0.27934697,0.71883905,0.11350091,0.27934697,0.71883905,0.11272351,0.26198497,0.69914484,0.11324177,0.2653537,0.7144338
0.0,0.0,0.0,0.0,0.0,0.0,1.0,0.0,0.11350091,0.27934697,0.71883905,0.11350091,0.27934697,0.71883905,0.11272351,0.26198497,0.69914484,0.11324177,0.2653537,0.7144338
0.0,0.0,0.0,0.0,0.0,0.0,1.0,0.0,0.11350091,0.27934697,0.71883905,0.11350091,0.27934697,0.71883905,0.11272351,0.26198497,0.69914484,0.11324177,0.2653537,0.7144338
0.0,0.0,0.0,1.0,0.0,0.0,0.0,0.0,0.11816533,0.4185022,0.47317958,0.11816533,0.41979787,0.48302668,0.1277533,0.41876134,0.49935216,0.12982638,0.4394921,0.52267426
0.0,0.0,0.0,1.0,0.0,0.0,0.0,0.0,0.11816533,0.4185022,0.47317958,0.11816533,0.41979787,0.48302668,0.1277533,0.41876134,0.49935216,0.12982638,0.4394921,0.52267426
0.0,0.0,0.0,1.0,0.0,0.0,0.0,0.0,0.11816533,0.4185022,0.47317958,0.11816533,0.41979787,0.48302668,0.1277533,0.41876134,0.49935216,0.12982638,0.4394921,0.52267426
0.0,0.0,0.0,1.0,0.0,0.0,0.0,0.0,0.11816533,0.4185022,0.47317958,0.11816533,0.41979787,0.48302668,0.1277533,0.41876134,0.49935216,0.12982638,0.4394921,0.52267426
0.0,0.0,0.0,1.0,0.0,0.0,0.0,0.0,0.11816533,0.4185022,0.47317958,0.11816533,0.41979787,0.48302668,0.1277533,0.41876134,0.49935216,0.12982638,0.4394921,0.52267426
0.0,0.0,0.0,1.0,0.0,0.0,0.0,0.0,0.11816533,0.4185022,0.47317958,0.11816533,0.41979787,0.48302668,0.1277533,0.41876134,0.49935216,0.12982638,0.4394921,0.52267426
0.0,0.0,1.0,0.0,0.0,0.0,0.0,0.0,0.2096398,0.28427052,0.68566984,0.19072299,0.28116092,0.6791915,0.21093547,0.30163255,0.6874838,0.21249028,0.3614926,0.6600155
0.0,0.0,1.0,0.0,0.0,0.0,0.0,0.0,0.2096398,0.28427052,0.68566984,0.19072299,0.28116092,0.6791915,0.21093547,0.30163255,0.6874838,0.21249028,0.3614926,0.6600155
0.0,0.0,1.0,0.0,0.0,0.0,0.0,0.0,0.2096398,0.28427052,0.68566984,0.19072299,0.28116092,0.6791915,0.21093547,0.30163255,0.6874838,0.21249028,0.3614926,0.6600155
0.0,0.0,1.0,0.0,0.0,0.0,0.0,0.0,0.2096398,0.28427052,0.68566984,0.19072299,0.28116092,0.6791915,0.21093547,0.30163255,0.6874838,0.21249028,0.3614926,0.6600155
0.0,0.0,1.0,0.0,0.0,0.0,0.0,0.0,0.2096398,0.28427052,0.68566984,0.19072299,0.28116092,0.6791915,0.21093547,0.30163255,0.6874838,0.21249028,0.3614926,0.6600155
0.0,0.0,1.0,0.0,0.0,0.0,0.0,0.0,0.2096398,0.28427052,0.68566984,0.19072299,0.28116092,0.6791915,0.21093547,0.30163255,0.6874838,0.21249028,0.3614926,0.6600155
0.0,0.0,0.0,1.0,0.0,0.0,0.0,0.0,0.11790619,0.45840892,0.5364084,0.1261985,0.46255508,0.5462555,0.11557398,0.45581758,0.53226227,0.11324177,0.4936512,0.5589531
0.0,0.0,0.0,1.0,0.0,0.0,0.0,0.0,0.11790619,0.45840892,0.5364084,0.1261985,0.46255508,0.5462555,0.11557398,0.45581758,0.53226227,0.11324177,0.4936512,0.5589531
0.0,0.0,0.0,1.0,0.0,0.0,0.0,0.0,0.11790619,0.45840892,0.5364084,0.1261985,0.46255508,0.5462555,0.11557398,0.45581758,0.53226227,0.11324177,0.4936512,0.5589531
0.0,0.0,0.0,1.0,0.0,0.0,0.0,0.0,0.11790619,0.45840892,0.5364084,0.1261985,0.46255508,0.5462555,0.11557398,0.45581758,0.53226227,0.11324177,0.4936512,0.5589531
0.0,0.0,0.0,1.0,0.0,0.0,0.0,0.0,0.11790619,0.45840892,0.5364084,0.1261985,0.46255508,0.5462555,0.11557398,0.45581758,0.53226227,0.11324177,0.4936512,0.5589531
0.0,0.0,0.0,1.0,0.0,0.0,0.0,0.0,0.11790619,0.45840892,0.5364084,0.1261985,0.46255508,0.5462555,0.11557398,0.45581758,0.53226227,0.11324177,0.4936512,0.5589531
0.0,1.0,0.0,0.0,0.0,0.0,0.0,0.0,0.24306816,0.38662866,0.6926665,0.24410468,0.38662866,0.69370306,0.2472143,0.3967349,0.6843742,0.21611817,0.42161182,0.70743716
0.0,1.0,0.0,0.0,0.0,0.0,0.0,0.0,0.24306816,0.38662866,0.6926665,0.24410468,0.38662866,0.69370306,0.2472143,0.3967349,0.6843742,0.21611817,0.42161182,0.70743716
0.0,1.0,0.0,0.0,0.0,0.0,0.0,0.0,0.24306816,0.38662866,0.6926665,0.24410468,0.38662866,0.69370306,0.2472143,0.3967349,0.6843742,0.21611817,0.42161182,0.70743716
0.0,1.0,0.0,0.0,0.0,0.0,0.0,0.0,0.24306816,0.38662866,0.6926665,0.24410468,0.38662866,0.69370306,0.2472143,0.3967349,0.6843742,0.21611817,0.42161182,0.70743716
0.0,1.0,0.0,0.0,0.0,0.0,0.0,0.0,0.24306816,0.38662866,0.6926665,0.24410468,0.38662866,0.69370306,0.2472143,0.3967349,0.6843742,0.21611817,0.42161182,0.70743716
0.0,1.0,0.0,0.0,0.0,0.0,0.0,0.0,0.24306816,0.38662866,0.6926665,0.24410468,0.38662866,0.69370306,0.2472143,0.3967349,0.6843742,0.21611817,0.42161182,0.70743716
1.0,0.0,0.0,0.0,0.0,0.0,0.0,0.0,0.17258357,0.61414874,0.7292045,0.18165328,0.6032651,0.71728426,0.20704846,0.53744495,0.672454,0.23969941,0.5138637,0.6983675
1.0,0.0,0.0,0.0,0.0,0.0,0.0,0.0,0.17258357,0.61414874,0.7292045,0.18165328,0.6032651,0.71728426,0.20704846,0.53744495,0.672454,0.23969941,0.5138637,0.6983675
1.0,0.0,0.0,0.0,0.0,0.0,0.0,0.0,0.17258357,0.61414874,0.7292045,0.18165328,0.6032651,0.71728426,0.20704846,0.53744495,0.672454,0.23969941,0.5138637,0.6983675
1.0,0.0,0.0,0.0,0.0,0.0,0.0,0.0,0.17258357,0.61414874,0.7292045,0.18165328,0.6032651,0.71728426,0.20704846,0.53744495,0.672454,0.23969941,0.5138637,0.6983675
1.0,0.0,0.0,0.0,0.0,0.0,0.0,0.0,0.17258357,0.61414874,0.7292045,0.18165328,0.6032651,0.71728426,0.20704846,0.53744495,0.672454,0.23969941,0.5138637,0.6983675
1.0,0.0,0.0,0.0,0.0,0.0,0.0,0.0,0.17258357,0.61414874,0.7292045,0.18165328,0.6032651,0.71728426,0.20704846,0.53744495,0.672454,0.23969941,0.5138637,0.6983675
0.0,0.0,0.0,1.0,0.0,0.0,0.0,0.0,0.12827158,0.41357866,0.5112724,0.13215859,0.4039907,0.47680748,0.12671676,0.41487432,0.512568,0.12490282,0.41539258,0.51438195
0.0,0.0,0.0,1.0,0.0,0.0,0.0,0.0,0.12827158,0.41357866,0.5112724,0.13215859,0.4039907,0.47680748,0.12671676,0.41487432,0.512568,0.12490282,0.41539258,0.51438195
0.0,0.0,0.0,1.0,0.0,0.0,0.0,0.0,0.12827158,0.41357866,0.5112724,0.13215859,0.4039907,0.47680748,0.12671676,0.41487432,0.512568,0.12490282,0.41539258,0.51438195
0.0,0.0,0.0,1.0,0.0,0.0,0.0,0.0,0.12827158,0.41357866,0.5112724,0.13215859,0.4039907,0.47680748,0.12671676,0.41487432,0.512568,0.12490282,0.41539258,0.51438195
0.0,0.0,0.0,1.0,0.0,0.0,0.0,0.0,0.12827158,0.41357866,0.5112724,0.13215859,0.4039907,0.47680748,0.12671676,0.41487432,0.512568,0.12490282,0.41539258,0.51438195
0.0,0.0,0.0,1.0,0.0,0.0,0.0,0.0,0.12827158,0.41357866,0.5112724,0.13215859,0.4039907,0.47680748,0.12671676,0.41487432,0.512568,0.12490282,0.41539258,0.51438195
0.0,0.0,0.0,0.0,0.0,0.0,1.0,0.0,0.12360715,0.2586162,0.6970718,0.12801243,0.28919408,0.7717025,0.12360715,0.2586162,0.6970718,0.12438455,0.2682042,0.72609484
0.0,0.0,0.0,0.0,0.0,0.0,1.0,0.0,0.12360715,0.2586162,0.6970718,0.12801243,0.28919408,0.7717025,0.12360715,0.2586162,0.6970718,0.12438455,0.2682042,0.72609484
0.0,0.0,0.0,0.0,0.0,0.0,1.0,0.0,0.12360715,0.2586162,0.6970718,0.12801243,0.28919408,0.7717025,0.12360715,0.2586162,0.6970718,0.12438455,0.2682042,0.72609484
0.0,0.0,0.0,0.0,0.0,0.0,1.0,0.0,0.12360715,0.2586162,0.6970718,0.12801243,0.28919408,0.7717025,0.12360715,0.2586162,0.6970718,0.12438455,0.2682042,0.72609484
0.0,0.0,0.0,0.0,0.0,0.0,1.0,0.0,0.12360715,0.2586162,0.6970718,0.12801243,0.28919408,0.7717025,0.12360715,0.2586162,0.6970718,0.12438455,0.2682042,0.72609484
0.0,0.0,0.0,0.0,0.0,0.0,1.0,0.0,0.12360715,0.2586162,0.6970718,0.12801243,0.28919408,0.7717025,0.12360715,0.2586162,0.6970718,0.12438455,0.2682042,0.72609484
0.0,0.0,0.0,0.0,1.0,0.0,0.0,0.0,0.11168697,0.5675045,0.7929515,0.11090956,0.5688002,0.7911376,0.13578647,0.5405545,0.7792174,0.14537445,0.51515937,0.7906193
0.0,0.0,0.0,0.0,1.0,0.0,0.0,0.0,0.11168697,0.5675045,0.7929515,0.11090956,0.5688002,0.7911376,0.13578647,0.5405545,0.7792174,0.14537445,0.51515937,0.7906193
0.0,0.0,0.0,0.0,1.0,0.0,0.0,0.0,0.11168697,0.5675045,0.7929515,0.11090956,0.5688002,0.7911376,0.13578647,0.5405545,0.7792174,0.14537445,0.51515937,0.7906193
0.0,0.0,0.0,0.0,1.0,0.0,0.0,0.0,0.11168697,0.5675045,0.7929515,0.11090956,0.5688002,0.7911376,0.13578647,0.5405545,0.7792174,0.14537445,0.51515937,0.7906193
0.0,0.0,0.0,0.0,1.0,0.0,0.0,0.0,0.11168697,0.5675045,0.7929515,0.11090956,0.5688002,0.7911376,0.13578647,0.5405545,0.7792174,0.14537445,0.51515937,0.7906193
0.0,0.0,0.0,0.0,1.0,0.0,0.0,0.0,0.11168697,0.5675045,0.7929515,0.11090956,0.5688002,0.7911376,0.13578647,0.5405545,0.7792174,0.14537445,0.51515937,0.7906193
0.0,0.0,0.0,0.0,0.0,1.0,0.0,0.0,0.12360715,0.7426795,0.8385592,0.12593937,0.7377559,0.8030578,0.12360715,0.7439751,0.8390775,0.12127494,0.73075926,0.83441305
0.0,0.0,0.0,0.0,0.0,1.0,0.0,0.0,0.12360715,0.7426795,0.8385592,0.12593937,0.7377559,0.8030578,0.12360715,0.7439751,0.8390775,0.12127494,0.73075926,0.83441305
0.0,0.0,0.0,0.0,0.0,1.0,0.0,0.0,0.12360715,0.7426795,0.8385592,0.12593937,0.7377559,0.8030578,0.12360715,0.7439751,0.8390775,0.12127494,0.73075926,0.83441305
0.0,0.0,0.0,0.0,0.0,1.0,0.0,0.0,0.12360715,0.7426795,0.8385592,0.12593937,0.7377559,0.8030578,0.12360715,0.7439751,0.8390775,0.12127494,0.73075926,0.83441305
0.0,0.0,0.0,0.0,0.0,1.0,0.0,0.0,0.12360715,0.7426795,0.8385592,0.12593937,0.7377559,0.8030578,0.12360715,0.7439751,0.8390775,0.12127494,0.73075926,0.83441305
0.0,0.0,0.0,0.0,0.0,1.0,0.0,0.0,0.12360715,0.7426795,0.8385592,0.12593937,0.7377559,0.8030578,0.12360715,0.7439751,0.8390775,0.12127494,0.73075926,0.83441305
0.0,0.0,1.0,0.0,0.0,0.0,0.0,0.0,0.20108837,0.34309408,0.7390516,0.20653018,0.3153667,0.743716,0.19927442,0.33765224,0.7294636,0.19901529,0.37755895,0.71339726
0.0,0.0,1.0,0.0,0.0,0.0,0.0,0.0,0.20108837,0.34309408,0.7390516,0.20653018,0.3153667,0.743716,0.19927442,0.33765224,0.7294636,0.19901529,0.37755895,0.71339726
0.0,0.0,1.0,0.0,0.0,0.0,0.0,0.0,0.20108837,0.34309408,0.7390516,0.20653018,0.3153667,0.743716,0.19927442,0.33765224,0.7294636,0.19901529,0.37755895,0.71339726
0.0,0.0,1.0,0.0,0.0,0.0,0.0,0.0,0.20108837,0.34309408,0.7390516,0.20653018,0.3153667,0.743716,0.19927442,0.33765224,0.7294636,0.19901529,0.37755895,0.71339726
0.0,0.0,1.0,0.0,0.0,0.0,0.0,0.0,0.20108837,0.34309408,0.7390516,0.20653018,0.3153667,0.743716,0.19927442,0.33765224,0.7294636,0.19901529,0.37755895,0.71339726
0.0,0.0,1.0,0.0,0.0,0.0,0.0,0.0,0.20108837,0.34309408,0.7390516,0.20653018,0.3153667,0.743716,0.19927442,0.33765224,0.7294636,0.19901529,0.37755895,0.71339726
0.0,0.0,0.0,0.0,0.0,0.0,1.0,0.0,0.11324177,0.30526042,0.7390516,0.11350091,0.3042239,0.7439751,0.11272351,0.30551955,0.73075926,0.11272351,0.28789842,0.73671937
0.0,0.0,0.0,0.0,0.0,0.0,1.0,0.0,0.11324177,0.30526042,0.7390516,0.11350091,0.3042239,0.7439751,0.11272351,0.30551955,0.73075926,0.11272351,0.28789842,0.73671937
0.0,0.0,0.0,0.0,0.0,0.0,1.0,0.0,0.11324177,0.30526042,0.7390516,0.11350091,0.3042239,0.7439751,0.11272351,0.30551955,0.73075926,0.11272351,0.28789842,0.73671937
0.0,0.0,0.0,0.0,0.0,0.0,1.0,0.0,0.11324177,0.30526042,0.7390516,0.11350091,0.3042239,0.7439751,0.11272351,0.30551955,0.73075926,0.11272351,0.28789842,0.73671937
0.0,0.0,0.0,0.0,0.0,0.0,1.0,0.0,0.11324177,0.30526042,0.7390516,0.11350091,0.3042239,0.7439751,0.11272351,0.30551955,0.73075926,0.11272351,0.28789842,0.73671937
0.0,0.0,0.0,0.0,0.0,0.0,1.0,0.0,0.11324177,0.30526042,0.7390516,0.11350091,0.3042239,0.7439751,0.11272351,0.30551955,0.73075926,0.11272351,0.28789842,0.73671937
0.0,0.0,0.0,0.0,0.0,1.0,0.0,0.0,0.1277533,0.76885206,0.90593415,0.1293081,0.7491578,0.93651205,0.1277533,0.76885206,0.90593415,0.12853071,0.74812126,0.8820938
0.0,0.0,0.0,0.0,0.0,1.0,0.0,0.0,0.1277533,0.76885206,0.90593415,0.1293081,0.7491578,0.93651205,0.1277533,0.76885206,0.90593415,0.12853071,0.74812126,0.8820938
0.0,0.0,0.0,0.0,0.0,1.0,0.0,0.0,0.1277533,0.76885206,0.90593415,0.1293081,0.7491578,0.93651205,0.1277533,0.76885206,0.90593415,0.12853071,0.74812126,0.8820938
0.0,0.0,0.0,0.0,0.0,1.0,0.0,0.0,0.1277533,0.76885206,0.90593415,0.1293081,0.7491578,0.93651205,0.1277533,0.76885206,0.90593415,0.12853071,0.74812126,0.8820938
0.0,0.0,0.0,0.0,0.0,1.0,0.0,0.0,0.1277533,0.76885206,0.90593415,0.1293081,0.7491578,0.93651205,0.1277533,0.76885206,0.90593415,0.12853071,0.74812126,0.8820938
0.0,0.0,0.0,0.0,0.0,1.0,0.0,0.0,0.1277533,0.76885206,0.90593415,0.1293081,0.7491578,0.93651205,0.1277533,0.76885206,0.90593415,0.12853071,0.74812126,0.8820938
1.0,0.0,0.0,0.0,0.0,0.0,0.0,0.0,0.17232443,0.62399584,0.78621405,0.17076963,0.63125163,0.78414094,0.19020471,0.5478103,0.76444674,0.19357346,0.5195646,0.7408655
1.0,0.0,0.0,0.0,0.0,0.0,0.0,0.0,0.17232443,0.62399584,0.78621405,0.17076963,0.63125163,0.78414094,0.19020471,0.5478103,0.76444674,0.19357346,0.5195646,0.7408655
1.0,0.0,0.0,0.0,0.0,0.0,0.0,0.0,0.17232443,0.62399584,0.78621405,0.17076963,0.63125163,0.78414094,0.19020471,0.5478103,0.76444674,0.19357346,0.5195646,0.7408655
1.0,0.0,0.0,0.0,0.0,0.0,0.0,0.0,0.17232443,0.62399584,0.78621405,0.17076963,0.63125163,0.78414094,0.19020471,0.5478103,0.76444674,0.19357346,0.5195646,0.7408655
1.0,0.0,0.0,0.0,0.0,0.0,0.0,0.0,0.17232443,0.62399584,0.78621405,0.17076963,0.63125163,0.78414094,0.19020471,0.5478103,0.76444674,0.19357346,0.5195646,0.7408655
1.0,0.0,0.0,0.0,0.0,0.0,0.0,0.0,0.17232443,0.62399584,0.78621405,0.17076963,0.63125163,0.78414094,0.19020471,0.5478103,0.76444674,0.19357346,0.5195646,0.7408655
0.0,0.0,0.0,0.0,0.0,1.0,0.0,0.0,0.11453745,0.7385333,0.8180876,0.12282975,0.71106505,0.8579943,0.1103913,0.7294636,0.79528373,0.08318217,0.7452708,0.79606116
0.0,0.0,0.0,0.0,0.0,1.0,0.0,0.0,0.11453745,0.7385333,0.8180876,0.12282975,0.71106505,0.8579943,0.1103913,0.7294636,0.79528373,0.08318217,0.7452708,0.79606116
0.0,0.0,0.0,0.0,0.0,1.0,0.0,0.0,0.11453745,0.7385333,0.8180876,0.12282975,0.71106505,0.8579943,0.1103913,0.7294636,0.79528373,0.08318217,0.7452708,0.79606116
0.0,0.0,0.0,0.0,0.0,1.0,0.0,0.0,0.11453745,0.7385333,0.8180876,0.12282975,0.71106505,0.8579943,0.1103913,0.7294636,0.79528373,0.08318217,0.7452708,0.79606116
0.0,0.0,0.0,0.0,0.0,1.0,0.0,0.0,0.11453745,0.7385333,0.8180876,0.12282975,0.71106505,0.8579943,0.1103913,0.7294636,0.79528373,0.08318217,0.7452708,0.79606116
0.0,0.0,0.0,0.0,0.0,1.0,0.0,0.0,0.11453745,0.7385333,0.8180876,0.12282975,0.71106505,0.8579943,0.1103913,0.7294636,0.79528373,0.08318217,0.7452708,0.79606116
0.0,0.0,0.0,0.0,1.0,0.0,0.0,0.0,0.12386629,0.5589531,0.72376263,0.12101581,0.57372373,0.7289453,0.14174657,0.54651463,0.7061415,0.1443379,0.52189684,0.7121016
0.0,0.0,0.0,0.0,1.0,0.0,0.0,0.0,0.12386629,0.5589531,0.72376263,0.12101581,0.57372373,0.7289453,0.14174657,0.54651463,0.7061415,0.1443379,0.52189684,0.7121016
0.0,0.0,0.0,0.0,1.0,0.0,0.0,0.0,0.12386629,0.5589531,0.72376263,0.12101581,0.57372373,0.7289453,0.14174657,0.54651463,0.7061415,0.1443379,0.52189684,0.7121016
0.0,0.0,0.0,0.0,1.0,0.0,0.0,0.0,0.12386629,0.5589531,0.72376263,0.12101581,0.57372373,0.7289453,0.14174657,0.54651463,0.7061415,0.1443379,0.52189684,0.7121016
0.0,0.0,0.0,0.0,1.0,0.0,0.0,0.0,0.12386629,0.5589531,0.72376263,0.12101581,0.57372373,0.7289453,0.14174657,0.54651463,0.7061415,0.1443379,0.52189684,0.7121016
0.0,0.0,0.0,0.0,1.0,0.0,0.0,0.0,0.12386629,0.5589531,0.72376263,0.12101581,0.57372373,0.7289453,0.14174657,0.54651463,0.7061415,0.1443379,0.52189684,0.7121016
0.0,0.0,0.0,0.0,1.0,0.0,0.0,0.0,0.12956725,0.5887536,0.78465927,0.1293081,0.5910858,0.7584866,0.12982638,0.58201605,0.7836227,0.13345426,0.5615444,0.788028
0.0,0.0,0.0,0.0,1.0,0.0,0.0,0.0,0.12956725,0.5887536,0.78465927,0.1293081,0.5910858,0.7584866,0.12982638,0.58201605,0.7836227,0.13345426,0.5615444,0.788028
0.0,0.0,0.0,0.0,1.0,0.0,0.0,0.0,0.12956725,0.5887536,0.78465927,0.1293081,0.5910858,0.7584866,0.12982638,0.58201605,0.7836227,0.13345426,0.5615444,0.788028
0.0,0.0,0.0,0.0,1.0,0.0,0.0,0.0,0.12956725,0.5887536,0.78465927,0.1293081,0.5910858,0.7584866,0.12982638,0.58201605,0.7836227,0.13345426,0.5615444,0.788028
0.0,0.0,0.0,0.0,1.0,0.0,0.0,0.0,0.12956725,0.5887536,0.78465927,0.1293081,0.5910858,0.7584866,0.12982638,0.58201605,0.7836227,0.13345426,0.5615444,0.788028
0.0,0.0,0.0,0.0,1.0,0.0,0.0,0.0,0.12956725,0.5887536,0.78465927,0.1293081,0.5910858,0.7584866,0.12982638,0.58201605,0.7836227,0.13345426,0.5615444,0.788028
0.0,0.0,0.0,0.0,1.0,0.0,0.0,0.0,0.13863695,0.552993,0.75900495,0.13578647,0.55869395,0.7463073,0.14174657,0.552993,0.75796837,0.12257061,0.54366416,0.7496761
0.0,0.0,0.0,0.0,1.0,0.0,0.0,0.0,0.13863695,0.552993,0.75900495,0.13578647,0.55869395,0.7463073,0.14174657,0.552993,0.75796837,0.12257061,0.54366416,0.7496761
0.0,0.0,0.0,0.0,1.0,0.0,0.0,0.0,0.13863695,0.552993,0.75900495,0.13578647,0.55869395,0.7463073,0.14174657,0.552993,0.75796837,0.12257061,0.54366416,0.7496761
0.0,0.0,0.0,0.0,1.0,0.0,0.0,0.0,0.13863695,0.552993,0.75900495,0.13578647,0.55869395,0.7463073,0.14174657,0.552993,0.75796837,0.12257061,0.54366416,0.7496761
0.0,0.0,0.0,0.0,1.0,0.0,0.0,0.0,0.13863695,0.552993,0.75900495,0.13578647,0.55869395,0.7463073,0.14174657,0.552993,0.75796837,0.12257061,0.54366416,0.7496761
0.0,0.0,0.0,0.0,1.0,0.0,0.0,0.0,0.13863695,0.552993,0.75900495,0.13578647,0.55869395,0.7463073,0.14174657,0.552993,0.75796837,0.12257061,0.54366416,0.7496761
1.0,0.0,0.0,0.0,0.0,0.0,0.0,0.0,0.1788028,0.60300595,0.7180617,0.18009847,0.5900492,0.7351645,0.20860326,0.54107285,0.7019953,0.21145375,0.50220263,0.71339726
1.0,0.0,0.0,0.0,0.0,0.0,0.0,0.0,0.1788028,0.60300595,0.7180617,0.18009847,0.5900492,0.7351645,0.20860326,0.54107285,0.7019953,0.21145375,0.50220263,0.71339726
1.0,0.0,0.0,0.0,0.0,0.0,0.0,0.0,0.1788028,0.60300595,0.7180617,0.18009847,0.5900492,0.7351645,0.20860326,0.54107285,0.7019953,0.21145375,0.50220263,0.71339726
1.0,0.0,0.0,0.0,0.0,0.0,0.0,0.0,0.1788028,0.60300595,0.7180617,0.18009847,0.5900492,0.7351645,0.20860326,0.54107285,0.7019953,0.21145375,0.50220263,0.71339726
1.0,0.0,0.0,0.0,0.0,0.0,0.0,0.0,0.1788028,0.60300595,0.7180617,0.18009847,0.5900492,0.7351645,0.20860326,0.54107285,0.7019953,0.21145375,0.50220263,0.71339726
1.0,0.0,0.0,0.0,0.0,0.0,0.0,0.0,0.1788028,0.60300595,0.7180617,0.18009847,0.5900492,0.7351645,0.20860326,0.54107285,0.7019953,0.21145375,0.50220263,0.71339726
0.0,1.0,0.0,0.0,0.0,0.0,0.0,0.0,0.22363307,0.39854884,0.7872506,0.22363307,0.39854884,0.7872506,0.22441047,0.42109355,0.79761595,0.1997927,0.4975382,0.8079814
0.0,1.0,0.0,0.0,0.0,0.0,0.0,0.0,0.22363307,0.39854884,0.7872506,0.22363307,0.39854884,0.7872506,0.22441047,0.42109355,0.79761595,0.1997927,0.4975382,0.8079814
0.0,1.0,0.0,0.0,0.0,0.0,0.0,0.0,0.22363307,0.39854884,0.7872506,0.22363307,0.39854884,0.7872506,0.22441047,0.42109355,0.79761595,0.1997927,0.4975382,0.8079814
0.0,1.0,0.0,0.0,0.0,0.0,0.0,0.0,0.22363307,0.39854884,0.7872506,0.22363307,0.39854884,0.7872506,0.22441047,0.42109355,0.79761595,0.1997927,0.4975382,0.8079814
0.0,1.0,0.0,0.0,0.0,0.0,0.0,0.0,0.22363307,0.39854884,0.7872506,0.22363307,0.39854884,0.7872506,0.22441047,0.42109355,0.79761595,0.1997927,0.4975382,0.8079814
0.0,1.0,0.0,0.0,0.0,0.0,0.0,0.0,0.22363307,0.39854884,0.7872506,0.22363307,0.39854884,0.7872506,0.22441047,0.42109355,0.79761595,0.1997927,0.4975382,0.8079814
0.0,0.0,0.0,1.0,0.0,0.0,0.0,0.0,0.132936,0.40658203,0.48432237,0.119461,0.41046903,0.54651463,0.11557398,0.40114018,0.48199016,0.1293081,0.40606374,0.5133454
0.0,0.0,0.0,1.0,0.0,0.0,0.0,0.0,0.132936,0.40658203,0.48432237,0.119461,0.41046903,0.54651463,0.11557398,0.40114018,0.48199016,0.1293081,0.40606374,0.5133454
0.0,0.0,0.0,1.0,0.0,0.0,0.0,0.0,0.132936,0.40658203,0.48432237,0.119461,0.41046903,0.54651463,0.11557398,0.40114018,0.48199016,0.1293081,0.40606374,0.5133454
0.0,0.0,0.0,1.0,0.0,0.0,0.0,0.0,0.132936,0.40658203,0.48432237,0.119461,0.41046903,0.54651463,0.11557398,0.40114018,0.48199016,0.1293081,0.40606374,0.5133454
0.0,0.0,0.0,1.0,0.0,0.0,0.0,0.0,0.132936,0.40658203,0.48432237,0.119461,0.41046903,0.54651463,0.11557398,0.40114018,0.48199016,0.1293081,0.40606374,0.5133454
0.0,0.0,0.0,1.0,0.0,0.0,0.0,0.0,0.132936,0.40658203,0.48432237,0.119461,0.41046903,0.54651463,0.11557398,0.40114018,0.48199016,0.1293081,0.40606374,0.5133454
0.0,0.0,0.0,0.0,0.0,0.0,1.0,0.0,0.12723504,0.32650945,0.6483545,0.12671676,0.32728687,0.6491319,0.12878984,0.30448303,0.64809537,0.13112205,0.2757191,0.66053385
0.0,0.0,0.0,0.0,0.0,0.0,1.0,0.0,0.12723504,0.32650945,0.6483545,0.12671676,0.32728687,0.6491319,0.12878984,0.30448303,0.64809537,0.13112205,0.2757191,0.66053385
0.0,0.0,0.0,0.0,0.0,0.0,1.0,0.0,0.12723504,0.32650945,0.6483545,0.12671676,0.32728687,0.6491319,0.12878984,0.30448303,0.64809537,0.13112205,0.2757191,0.66053385
0.0,0.0,0.0,0.0,0.0,0.0,1.0,0.0,0.12723504,0.32650945,0.6483545,0.12671676,0.32728687,0.6491319,0.12878984,0.30448303,0.64809537,0.13112205,0.2757191,0.66053385
0.0,0.0,0.0,0.0,0.0,0.0,1.0,0.0,0.12723504,0.32650945,0.6483545,0.12671676,0.32728687,0.6491319,0.12878984,0.30448303,0.64809537,0.13112205,0.2757191,0.66053385
0.0,0.0,0.0,0.0,0.0,0.0,1.0,0.0,0.12723504,0.32650945,0.6483545,0.12671676,0.32728687,0.6491319,0.12878984,0.30448303,0.64809537,0.13112205,0.2757191,0.66053385
0.0,0.0,0.0,1.0,0.0,0.0,0.0,0.0,0.13086292,0.40632287,0.47810313,0.13086292,0.40632287,0.47810313,0.13164032,0.41357866,0.47965795,0.1337134,0.45478103,0.50531226
0.0,0.0,0.0,1.0,0.0,0.0,0.0,0.0,0.13086292,0.40632287,0.47810313,0.13086292,0.40632287,0.47810313,0.13164032,0.41357866,0.47965795,0.1337134,0.45478103,0.50531226
0.0,0.0,0.0,1.0,0.0,0.0,0.0,0.0,0.13086292,0.40632287,0.47810313,0.13086292,0.40632287,0.47810313,0.13164032,0.41357866,0.47965795,0.1337134,0.45478103,0.50531226
0.0,0.0,0.0,1.0,0.0,0.0,0.0,0.0,0.13086292,0.40632287,0.47810313,0.13086292,0.40632287,0.47810313,0.13164032,0.41357866,0.47965795,0.1337134,0.45478103,0.50531226
0.0,0.0,0.0,1.0,0.0,0.0,0.0,0.0,0.13086292,0.40632287,0.47810313,0.13086292,0.40632287,0.47810313,0.13164032,0.41357866,0.47965795,0.1337134,0.45478103,0.50531226
0.0,0.0,0.0,1.0,0.0,0.0,0.0,0.0,0.13086292,0.40632287,0.47810313,0.13086292,0.40632287,0.47810313,0.13164032,0.41357866,0.47965795,0.1337134,0.45478103,0.50531226
0.0,1.0,0.0,0.0,0.0,0.0,0.0,0.0,0.25732055,0.43301374,0.712879,0.25835708,0.43301374,0.71469295,0.2404768,0.4267945,0.7058824,0.20989893,0.47136563,0.7408655
0.0,1.0,0.0,0.0,0.0,0.0,0.0,0.0,0.25732055,0.43301374,0.712879,0.25835708,0.43301374,0.71469295,0.2404768,0.4267945,0.7058824,0.20989893,0.47136563,0.7408655
0.0,1.0,0.0,0.0,0.0,0.0,0.0,0.0,0.25732055,0.43301374,0.712879,0.25835708,0.43301374,0.71469295,0.2404768,0.4267945,0.7058824,0.20989893,0.47136563,0.7408655
0.0,1.0,0.0,0.0,0.0,0.0,0.0,0.0,0.25732055,0.43301374,0.712879,0.25835708,0.43301374,0.71469295,0.2404768,0.4267945,0.7058824,0.20989893,0.47136563,0.7408655
0.0,1.0,0.0,0.0,0.0,0.0,0.0,0.0,0.25732055,0.43301374,0.712879,0.25835708,0.43301374,0.71469295,0.2404768,0.4267945,0.7058824,0.20989893,0.47136563,0.7408655
0.0,1.0,0.0,0.0,0.0,0.0,0.0,0.0,0.25732055,0.43301374,0.712879,0.25835708,0.43301374,0.71469295,0.2404768,0.4267945,0.7058824,0.20989893,0.47136563,0.7408655
0.0,0.0,0.0,1.0,0.0,0.0,0.0,0.0,0.15133454,0.38507384,0.4620368,0.1554807,0.38636953,0.46747863,0.14589272,0.385333,0.464369,0.12801243,0.40321326,0.4838041
0.0,0.0,0.0,1.0,0.0,0.0,0.0,0.0,0.15133454,0.38507384,0.4620368,0.1554807,0.38636953,0.46747863,0.14589272,0.385333,0.464369,0.12801243,0.40321326,0.4838041
0.0,0.0,0.0,1.0,0.0,0.0,0.0,0.0,0.15133454,0.38507384,0.4620368,0.1554807,0.38636953,0.46747863,0.14589272,0.385333,0.464369,0.12801243,0.40321326,0.4838041
0.0,0.0,0.0,1.0,0.0,0.0,0.0,0.0,0.15133454,0.38507384,0.4620368,0.1554807,0.38636953,0.46747863,0.14589272,0.385333,0.464369,0.12801243,0.40321326,0.4838041
0.0,0.0,0.0,1.0,0.0,0.0,0.0,0.0,0.15133454,0.38507384,0.4620368,0.1554807,0.38636953,0.46747863,0.14589272,0.385333,0.464369,0.12801243,0.40321326,0.4838041
0.0,0.0,0.0,1.0,0.0,0.0,0.0,0.0,0.15133454,0.38507384,0.4620368,0.1554807,0.38636953,0.46747863,0.14589272,0.385333,0.464369,0.12801243,0.40321326,0.4838041
0.0,0.0,1.0,0.0,0.0,0.0,0.0,0.0,0.21430422,0.30811092,0.6823011,0.2171547,0.31743976,0.6843742,0.21974605,0.35501426,0.69784915,0.208085,0.420057,0.7082146
0.0,0.0,1.0,0.0,0.0,0.0,0.0,0.0,0.21430422,0.30811092,0.6823011,0.2171547,0.31743976,0.6843742,0.21974605,0.35501426,0.69784915,0.208085,0.420057,0.7082146
0.0,0.0,1.0,0.0,0.0,0.0,0.0,0.0,0.21430422,0.30811092,0.6823011,0.2171547,0.31743976,0.6843742,0.21974605,0.35501426,0.69784915,0.208085,0.420057,0.7082146
0.0,0.0,1.0,0.0,0.0,0.0,0.0,0.0,0.21430422,0.30811092,0.6823011,0.2171547,0.31743976,0.6843742,0.21974605,0.35501426,0.69784915,0.208085,0.420057,0.7082146
0.0,0.0,1.0,0.0,0.0,0.0,0.0,0.0,0.21430422,0.30811092,0.6823011,0.2171547,0.31743976,0.6843742,0.21974605,0.35501426,0.69784915,0.208085,0.420057,0.7082146
0.0,0.0,1.0,0.0,0.0,0.0,0.0,0.0,0.21430422,0.30811092,0.6823011,0.2171547,0.31743976,0.6843742,0.21974605,0.35501426,0.69784915,0.208085,0.420057,0.7082146
0.0,0.0,0.0,0.0,0.0,0.0,1.0,0.0,0.13034464,0.27675563,0.7281679,0.132936,0.2907489,0.74112463,0.13060379,0.27856958,0.7258357,0.1261985,0.2915263,0.7424203
0.0,0.0,0.0,0.0,0.0,0.0,1.0,0.0,0.13034464,0.27675563,0.7281679,0.132936,0.2907489,0.74112463,0.13060379,0.27856958,0.7258357,0.1261985,0.2915263,0.7424203
0.0,0.0,0.0,0.0,0.0,0.0,1.0,0.0,0.13034464,0.27675563,0.7281679,0.132936,0.2907489,0.74112463,0.13060379,0.27856958,0.7258357,0.1261985,0.2915263,0.7424203
0.0,0.0,0.0,0.0,0.0,0.0,1.0,0.0,0.13034464,0.27675563,0.7281679,0.132936,0.2907489,0.74112463,0.13060379,0.27856958,0.7258357,0.1261985,0.2915263,0.7424203
0.0,0.0,0.0,0.0,0.0,0.0,1.0,0.0,0.13034464,0.27675563,0.7281679,0.132936,0.2907489,0.74112463,0.13060379,0.27856958,0.7258357,0.1261985,0.2915263,0.7424203
0.0,0.0,0.0,0.0,0.0,0.0,1.0,0.0,0.13034464,0.27675563,0.7281679,0.132936,0.2907489,0.74112463,0.13060379,0.27856958,0.7258357,0.1261985,0.2915263,0.7424203
0.0,0.0,0.0,0.0,1.0,0.0,0.0,0.0,0.13863695,0.6167401,0.75926405,0.13863695,0.6167401,0.75926405,0.14407878,0.579943,0.7286862,0.14407878,0.5470329,0.7698886
0.0,0.0,0.0,0.0,1.0,0.0,0.0,0.0,0.13863695,0.6167401,0.75926405,0.13863695,0.6167401,0.75926405,0.14407878,0.579943,0.7286862,0.14407878,0.5470329,0.7698886
0.0,0.0,0.0,0.0,1.0,0.0,0.0,0.0,0.13863695,0.6167401,0.75926405,0.13863695,0.6167401,0.75926405,0.14407878,0.579943,0.7286862,0.14407878,0.5470329,0.7698886
0.0,0.0,0.0,0.0,1.0,0.0,0.0,0.0,0.13863695,0.6167401,0.75926405,0.13863695,0.6167401,0.75926405,0.14407878,0.579943,0.7286862,0.14407878,0.5470329,0.7698886
0.0,0.0,0.0,0.0,1.0,0.0,0.0,0.0,0.13863695,0.6167401,0.75926405,0.13863695,0.6167401,0.75926405,0.14407878,0.579943,0.7286862,0.14407878,0.5470329,0.7698886
0.0,0.0,0.0,0.0,1.0,0.0,0.0,0.0,0.13863695,0.6167401,0.75926405,0.13863695,0.6167401,0.75926405,0.14407878,0.579943,0.7286862,0.14407878,0.5470329,0.7698886
1.0,0.0,0.0,0.0,0.0,0.0,0.0,0.0,0.14304224,0.5770925,0.7717025,0.14744753,0.5711324,0.77844,0.16947396,0.5364084,0.7369785,0.19849703,0.45244882,0.7279088
1.0,0.0,0.0,0.0,0.0,0.0,0.0,0.0,0.14304224,0.5770925,0.7717025,0.14744753,0.5711324,0.77844,0.16947396,0.5364084,0.7369785,0.19849703,0.45244882,0.7279088
1.0,0.0,0.0,0.0,0.0,0.0,0.0,0.0,0.14304224,0.5770925,0.7717025,0.14744753,0.5711324,0.77844,0.16947396,0.5364084,0.7369785,0.19849703,0.45244882,0.7279088
1.0,0.0,0.0,0.0,0.0,0.0,0.0,0.0,0.14304224,0.5770925,0.7717025,0.14744753,0.5711324,0.77844,0.16947396,0.5364084,0.7369785,0.19849703,0.45244882,0.7279088
1.0,0.0,0.0,0.0,0.0,0.0,0.0,0.0,0.14304224,0.5770925,0.7717025,0.14744753,0.5711324,0.77844,0.16947396,0.5364084,0.7369785,0.19849703,0.45244882,0.7279088
1.0,0.0,0.0,0.0,0.0,0.0,0.0,0.0,0.14304224,0.5770925,0.7717025,0.14744753,0.5711324,0.77844,0.16947396,0.5364084,0.7369785,0.19849703,0.45244882,0.7279088
1.0,0.0,0.0,0.0,0.0,0.0,0.0,0.0,0.16066338,0.6001555,0.73827416,0.15599896,0.61622185,0.7595232,0.1780254,0.5084219,0.71236074,0.18372636,0.45970458,0.7305001
1.0,0.0,0.0,0.0,0.0,0.0,0.0,0.0,0.16066338,0.6001555,0.73827416,0.15599896,0.61622185,0.7595232,0.1780254,0.5084219,0.71236074,0.18372636,0.45970458,0.7305001
1.0,0.0,0.0,0.0,0.0,0.0,0.0,0.0,0.16066338,0.6001555,0.73827416,0.15599896,0.61622185,0.7595232,0.1780254,0.5084219,0.71236074,0.18372636,0.45970458,0.7305001
1.0,0.0,0.0,0.0,0.0,0.0,0.0,0.0,0.16066338,0.6001555,0.73827416,0.15599896,0.61622185,0.7595232,0.1780254,0.5084219,0.71236074,0.18372636,0.45970458,0.7305001
1.0,0.0,0.0,0.0,0.0,0.0,0.0,0.0,0.16066338,0.6001555,0.73827416,0.15599896,0.61622185,0.7595232,0.1780254,0.5084219,0.71236074,0.18372636,0.45970458,0.7305001
1.0,0.0,0.0,0.0,0.0,0.0,0.0,0.0,0.16066338,0.6001555,0.73827416,0.15599896,0.61622185,0.7595232,0.1780254,0.5084219,0.71236074,0.18372636,0.45970458,0.7305001
1.0,0.0,0.0,0.0,0.0,0.0,0.0,0.0,0.18294895,0.6219228,0.7574501,0.18761337,0.60300595,0.75900495,0.19538741,0.5814978,0.7618554,0.18061674,0.54003626,0.79735684
1.0,0.0,0.0,0.0,0.0,0.0,0.0,0.0,0.18294895,0.6219228,0.7574501,0.18761337,0.60300595,0.75900495,0.19538741,0.5814978,0.7618554,0.18061674,0.54003626,0.79735684
1.0,0.0,0.0,0.0,0.0,0.0,0.0,0.0,0.18294895,0.6219228,0.7574501,0.18761337,0.60300595,0.75900495,0.19538741,0.5814978,0.7618554,0.18061674,0.54003626,0.79735684
1.0,0.0,0.0,0.0,0.0,0.0,0.0,0.0,0.18294895,0.6219228,0.7574501,0.18761337,0.60300595,0.75900495,0.19538741,0.5814978,0.7618554,0.18061674,0.54003626,0.79735684
1.0,0.0,0.0,0.0,0.0,0.0,0.0,0.0,0.18294895,0.6219228,0.7574501,0.18761337,0.60300595,0.75900495,0.19538741,0.5814978,0.7618554,0.18061674,0.54003626,0.79735684
1.0,0.0,0.0,0.0,0.0,0.0,0.0,0.0,0.18294895,0.6219228,0.7574501,0.18761337,0.60300595,0.75900495,0.19538741,0.5814978,0.7618554,0.18061674,0.54003626,0.79735684
1.0,0.0,0.0,0.0,0.0,0.0,0.0,0.0,0.19331433,0.6144079,0.7732573,0.19331433,0.61803573,0.7729982,0.20445712,0.5711324,0.7771443,0.20912154,0.5037575,0.75537705
1.0,0.0,0.0,0.0,0.0,0.0,0.0,0.0,0.19331433,0.6144079,0.7732573,0.19331433,0.61803573,0.7729982,0.20445712,0.5711324,0.7771443,0.20912154,0.5037575,0.75537705
1.0,0.0,0.0,0.0,0.0,0.0,0.0,0.0,0.19331433,0.6144079,0.7732573,0.19331433,0.61803573,0.7729982,0.20445712,0.5711324,0.7771443,0.20912154,0.5037575,0.75537705
1.0,0.0,0.0,0.0,0.0,0.0,0.0,0.0,0.19331433,0.6144079,0.7732573,0.19331433,0.61803573,0.7729982,0.20445712,0.5711324,0.7771443,0.20912154,0.5037575,0.75537705
1.0,0.0,0.0,0.0,0.0,0.0,0.0,0.0,0.19331433,0.6144079,0.7732573,0.19331433,0.61803573,0.7729982,0.20445712,0.5711324,0.7771443,0.20912154,0.5037575,0.75537705
1.0,0.0,0.0,0.0,0.0,0.0,0.0,0.0,0.19331433,0.6144079,0.7732573,0.19331433,0.61803573,0.7729982,0.20445712,0.5711324,0.7771443,0.20912154,0.5037575,0.75537705
0.0,1.0,0.0,0.0,0.0,0.0,0.0,0.0,0.23658979,0.37211713,0.6708992,0.23658979,0.37211713,0.6708992,0.24902825,0.3876652,0.6799689,0.23451671,0.4138378,0.6747862
0.0,1.0,0.0,0.0,0.0,0.0,0.0,0.0,0.23658979,0.37211713,0.6708992,0.23658979,0.37211713,0.6708992,0.24902825,0.3876652,0.6799689,0.23451671,0.4138378,0.6747862
0.0,1.0,0.0,0.0,0.0,0.0,0.0,0.0,0.23658979,0.37211713,0.6708992,0.23658979,0.37211713,0.6708992,0.24902825,0.3876652,0.6799689,0.23451671,0.4138378,0.6747862
0.0,1.0,0.0,0.0,0.0,0.0,0.0,0.0,0.23658979,0.37211713,0.6708992,0.23658979,0.37211713,0.6708992,0.24902825,0.3876652,0.6799689,0.23451671,0.4138378,0.6747862
0.0,1.0,0.0,0.0,0.0,0.0,0.0,0.0,0.23658979,0.37211713,0.6708992,0.23658979,0.37211713,0.6708992,0.24902825,0.3876652,0.6799689,0.23451671,0.4138378,0.6747862
0.0,1.0,0.0,0.0,0.0,0.0,0.0,0.0,0.23658979,0.37211713,0.6708992,0.23658979,0.37211713,0.6708992,0.24902825,0.3876652,0.6799689,0.23451671,0.4138378,0.6747862
0.0,0.0,0.0,1.0,0.0,0.0,0.0,0.0,0.13760042,0.43741903,0.5107541,0.14330137,0.43612334,0.5037575,0.13241772,0.43819642,0.52163774,0.13138118,0.45581758,0.52993006
0.0,0.0,0.0,1.0,0.0,0.0,0.0,0.0,0.13760042,0.43741903,0.5107541,0.14330137,0.43612334,0.5037575,0.13241772,0.43819642,0.52163774,0.13138118,0.45581758,0.52993006
0.0,0.0,0.0,1.0,0.0,0.0,0.0,0.0,0.13760042,0.43741903,0.5107541,0.14330137,0.43612334,0.5037575,0.13241772,0.43819642,0.52163774,0.13138118,0.45581758,0.52993006
0.0,0.0,0.0,1.0,0.0,0.0,0.0,0.0,0.13760042,0.43741903,0.5107541,0.14330137,0.43612334,0.5037575,0.13241772,0.43819642,0.52163774,0.13138118,0.45581758,0.52993006
0.0,0.0,0.0,1.0,0.0,0.0,0.0,0.0,0.13760042,0.43741903,0.5107541,0.14330137,0.43612334,0.5037575,0.13241772,0.43819642,0.52163774,0.13138118,0.45581758,0.52993006
0.0,0.0,0.0,1.0,0.0,0.0,0.0,0.0,0.13760042,0.43741903,0.5107541,0.14330137,0.43612334,0.5037575,0.13241772,0.43819642,0.52163774,0.13138118,0.45581758,0.52993006
0.0,0.0,0.0,1.0,0.0,0.0,0.0,0.0,0.16040425,0.4446748,0.5540295,0.16066338,0.44415653,0.5540295,0.1585903,0.46100026,0.54858774,0.14900233,0.48276755,0.5638766
0.0,0.0,0.0,1.0,0.0,0.0,0.0,0.0,0.16040425,0.4446748,0.5540295,0.16066338,0.44415653,0.5540295,0.1585903,0.46100026,0.54858774,0.14900233,0.48276755,0.5638766
0.0,0.0,0.0,1.0,0.0,0.0,0.0,0.0,0.16040425,0.4446748,0.5540295,0.16066338,0.44415653,0.5540295,0.1585903,0.46100026,0.54858774,0.14900233,0.48276755,0.5638766
0.0,0.0,0.0,1.0,0.0,0.0,0.0,0.0,0.16040425,0.4446748,0.5540295,0.16066338,0.44415653,0.5540295,0.1585903,0.46100026,0.54858774,0.14900233,0.48276755,0.5638766
0.0,0.0,0.0,1.0,0.0,0.0,0.0,0.0,0.16040425,0.4446748,0.5540295,0.16066338,0.44415653,0.5540295,0.1585903,0.46100026,0.54858774,0.14900233,0.48276755,0.5638766
0.0,0.0,0.0,1.0,0.0,0.0,0.0,0.0,0.16040425,0.4446748,0.5540295,0.16066338,0.44415653,0.5540295,0.1585903,0.46100026,0.54858774,0.14900233,0.48276755,0.5638766
1.0,0.0,0.0,0.0,0.0,0.0,0.0,0.0,0.1803576,0.6341021,0.8090179,0.18139414,0.6364343,0.81264573,0.19357346,0.60741127,0.7807722,0.25447008,0.52526563,0.73335063
1.0,0.0,0.0,0.0,0.0,0.0,0.0,0.0,0.1803576,0.6341021,0.8090179,0.18139414,0.6364343,0.81264573,0.19357346,0.60741127,0.7807722,0.25447008,0.52526563,0.73335063
1.0,0.0,0.0,0.0,0.0,0.0,0.0,0.0,0.1803576,0.6341021,0.8090179,0.18139414,0.6364343,0.81264573,0.19357346,0.60741127,0.7807722,0.25447008,0.52526563,0.73335063
1.0,0.0,0.0,0.0,0.0,0.0,0.0,0.0,0.1803576,0.6341021,0.8090179,0.18139414,0.6364343,0.81264573,0.19357346,0.60741127,0.7807722,0.25447008,0.52526563,0.73335063
1.0,0.0,0.0,0.0,0.0,0.0,0.0,0.0,0.1803576,0.6341021,0.8090179,0.18139414,0.6364343,0.81264573,0.19357346,0.60741127,0.7807722,0.25447008,0.52526563,0.73335063
1.0,0.0,0.0,0.0,0.0,0.0,0.0,0.0,0.1803576,0.6341021,0.8090179,0.18139414,0.6364343,0.81264573,0.19357346,0.60741127,0.7807722,0.25447008,0.52526563,0.73335063
0.0,0.0,0.0,0.0,0.0,1.0,0.0,0.0,0.11712879,0.71365637,0.9098212,0.12490282,0.7385333,0.9256284,0.11738792,0.7139155,0.9173361,0.12075667,0.7219487,0.8719876
0.0,0.0,0.0,0.0,0.0,1.0,0.0,0.0,0.11712879,0.71365637,0.9098212,0.12490282,0.7385333,0.9256284,0.11738792,0.7139155,0.9173361,0.12075667,0.7219487,0.8719876
0.0,0.0,0.0,0.0,0.0,1.0,0.0,0.0,0.11712879,0.71365637,0.9098212,0.12490282,0.7385333,0.9256284,0.11738792,0.7139155,0.9173361,0.12075667,0.7219487,0.8719876
0.0,0.0,0.0,0.0,0.0,1.0,0.0,0.0,0.11712879,0.71365637,0.9098212,0.12490282,0.7385333,0.9256284,0.11738792,0.7139155,0.9173361,0.12075667,0.7219487,0.8719876
0.0,0.0,0.0,0.0,0.0,1.0,0.0,0.0,0.11712879,0.71365637,0.9098212,0.12490282,0.7385333,0.9256284,0.11738792,0.7139155,0.9173361,0.12075667,0.7219487,0.8719876
0.0,0.0,0.0,0.0,0.0,1.0,0.0,0.0,0.11712879,0.71365637,0.9098212,0.12490282,0.7385333,0.9256284,0.11738792,0.7139155,0.9173361,0.12075667,0.7219487,0.8719876
0.0,0.0,1.0,0.0,0.0,0.0,0.0,0.0,0.21015806,0.32495466,0.7317958,0.2013475,0.30240995,0.7175434,0.21015806,0.32495466,0.7317958,0.20860326,0.41953874,0.73749673
0.0,0.0,1.0,0.0,0.0,0.0,0.0,0.0,0.21015806,0.32495466,0.7317958,0.2013475,0.30240995,0.7175434,0.21015806,0.32495466,0.7317958,0.20860326,0.41953874,0.73749673
0.0,0.0,1.0,0.0,0.0,0.0,0.0,0.0,0.21015806,0.32495466,0.7317958,0.2013475,0.30240995,0.7175434,0.21015806,0.32495466,0.7317958,0.20860326,0.41953874,0.73749673
0.0,0.0,1.0,0.0,0.0,0.0,0.0,0.0,0.21015806,0.32495466,0.7317958,0.2013475,0.30240995,0.7175434,0.21015806,0.32495466,0.7317958,0.20860326,0.41953874,0.73749673
0.0,0.0,1.0,0.0,0.0,0.0,0.0,0.0,0.21015806,0.32495466,0.7317958,0.2013475,0.30240995,0.7175434,0.21015806,0.32495466,0.7317958,0.20860326,0.41953874,0.73749673
0.0,0.0,1.0,0.0,0.0,0.0,0.0,0.0,0.21015806,0.32495466,0.7317958,0.2013475,0.30240995,0.7175434,0.21015806,0.32495466,0.7317958,0.20860326,0.41953874,0.73749673
0.0,0.0,0.0,0.0,1.0,0.0,0.0,0.0,0.12593937,0.58383,0.83234,0.11505572,0.624255,0.8294895,0.12386629,0.59549105,0.8333765,0.12516196,0.5957502,0.8235294
0.0,0.0,0.0,0.0,1.0,0.0,0.0,0.0,0.12593937,0.58383,0.83234,0.11505572,0.624255,0.8294895,0.12386629,0.59549105,0.8333765,0.12516196,0.5957502,0.8235294
0.0,0.0,0.0,0.0,1.0,0.0,0.0,0.0,0.12593937,0.58383,0.83234,0.11505572,0.624255,0.8294895,0.12386629,0.59549105,0.8333765,0.12516196,0.5957502,0.8235294
0.0,0.0,0.0,0.0,1.0,0.0,0.0,0.0,0.12593937,0.58383,0.83234,0.11505572,0.624255,0.8294895,0.12386629,0.59549105,0.8333765,0.12516196,0.5957502,0.8235294
0.0,0.0,0.0,0.0,1.0,0.0,0.0,0.0,0.12593937,0.58383,0.83234,0.11505572,0.624255,0.8294895,0.12386629,0.59549105,0.8333765,0.12516196,0.5957502,0.8235294
0.0,0.0,0.0,0.0,1.0,0.0,0.0,0.0,0.12593937,0.58383,0.83234,0.11505572,0.624255,0.8294895,0.12386629,0.59549105,0.8333765,0.12516196,0.5957502,0.8235294
0.0,0.0,0.0,1.0,0.0,0.0,0.0,0.0,0.12801243,0.3848147,0.48276755,0.13034464,0.38066858,0.495206,0.12853071,0.39621663,0.50220263,0.1293081,0.43534595,0.51567763
0.0,0.0,0.0,1.0,0.0,0.0,0.0,0.0,0.12801243,0.3848147,0.48276755,0.13034464,0.38066858,0.495206,0.12853071,0.39621663,0.50220263,0.1293081,0.43534595,0.51567763
0.0,0.0,0.0,1.0,0.0,0.0,0.0,0.0,0.12801243,0.3848147,0.48276755,0.13034464,0.38066858,0.495206,0.12853071,0.39621663,0.50220263,0.1293081,0.43534595,0.51567763
0.0,0.0,0.0,1.0,0.0,0.0,0.0,0.0,0.12801243,0.3848147,0.48276755,0.13034464,0.38066858,0.495206,0.12853071,0.39621663,0.50220263,0.1293081,0.43534595,0.51567763
0.0,0.0,0.0,1.0,0.0,0.0,0.0,0.0,0.12801243,0.3848147,0.48276755,0.13034464,0.38066858,0.495206,0.12853071,0.39621663,0.50220263,0.1293081,0.43534595,0.51567763
0.0,0.0,0.0,1.0,0.0,0.0,0.0,0.0,0.12801243,0.3848147,0.48276755,0.13034464,0.38066858,0.495206,0.12853071,0.39621663,0.50220263,0.1293081,0.43534595,0.51567763
0.0,1.0,0.0,0.0,0.0,0.0,0.0,0.0,0.21197201,0.35009068,0.7600415,0.21819124,0.34205753,0.76055974,0.238922,0.35864213,0.7698886,0.21093547,0.41072816,0.74423426
0.0,1.0,0.0,0.0,0.0,0.0,0.0,0.0,0.21197201,0.35009068,0.7600415,0.21819124,0.34205753,0.76055974,0.238922,0.35864213,0.7698886,0.21093547,0.41072816,0.74423426
0.0,1.0,0.0,0.0,0.0,0.0,0.0,0.0,0.21197201,0.35009068,0.7600415,0.21819124,0.34205753,0.76055974,0.238922,0.35864213,0.7698886,0.21093547,0.41072816,0.74423426
0.0,1.0,0.0,0.0,0.0,0.0,0.0,0.0,0.21197201,0.35009068,0.7600415,0.21819124,0.34205753,0.76055974,0.238922,0.35864213,0.7698886,0.21093547,0.41072816,0.74423426
0.0,1.0,0.0,0.0,0.0,0.0,0.0,0.0,0.21197201,0.35009068,0.7600415,0.21819124,0.34205753,0.76055974,0.238922,0.35864213,0.7698886,0.21093547,0.41072816,0.74423426
0.0,1.0,0.0,0.0,0.0,0.0,0.0,0.0,0.21197201,0.35009068,0.7600415,0.21819124,0.34205753,0.76055974,0.238922,0.35864213,0.7698886,0.21093547,0.41072816,0.74423426
0.0,0.0,0.0,1.0,0.0,0.0,0.0,0.0,0.12956725,0.3734128,0.49598342,0.1277533,0.37729982,0.49598342,0.11635139,0.41357866,0.51775074,0.11376004,0.4389738,0.5358901
0.0,0.0,0.0,1.0,0.0,0.0,0.0,0.0,0.12956725,0.3734128,0.49598342,0.1277533,0.37729982,0.49598342,0.11635139,0.41357866,0.51775074,0.11376004,0.4389738,0.5358901
0.0,0.0,0.0,1.0,0.0,0.0,0.0,0.0,0.12956725,0.3734128,0.49598342,0.1277533,0.37729982,0.49598342,0.11635139,0.41357866,0.51775074,0.11376004,0.4389738,0.5358901
0.0,0.0,0.0,1.0,0.0,0.0,0.0,0.0,0.12956725,0.3734128,0.49598342,0.1277533,0.37729982,0.49598342,0.11635139,0.41357866,0.51775074,0.11376004,0.4389738,0.5358901
0.0,0.0,0.0,1.0,0.0,0.0,0.0,0.0,0.12956725,0.3734128,0.49598342,0.1277533,0.37729982,0.49598342,0.11635139,0.41357866,0.51775074,0.11376004,0.4389738,0.5358901
0.0,0.0,0.0,1.0,0.0,0.0,0.0,0.0,0.12956725,0.3734128,0.49598342,0.1277533,0.37729982,0.49598342,0.11635139,0.41357866,0.51775074,0.11376004,0.4389738,0.5358901
0.0,0.0,0.0,1.0,0.0,0.0,0.0,0.0,0.12723504,0.39025655,0.44752526,0.12516196,0.3928479,0.45063487,0.119461,0.38973826,0.44648874,0.11505572,0.39258876,0.46696034
0.0,0.0,0.0,1.0,0.0,0.0,0.0,0.0,0.12723504,0.39025655,0.44752526,0.12516196,0.3928479,0.45063487,0.119461,0.38973826,0.44648874,0.11505572,0.39258876,0.46696034
0.0,0.0,0.0,1.0,0.0,0.0,0.0,0.0,0.12723504,0.39025655,0.44752526,0.12516196,0.3928479,0.45063487,0.119461,0.38973826,0.44648874,0.11505572,0.39258876,0.46696034
0.0,0.0,0.0,1.0,0.0,0.0,0.0,0.0,0.12723504,0.39025655,0.44752526,0.12516196,0.3928479,0.45063487,0.119461,0.38973826,0.44648874,0.11505572,0.39258876,0.46696034
0.0,0.0,0.0,1.0,0.0,0.0,0.0,0.0,0.12723504,0.39025655,0.44752526,0.12516196,0.3928479,0.45063487,0.119461,0.38973826,0.44648874,0.11505572,0.39258876,0.46696034
0.0,0.0,0.0,1.0,0.0,0.0,0.0,0.0,0.12723504,0.39025655,0.44752526,0.12516196,0.3928479,0.45063487,0.119461,0.38973826,0.44648874,0.11505572,0.39258876,0.46696034
0.0,0.0,1.0,0.0,0.0,0.0,0.0,0.0,0.19175953,0.26872247,0.70899194,0.19227779,0.26794505,0.7022545,0.22726095,0.30629697,0.71883905,0.24021767,0.4133195,0.75667274
0.0,0.0,1.0,0.0,0.0,0.0,0.0,0.0,0.19175953,0.26872247,0.70899194,0.19227779,0.26794505,0.7022545,0.22726095,0.30629697,0.71883905,0.24021767,0.4133195,0.75667274
0.0,0.0,1.0,0.0,0.0,0.0,0.0,0.0,0.19175953,0.26872247,0.70899194,0.19227779,0.26794505,0.7022545,0.22726095,0.30629697,0.71883905,0.24021767,0.4133195,0.75667274
0.0,0.0,1.0,0.0,0.0,0.0,0.0,0.0,0.19175953,0.26872247,0.70899194,0.19227779,0.26794505,0.7022545,0.22726095,0.30629697,0.71883905,0.24021767,0.4133195,0.75667274
0.0,0.0,1.0,0.0,0.0,0.0,0.0,0.0,0.19175953,0.26872247,0.70899194,0.19227779,0.26794505,0.7022545,0.22726095,0.30629697,0.71883905,0.24021767,0.4133195,0.75667274
0.0,0.0,1.0,0.0,0.0,0.0,0.0,0.0,0.19175953,0.26872247,0.70899194,0.19227779,0.26794505,0.7022545,0.22726095,0.30629697,0.71883905,0.24021767,0.4133195,0.75667274
0.0,0.0,0.0,0.0,0.0,0.0,1.0,0.0,0.11531485,0.22829749,0.668567,0.11453745,0.2306297,0.6846333,0.097175434,0.24306816,0.67193574,0.08214563,0.24747343,0.6467997
0.0,0.0,0.0,0.0,0.0,0.0,1.0,0.0,0.11531485,0.22829749,0.668567,0.11453745,0.2306297,0.6846333,0.097175434,0.24306816,0.67193574,0.08214563,0.24747343,0.6467997
0.0,0.0,0.0,0.0,0.0,0.0,1.0,0.0,0.11531485,0.22829749,0.668567,0.11453745,0.2306297,0.6846333,0.097175434,0.24306816,0.67193574,0.08214563,0.24747343,0.6467997
0.0,0.0,0.0,0.0,0.0,0.0,1.0,0.0,0.11531485,0.22829749,0.668567,0.11453745,0.2306297,0.6846333,0.097175434,0.24306816,0.67193574,0.08214563,0.24747343,0.6467997
0.0,0.0,0.0,0.0,0.0,0.0,1.0,0.0,0.11531485,0.22829749,0.668567,0.11453745,0.2306297,0.6846333,0.097175434,0.24306816,0.67193574,0.08214563,0.24747343,0.6467997
0.0,0.0,0.0,0.0,0.0,0.0,1.0,0.0,0.11531485,0.22829749,0.668567,0.11453745,0.2306297,0.6846333,0.097175434,0.24306816,0.67193574,0.08214563,0.24747343,0.6467997
0.0,0.0,0.0,0.0,0.0,0.0,1.0,0.0,0.11790619,0.25757968,0.6768593,0.11738792,0.25654316,0.67660016,0.11557398,0.25835708,0.6934439,0.105208606,0.2757191,0.6869655
0.0,0.0,0.0,0.0,0.0,0.0,1.0,0.0,0.11790619,0.25757968,0.6768593,0.11738792,0.25654316,0.67660016,0.11557398,0.25835708,0.6934439,0.105208606,0.2757191,0.6869655
0.0,0.0,0.0,0.0,0.0,0.0,1.0,0.0,0.11790619,0.25757968,0.6768593,0.11738792,0.25654316,0.67660016,0.11557398,0.25835708,0.6934439,0.105208606,0.2757191,0.6869655
0.0,0.0,0.0,0.0,0.0,0.0,1.0,0.0,0.11790619,0.25757968,0.6768593,0.11738792,0.25654316,0.67660016,0.11557398,0.25835708,0.6934439,0.105208606,0.2757191,0.6869655
0.0,0.0,0.0,0.0,0.0,0.0,1.0,0.0,0.11790619,0.25757968,0.6768593,0.11738792,0.25654316,0.67660016,0.11557398,0.25835708,0.6934439,0.105208606,0.2757191,0.6869655
0.0,0.0,0.0,0.0,0.0,0.0,1.0,0.0,0.11790619,0.25757968,0.6768593,0.11738792,0.25654316,0.67660016,0.11557398,0.25835708,0.6934439,0.105208606,0.2757191,0.6869655
0.0,0.0,1.0,0.0,0.0,0.0,0.0,0.0,0.20005183,0.27235034,0.743716,0.19849703,0.27286863,0.76081884,0.20419797,0.2764965,0.7079554,0.21845038,0.36667532,0.6791915
0.0,0.0,1.0,0.0,0.0,0.0,0.0,0.0,0.20005183,0.27235034,0.743716,0.19849703,0.27286863,0.76081884,0.20419797,0.2764965,0.7079554,0.21845038,0.36667532,0.6791915
0.0,0.0,1.0,0.0,0.0,0.0,0.0,0.0,0.20005183,0.27235034,0.743716,0.19849703,0.27286863,0.76081884,0.20419797,0.2764965,0.7079554,0.21845038,0.36667532,0.6791915
0.0,0.0,1.0,0.0,0.0,0.0,0.0,0.0,0.20005183,0.27235034,0.743716,0.19849703,0.27286863,0.76081884,0.20419797,0.2764965,0.7079554,0.21845038,0.36667532,0.6791915
0.0,0.0,1.0,0.0,0.0,0.0,0.0,0.0,0.20005183,0.27235034,0.743716,0.19849703,0.27286863,0.76081884,0.20419797,0.2764965,0.7079554,0.21845038,0.36667532,0.6791915
0.0,0.0,1.0,0.0,0.0,0.0,0.0,0.0,0.20005183,0.27235034,0.743716,0.19849703,0.27286863,0.76081884,0.20419797,0.2764965,0.7079554,0.21845038,0.36667532,0.6791915
0.0,1.0,0.0,0.0,0.0,0.0,0.0,0.0,0.24332729,0.3195128,0.66442084,0.23840374,0.30862918,0.6918891,0.24410468,0.32054937,0.6633843,0.2290749,0.3824825,0.70510495
0.0,1.0,0.0,0.0,0.0,0.0,0.0,0.0,0.24332729,0.3195128,0.66442084,0.23840374,0.30862918,0.6918891,0.24410468,0.32054937,0.6633843,0.2290749,0.3824825,0.70510495
0.0,1.0,0.0,0.0,0.0,0.0,0.0,0.0,0.24332729,0.3195128,0.66442084,0.23840374,0.30862918,0.6918891,0.24410468,0.32054937,0.6633843,0.2290749,0.3824825,0.70510495
0.0,1.0,0.0,0.0,0.0,0.0,0.0,0.0,0.24332729,0.3195128,0.66442084,0.23840374,0.30862918,0.6918891,0.24410468,0.32054937,0.6633843,0.2290749,0.3824825,0.70510495
0.0,1.0,0.0,0.0,0.0,0.0,0.0,0.0,0.24332729,0.3195128,0.66442084,0.23840374,0.30862918,0.6918891,0.24410468,0.32054937,0.6633843,0.2290749,0.3824825,0.70510495
0.0,1.0,0.0,0.0,0.0,0.0,0.0,0.0,0.24332729,0.3195128,0.66442084,0.23840374,0.30862918,0.6918891,0.24410468,0.32054937,0.6633843,0.2290749,0.3824825,0.70510495
0.0,0.0,0.0,1.0,0.0,0.0,0.0,0.0,0.13164032,0.4371599,0.4957243,0.13630474,0.4394921,0.48795024,0.11920187,0.43923298,0.50816274,0.11401918,0.4545219,0.5112724
0.0,0.0,0.0,1.0,0.0,0.0,0.0,0.0,0.13164032,0.4371599,0.4957243,0.13630474,0.4394921,0.48795024,0.11920187,0.43923298,0.50816274,0.11401918,0.4545219,0.5112724
0.0,0.0,0.0,1.0,0.0,0.0,0.0,0.0,0.13164032,0.4371599,0.4957243,0.13630474,0.4394921,0.48795024,0.11920187,0.43923298,0.50816274,0.11401918,0.4545219,0.5112724
0.0,0.0,0.0,1.0,0.0,0.0,0.0,0.0,0.13164032,0.4371599,0.4957243,0.13630474,0.4394921,0.48795024,0.11920187,0.43923298,0.50816274,0.11401918,0.4545219,0.5112724
0.0,0.0,0.0,1.0,0.0,0.0,0.0,0.0,0.13164032,0.4371599,0.4957243,0.13630474,0.4394921,0.48795024,0.11920187,0.43923298,0.50816274,0.11401918,0.4545219,0.5112724
0.0,0.0,0.0,1.0,0.0,0.0,0.0,0.0,0.13164032,0.4371599,0.4957243,0.13630474,0.4394921,0.48795024,0.11920187,0.43923298,0.50816274,0.11401918,0.4545219,0.5112724
0.0,0.0,0.0,0.0,1.0,0.0,0.0,0.0,0.12723504,0.6001555,0.7603006,0.12827158,0.6294377,0.79372895,0.13086292,0.60041463,0.74190205,0.14563358,0.57216895,0.7701477
0.0,0.0,0.0,0.0,1.0,0.0,0.0,0.0,0.12723504,0.6001555,0.7603006,0.12827158,0.6294377,0.79372895,0.13086292,0.60041463,0.74190205,0.14563358,0.57216895,0.7701477
0.0,0.0,0.0,0.0,1.0,0.0,0.0,0.0,0.12723504,0.6001555,0.7603006,0.12827158,0.6294377,0.79372895,0.13086292,0.60041463,0.74190205,0.14563358,0.57216895,0.7701477
0.0,0.0,0.0,0.0,1.0,0.0,0.0,0.0,0.12723504,0.6001555,0.7603006,0.12827158,0.6294377,0.79372895,0.13086292,0.60041463,0.74190205,0.14563358,0.57216895,0.7701477
0.0,0.0,0.0,0.0,1.0,0.0,0.0,0.0,0.12723504,0.6001555,0.7603006,0.12827158,0.6294377,0.79372895,0.13086292,0.60041463,0.74190205,0.14563358,0.57216895,0.7701477
0.0,0.0,0.0,0.0,1.0,0.0,0.0,0.0,0.12723504,0.6001555,0.7603006,0.12827158,0.6294377,0.79372895,0.13086292,0.60041463,0.74190205,0.14563358,0.57216895,0.7701477
0.0,0.0,1.0,0.0,0.0,0.0,0.0,0.0,0.20160663,0.31614408,0.69370306,0.21171288,0.33039647,0.7522674,0.20160663,0.31381187,0.69318473,0.2029023,0.3560508,0.7242809
0.0,0.0,1.0,0.0,0.0,0.0,0.0,0.0,0.20160663,0.31614408,0.69370306,0.21171288,0.33039647,0.7522674,0.20160663,0.31381187,0.69318473,0.2029023,0.3560508,0.7242809
0.0,0.0,1.0,0.0,0.0,0.0,0.0,0.0,0.20160663,0.31614408,0.69370306,0.21171288,0.33039647,0.7522674,0.20160663,0.31381187,0.69318473,0.2029023,0.3560508,0.7242809
0.0,0.0,1.0,0.0,0.0,0.0,0.0,0.0,0.20160663,0.31614408,0.69370306,0.21171288,0.33039647,0.7522674,0.20160663,0.31381187,0.69318473,0.2029023,0.3560508,0.7242809
0.0,0.0,1.0,0.0,0.0,0.0,0.0,0.0,0.20160663,0.31614408,0.69370306,0.21171288,0.33039647,0.7522674,0.20160663,0.31381187,0.69318473,0.2029023,0.3560508,0.7242809
0.0,0.0,1.0,0.0,0.0,0.0,0.0,0.0,0.20160663,0.31614408,0.69370306,0.21171288,0.33039647,0.7522674,0.20160663,0.31381187,0.69318473,0.2029023,0.3560508,0.7242809
0.0,0.0,0.0,0.0,1.0,0.0,0.0,0.0,0.11635139,0.56309927,0.73594195,0.11712879,0.562581,0.7349054,0.1344908,0.59030837,0.7491578,0.14330137,0.5540295,0.76289195
0.0,0.0,0.0,0.0,1.0,0.0,0.0,0.0,0.11635139,0.56309927,0.73594195,0.11712879,0.562581,0.7349054,0.1344908,0.59030837,0.7491578,0.14330137,0.5540295,0.76289195
0.0,0.0,0.0,0.0,1.0,0.0,0.0,0.0,0.11635139,0.56309927,0.73594195,0.11712879,0.562581,0.7349054,0.1344908,0.59030837,0.7491578,0.14330137,0.5540295,0.76289195
0.0,0.0,0.0,0.0,1.0,0.0,0.0,0.0,0.11635139,0.56309927,0.73594195,0.11712879,0.562581,0.7349054,0.1344908,0.59030837,0.7491578,0.14330137,0.5540295,0.76289195
0.0,0.0,0.0,0.0,1.0,0.0,0.0,0.0,0.11635139,0.56309927,0.73594195,0.11712879,0.562581,0.7349054,0.1344908,0.59030837,0.7491578,0.14330137,0.5540295,0.76289195
0.0,0.0,0.0,0.0,1.0,0.0,0.0,0.0,0.11635139,0.56309927,0.73594195,0.11712879,0.562581,0.7349054,0.1344908,0.59030837,0.7491578,0.14330137,0.5540295,0.76289195
1.0,0.0,0.0,0.0,0.0,0.0,0.0,0.0,0.1443379,0.6701218,0.82974863,0.1570355,0.6514641,0.7520083,0.17854366,0.54521894,0.72609484,0.18942732,0.49650168,0.73956984
1.0,0.0,0.0,0.0,0.0,0.0,0.0,0.0,0.1443379,0.6701218,0.82974863,0.1570355,0.6514641,0.7520083,0.17854366,0.54521894,0.72609484,0.18942732,0.49650168,0.73956984
1.0,0.0,0.0,0.0,0.0,0.0,0.0,0.0,0.1443379,0.6701218,0.82974863,0.1570355,0.6514641,0.7520083,0.17854366,0.54521894,0.72609484,0.18942732,0.49650168,0.73956984
1.0,0.0,0.0,0.0,0.0,0.0,0.0,0.0,0.1443379,0.6701218,0.82974863,0.1570355,0.6514641,0.7520083,0.17854366,0.54521894,0.72609484,0.18942732,0.49650168,0.73956984
1.0,0.0,0.0,0.0,0.0,0.0,0.0,0.0,0.1443379,0.6701218,0.82974863,0.1570355,0.6514641,0.7520083,0.17854366,0.54521894,0.72609484,0.18942732,0.49650168,0.73956984
1.0,0.0,0.0,0.0,0.0,0.0,0.0,0.0,0.1443379,0.6701218,0.82974863,0.1570355,0.6514641,0.7520083,0.17854366,0.54521894,0.72609484,0.18942732,0.49650168,0.73956984
0.0,0.0,0.0,0.0,0.0,0.0,1.0,0.0,0.11661052,0.2373672,0.76677895,0.11790619,0.23814459,0.69033426,0.11531485,0.24099508,0.747603,0.11479658,0.2622441,0.76289195
0.0,0.0,0.0,0.0,0.0,0.0,1.0,0.0,0.11661052,0.2373672,0.76677895,0.11790619,0.23814459,0.69033426,0.11531485,0.24099508,0.747603,0.11479658,0.2622441,0.76289195
0.0,0.0,0.0,0.0,0.0,0.0,1.0,0.0,0.11661052,0.2373672,0.76677895,0.11790619,0.23814459,0.69033426,0.11531485,0.24099508,0.747603,0.11479658,0.2622441,0.76289195
0.0,0.0,0.0,0.0,0.0,0.0,1.0,0.0,0.11661052,0.2373672,0.76677895,0.11790619,0.23814459,0.69033426,0.11531485,0.24099508,0.747603,0.11479658,0.2622441,0.76289195
0.0,0.0,0.0,0.0,0.0,0.0,1.0,0.0,0.11661052,0.2373672,0.76677895,0.11790619,0.23814459,0.69033426,0.11531485,0.24099508,0.747603,0.11479658,0.2622441,0.76289195
0.0,0.0,0.0,0.0,0.0,0.0,1.0,0.0,0.11661052,0.2373672,0.76677895,0.11790619,0.23814459,0.69033426,0.11531485,0.24099508,0.747603,0.11479658,0.2622441,0.76289195
0.0,0.0,0.0,0.0,0.0,1.0,0.0,0.0,0.10987303,0.69759005,0.8644727,0.1103913,0.703291,0.8911635,0.10987303,0.69759005,0.8644727,0.11090956,0.69992226,0.8370044
0.0,0.0,0.0,0.0,0.0,1.0,0.0,0.0,0.10987303,0.69759005,0.8644727,0.1103913,0.703291,0.8911635,0.10987303,0.69759005,0.8644727,0.11090956,0.69992226,0.8370044
0.0,0.0,0.0,0.0,0.0,1.0,0.0,0.0,0.10987303,0.69759005,0.8644727,0.1103913,0.703291,0.8911635,0.10987303,0.69759005,0.8644727,0.11090956,0.69992226,0.8370044
0.0,0.0,0.0,0.0,0.0,1.0,0.0,0.0,0.10987303,0.69759005,0.8644727,0.1103913,0.703291,0.8911635,0.10987303,0.69759005,0.8644727,0.11090956,0.69992226,0.8370044
0.0,0.0,0.0,0.0,0.0,1.0,0.0,0.0,0.10987303,0.69759005,0.8644727,0.1103913,0.703291,0.8911635,0.10987303,0.69759005,0.8644727,0.11090956,0.69992226,0.8370044
0.0,0.0,0.0,0.0,0.0,1.0,0.0,0.0,0.10987303,0.69759005,0.8644727,0.1103913,0.703291,0.8911635,0.10987303,0.69759005,0.8644727,0.11090956,0.69992226,0.8370044
0.0,0.0,0.0,1.0,0.0,0.0,0.0,0.0,0.14692925,0.3876652,0.4672195,0.14744753,0.38507384,0.4801762,0.14563358,0.3915522,0.4838041,0.14304224,0.45581758,0.52241516
0.0,0.0,0.0,1.0,0.0,0.0,0.0,0.0,0.14692925,0.3876652,0.4672195,0.14744753,0.38507384,0.4801762,0.14563358,0.3915522,0.4838041,0.14304224,0.45581758,0.52241516
0.0,0.0,0.0,1.0,0.0,0.0,0.0,0.0,0.14692925,0.3876652,0.4672195,0.14744753,0.38507384,0.4801762,0.14563358,0.3915522,0.4838041,0.14304224,0.45581758,0.52241516
0.0,0.0,0.0,1.0,0.0,0.0,0.0,0.0,0.14692925,0.3876652,0.4672195,0.14744753,0.38507384,0.4801762,0.14563358,0.3915522,0.4838041,0.14304224,0.45581758,0.52241516
0.0,0.0,0.0,1.0,0.0,0.0,0.0,0.0,0.14692925,0.3876652,0.4672195,0.14744753,0.38507384,0.4801762,0.14563358,0.3915522,0.4838041,0.14304224,0.45581758,0.52241516
0.0,0.0,0.0,1.0,0.0,0.0,0.0,0.0,0.14692925,0.3876652,0.4672195,0.14744753,0.38507384,0.4801762,0.14563358,0.3915522,0.4838041,0.14304224,0.45581758,0.52241516
0.0,0.0,0.0,0.0,0.0,1.0,0.0,0.0,0.11272351,0.74319774,0.9393625,0.11557398,0.7413838,0.9489505,0.11272351,0.74190205,0.959575,0.11220524,0.7328323,0.93417984
0.0,0.0,0.0,0.0,0.0,1.0,0.0,0.0,0.11272351,0.74319774,0.9393625,0.11557398,0.7413838,0.9489505,0.11272351,0.74190205,0.959575,0.11220524,0.7328323,0.93417984
0.0,0.0,0.0,0.0,0.0,1.0,0.0,0.0,0.11272351,0.74319774,0.9393625,0.11557398,0.7413838,0.9489505,0.11272351,0.74190205,0.959575,0.11220524,0.7328323,0.93417984
0.0,0.0,0.0,0.0,0.0,1.0,0.0,0.0,0.11272351,0.74319774,0.9393625,0.11557398,0.7413838,0.9489505,0.11272351,0.74190205,0.959575,0.11220524,0.7328323,0.93417984
0.0,0.0,0.0,0.0,0.0,1.0,0.0,0.0,0.11272351,0.74319774,0.9393625,0.11557398,0.7413838,0.9489505,0.11272351,0.74190205,0.959575,0.11220524,0.7328323,0.93417984
0.0,0.0,0.0,0.0,0.0,1.0,0.0,0.0,0.11272351,0.74319774,0.9393625,0.11557398,0.7413838,0.9489505,0.11272351,0.74190205,0.959575,0.11220524,0.7328323,0.93417984
0.0,0.0,0.0,1.0,0.0,0.0,0.0,0.0,0.12956725,0.42420316,0.4996113,0.13164032,0.4379373,0.49546516,0.1293081,0.42264834,0.50220263,0.1269759,0.4552993,0.53511274
0.0,0.0,0.0,1.0,0.0,0.0,0.0,0.0,0.12956725,0.42420316,0.4996113,0.13164032,0.4379373,0.49546516,0.1293081,0.42264834,0.50220263,0.1269759,0.4552993,0.53511274
0.0,0.0,0.0,1.0,0.0,0.0,0.0,0.0,0.12956725,0.42420316,0.4996113,0.13164032,0.4379373,0.49546516,0.1293081,0.42264834,0.50220263,0.1269759,0.4552993,0.53511274
0.0,0.0,0.0,1.0,0.0,0.0,0.0,0.0,0.12956725,0.42420316,0.4996113,0.13164032,0.4379373,0.49546516,0.1293081,0.42264834,0.50220263,0.1269759,0.4552993,0.53511274
0.0,0.0,0.0,1.0,0.0,0.0,0.0,0.0,0.12956725,0.42420316,0.4996113,0.13164032,0.4379373,0.49546516,0.1293081,0.42264834,0.50220263,0.1269759,0.4552993,0.53511274
0.0,0.0,0.0,1.0,0.0,0.0,0.0,0.0,0.12956725,0.42420316,0.4996113,0.13164032,0.4379373,0.49546516,0.1293081,0.42264834,0.50220263,0.1269759,0.4552993,0.53511274
1.0,0.0,0.0,0.0,0.0,0.0,0.0,0.0,0.17569318,0.59419537,0.7413838,0.1764706,0.5947136,0.74319774,0.18424462,0.5597305,0.7429386,0.18268982,0.5099767,0.75304484
1.0,0.0,0.0,0.0,0.0,0.0,0.0,0.0,0.17569318,0.59419537,0.7413838,0.1764706,0.5947136,0.74319774,0.18424462,0.5597305,0.7429386,0.18268982,0.5099767,0.75304484
1.0,0.0,0.0,0.0,0.0,0.0,0.0,0.0,0.17569318,0.59419537,0.7413838,0.1764706,0.5947136,0.74319774,0.18424462,0.5597305,0.7429386,0.18268982,0.5099767,0.75304484
1.0,0.0,0.0,0.0,0.0,0.0,0.0,0.0,0.17569318,0.59419537,0.7413838,0.1764706,0.5947136,0.74319774,0.18424462,0.5597305,0.7429386,0.18268982,0.5099767,0.75304484
1.0,0.0,0.0,0.0,0.0,0.0,0.0,0.0,0.17569318,0.59419537,0.7413838,0.1764706,0.5947136,0.74319774,0.18424462,0.5597305,0.7429386,0.18268982,0.5099767,0.75304484
1.0,0.0,0.0,0.0,0.0,0.0,0.0,0.0,0.17569318,0.59419537,0.7413838,0.1764706,0.5947136,0.74319774,0.18424462,0.5597305,0.7429386,0.18268982,0.5099767,0.75304484
0.0,0.0,1.0,0.0,0.0,0.0,0.0,0.0,0.21300855,0.3050013,0.76444674,0.21456335,0.29463592,0.7634102,0.21534076,0.3221042,0.76911116,0.21870951,0.44674787,0.7729982
0.0,0.0,1.0,0.0,0.0,0.0,0.0,0.0,0.21300855,0.3050013,0.76444674,0.21456335,0.29463592,0.7634102,0.21534076,0.3221042,0.76911116,0.21870951,0.44674787,0.7729982
0.0,0.0,1.0,0.0,0.0,0.0,0.0,0.0,0.21300855,0.3050013,0.76444674,0.21456335,0.29463592,0.7634102,0.21534076,0.3221042,0.76911116,0.21870951,0.44674787,0.7729982
0.0,0.0,1.0,0.0,0.0,0.0,0.0,0.0,0.21300855,0.3050013,0.76444674,0.21456335,0.29463592,0.7634102,0.21534076,0.3221042,0.76911116,0.21870951,0.44674787,0.7729982
0.0,0.0,1.0,0.0,0.0,0.0,0.0,0.0,0.21300855,0.3050013,0.76444674,0.21456335,0.29463592,0.7634102,0.21534076,0.3221042,0.76911116,0.21870951,0.44674787,0.7729982
0.0,0.0,1.0,0.0,0.0,0.0,0.0,0.0,0.21300855,0.3050013,0.76444674,0.21456335,0.29463592,0.7634102,0.21534076,0.3221042,0.76911116,0.21870951,0.44674787,0.7729982
0.0,0.0,0.0,0.0,0.0,1.0,0.0,0.0,0.11272351,0.7488987,0.95024616,0.11324177,0.76159626,0.9533558,0.11272351,0.7473439,0.94920963,0.11246437,0.7460482,0.9310702
0.0,0.0,0.0,0.0,0.0,1.0,0.0,0.0,0.11272351,0.7488987,0.95024616,0.11324177,0.76159626,0.9533558,0.11272351,0.7473439,0.94920963,0.11246437,0.7460482,0.9310702
0.0,0.0,0.0,0.0,0.0,1.0,0.0,0.0,0.11272351,0.7488987,0.95024616,0.11324177,0.76159626,0.9533558,0.11272351,0.7473439,0.94920963,0.11246437,0.7460482,0.9310702
0.0,0.0,0.0,0.0,0.0,1.0,0.0,0.0,0.11272351,0.7488987,0.95024616,0.11324177,0.76159626,0.9533558,0.11272351,0.7473439,0.94920963,0.11246437,0.7460482,0.9310702
0.0,0.0,0.0,0.0,0.0,1.0,0.0,0.0,0.11272351,0.7488987,0.95024616,0.11324177,0.76159626,0.9533558,0.11272351,0.7473439,0.94920963,0.11246437,0.7460482,0.9310702
0.0,0.0,0.0,0.0,0.0,1.0,0.0,0.0,0.11272351,0.7488987,0.95024616,0.11324177,0.76159626,0.9533558,0.11272351,0.7473439,0.94920963,0.11246437,0.7460482,0.9310702
0.0,0.0,0.0,0.0,1.0,0.0,0.0,0.0,0.11505572,0.57968384,0.7025136,0.11531485,0.5882353,0.7121016,0.14356051,0.5402954,0.7092511,0.14848407,0.50090694,0.70640063
0.0,0.0,0.0,0.0,1.0,0.0,0.0,0.0,0.11505572,0.57968384,0.7025136,0.11531485,0.5882353,0.7121016,0.14356051,0.5402954,0.7092511,0.14848407,0.50090694,0.70640063
0.0,0.0,0.0,0.0,1.0,0.0,0.0,0.0,0.11505572,0.57968384,0.7025136,0.11531485,0.5882353,0.7121016,0.14356051,0.5402954,0.7092511,0.14848407,0.50090694,0.70640063
0.0,0.0,0.0,0.0,1.0,0.0,0.0,0.0,0.11505572,0.57968384,0.7025136,0.11531485,0.5882353,0.7121016,0.14356051,0.5402954,0.7092511,0.14848407,0.50090694,0.70640063
0.0,0.0,0.0,0.0,1.0,0.0,0.0,0.0,0.11505572,0.57968384,0.7025136,0.11531485,0.5882353,0.7121016,0.14356051,0.5402954,0.7092511,0.14848407,0.50090694,0.70640063
0.0,0.0,0.0,0.0,1.0,0.0,0.0,0.0,0.11505572,0.57968384,0.7025136,0.11531485,0.5882353,0.7121016,0.14356051,0.5402954,0.7092511,0.14848407,0.50090694,0.70640063
0.0,0.0,1.0,0.0,0.0,0.0,0.0,0.0,0.21093547,0.29644987,0.707178,0.20497538,0.30085513,0.7004405,0.21067634,0.33609745,0.7061415,0.19279607,0.43197718,0.70873284
0.0,0.0,1.0,0.0,0.0,0.0,0.0,0.0,0.21093547,0.29644987,0.707178,0.20497538,0.30085513,0.7004405,0.21067634,0.33609745,0.7061415,0.19279607,0.43197718,0.70873284
0.0,0.0,1.0,0.0,0.0,0.0,0.0,0.0,0.21093547,0.29644987,0.707178,0.20497538,0.30085513,0.7004405,0.21067634,0.33609745,0.7061415,0.19279607,0.43197718,0.70873284
0.0,0.0,1.0,0.0,0.0,0.0,0.0,0.0,0.21093547,0.29644987,0.707178,0.20497538,0.30085513,0.7004405,0.21067634,0.33609745,0.7061415,0.19279607,0.43197718,0.70873284
0.0,0.0,1.0,0.0,0.0,0.0,0.0,0.0,0.21093547,0.29644987,0.707178,0.20497538,0.30085513,0.7004405,0.21067634,0.33609745,0.7061415,0.19279607,0.43197718,0.70873284
0.0,0.0,1.0,0.0,0.0,0.0,0.0,0.0,0.21093547,0.29644987,0.707178,0.20497538,0.30085513,0.7004405,0.21067634,0.33609745,0.7061415,0.19279607,0.43197718,0.70873284
1.0,0.0,0.0,0.0,0.0,0.0,0.0,0.0,0.19461,0.6302151,0.7504535,0.19435087,0.6302151,0.7504535,0.21145375,0.5423685,0.7584866,0.21482249,0.5296709,0.77040684
1.0,0.0,0.0,0.0,0.0,0.0,0.0,0.0,0.19461,0.6302151,0.7504535,0.19435087,0.6302151,0.7504535,0.21145375,0.5423685,0.7584866,0.21482249,0.5296709,0.77040684
1.0,0.0,0.0,0.0,0.0,0.0,0.0,0.0,0.19461,0.6302151,0.7504535,0.19435087,0.6302151,0.7504535,0.21145375,0.5423685,0.7584866,0.21482249,0.5296709,0.77040684
1.0,0.0,0.0,0.0,0.0,0.0,0.0,0.0,0.19461,0.6302151,0.7504535,0.19435087,0.6302151,0.7504535,0.21145375,0.5423685,0.7584866,0.21482249,0.5296709,0.77040684
1.0,0.0,0.0,0.0,0.0,0.0,0.0,0.0,0.19461,0.6302151,0.7504535,0.19435087,0.6302151,0.7504535,0.21145375,0.5423685,0.7584866,0.21482249,0.5296709,0.77040684
1.0,0.0,0.0,0.0,0.0,0.0,0.0,0.0,0.19461,0.6302151,0.7504535,0.19435087,0.6302151,0.7504535,0.21145375,0.5423685,0.7584866,0.21482249,0.5296709,0.77040684
0.0,1.0,0.0,0.0,0.0,0.0,0.0,0.0,0.26198497,0.39932626,0.726354,0.26250324,0.40114018,0.7250583,0.2539518,0.41876134,0.7294636,0.24125421,0.46851516,0.7390516
0.0,1.0,0.0,0.0,0.0,0.0,0.0,0.0,0.26198497,0.39932626,0.726354,0.26250324,0.40114018,0.7250583,0.2539518,0.41876134,0.7294636,0.24125421,0.46851516,0.7390516
0.0,1.0,0.0,0.0,0.0,0.0,0.0,0.0,0.26198497,0.39932626,0.726354,0.26250324,0.40114018,0.7250583,0.2539518,0.41876134,0.7294636,0.24125421,0.46851516,0.7390516
0.0,1.0,0.0,0.0,0.0,0.0,0.0,0.0,0.26198497,0.39932626,0.726354,0.26250324,0.40114018,0.7250583,0.2539518,0.41876134,0.7294636,0.24125421,0.46851516,0.7390516
0.0,1.0,0.0,0.0,0.0,0.0,0.0,0.0,0.26198497,0.39932626,0.726354,0.26250324,0.40114018,0.7250583,0.2539518,0.41876134,0.7294636,0.24125421,0.46851516,0.7390516
0.0,1.0,0.0,0.0,0.0,0.0,0.0,0.0,0.26198497,0.39932626,0.726354,0.26250324,0.40114018,0.7250583,0.2539518,0.41876134,0.7294636,0.24125421,0.46851516,0.7390516
0.0,0.0,0.0,0.0,0.0,1.0,0.0,0.0,0.11324177,0.71987563,0.81342316,0.11324177,0.7315367,0.88701737,0.11298264,0.72687227,0.81083184,0.11142783,0.73568285,0.81705105
0.0,0.0,0.0,0.0,0.0,1.0,0.0,0.0,0.11324177,0.71987563,0.81342316,0.11324177,0.7315367,0.88701737,0.11298264,0.72687227,0.81083184,0.11142783,0.73568285,0.81705105
0.0,0.0,0.0,0.0,0.0,1.0,0.0,0.0,0.11324177,0.71987563,0.81342316,0.11324177,0.7315367,0.88701737,0.11298264,0.72687227,0.81083184,0.11142783,0.73568285,0.81705105
0.0,0.0,0.0,0.0,0.0,1.0,0.0,0.0,0.11324177,0.71987563,0.81342316,0.11324177,0.7315367,0.88701737,0.11298264,0.72687227,0.81083184,0.11142783,0.73568285,0.81705105
0.0,0.0,0.0,0.0,0.0,1.0,0.0,0.0,0.11324177,0.71987563,0.81342316,0.11324177,0.7315367,0.88701737,0.11298264,0.72687227,0.81083184,0.11142783,0.73568285,0.81705105
0.0,0.0,0.0,0.0,0.0,1.0,0.0,0.0,0.11324177,0.71987563,0.81342316,0.11324177,0.7315367,0.88701737,0.11298264,0.72687227,0.81083184,0.11142783,0.73568285,0.81705105
0.0,0.0,0.0,0.0,0.0,1.0,0.0,0.0,0.11376004,0.6934439,0.85281163,0.11557398,0.6561285,0.85177505,0.11324177,0.6970718,0.8507385,0.11376004,0.6698627,0.79502463
0.0,0.0,0.0,0.0,0.0,1.0,0.0,0.0,0.11376004,0.6934439,0.85281163,0.11557398,0.6561285,0.85177505,0.11324177,0.6970718,0.8507385,0.11376004,0.6698627,0.79502463
0.0,0.0,0.0,0.0,0.0,1.0,0.0,0.0,0.11376004,0.6934439,0.85281163,0.11557398,0.6561285,0.85177505,0.11324177,0.6970718,0.8507385,0.11376004,0.6698627,0.79502463
0.0,0.0,0.0,0.0,0.0,1.0,0.0,0.0,0.11376004,0.6934439,0.85281163,0.11557398,0.6561285,0.85177505,0.11324177,0.6970718,0.8507385,0.11376004,0.6698627,0.79502463
0.0,0.0,0.0,0.0,0.0,1.0,0.0,0.0,0.11376004,0.6934439,0.85281163,0.11557398,0.6561285,0.85177505,0.11324177,0.6970718,0.8507385,0.11376004,0.6698627,0.79502463
0.0,0.0,0.0,0.0,0.0,1.0,0.0,0.0,0.11376004,0.6934439,0.85281163,0.11557398,0.6561285,0.85177505,0.11324177,0.6970718,0.8507385,0.11376004,0.6698627,0.79502463
1.0,0.0,0.0,0.0,0.0,0.0,0.0,0.0,0.18813165,0.60896605,0.77636695,0.18061674,0.6110391,0.7895828,0.20445712,0.60274684,0.7916559,0.21041721,0.5273387,0.73231405
1.0,0.0,0.0,0.0,0.0,0.0,0.0,0.0,0.18813165,0.60896605,0.77636695,0.18061674,0.6110391,0.7895828,0.20445712,0.60274684,0.7916559,0.21041721,0.5273387,0.73231405
1.0,0.0,0.0,0.0,0.0,0.0,0.0,0.0,0.18813165,0.60896605,0.77636695,0.18061674,0.6110391,0.7895828,0.20445712,0.60274684,0.7916559,0.21041721,0.5273387,0.73231405
1.0,0.0,0.0,0.0,0.0,0.0,0.0,0.0,0.18813165,0.60896605,0.77636695,0.18061674,0.6110391,0.7895828,0.20445712,0.60274684,0.7916559,0.21041721,0.5273387,0.73231405
1.0,0.0,0.0,0.0,0.0,0.0,0.0,0.0,0.18813165,0.60896605,0.77636695,0.18061674,0.6110391,0.7895828,0.20445712,0.60274684,0.7916559,0.21041721,0.5273387,0.73231405
1.0,0.0,0.0,0.0,0.0,0.0,0.0,0.0,0.18813165,0.60896605,0.77636695,0.18061674,0.6110391,0.7895828,0.20445712,0.60274684,0.7916559,0.21041721,0.5273387,0.73231405
0.0,0.0,0.0,0.0,0.0,0.0,1.0,0.0,0.107540816,0.25939363,0.66234773,0.11298264,0.25343353,0.6602747,0.10831822,0.2591345,0.6597564,0.10494947,0.26043016,0.6677896
0.0,0.0,0.0,0.0,0.0,0.0,1.0,0.0,0.107540816,0.25939363,0.66234773,0.11298264,0.25343353,0.6602747,0.10831822,0.2591345,0.6597564,0.10494947,0.26043016,0.6677896
0.0,0.0,0.0,0.0,0.0,0.0,1.0,0.0,0.107540816,0.25939363,0.66234773,0.11298264,0.25343353,0.6602747,0.10831822,0.2591345,0.6597564,0.10494947,0.26043016,0.6677896
0.0,0.0,0.0,0.0,0.0,0.0,1.0,0.0,0.107540816,0.25939363,0.66234773,0.11298264,0.25343353,0.6602747,0.10831822,0.2591345,0.6597564,0.10494947,0.26043016,0.6677896
0.0,0.0,0.0,0.0,0.0,0.0,1.0,0.0,0.107540816,0.25939363,0.66234773,0.11298264,0.25343353,0.6602747,0.10831822,0.2591345,0.6597564,0.10494947,0.26043016,0.6677896
0.0,0.0,0.0,0.0,0.0,0.0,1.0,0.0,0.107540816,0.25939363,0.66234773,0.11298264,0.25343353,0.6602747,0.10831822,0.2591345,0.6597564,0.10494947,0.26043016,0.6677896
0.0,0.0,0.0,0.0,0.0,1.0,0.0,0.0,0.13760042,0.77636695,0.9927442,0.13474993,0.7844001,0.9888572,0.13578647,0.7792174,0.9862659,0.13811868,0.7774035,0.93288416
0.0,0.0,0.0,0.0,0.0,1.0,0.0,0.0,0.13760042,0.77636695,0.9927442,0.13474993,0.7844001,0.9888572,0.13578647,0.7792174,0.9862659,0.13811868,0.7774035,0.93288416
0.0,0.0,0.0,0.0,0.0,1.0,0.0,0.0,0.13760042,0.77636695,0.9927442,0.13474993,0.7844001,0.9888572,0.13578647,0.7792174,0.9862659,0.13811868,0.7774035,0.93288416
0.0,0.0,0.0,0.0,0.0,1.0,0.0,0.0,0.13760042,0.77636695,0.9927442,0.13474993,0.7844001,0.9888572,0.13578647,0.7792174,0.9862659,0.13811868,0.7774035,0.93288416
0.0,0.0,0.0,0.0,0.0,1.0,0.0,0.0,0.13760042,0.77636695,0.9927442,0.13474993,0.7844001,0.9888572,0.13578647,0.7792174,0.9862659,0.13811868,0.7774035,0.93288416
0.0,0.0,0.0,0.0,0.0,1.0,0.0,0.0,0.13760042,0.77636695,0.9927442,0.13474993,0.7844001,0.9888572,0.13578647,0.7792174,0.9862659,0.13811868,0.7774035,0.93288416
1.0,0.0,0.0,0.0,0.0,0.0,0.0,0.0,0.17310184,0.5949728,0.7025136,0.17258357,0.5910858,0.6957761,0.1930552,0.5384815,0.68774295,0.19927442,0.48484063,0.6944804
1.0,0.0,0.0,0.0,0.0,0.0,0.0,0.0,0.17310184,0.5949728,0.7025136,0.17258357,0.5910858,0.6957761,0.1930552,0.5384815,0.68774295,0.19927442,0.48484063,0.6944804
1.0,0.0,0.0,0.0,0.0,0.0,0.0,0.0,0.17310184,0.5949728,0.7025136,0.17258357,0.5910858,0.6957761,0.1930552,0.5384815,0.68774295,0.19927442,0.48484063,0.6944804
1.0,0.0,0.0,0.0,0.0,0.0,0.0,0.0,0.17310184,0.5949728,0.7025136,0.17258357,0.5910858,0.6957761,0.1930552,0.5384815,0.68774295,0.19927442,0.48484063,0.6944804
1.0,0.0,0.0,0.0,0.0,0.0,0.0,0.0,0.17310184,0.5949728,0.7025136,0.17258357,0.5910858,0.6957761,0.1930552,0.5384815,0.68774295,0.19927442,0.48484063,0.6944804
1.0,0.0,0.0,0.0,0.0,0.0,0.0,0.0,0.17310184,0.5949728,0.7025136,0.17258357,0.5910858,0.6957761,0.1930552,0.5384815,0.68774295,0.19927442,0.48484063,0.6944804
0.0,0.0,0.0,0.0,0.0,0.0,1.0,0.0,0.11531485,0.2943768,0.69759005,0.12801243,0.31381187,0.68541074,0.11842446,0.3050013,0.6843742,0.11531485,0.30085513,0.703291
0.0,0.0,0.0,0.0,0.0,0.0,1.0,0.0,0.11531485,0.2943768,0.69759005,0.12801243,0.31381187,0.68541074,0.11842446,0.3050013,0.6843742,0.11531485,0.30085513,0.703291
0.0,0.0,0.0,0.0,0.0,0.0,1.0,0.0,0.11531485,0.2943768,0.69759005,0.12801243,0.31381187,0.68541074,0.11842446,0.3050013,0.6843742,0.11531485,0.30085513,0.703291
0.0,0.0,0.0,0.0,0.0,0.0,1.0,0.0,0.11531485,0.2943768,0.69759005,0.12801243,0.31381187,0.68541074,0.11842446,0.3050013,0.6843742,0.11531485,0.30085513,0.703291
0.0,0.0,0.0,0.0,0.0,0.0,1.0,0.0,0.11531485,0.2943768,0.69759005,0.12801243,0.31381187,0.68541074,0.11842446,0.3050013,0.6843742,0.11531485,0.30085513,0.703291
0.0,0.0,0.0,0.0,0.0,0.0,1.0,0.0,0.11531485,0.2943768,0.69759005,0.12801243,0.31381187,0.68541074,0.11842446,0.3050013,0.6843742,0.11531485,0.30085513,0.703291
1.0,0.0,0.0,0.0,0.0,0.0,0.0,0.0,0.16247733,0.58719873,0.7450117,0.16273646,0.5763151,0.7561544,0.18916818,0.5138637,0.72324437,0.19771962,0.46333247,0.7152112
1.0,0.0,0.0,0.0,0.0,0.0,0.0,0.0,0.16247733,0.58719873,0.7450117,0.16273646,0.5763151,0.7561544,0.18916818,0.5138637,0.72324437,0.19771962,0.46333247,0.7152112
1.0,0.0,0.0,0.0,0.0,0.0,0.0,0.0,0.16247733,0.58719873,0.7450117,0.16273646,0.5763151,0.7561544,0.18916818,0.5138637,0.72324437,0.19771962,0.46333247,0.7152112
1.0,0.0,0.0,0.0,0.0,0.0,0.0,0.0,0.16247733,0.58719873,0.7450117,0.16273646,0.5763151,0.7561544,0.18916818,0.5138637,0.72324437,0.19771962,0.46333247,0.7152112
1.0,0.0,0.0,0.0,0.0,0.0,0.0,0.0,0.16247733,0.58719873,0.7450117,0.16273646,0.5763151,0.7561544,0.18916818,0.5138637,0.72324437,0.19771962,0.46333247,0.7152112
1.0,0.0,0.0,0.0,0.0,0.0,0.0,0.0,0.16247733,0.58719873,0.7450117,0.16273646,0.5763151,0.7561544,0.18916818,0.5138637,0.72324437,0.19771962,0.46333247,0.7152112
0.0,0.0,0.0,1.0,0.0,0.0,0.0,0.0,0.12542109,0.42809018,0.4996113,0.12878984,0.42342576,0.4980565,0.12231148,0.42316663,0.5063488,0.11920187,0.48173103,0.5110132
0.0,0.0,0.0,1.0,0.0,0.0,0.0,0.0,0.12542109,0.42809018,0.4996113,0.12878984,0.42342576,0.4980565,0.12231148,0.42316663,0.5063488,0.11920187,0.48173103,0.5110132
0.0,0.0,0.0,1.0,0.0,0.0,0.0,0.0,0.12542109,0.42809018,0.4996113,0.12878984,0.42342576,0.4980565,0.12231148,0.42316663,0.5063488,0.11920187,0.48173103,0.5110132
0.0,0.0,0.0,1.0,0.0,0.0,0.0,0.0,0.12542109,0.42809018,0.4996113,0.12878984,0.42342576,0.4980565,0.12231148,0.42316663,0.5063488,0.11920187,0.48173103,0.5110132
0.0,0.0,0.0,1.0,0.0,0.0,0.0,0.0,0.12542109,0.42809018,0.4996113,0.12878984,0.42342576,0.4980565,0.12231148,0.42316663,0.5063488,0.11920187,0.48173103,0.5110132
0.0,0.0,0.0,1.0,0.0,0.0,0.0,0.0,0.12542109,0.42809018,0.4996113,0.12878984,0.42342576,0.4980565,0.12231148,0.42316663,0.5063488,0.11920187,0.48173103,0.5110132
1.0,0.0,0.0,0.0,0.0,0.0,0.0,0.0,0.17025135,0.5680228,0.68774295,0.16817829,0.5791656,0.69914484,0.19538741,0.52552474,0.66701216,0.22803836,0.4687743,0.70121795
1.0,0.0,0.0,0.0,0.0,0.0,0.0,0.0,0.17025135,0.5680228,0.68774295,0.16817829,0.5791656,0.69914484,0.19538741,0.52552474,0.66701216,0.22803836,0.4687743,0.70121795
1.0,0.0,0.0,0.0,0.0,0.0,0.0,0.0,0.17025135,0.5680228,0.68774295,0.16817829,0.5791656,0.69914484,0.19538741,0.52552474,0.66701216,0.22803836,0.4687743,0.70121795
1.0,0.0,0.0,0.0,0.0,0.0,0.0,0.0,0.17025135,0.5680228,0.68774295,0.16817829,0.5791656,0.69914484,0.19538741,0.52552474,0.66701216,0.22803836,0.4687743,0.70121795
1.0,0.0,0.0,0.0,0.0,0.0,0.0,0.0,0.17025135,0.5680228,0.68774295,0.16817829,0.5791656,0.69914484,0.19538741,0.52552474,0.66701216,0.22803836,0.4687743,0.70121795
1.0,0.0,0.0,0.0,0.0,0.0,0.0,0.0,0.17025135,0.5680228,0.68774295,0.16817829,0.5791656,0.69914484,0.19538741,0.52552474,0.66701216,0.22803836,0.4687743,0.70121795
0.0,0.0,0.0,0.0,1.0,0.0,0.0,0.0,0.12593937,0.60430163,0.75796837,0.12878984,0.60430163,0.75796837,0.14511532,0.5724281,0.75770926,0.1443379,0.56698626,0.7709251
0.0,0.0,0.0,0.0,1.0,0.0,0.0,0.0,0.12593937,0.60430163,0.75796837,0.12878984,0.60430163,0.75796837,0.14511532,0.5724281,0.75770926,0.1443379,0.56698626,0.7709251
0.0,0.0,0.0,0.0,1.0,0.0,0.0,0.0,0.12593937,0.60430163,0.75796837,0.12878984,0.60430163,0.75796837,0.14511532,0.5724281,0.75770926,0.1443379,0.56698626,0.7709251
0.0,0.0,0.0,0.0,1.0,0.0,0.0,0.0,0.12593937,0.60430163,0.75796837,0.12878984,0.60430163,0.75796837,0.14511532,0.5724281,0.75770926,0.1443379,0.56698626,0.7709251
0.0,0.0,0.0,0.0,1.0,0.0,0.0,0.0,0.12593937,0.60430163,0.75796837,0.12878984,0.60430163,0.75796837,0.14511532,0.5724281,0.75770926,0.1443379,0.56698626,0.7709251
0.0,0.0,0.0,0.0,1.0,0.0,0.0,0.0,0.12593937,0.60430163,0.75796837,0.12878984,0.60430163,0.75796837,0.14511532,0.5724281,0.75770926,0.1443379,0.56698626,0.7709251
0.0,0.0,0.0,0.0,0.0,1.0,0.0,0.0,0.11427831,0.72713137,0.8447784,0.11557398,0.71702516,0.8274164,0.11427831,0.7294636,0.8447784,0.11376004,0.7312775,0.845815
0.0,0.0,0.0,0.0,0.0,1.0,0.0,0.0,0.11427831,0.72713137,0.8447784,0.11557398,0.71702516,0.8274164,0.11427831,0.7294636,0.8447784,0.11376004,0.7312775,0.845815
0.0,0.0,0.0,0.0,0.0,1.0,0.0,0.0,0.11427831,0.72713137,0.8447784,0.11557398,0.71702516,0.8274164,0.11427831,0.7294636,0.8447784,0.11376004,0.7312775,0.845815
0.0,0.0,0.0,0.0,0.0,1.0,0.0,0.0,0.11427831,0.72713137,0.8447784,0.11557398,0.71702516,0.8274164,0.11427831,0.7294636,0.8447784,0.11376004,0.7312775,0.845815
0.0,0.0,0.0,0.0,0.0,1.0,0.0,0.0,0.11427831,0.72713137,0.8447784,0.11557398,0.71702516,0.8274164,0.11427831,0.7294636,0.8447784,0.11376004,0.7312775,0.845815
0.0,0.0,0.0,0.0,0.0,1.0,0.0,0.0,0.11427831,0.72713137,0.8447784,0.11557398,0.71702516,0.8274164,0.11427831,0.7294636,0.8447784,0.11376004,0.7312775,0.845815
0.0,0.0,0.0,1.0,0.0,0.0,0.0,0.0,0.12749417,0.4236849,0.48484063,0.12542109,0.4252397,0.50090694,0.11920187,0.41228297,0.4770666,0.11246437,0.41902047,0.4845815
0.0,0.0,0.0,1.0,0.0,0.0,0.0,0.0,0.12749417,0.4236849,0.48484063,0.12542109,0.4252397,0.50090694,0.11920187,0.41228297,0.4770666,0.11246437,0.41902047,0.4845815
0.0,0.0,0.0,1.0,0.0,0.0,0.0,0.0,0.12749417,0.4236849,0.48484063,0.12542109,0.4252397,0.50090694,0.11920187,0.41228297,0.4770666,0.11246437,0.41902047,0.4845815
0.0,0.0,0.0,1.0,0.0,0.0,0.0,0.0,0.12749417,0.4236849,0.48484063,0.12542109,0.4252397,0.50090694,0.11920187,0.41228297,0.4770666,0.11246437,0.41902047,0.4845815
0.0,0.0,0.0,1.0,0.0,0.0,0.0,0.0,0.12749417,0.4236849,0.48484063,0.12542109,0.4252397,0.50090694,0.11920187,0.41228297,0.4770666,0.11246437,0.41902047,0.4845815
0.0,0.0,0.0,1.0,0.0,0.0,0.0,0.0,0.12749417,0.4236849,0.48484063,0.12542109,0.4252397,0.50090694,0.11920187,0.41228297,0.4770666,0.11246437,0.41902047,0.4845815
0.0,1.0,0.0,0.0,0.0,0.0,0.0,0.0,0.2682042,0.38507384,0.7424203,0.265872,0.3861104,0.7426795,0.26017103,0.39854884,0.72998184,0.24514122,0.4343094,0.71365637
0.0,1.0,0.0,0.0,0.0,0.0,0.0,0.0,0.2682042,0.38507384,0.7424203,0.265872,0.3861104,0.7426795,0.26017103,0.39854884,0.72998184,0.24514122,0.4343094,0.71365637
0.0,1.0,0.0,0.0,0.0,0.0,0.0,0.0,0.2682042,0.38507384,0.7424203,0.265872,0.3861104,0.7426795,0.26017103,0.39854884,0.72998184,0.24514122,0.4343094,0.71365637
0.0,1.0,0.0,0.0,0.0,0.0,0.0,0.0,0.2682042,0.38507384,0.7424203,0.265872,0.3861104,0.7426795,0.26017103,0.39854884,0.72998184,0.24514122,0.4343094,0.71365637
0.0,1.0,0.0,0.0,0.0,0.0,0.0,0.0,0.2682042,0.38507384,0.7424203,0.265872,0.3861104,0.7426795,0.26017103,0.39854884,0.72998184,0.24514122,0.4343094,0.71365637
0.0,1.0,0.0,0.0,0.0,0.0,0.0,0.0,0.2682042,0.38507384,0.7424203,0.265872,0.3861104,0.7426795,0.26017103,0.39854884,0.72998184,0.24514122,0.4343094,0.71365637
0.0,0.0,0.0,1.0,0.0,0.0,0.0,0.0,0.14226483,0.45322624,0.5724281,0.14330137,0.45348537,0.5752786,0.14356051,0.45581758,0.5809795,0.14511532,0.48924592,0.5851257
0.0,0.0,0.0,1.0,0.0,0.0,0.0,0.0,0.14226483,0.45322624,0.5724281,0.14330137,0.45348537,0.5752786,0.14356051,0.45581758,0.5809795,0.14511532,0.48924592,0.5851257
0.0,0.0,0.0,1.0,0.0,0.0,0.0,0.0,0.14226483,0.45322624,0.5724281,0.14330137,0.45348537,0.5752786,0.14356051,0.45581758,0.5809795,0.14511532,0.48924592,0.5851257
0.0,0.0,0.0,1.0,0.0,0.0,0.0,0.0,0.14226483,0.45322624,0.5724281,0.14330137,0.45348537,0.5752786,0.14356051,0.45581758,0.5809795,0.14511532,0.48924592,0.5851257
0.0,0.0,0.0,1.0,0.0,0.0,0.0,0.0,0.14226483,0.45322624,0.5724281,0.14330137,0.45348537,0.5752786,0.14356051,0.45581758,0.5809795,0.14511532,0.48924592,0.5851257
0.0,0.0,0.0,1.0,0.0,0.0,0.0,0.0,0.14226483,0.45322624,0.5724281,0.14330137,0.45348537,0.5752786,0.14356051,0.45581758,0.5809795,0.14511532,0.48924592,0.5851257
0.0,0.0,0.0,1.0,0.0,0.0,0.0,0.0,0.13941436,0.46981084,0.57942474,0.14356051,0.43171805,0.5522156,0.14148743,0.46618295,0.56854105,0.13915522,0.4711065,0.5752786
0.0,0.0,0.0,1.0,0.0,0.0,0.0,0.0,0.13941436,0.46981084,0.57942474,0.14356051,0.43171805,0.5522156,0.14148743,0.46618295,0.56854105,0.13915522,0.4711065,0.5752786
0.0,0.0,0.0,1.0,0.0,0.0,0.0,0.0,0.13941436,0.46981084,0.57942474,0.14356051,0.43171805,0.5522156,0.14148743,0.46618295,0.56854105,0.13915522,0.4711065,0.5752786
0.0,0.0,0.0,1.0,0.0,0.0,0.0,0.0,0.13941436,0.46981084,0.57942474,0.14356051,0.43171805,0.5522156,0.14148743,0.46618295,0.56854105,0.13915522,0.4711065,0.5752786
0.0,0.0,0.0,1.0,0.0,0.0,0.0,0.0,0.13941436,0.46981084,0.57942474,0.14356051,0.43171805,0.5522156,0.14148743,0.46618295,0.56854105,0.13915522,0.4711065,0.5752786
0.0,0.0,0.0,1.0,0.0,0.0,0.0,0.0,0.13941436,0.46981084,0.57942474,0.14356051,0.43171805,0.5522156,0.14148743,0.46618295,0.56854105,0.13915522,0.4711065,0.5752786
0.0,0.0,0.0,0.0,0.0,0.0,1.0,0.0,0.101321585,0.25161958,0.76315105,0.11065043,0.26561284,0.75667274,0.101321585,0.24850997,0.76522416,0.1103913,0.27286863,0.76548326
0.0,0.0,0.0,0.0,0.0,0.0,1.0,0.0,0.101321585,0.25161958,0.76315105,0.11065043,0.26561284,0.75667274,0.101321585,0.24850997,0.76522416,0.1103913,0.27286863,0.76548326
0.0,0.0,0.0,0.0,0.0,0.0,1.0,0.0,0.101321585,0.25161958,0.76315105,0.11065043,0.26561284,0.75667274,0.101321585,0.24850997,0.76522416,0.1103913,0.27286863,0.76548326
0.0,0.0,0.0,0.0,0.0,0.0,1.0,0.0,0.101321585,0.25161958,0.76315105,0.11065043,0.26561284,0.75667274,0.101321585,0.24850997,0.76522416,0.1103913,0.27286863,0.76548326
0.0,0.0,0.0,0.0,0.0,0.0,1.0,0.0,0.101321585,0.25161958,0.76315105,0.11065043,0.26561284,0.75667274,0.101321585,0.24850997,0.76522416,0.1103913,0.27286863,0.76548326
0.0,0.0,0.0,0.0,0.0,0.0,1.0,0.0,0.101321585,0.25161958,0.76315105,0.11065043,0.26561284,0.75667274,0.101321585,0.24850997,0.76522416,0.1103913,0.27286863,0.76548326
0.0,0.0,0.0,0.0,0.0,1.0,0.0,0.0,0.11350091,0.7289453,0.915263,0.12334802,0.7501944,0.90930295,0.11350091,0.7312775,0.89971495,0.11376004,0.7154703,0.8911635
0.0,0.0,0.0,0.0,0.0,1.0,0.0,0.0,0.11350091,0.7289453,0.915263,0.12334802,0.7501944,0.90930295,0.11350091,0.7312775,0.89971495,0.11376004,0.7154703,0.8911635
0.0,0.0,0.0,0.0,0.0,1.0,0.0,0.0,0.11350091,0.7289453,0.915263,0.12334802,0.7501944,0.90930295,0.11350091,0.7312775,0.89971495,0.11376004,0.7154703,0.8911635
0.0,0.0,0.0,0.0,0.0,1.0,0.0,0.0,0.11350091,0.7289453,0.915263,0.12334802,0.7501944,0.90930295,0.11350091,0.7312775,0.89971495,0.11376004,0.7154703,0.8911635
0.0,0.0,0.0,0.0,0.0,1.0,0.0,0.0,0.11350091,0.7289453,0.915263,0.12334802,0.7501944,0.90930295,0.11350091,0.7312775,0.89971495,0.11376004,0.7154703,0.8911635
0.0,0.0,0.0,0.0,0.0,1.0,0.0,0.0,0.11350091,0.7289453,0.915263,0.12334802,0.7501944,0.90930295,0.11350091,0.7312775,0.89971495,0.11376004,0.7154703,0.8911635
0.0,1.0,0.0,0.0,0.0,0.0,0.0,0.0,0.23684892,0.358383,0.73956984,0.24462296,0.35734648,0.7281679,0.24099508,0.3726354,0.7330915,0.23503499,0.42783105,0.72998184
0.0,1.0,0.0,0.0,0.0,0.0,0.0,0.0,0.23684892,0.358383,0.73956984,0.24462296,0.35734648,0.7281679,0.24099508,0.3726354,0.7330915,0.23503499,0.42783105,0.72998184
0.0,1.0,0.0,0.0,0.0,0.0,0.0,0.0,0.23684892,0.358383,0.73956984,0.24462296,0.35734648,0.7281679,0.24099508,0.3726354,0.7330915,0.23503499,0.42783105,0.72998184
0.0,1.0,0.0,0.0,0.0,0.0,0.0,0.0,0.23684892,0.358383,0.73956984,0.24462296,0.35734648,0.7281679,0.24099508,0.3726354,0.7330915,0.23503499,0.42783105,0.72998184
0.0,1.0,0.0,0.0,0.0,0.0,0.0,0.0,0.23684892,0.358383,0.73956984,0.24462296,0.35734648,0.7281679,0.24099508,0.3726354,0.7330915,0.23503499,0.42783105,0.72998184
0.0,1.0,0.0,0.0,0.0,0.0,0.0,0.0,0.23684892,0.358383,0.73956984,0.24462296,0.35734648,0.7281679,0.24099508,0.3726354,0.7330915,0.23503499,0.42783105,0.72998184
0.0,0.0,0.0,0.0,0.0,1.0,0.0,0.0,0.11479658,0.76289195,0.9188909,0.11609225,0.7662607,0.9212231,0.11376004,0.7548588,0.92433274,0.11427831,0.7535631,0.8963462
0.0,0.0,0.0,0.0,0.0,1.0,0.0,0.0,0.11479658,0.76289195,0.9188909,0.11609225,0.7662607,0.9212231,0.11376004,0.7548588,0.92433274,0.11427831,0.7535631,0.8963462
0.0,0.0,0.0,0.0,0.0,1.0,0.0,0.0,0.11479658,0.76289195,0.9188909,0.11609225,0.7662607,0.9212231,0.11376004,0.7548588,0.92433274,0.11427831,0.7535631,0.8963462
0.0,0.0,0.0,0.0,0.0,1.0,0.0,0.0,0.11479658,0.76289195,0.9188909,0.11609225,0.7662607,0.9212231,0.11376004,0.7548588,0.92433274,0.11427831,0.7535631,0.8963462
0.0,0.0,0.0,0.0,0.0,1.0,0.0,0.0,0.11479658,0.76289195,0.9188909,0.11609225,0.7662607,0.9212231,0.11376004,0.7548588,0.92433274,0.11427831,0.7535631,0.8963462
0.0,0.0,0.0,0.0,0.0,1.0,0.0,0.0,0.11479658,0.76289195,0.9188909,0.11609225,0.7662607,0.9212231,0.11376004,0.7548588,0.92433274,0.11427831,0.7535631,0.8963462
0.0,1.0,0.0,0.0,0.0,0.0,0.0,0.0,0.20989893,0.3405027,0.8385592,0.21585903,0.3208085,0.849702,0.2171547,0.34464887,0.8214563,0.23503499,0.44545218,0.80720395
0.0,1.0,0.0,0.0,0.0,0.0,0.0,0.0,0.20989893,0.3405027,0.8385592,0.21585903,0.3208085,0.849702,0.2171547,0.34464887,0.8214563,0.23503499,0.44545218,0.80720395
0.0,1.0,0.0,0.0,0.0,0.0,0.0,0.0,0.20989893,0.3405027,0.8385592,0.21585903,0.3208085,0.849702,0.2171547,0.34464887,0.8214563,0.23503499,0.44545218,0.80720395
0.0,1.0,0.0,0.0,0.0,0.0,0.0,0.0,0.20989893,0.3405027,0.8385592,0.21585903,0.3208085,0.849702,0.2171547,0.34464887,0.8214563,0.23503499,0.44545218,0.80720395
0.0,1.0,0.0,0.0,0.0,0.0,0.0,0.0,0.20989893,0.3405027,0.8385592,0.21585903,0.3208085,0.849702,0.2171547,0.34464887,0.8214563,0.23503499,0.44545218,0.80720395
0.0,1.0,0.0,0.0,0.0,0.0,0.0,0.0,0.20989893,0.3405027,0.8385592,0.21585903,0.3208085,0.849702,0.2171547,0.34464887,0.8214563,0.23503499,0.44545218,0.80720395
0.0,1.0,0.0,0.0,0.0,0.0,0.0,0.0,0.22855662,0.3576056,0.73438716,0.24177247,0.37781808,0.74423426,0.22726095,0.3682301,0.7325732,0.2171547,0.4071003,0.7214304
0.0,1.0,0.0,0.0,0.0,0.0,0.0,0.0,0.22855662,0.3576056,0.73438716,0.24177247,0.37781808,0.74423426,0.22726095,0.3682301,0.7325732,0.2171547,0.4071003,0.7214304
0.0,1.0,0.0,0.0,0.0,0.0,0.0,0.0,0.22855662,0.3576056,0.73438716,0.24177247,0.37781808,0.74423426,0.22726095,0.3682301,0.7325732,0.2171547,0.4071003,0.7214304
0.0,1.0,0.0,0.0,0.0,0.0,0.0,0.0,0.22855662,0.3576056,0.73438716,0.24177247,0.37781808,0.74423426,0.22726095,0.3682301,0.7325732,0.2171547,0.4071003,0.7214304
0.0,1.0,0.0,0.0,0.0,0.0,0.0,0.0,0.22855662,0.3576056,0.73438716,0.24177247,0.37781808,0.74423426,0.22726095,0.3682301,0.7325732,0.2171547,0.4071003,0.7214304
0.0,1.0,0.0,0.0,0.0,0.0,0.0,0.0,0.22855662,0.3576056,0.73438716,0.24177247,0.37781808,0.74423426,0.22726095,0.3682301,0.7325732,0.2171547,0.4071003,0.7214304
0.0,0.0,0.0,0.0,1.0,0.0,0.0,0.0,0.11790619,0.59704584,0.7771443,0.11635139,0.597305,0.7774035,0.11557398,0.5835709,0.7551179,0.12827158,0.5656906,0.743716
0.0,0.0,0.0,0.0,1.0,0.0,0.0,0.0,0.11790619,0.59704584,0.7771443,0.11635139,0.597305,0.7774035,0.11557398,0.5835709,0.7551179,0.12827158,0.5656906,0.743716
0.0,0.0,0.0,0.0,1.0,0.0,0.0,0.0,0.11790619,0.59704584,0.7771443,0.11635139,0.597305,0.7774035,0.11557398,0.5835709,0.7551179,0.12827158,0.5656906,0.743716
0.0,0.0,0.0,0.0,1.0,0.0,0.0,0.0,0.11790619,0.59704584,0.7771443,0.11635139,0.597305,0.7774035,0.11557398,0.5835709,0.7551179,0.12827158,0.5656906,0.743716
0.0,0.0,0.0,0.0,1.0,0.0,0.0,0.0,0.11790619,0.59704584,0.7771443,0.11635139,0.597305,0.7774035,0.11557398,0.5835709,0.7551179,0.12827158,0.5656906,0.743716
0.0,0.0,0.0,0.0,1.0,0.0,0.0,0.0,0.11790619,0.59704584,0.7771443,0.11635139,0.597305,0.7774035,0.11557398,0.5835709,0.7551179,0.12827158,0.5656906,0.743716
0.0,0.0,0.0,0.0,1.0,0.0,0.0,0.0,0.12205234,0.5900492,0.7473439,0.12542109,0.60041463,0.76548326,0.1277533,0.56983674,0.7564136,0.13138118,0.5283752,0.77895826
0.0,0.0,0.0,0.0,1.0,0.0,0.0,0.0,0.12205234,0.5900492,0.7473439,0.12542109,0.60041463,0.76548326,0.1277533,0.56983674,0.7564136,0.13138118,0.5283752,0.77895826
0.0,0.0,0.0,0.0,1.0,0.0,0.0,0.0,0.12205234,0.5900492,0.7473439,0.12542109,0.60041463,0.76548326,0.1277533,0.56983674,0.7564136,0.13138118,0.5283752,0.77895826
0.0,0.0,0.0,0.0,1.0,0.0,0.0,0.0,0.12205234,0.5900492,0.7473439,0.12542109,0.60041463,0.76548326,0.1277533,0.56983674,0.7564136,0.13138118,0.5283752,0.77895826
0.0,0.0,0.0,0.0,1.0,0.0,0.0,0.0,0.12205234,0.5900492,0.7473439,0.12542109,0.60041463,0.76548326,0.1277533,0.56983674,0.7564136,0.13138118,0.5283752,0.77895826
0.0,0.0,0.0,0.0,1.0,0.0,0.0,0.0,0.12205234,0.5900492,0.7473439,0.12542109,0.60041463,0.76548326,0.1277533,0.56983674,0.7564136,0.13138118,0.5283752,0.77895826
0.0,1.0,0.0,0.0,0.0,0.0,0.0,0.0,0.24229075,0.35682818,0.6732314,0.24306816,0.36874837,0.68048716,0.24902825,0.3884426,0.6776367,0.2238922,0.43975124,0.68411505
0.0,1.0,0.0,0.0,0.0,0.0,0.0,0.0,0.24229075,0.35682818,0.6732314,0.24306816,0.36874837,0.68048716,0.24902825,0.3884426,0.6776367,0.2238922,0.43975124,0.68411505
0.0,1.0,0.0,0.0,0.0,0.0,0.0,0.0,0.24229075,0.35682818,0.6732314,0.24306816,0.36874837,0.68048716,0.24902825,0.3884426,0.6776367,0.2238922,0.43975124,0.68411505
0.0,1.0,0.0,0.0,0.0,0.0,0.0,0.0,0.24229075,0.35682818,0.6732314,0.24306816,0.36874837,0.68048716,0.24902825,0.3884426,0.6776367,0.2238922,0.43975124,0.68411505
0.0,1.0,0.0,0.0,0.0,0.0,0.0,0.0,0.24229075,0.35682818,0.6732314,0.24306816,0.36874837,0.68048716,0.24902825,0.3884426,0.6776367,0.2238922,0.43975124,0.68411505
0.0,1.0,0.0,0.0,0.0,0.0,0.0,0.0,0.24229075,0.35682818,0.6732314,0.24306816,0.36874837,0.68048716,0.24902825,0.3884426,0.6776367,0.2238922,0.43975124,0.68411505
0.0,0.0,0.0,1.0,0.0,0.0,0.0,0.0,0.15470329,0.41150558,0.4936512,0.1585903,0.41072816,0.4957243,0.1404509,0.41720653,0.48484063,0.11972013,0.43223634,0.5001296
0.0,0.0,0.0,1.0,0.0,0.0,0.0,0.0,0.15470329,0.41150558,0.4936512,0.1585903,0.41072816,0.4957243,0.1404509,0.41720653,0.48484063,0.11972013,0.43223634,0.5001296
0.0,0.0,0.0,1.0,0.0,0.0,0.0,0.0,0.15470329,0.41150558,0.4936512,0.1585903,0.41072816,0.4957243,0.1404509,0.41720653,0.48484063,0.11972013,0.43223634,0.5001296
0.0,0.0,0.0,1.0,0.0,0.0,0.0,0.0,0.15470329,0.41150558,0.4936512,0.1585903,0.41072816,0.4957243,0.1404509,0.41720653,0.48484063,0.11972013,0.43223634,0.5001296
0.0,0.0,0.0,1.0,0.0,0.0,0.0,0.0,0.15470329,0.41150558,0.4936512,0.1585903,0.41072816,0.4957243,0.1404509,0.41720653,0.48484063,0.11972013,0.43223634,0.5001296
0.0,0.0,0.0,1.0,0.0,0.0,0.0,0.0,0.15470329,0.41150558,0.4936512,0.1585903,0.41072816,0.4957243,0.1404509,0.41720653,0.48484063,0.11972013,0.43223634,0.5001296
0.0,0.0,0.0,0.0,1.0,0.0,0.0,0.0,0.13760042,0.56335837,0.7732573,0.12334802,0.5592122,0.77869916,0.13397253,0.5506608,0.774553,0.12749417,0.50894016,0.7636694
0.0,0.0,0.0,0.0,1.0,0.0,0.0,0.0,0.13760042,0.56335837,0.7732573,0.12334802,0.5592122,0.77869916,0.13397253,0.5506608,0.774553,0.12749417,0.50894016,0.7636694
0.0,0.0,0.0,0.0,1.0,0.0,0.0,0.0,0.13760042,0.56335837,0.7732573,0.12334802,0.5592122,0.77869916,0.13397253,0.5506608,0.774553,0.12749417,0.50894016,0.7636694
0.0,0.0,0.0,0.0,1.0,0.0,0.0,0.0,0.13760042,0.56335837,0.7732573,0.12334802,0.5592122,0.77869916,0.13397253,0.5506608,0.774553,0.12749417,0.50894016,0.7636694
0.0,0.0,0.0,0.0,1.0,0.0,0.0,0.0,0.13760042,0.56335837,0.7732573,0.12334802,0.5592122,0.77869916,0.13397253,0.5506608,0.774553,0.12749417,0.50894016,0.7636694
0.0,0.0,0.0,0.0,1.0,0.0,0.0,0.0,0.13760042,0.56335837,0.7732573,0.12334802,0.5592122,0.77869916,0.13397253,0.5506608,0.774553,0.12749417,0.50894016,0.7636694
1.0,0.0,0.0,0.0,0.0,0.0,0.0,0.0,0.1780254,0.61622185,0.7548588,0.18217155,0.61648095,0.7623737,0.238922,0.5506608,0.7582275,0.23373932,0.4814719,0.7761078
1.0,0.0,0.0,0.0,0.0,0.0,0.0,0.0,0.1780254,0.61622185,0.7548588,0.18217155,0.61648095,0.7623737,0.238922,0.5506608,0.7582275,0.23373932,0.4814719,0.7761078
1.0,0.0,0.0,0.0,0.0,0.0,0.0,0.0,0.1780254,0.61622185,0.7548588,0.18217155,0.61648095,0.7623737,0.238922,0.5506608,0.7582275,0.23373932,0.4814719,0.7761078
1.0,0.0,0.0,0.0,0.0,0.0,0.0,0.0,0.1780254,0.61622185,0.7548588,0.18217155,0.61648095,0.7623737,0.238922,0.5506608,0.7582275,0.23373932,0.4814719,0.7761078
1.0,0.0,0.0,0.0,0.0,0.0,0.0,0.0,0.1780254,0.61622185,0.7548588,0.18217155,0.61648095,0.7623737,0.238922,0.5506608,0.7582275,0.23373932,0.4814719,0.7761078
1.0,0.0,0.0,0.0,0.0,0.0,0.0,0.0,0.1780254,0.61622185,0.7548588,0.18217155,0.61648095,0.7623737,0.238922,0.5506608,0.7582275,0.23373932,0.4814719,0.7761078
0.0,0.0,0.0,0.0,0.0,1.0,0.0,0.0,0.105726875,0.6807463,0.7939881,0.11272351,0.67297226,0.8079814,0.10857735,0.6882612,0.78465927,0.10624514,0.68152374,0.7794765
0.0,0.0,0.0,0.0,0.0,1.0,0.0,0.0,0.105726875,0.6807463,0.7939881,0.11272351,0.67297226,0.8079814,0.10857735,0.6882612,0.78465927,0.10624514,0.68152374,0.7794765
0.0,0.0,0.0,0.0,0.0,1.0,0.0,0.0,0.105726875,0.6807463,0.7939881,0.11272351,0.67297226,0.8079814,0.10857735,0.6882612,0.78465927,0.10624514,0.68152374,0.7794765
0.0,0.0,0.0,0.0,0.0,1.0,0.0,0.0,0.105726875,0.6807463,0.7939881,0.11272351,0.67297226,0.8079814,0.10857735,0.6882612,0.78465927,0.10624514,0.68152374,0.7794765
0.0,0.0,0.0,0.0,0.0,1.0,0.0,0.0,0.105726875,0.6807463,0.7939881,0.11272351,0.67297226,0.8079814,0.10857735,0.6882612,0.78465927,0.10624514,0.68152374,0.7794765
0.0,0.0,0.0,0.0,0.0,1.0,0.0,0.0,0.105726875,0.6807463,0.7939881,0.11272351,0.67297226,0.8079814,0.10857735,0.6882612,0.78465927,0.10624514,0.68152374,0.7794765
0.0,0.0,0.0,0.0,0.0,0.0,1.0,0.0,0.11401918,0.2907489,0.7400881,0.11738792,0.30396476,0.7315367,0.11401918,0.2907489,0.7400881,0.11427831,0.3096657,0.7496761
0.0,0.0,0.0,0.0,0.0,0.0,1.0,0.0,0.11401918,0.2907489,0.7400881,0.11738792,0.30396476,0.7315367,0.11401918,0.2907489,0.7400881,0.11427831,0.3096657,0.7496761
0.0,0.0,0.0,0.0,0.0,0.0,1.0,0.0,0.11401918,0.2907489,0.7400881,0.11738792,0.30396476,0.7315367,0.11401918,0.2907489,0.7400881,0.11427831,0.3096657,0.7496761
0.0,0.0,0.0,0.0,0.0,0.0,1.0,0.0,0.11401918,0.2907489,0.7400881,0.11738792,0.30396476,0.7315367,0.11401918,0.2907489,0.7400881,0.11427831,0.3096657,0.7496761
0.0,0.0,0.0,0.0,0.0,0.0,1.0,0.0,0.11401918,0.2907489,0.7400881,0.11738792,0.30396476,0.7315367,0.11401918,0.2907489,0.7400881,0.11427831,0.3096657,0.7496761
0.0,0.0,0.0,0.0,0.0,0.0,1.0,0.0,0.11401918,0.2907489,0.7400881,0.11738792,0.30396476,0.7315367,0.11401918,0.2907489,0.7400881,0.11427831,0.3096657,0.7496761
0.0,0.0,1.0,0.0,0.0,0.0,0.0,0.0,0.1997927,0.30318734,0.7152112,0.19642395,0.30629697,0.7082146,0.20497538,0.32780513,0.74319774,0.20445712,0.41487432,0.73075926
0.0,0.0,1.0,0.0,0.0,0.0,0.0,0.0,0.1997927,0.30318734,0.7152112,0.19642395,0.30629697,0.7082146,0.20497538,0.32780513,0.74319774,0.20445712,0.41487432,0.73075926
0.0,0.0,1.0,0.0,0.0,0.0,0.0,0.0,0.1997927,0.30318734,0.7152112,0.19642395,0.30629697,0.7082146,0.20497538,0.32780513,0.74319774,0.20445712,0.41487432,0.73075926
0.0,0.0,1.0,0.0,0.0,0.0,0.0,0.0,0.1997927,0.30318734,0.7152112,0.19642395,0.30629697,0.7082146,0.20497538,0.32780513,0.74319774,0.20445712,0.41487432,0.73075926
0.0,0.0,1.0,0.0,0.0,0.0,0.0,0.0,0.1997927,0.30318734,0.7152112,0.19642395,0.30629697,0.7082146,0.20497538,0.32780513,0.74319774,0.20445712,0.41487432,0.73075926
0.0,0.0,1.0,0.0,0.0,0.0,0.0,0.0,0.1997927,0.30318734,0.7152112,0.19642395,0.30629697,0.7082146,0.20497538,0.32780513,0.74319774,0.20445712,0.41487432,0.73075926
0.0,1.0,0.0,0.0,0.0,0.0,0.0,0.0,0.26561284,0.40114018,0.7121016,0.27286863,0.40787768,0.7121016,0.26276237,0.41953874,0.71132416,0.25136045,0.46307334,0.75149
0.0,1.0,0.0,0.0,0.0,0.0,0.0,0.0,0.26561284,0.40114018,0.7121016,0.27286863,0.40787768,0.7121016,0.26276237,0.41953874,0.71132416,0.25136045,0.46307334,0.75149
0.0,1.0,0.0,0.0,0.0,0.0,0.0,0.0,0.26561284,0.40114018,0.7121016,0.27286863,0.40787768,0.7121016,0.26276237,0.41953874,0.71132416,0.25136045,0.46307334,0.75149
0.0,1.0,0.0,0.0,0.0,0.0,0.0,0.0,0.26561284,0.40114018,0.7121016,0.27286863,0.40787768,0.7121016,0.26276237,0.41953874,0.71132416,0.25136045,0.46307334,0.75149
0.0,1.0,0.0,0.0,0.0,0.0,0.0,0.0,0.26561284,0.40114018,0.7121016,0.27286863,0.40787768,0.7121016,0.26276237,0.41953874,0.71132416,0.25136045,0.46307334,0.75149
0.0,1.0,0.0,0.0,0.0,0.0,0.0,0.0,0.26561284,0.40114018,0.7121016,0.27286863,0.40787768,0.7121016,0.26276237,0.41953874,0.71132416,0.25136045,0.46307334,0.75149
0.0,0.0,0.0,0.0,0.0,1.0,0.0,0.0,0.11065043,0.7183208,0.97486395,0.095620625,0.72479916,0.9608707,0.11246437,0.7154703,0.98315626,0.11557398,0.7408655,1.0
0.0,0.0,0.0,0.0,0.0,1.0,0.0,0.0,0.11065043,0.7183208,0.97486395,0.095620625,0.72479916,0.9608707,0.11246437,0.7154703,0.98315626,0.11557398,0.7408655,1.0
0.0,0.0,0.0,0.0,0.0,1.0,0.0,0.0,0.11065043,0.7183208,0.97486395,0.095620625,0.72479916,0.9608707,0.11246437,0.7154703,0.98315626,0.11557398,0.7408655,1.0
0.0,0.0,0.0,0.0,0.0,1.0,0.0,0.0,0.11065043,0.7183208,0.97486395,0.095620625,0.72479916,0.9608707,0.11246437,0.7154703,0.98315626,0.11557398,0.7408655,1.0
0.0,0.0,0.0,0.0,0.0,1.0,0.0,0.0,0.11065043,0.7183208,0.97486395,0.095620625,0.72479916,0.9608707,0.11246437,0.7154703,0.98315626,0.11557398,0.7408655,1.0
0.0,0.0,0.0,0.0,0.0,1.0,0.0,0.0,0.11065043,0.7183208,0.97486395,0.095620625,0.72479916,0.9608707,0.11246437,0.7154703,0.98315626,0.11557398,0.7408655,1.0
0.0,1.0,0.0,0.0,0.0,0.0,0.0,0.0,0.24747343,0.4185022,0.69396216,0.23529412,0.42498055,0.6810054,0.24540037,0.4205753,0.6949987,0.208085,0.45167142,0.70640063
0.0,1.0,0.0,0.0,0.0,0.0,0.0,0.0,0.24747343,0.4185022,0.69396216,0.23529412,0.42498055,0.6810054,0.24540037,0.4205753,0.6949987,0.208085,0.45167142,0.70640063
0.0,1.0,0.0,0.0,0.0,0.0,0.0,0.0,0.24747343,0.4185022,0.69396216,0.23529412,0.42498055,0.6810054,0.24540037,0.4205753,0.6949987,0.208085,0.45167142,0.70640063
0.0,1.0,0.0,0.0,0.0,0.0,0.0,0.0,0.24747343,0.4185022,0.69396216,0.23529412,0.42498055,0.6810054,0.24540037,0.4205753,0.6949987,0.208085,0.45167142,0.70640063
0.0,1.0,0.0,0.0,0.0,0.0,0.0,0.0,0.24747343,0.4185022,0.69396216,0.23529412,0.42498055,0.6810054,0.24540037,0.4205753,0.6949987,0.208085,0.45167142,0.70640063
0.0,1.0,0.0,0.0,0.0,0.0,0.0,0.0,0.24747343,0.4185022,0.69396216,0.23529412,0.42498055,0.6810054,0.24540037,0.4205753,0.6949987,0.208085,0.45167142,0.70640063
0.0,0.0,1.0,0.0,0.0,0.0,0.0,0.0,0.22285566,0.38973826,0.73438716,0.22570615,0.38196424,0.7203939,0.2246696,0.39880797,0.7439751,0.20445712,0.48354495,0.78543663
0.0,0.0,1.0,0.0,0.0,0.0,0.0,0.0,0.22285566,0.38973826,0.73438716,0.22570615,0.38196424,0.7203939,0.2246696,0.39880797,0.7439751,0.20445712,0.48354495,0.78543663
0.0,0.0,1.0,0.0,0.0,0.0,0.0,0.0,0.22285566,0.38973826,0.73438716,0.22570615,0.38196424,0.7203939,0.2246696,0.39880797,0.7439751,0.20445712,0.48354495,0.78543663
0.0,0.0,1.0,0.0,0.0,0.0,0.0,0.0,0.22285566,0.38973826,0.73438716,0.22570615,0.38196424,0.7203939,0.2246696,0.39880797,0.7439751,0.20445712,0.48354495,0.78543663
0.0,0.0,1.0,0.0,0.0,0.0,0.0,0.0,0.22285566,0.38973826,0.73438716,0.22570615,0.38196424,0.7203939,0.2246696,0.39880797,0.7439751,0.20445712,0.48354495,0.78543663
0.0,0.0,1.0,0.0,0.0,0.0,0.0,0.0,0.22285566,0.38973826,0.73438716,0.22570615,0.38196424,0.7203939,0.2246696,0.39880797,0.7439751,0.20445712,0.48354495,0.78543663
0.0,0.0,0.0,0.0,0.0,1.0,0.0,0.0,0.11401918,0.70121795,0.8820938,0.11350091,0.6981083,0.8782068,0.11298264,0.712879,0.8512568,0.10909562,0.71236074,0.82093805
0.0,0.0,0.0,0.0,0.0,1.0,0.0,0.0,0.11401918,0.70121795,0.8820938,0.11350091,0.6981083,0.8782068,0.11298264,0.712879,0.8512568,0.10909562,0.71236074,0.82093805
0.0,0.0,0.0,0.0,0.0,1.0,0.0,0.0,0.11401918,0.70121795,0.8820938,0.11350091,0.6981083,0.8782068,0.11298264,0.712879,0.8512568,0.10909562,0.71236074,0.82093805
0.0,0.0,0.0,0.0,0.0,1.0,0.0,0.0,0.11401918,0.70121795,0.8820938,0.11350091,0.6981083,0.8782068,0.11298264,0.712879,0.8512568,0.10909562,0.71236074,0.82093805
0.0,0.0,0.0,0.0,0.0,1.0,0.0,0.0,0.11401918,0.70121795,0.8820938,0.11350091,0.6981083,0.8782068,0.11298264,0.712879,0.8512568,0.10909562,0.71236074,0.82093805
0.0,0.0,0.0,0.0,0.0,1.0,0.0,0.0,0.11401918,0.70121795,0.8820938,0.11350091,0.6981083,0.8782068,0.11298264,0.712879,0.8512568,0.10909562,0.71236074,0.82093805
0.0,0.0,0.0,0.0,1.0,0.0,0.0,0.0,0.12982638,0.61026174,0.8191241,0.12982638,0.6035242,0.81834674,0.12878984,0.5859031,0.79968905,0.13164032,0.56620884,0.801503
0.0,0.0,0.0,0.0,1.0,0.0,0.0,0.0,0.12982638,0.61026174,0.8191241,0.12982638,0.6035242,0.81834674,0.12878984,0.5859031,0.79968905,0.13164032,0.56620884,0.801503
0.0,0.0,0.0,0.0,1.0,0.0,0.0,0.0,0.12982638,0.61026174,0.8191241,0.12982638,0.6035242,0.81834674,0.12878984,0.5859031,0.79968905,0.13164032,0.56620884,0.801503
0.0,0.0,0.0,0.0,1.0,0.0,0.0,0.0,0.12982638,0.61026174,0.8191241,0.12982638,0.6035242,0.81834674,0.12878984,0.5859031,0.79968905,0.13164032,0.56620884,0.801503
0.0,0.0,0.0,0.0,1.0,0.0,0.0,0.0,0.12982638,0.61026174,0.8191241,0.12982638,0.6035242,0.81834674,0.12878984,0.5859031,0.79968905,0.13164032,0.56620884,0.801503
0.0,0.0,0.0,0.0,1.0,0.0,0.0,0.0,0.12982638,0.61026174,0.8191241,0.12982638,0.6035242,0.81834674,0.12878984,0.5859031,0.79968905,0.13164032,0.56620884,0.801503
0.0,1.0,0.0,0.0,0.0,0.0,0.0,0.0,0.22181912,0.3990671,0.6911117,0.22155999,0.3801503,0.68022805,0.21767297,0.39932626,0.69629437,0.20834413,0.44078776,0.73360974
0.0,1.0,0.0,0.0,0.0,0.0,0.0,0.0,0.22181912,0.3990671,0.6911117,0.22155999,0.3801503,0.68022805,0.21767297,0.39932626,0.69629437,0.20834413,0.44078776,0.73360974
0.0,1.0,0.0,0.0,0.0,0.0,0.0,0.0,0.22181912,0.3990671,0.6911117,0.22155999,0.3801503,0.68022805,0.21767297,0.39932626,0.69629437,0.20834413,0.44078776,0.73360974
0.0,1.0,0.0,0.0,0.0,0.0,0.0,0.0,0.22181912,0.3990671,0.6911117,0.22155999,0.3801503,0.68022805,0.21767297,0.39932626,0.69629437,0.20834413,0.44078776,0.73360974
0.0,1.0,0.0,0.0,0.0,0.0,0.0,0.0,0.22181912,0.3990671,0.6911117,0.22155999,0.3801503,0.68022805,0.21767297,0.39932626,0.69629437,0.20834413,0.44078776,0.73360974
0.0,1.0,0.0,0.0,0.0,0.0,0.0,0.0,0.22181912,0.3990671,0.6911117,0.22155999,0.3801503,0.68022805,0.21767297,0.39932626,0.69629437,0.20834413,0.44078776,0.73360974
0.0,0.0,0.0,1.0,0.0,0.0,0.0,0.0,0.15651724,0.3734128,0.4755118,0.15340762,0.37108058,0.47084737,0.13941436,0.3780772,0.43690076,0.12179321,0.40165848,0.47084737
0.0,0.0,0.0,1.0,0.0,0.0,0.0,0.0,0.15651724,0.3734128,0.4755118,0.15340762,0.37108058,0.47084737,0.13941436,0.3780772,0.43690076,0.12179321,0.40165848,0.47084737
0.0,0.0,0.0,1.0,0.0,0.0,0.0,0.0,0.15651724,0.3734128,0.4755118,0.15340762,0.37108058,0.47084737,0.13941436,0.3780772,0.43690076,0.12179321,0.40165848,0.47084737
0.0,0.0,0.0,1.0,0.0,0.0,0.0,0.0,0.15651724,0.3734128,0.4755118,0.15340762,0.37108058,0.47084737,0.13941436,0.3780772,0.43690076,0.12179321,0.40165848,0.47084737
0.0,0.0,0.0,1.0,0.0,0.0,0.0,0.0,0.15651724,0.3734128,0.4755118,0.15340762,0.37108058,0.47084737,0.13941436,0.3780772,0.43690076,0.12179321,0.40165848,0.47084737
0.0,0.0,0.0,1.0,0.0,0.0,0.0,0.0,0.15651724,0.3734128,0.4755118,0.15340762,0.37108058,0.47084737,0.13941436,0.3780772,0.43690076,0.12179321,0.40165848,0.47084737
0.0,0.0,0.0,0.0,1.0,0.0,0.0,0.0,0.12982638,0.59393626,0.74190205,0.13008551,0.5921223,0.74190205,0.14304224,0.58693963,0.7473439,0.1443379,0.5726872,0.7582275
0.0,0.0,0.0,0.0,1.0,0.0,0.0,0.0,0.12982638,0.59393626,0.74190205,0.13008551,0.5921223,0.74190205,0.14304224,0.58693963,0.7473439,0.1443379,0.5726872,0.7582275
0.0,0.0,0.0,0.0,1.0,0.0,0.0,0.0,0.12982638,0.59393626,0.74190205,0.13008551,0.5921223,0.74190205,0.14304224,0.58693963,0.7473439,0.1443379,0.5726872,0.7582275
0.0,0.0,0.0,0.0,1.0,0.0,0.0,0.0,0.12982638,0.59393626,0.74190205,0.13008551,0.5921223,0.74190205,0.14304224,0.58693963,0.7473439,0.1443379,0.5726872,0.7582275
0.0,0.0,0.0,0.0,1.0,0.0,0.0,0.0,0.12982638,0.59393626,0.74190205,0.13008551,0.5921223,0.74190205,0.14304224,0.58693963,0.7473439,0.1443379,0.5726872,0.7582275
0.0,0.0,0.0,0.0,1.0,0.0,0.0,0.0,0.12982638,0.59393626,0.74190205,0.13008551,0.5921223,0.74190205,0.14304224,0.58693963,0.7473439,0.1443379,0.5726872,0.7582275
1.0,0.0,0.0,0.0,0.0,0.0,0.0,0.0,0.17543405,0.601192,0.77403474,0.17569318,0.5864214,0.77403474,0.20834413,0.5327805,0.7276496,0.2088624,0.51515937,0.7281679
1.0,0.0,0.0,0.0,0.0,0.0,0.0,0.0,0.17543405,0.601192,0.77403474,0.17569318,0.5864214,0.77403474,0.20834413,0.5327805,0.7276496,0.2088624,0.51515937,0.7281679
1.0,0.0,0.0,0.0,0.0,0.0,0.0,0.0,0.17543405,0.601192,0.77403474,0.17569318,0.5864214,0.77403474,0.20834413,0.5327805,0.7276496,0.2088624,0.51515937,0.7281679
1.0,0.0,0.0,0.0,0.0,0.0,0.0,0.0,0.17543405,0.601192,0.77403474,0.17569318,0.5864214,0.77403474,0.20834413,0.5327805,0.7276496,0.2088624,0.51515937,0.7281679
1.0,0.0,0.0,0.0,0.0,0.0,0.0,0.0,0.17543405,0.601192,0.77403474,0.17569318,0.5864214,0.77403474,0.20834413,0.5327805,0.7276496,0.2088624,0.51515937,0.7281679
1.0,0.0,0.0,0.0,0.0,0.0,0.0,0.0,0.17543405,0.601192,0.77403474,0.17569318,0.5864214,0.77403474,0.20834413,0.5327805,0.7276496,0.2088624,0.51515937,0.7281679
0.0,0.0,1.0,0.0,0.0,0.0,0.0,0.0,0.18528116,0.24954651,0.63617516,0.18424462,0.26094842,0.63462037,0.18372636,0.33635658,0.6234776,0.18217155,0.40114018,0.67945063
0.0,0.0,1.0,0.0,0.0,0.0,0.0,0.0,0.18528116,0.24954651,0.63617516,0.18424462,0.26094842,0.63462037,0.18372636,0.33635658,0.6234776,0.18217155,0.40114018,0.67945063
0.0,0.0,1.0,0.0,0.0,0.0,0.0,0.0,0.18528116,0.24954651,0.63617516,0.18424462,0.26094842,0.63462037,0.18372636,0.33635658,0.6234776,0.18217155,0.40114018,0.67945063
0.0,0.0,1.0,0.0,0.0,0.0,0.0,0.0,0.18528116,0.24954651,0.63617516,0.18424462,0.26094842,0.63462037,0.18372636,0.33635658,0.6234776,0.18217155,0.40114018,0.67945063
0.0,0.0,1.0,0.0,0.0,0.0,0.0,0.0,0.18528116,0.24954651,0.63617516,0.18424462,0.26094842,0.63462037,0.18372636,0.33635658,0.6234776,0.18217155,0.40114018,0.67945063
0.0,0.0,1.0,0.0,0.0,0.0,0.0,0.0,0.18528116,0.24954651,0.63617516,0.18424462,0.26094842,0.63462037,0.18372636,0.33635658,0.6234776,0.18217155,0.40114018,0.67945063
0.0,1.0,0.0,0.0,0.0,0.0,0.0,0.0,0.23451671,0.39232963,0.73801506,0.24099508,0.38714692,0.73827416,0.22052345,0.39803058,0.72998184,0.19046386,0.491319,0.747603
0.0,1.0,0.0,0.0,0.0,0.0,0.0,0.0,0.23451671,0.39232963,0.73801506,0.24099508,0.38714692,0.73827416,0.22052345,0.39803058,0.72998184,0.19046386,0.491319,0.747603
0.0,1.0,0.0,0.0,0.0,0.0,0.0,0.0,0.23451671,0.39232963,0.73801506,0.24099508,0.38714692,0.73827416,0.22052345,0.39803058,0.72998184,0.19046386,0.491319,0.747603
0.0,1.0,0.0,0.0,0.0,0.0,0.0,0.0,0.23451671,0.39232963,0.73801506,0.24099508,0.38714692,0.73827416,0.22052345,0.39803058,0.72998184,0.19046386,0.491319,0.747603
0.0,1.0,0.0,0.0,0.0,0.0,0.0,0.0,0.23451671,0.39232963,0.73801506,0.24099508,0.38714692,0.73827416,0.22052345,0.39803058,0.72998184,0.19046386,0.491319,0.747603
0.0,1.0,0.0,0.0,0.0,0.0,0.0,0.0,0.23451671,0.39232963,0.73801506,0.24099508,0.38714692,0.73827416,0.22052345,0.39803058,0.72998184,0.19046386,0.491319,0.747603
0.0,0.0,0.0,1.0,0.0,0.0,0.0,0.0,0.150298,0.36460224,0.47603005,0.150298,0.36460224,0.47603005,0.15081628,0.36227003,0.4599637,0.1388961,0.42316663,0.52267426
0.0,0.0,0.0,1.0,0.0,0.0,0.0,0.0,0.150298,0.36460224,0.47603005,0.150298,0.36460224,0.47603005,0.15081628,0.36227003,0.4599637,0.1388961,0.42316663,0.52267426
0.0,0.0,0.0,1.0,0.0,0.0,0.0,0.0,0.150298,0.36460224,0.47603005,0.150298,0.36460224,0.47603005,0.15081628,0.36227003,0.4599637,0.1388961,0.42316663,0.52267426
0.0,0.0,0.0,1.0,0.0,0.0,0.0,0.0,0.150298,0.36460224,0.47603005,0.150298,0.36460224,0.47603005,0.15081628,0.36227003,0.4599637,0.1388961,0.42316663,0.52267426
0.0,0.0,0.0,1.0,0.0,0.0,0.0,0.0,0.150298,0.36460224,0.47603005,0.150298,0.36460224,0.47603005,0.15081628,0.36227003,0.4599637,0.1388961,0.42316663,0.52267426
0.0,0.0,0.0,1.0,0.0,0.0,0.0,0.0,0.150298,0.36460224,0.47603005,0.150298,0.36460224,0.47603005,0.15081628,0.36227003,0.4599637,0.1388961,0.42316663,0.52267426
0.0,0.0,0.0,0.0,0.0,0.0,1.0,0.0,0.11168697,0.2599119,0.6131122,0.11298264,0.26328063,0.6154444,0.11065043,0.25809795,0.61855406,0.11168697,0.27364603,0.6063747
0.0,0.0,0.0,0.0,0.0,0.0,1.0,0.0,0.11168697,0.2599119,0.6131122,0.11298264,0.26328063,0.6154444,0.11065043,0.25809795,0.61855406,0.11168697,0.27364603,0.6063747
0.0,0.0,0.0,0.0,0.0,0.0,1.0,0.0,0.11168697,0.2599119,0.6131122,0.11298264,0.26328063,0.6154444,0.11065043,0.25809795,0.61855406,0.11168697,0.27364603,0.6063747
0.0,0.0,0.0,0.0,0.0,0.0,1.0,0.0,0.11168697,0.2599119,0.6131122,0.11298264,0.26328063,0.6154444,0.11065043,0.25809795,0.61855406,0.11168697,0.27364603,0.6063747
0.0,0.0,0.0,0.0,0.0,0.0,1.0,0.0,0.11168697,0.2599119,0.6131122,0.11298264,0.26328063,0.6154444,0.11065043,0.25809795,0.61855406,0.11168697,0.27364603,0.6063747
0.0,0.0,0.0,0.0,0.0,0.0,1.0,0.0,0.11168697,0.2599119,0.6131122,0.11298264,0.26328063,0.6154444,0.11065043,0.25809795,0.61855406,0.11168697,0.27364603,0.6063747
0.0,0.0,0.0,0.0,0.0,1.0,0.0,0.0,0.1111687,0.69914484,0.90930295,0.1119461,0.69396216,0.9090438,0.1111687,0.7017362,0.894014,0.1119461,0.6895569,0.86006737
0.0,0.0,0.0,0.0,0.0,1.0,0.0,0.0,0.1111687,0.69914484,0.90930295,0.1119461,0.69396216,0.9090438,0.1111687,0.7017362,0.894014,0.1119461,0.6895569,0.86006737
0.0,0.0,0.0,0.0,0.0,1.0,0.0,0.0,0.1111687,0.69914484,0.90930295,0.1119461,0.69396216,0.9090438,0.1111687,0.7017362,0.894014,0.1119461,0.6895569,0.86006737
0.0,0.0,0.0,0.0,0.0,1.0,0.0,0.0,0.1111687,0.69914484,0.90930295,0.1119461,0.69396216,0.9090438,0.1111687,0.7017362,0.894014,0.1119461,0.6895569,0.86006737
0.0,0.0,0.0,0.0,0.0,1.0,0.0,0.0,0.1111687,0.69914484,0.90930295,0.1119461,0.69396216,0.9090438,0.1111687,0.7017362,0.894014,0.1119461,0.6895569,0.86006737
0.0,0.0,0.0,0.0,0.0,1.0,0.0,0.0,0.1111687,0.69914484,0.90930295,0.1119461,0.69396216,0.9090438,0.1111687,0.7017362,0.894014,0.1119461,0.6895569,0.86006737
0.0,0.0,0.0,0.0,0.0,0.0,1.0,0.0,0.13008551,0.2720912,0.6983675,0.13008551,0.26924074,0.6996631,0.13138118,0.2855662,0.7131381,0.12593937,0.29023063,0.7289453
0.0,0.0,0.0,0.0,0.0,0.0,1.0,0.0,0.13008551,0.2720912,0.6983675,0.13008551,0.26924074,0.6996631,0.13138118,0.2855662,0.7131381,0.12593937,0.29023063,0.7289453
0.0,0.0,0.0,0.0,0.0,0.0,1.0,0.0,0.13008551,0.2720912,0.6983675,0.13008551,0.26924074,0.6996631,0.13138118,0.2855662,0.7131381,0.12593937,0.29023063,0.7289453
0.0,0.0,0.0,0.0,0.0,0.0,1.0,0.0,0.13008551,0.2720912,0.6983675,0.13008551,0.26924074,0.6996631,0.13138118,0.2855662,0.7131381,0.12593937,0.29023063,0.7289453
0.0,0.0,0.0,0.0,0.0,0.0,1.0,0.0,0.13008551,0.2720912,0.6983675,0.13008551,0.26924074,0.6996631,0.13138118,0.2855662,0.7131381,0.12593937,0.29023063,0.7289453
0.0,0.0,0.0,0.0,0.0,0.0,1.0,0.0,0.13008551,0.2720912,0.6983675,0.13008551,0.26924074,0.6996631,0.13138118,0.2855662,0.7131381,0.12593937,0.29023063,0.7289453
0.0,1.0,0.0,0.0,0.0,0.0,0.0,0.0,0.24280901,0.4205753,0.7369785,0.24332729,0.41902047,0.7369785,0.24384555,0.41668826,0.743716,0.2171547,0.42964497,0.74112463
0.0,1.0,0.0,0.0,0.0,0.0,0.0,0.0,0.24280901,0.4205753,0.7369785,0.24332729,0.41902047,0.7369785,0.24384555,0.41668826,0.743716,0.2171547,0.42964497,0.74112463
0.0,1.0,0.0,0.0,0.0,0.0,0.0,0.0,0.24280901,0.4205753,0.7369785,0.24332729,0.41902047,0.7369785,0.24384555,0.41668826,0.743716,0.2171547,0.42964497,0.74112463
0.0,1.0,0.0,0.0,0.0,0.0,0.0,0.0,0.24280901,0.4205753,0.7369785,0.24332729,0.41902047,0.7369785,0.24384555,0.41668826,0.743716,0.2171547,0.42964497,0.74112463
0.0,1.0,0.0,0.0,0.0,0.0,0.0,0.0,0.24280901,0.4205753,0.7369785,0.24332729,0.41902047,0.7369785,0.24384555,0.41668826,0.743716,0.2171547,0.42964497,0.74112463
0.0,1.0,0.0,0.0,0.0,0.0,0.0,0.0,0.24280901,0.4205753,0.7369785,0.24332729,0.41902047,0.7369785,0.24384555,0.41668826,0.743716,0.2171547,0.42964497,0.74112463
0.0,0.0,0.0,0.0,1.0,0.0,0.0,0.0,0.1186836,0.5553252,0.7737756,0.11531485,0.57424206,0.76548326,0.12593937,0.5480695,0.76418763,0.1293081,0.5138637,0.76081884
0.0,0.0,0.0,0.0,1.0,0.0,0.0,0.0,0.1186836,0.5553252,0.7737756,0.11531485,0.57424206,0.76548326,0.12593937,0.5480695,0.76418763,0.1293081,0.5138637,0.76081884
0.0,0.0,0.0,0.0,1.0,0.0,0.0,0.0,0.1186836,0.5553252,0.7737756,0.11531485,0.57424206,0.76548326,0.12593937,0.5480695,0.76418763,0.1293081,0.5138637,0.76081884
0.0,0.0,0.0,0.0,1.0,0.0,0.0,0.0,0.1186836,0.5553252,0.7737756,0.11531485,0.57424206,0.76548326,0.12593937,0.5480695,0.76418763,0.1293081,0.5138637,0.76081884
0.0,0.0,0.0,0.0,1.0,0.0,0.0,0.0,0.1186836,0.5553252,0.7737756,0.11531485,0.57424206,0.76548326,0.12593937,0.5480695,0.76418763,0.1293081,0.5138637,0.76081884
0.0,0.0,0.0,0.0,1.0,0.0,0.0,0.0,0.1186836,0.5553252,0.7737756,0.11531485,0.57424206,0.76548326,0.12593937,0.5480695,0.76418763,0.1293081,0.5138637,0.76081884
0.0,0.0,1.0,0.0,0.0,0.0,0.0,0.0,0.2111946,0.3695258,0.7748121,0.21819124,0.371858,0.7869915,0.21223114,0.37030318,0.7657424,0.20730759,0.43197718,0.80487174
0.0,0.0,1.0,0.0,0.0,0.0,0.0,0.0,0.2111946,0.3695258,0.7748121,0.21819124,0.371858,0.7869915,0.21223114,0.37030318,0.7657424,0.20730759,0.43197718,0.80487174
0.0,0.0,1.0,0.0,0.0,0.0,0.0,0.0,0.2111946,0.3695258,0.7748121,0.21819124,0.371858,0.7869915,0.21223114,0.37030318,0.7657424,0.20730759,0.43197718,0.80487174
0.0,0.0,1.0,0.0,0.0,0.0,0.0,0.0,0.2111946,0.3695258,0.7748121,0.21819124,0.371858,0.7869915,0.21223114,0.37030318,0.7657424,0.20730759,0.43197718,0.80487174
0.0,0.0,1.0,0.0,0.0,0.0,0.0,0.0,0.2111946,0.3695258,0.7748121,0.21819124,0.371858,0.7869915,0.21223114,0.37030318,0.7657424,0.20730759,0.43197718,0.80487174
0.0,0.0,1.0,0.0,0.0,0.0,0.0,0.0,0.2111946,0.3695258,0.7748121,0.21819124,0.371858,0.7869915,0.21223114,0.37030318,0.7657424,0.20730759,0.43197718,0.80487174
1.0,0.0,0.0,0.0,0.0,0.0,0.0,0.0,0.1622182,0.6040425,0.73231405,0.16144079,0.58719873,0.7390516,0.19046386,0.49157813,0.72998184,0.19201866,0.46929255,0.7483804
1.0,0.0,0.0,0.0,0.0,0.0,0.0,0.0,0.1622182,0.6040425,0.73231405,0.16144079,0.58719873,0.7390516,0.19046386,0.49157813,0.72998184,0.19201866,0.46929255,0.7483804
1.0,0.0,0.0,0.0,0.0,0.0,0.0,0.0,0.1622182,0.6040425,0.73231405,0.16144079,0.58719873,0.7390516,0.19046386,0.49157813,0.72998184,0.19201866,0.46929255,0.7483804
1.0,0.0,0.0,0.0,0.0,0.0,0.0,0.0,0.1622182,0.6040425,0.73231405,0.16144079,0.58719873,0.7390516,0.19046386,0.49157813,0.72998184,0.19201866,0.46929255,0.7483804
1.0,0.0,0.0,0.0,0.0,0.0,0.0,0.0,0.1622182,0.6040425,0.73231405,0.16144079,0.58719873,0.7390516,0.19046386,0.49157813,0.72998184,0.19201866,0.46929255,0.7483804
1.0,0.0,0.0,0.0,0.0,0.0,0.0,0.0,0.1622182,0.6040425,0.73231405,0.16144079,0.58719873,0.7390516,0.19046386,0.49157813,0.72998184,0.19201866,0.46929255,0.7483804
0.0,0.0,0.0,0.0,0.0,0.0,1.0,0.0,0.13060379,0.269759,0.7354237,0.13034464,0.28686187,0.7266131,0.13034464,0.27027726,0.72972274,0.13319513,0.2788287,0.75563616
0.0,0.0,0.0,0.0,0.0,0.0,1.0,0.0,0.13060379,0.269759,0.7354237,0.13034464,0.28686187,0.7266131,0.13034464,0.27027726,0.72972274,0.13319513,0.2788287,0.75563616
0.0,0.0,0.0,0.0,0.0,0.0,1.0,0.0,0.13060379,0.269759,0.7354237,0.13034464,0.28686187,0.7266131,0.13034464,0.27027726,0.72972274,0.13319513,0.2788287,0.75563616
0.0,0.0,0.0,0.0,0.0,0.0,1.0,0.0,0.13060379,0.269759,0.7354237,0.13034464,0.28686187,0.7266131,0.13034464,0.27027726,0.72972274,0.13319513,0.2788287,0.75563616
0.0,0.0,0.0,0.0,0.0,0.0,1.0,0.0,0.13060379,0.269759,0.7354237,0.13034464,0.28686187,0.7266131,0.13034464,0.27027726,0.72972274,0.13319513,0.2788287,0.75563616
0.0,0.0,0.0,0.0,0.0,0.0,1.0,0.0,0.13060379,0.269759,0.7354237,0.13034464,0.28686187,0.7266131,0.13034464,0.27027726,0.72972274,0.13319513,0.2788287,0.75563616
1.0,0.0,0.0,0.0,0.0,0.0,0.0,0.0,0.17750713,0.5957502,0.75926405,0.17828453,0.60378337,0.7276496,0.18502203,0.58175695,0.7709251,0.20057009,0.4845815,0.71028763
1.0,0.0,0.0,0.0,0.0,0.0,0.0,0.0,0.17750713,0.5957502,0.75926405,0.17828453,0.60378337,0.7276496,0.18502203,0.58175695,0.7709251,0.20057009,0.4845815,0.71028763
1.0,0.0,0.0,0.0,0.0,0.0,0.0,0.0,0.17750713,0.5957502,0.75926405,0.17828453,0.60378337,0.7276496,0.18502203,0.58175695,0.7709251,0.20057009,0.4845815,0.71028763
1.0,0.0,0.0,0.0,0.0,0.0,0.0,0.0,0.17750713,0.5957502,0.75926405,0.17828453,0.60378337,0.7276496,0.18502203,0.58175695,0.7709251,0.20057009,0.4845815,0.71028763
1.0,0.0,0.0,0.0,0.0,0.0,0.0,0.0,0.17750713,0.5957502,0.75926405,0.17828453,0.60378337,0.7276496,0.18502203,0.58175695,0.7709251,0.20057009,0.4845815,0.71028763
1.0,0.0,0.0,0.0,0.0,0.0,0.0,0.0,0.17750713,0.5957502,0.75926405,0.17828453,0.60378337,0.7276496,0.18502203,0.58175695,0.7709251,0.20057009,0.4845815,0.71028763
0.0,0.0,0.0,0.0,1.0,0.0,0.0,0.0,0.12982638,0.63462037,0.8253434,0.13034464,0.63384295,0.82612073,0.14407878,0.5882353,0.80564916,0.1443379,0.55480695,0.8180876
0.0,0.0,0.0,0.0,1.0,0.0,0.0,0.0,0.12982638,0.63462037,0.8253434,0.13034464,0.63384295,0.82612073,0.14407878,0.5882353,0.80564916,0.1443379,0.55480695,0.8180876
0.0,0.0,0.0,0.0,1.0,0.0,0.0,0.0,0.12982638,0.63462037,0.8253434,0.13034464,0.63384295,0.82612073,0.14407878,0.5882353,0.80564916,0.1443379,0.55480695,0.8180876
0.0,0.0,0.0,0.0,1.0,0.0,0.0,0.0,0.12982638,0.63462037,0.8253434,0.13034464,0.63384295,0.82612073,0.14407878,0.5882353,0.80564916,0.1443379,0.55480695,0.8180876
0.0,0.0,0.0,0.0,1.0,0.0,0.0,0.0,0.12982638,0.63462037,0.8253434,0.13034464,0.63384295,0.82612073,0.14407878,0.5882353,0.80564916,0.1443379,0.55480695,0.8180876
0.0,0.0,0.0,0.0,1.0,0.0,0.0,0.0,0.12982638,0.63462037,0.8253434,0.13034464,0.63384295,0.82612073,0.14407878,0.5882353,0.80564916,0.1443379,0.55480695,0.8180876
0.0,0.0,0.0,0.0,0.0,1.0,0.0,0.0,0.10857735,0.7447525,0.87250584,0.103135526,0.747603,0.87639284,0.102358125,0.74112463,0.8831304,0.09458409,0.7512309,0.90567505
0.0,0.0,0.0,0.0,0.0,1.0,0.0,0.0,0.10857735,0.7447525,0.87250584,0.103135526,0.747603,0.87639284,0.102358125,0.74112463,0.8831304,0.09458409,0.7512309,0.90567505
0.0,0.0,0.0,0.0,0.0,1.0,0.0,0.0,0.10857735,0.7447525,0.87250584,0.103135526,0.747603,0.87639284,0.102358125,0.74112463,0.8831304,0.09458409,0.7512309,0.90567505
0.0,0.0,0.0,0.0,0.0,1.0,0.0,0.0,0.10857735,0.7447525,0.87250584,0.103135526,0.747603,0.87639284,0.102358125,0.74112463,0.8831304,0.09458409,0.7512309,0.90567505
0.0,0.0,0.0,0.0,0.0,1.0,0.0,0.0,0.10857735,0.7447525,0.87250584,0.103135526,0.747603,0.87639284,0.102358125,0.74112463,0.8831304,0.09458409,0.7512309,0.90567505
0.0,0.0,0.0,0.0,0.0,1.0,0.0,0.0,0.10857735,0.7447525,0.87250584,0.103135526,0.747603,0.87639284,0.102358125,0.74112463,0.8831304,0.09458409,0.7512309,0.90567505
0.0,0.0,1.0,0.0,0.0,0.0,0.0,0.0,0.17543405,0.27312776,0.84944284,0.17465664,0.27623737,0.845815,0.21197201,0.30551955,0.8315626,0.1938326,0.42886758,0.8302669
0.0,0.0,1.0,0.0,0.0,0.0,0.0,0.0,0.17543405,0.27312776,0.84944284,0.17465664,0.27623737,0.845815,0.21197201,0.30551955,0.8315626,0.1938326,0.42886758,0.8302669
0.0,0.0,1.0,0.0,0.0,0.0,0.0,0.0,0.17543405,0.27312776,0.84944284,0.17465664,0.27623737,0.845815,0.21197201,0.30551955,0.8315626,0.1938326,0.42886758,0.8302669
0.0,0.0,1.0,0.0,0.0,0.0,0.0,0.0,0.17543405,0.27312776,0.84944284,0.17465664,0.27623737,0.845815,0.21197201,0.30551955,0.8315626,0.1938326,0.42886758,0.8302669
0.0,0.0,1.0,0.0,0.0,0.0,0.0,0.0,0.17543405,0.27312776,0.84944284,0.17465664,0.27623737,0.845815,0.21197201,0.30551955,0.8315626,0.1938326,0.42886758,0.8302669
0.0,0.0,1.0,0.0,0.0,0.0,0.0,0.0,0.17543405,0.27312776,0.84944284,0.17465664,0.27623737,0.845815,0.21197201,0.30551955,0.8315626,0.1938326,0.42886758,0.8302669
0.0,0.0,1.0,0.0,0.0,0.0,0.0,0.0,0.19072299,0.29023063,0.7916559,0.18502203,0.26561284,0.7945064,0.19746049,0.30033687,0.7906193,0.21611817,0.38118684,0.77844
0.0,0.0,1.0,0.0,0.0,0.0,0.0,0.0,0.19072299,0.29023063,0.7916559,0.18502203,0.26561284,0.7945064,0.19746049,0.30033687,0.7906193,0.21611817,0.38118684,0.77844
0.0,0.0,1.0,0.0,0.0,0.0,0.0,0.0,0.19072299,0.29023063,0.7916559,0.18502203,0.26561284,0.7945064,0.19746049,0.30033687,0.7906193,0.21611817,0.38118684,0.77844
0.0,0.0,1.0,0.0,0.0,0.0,0.0,0.0,0.19072299,0.29023063,0.7916559,0.18502203,0.26561284,0.7945064,0.19746049,0.30033687,0.7906193,0.21611817,0.38118684,0.77844
0.0,0.0,1.0,0.0,0.0,0.0,0.0,0.0,0.19072299,0.29023063,0.7916559,0.18502203,0.26561284,0.7945064,0.19746049,0.30033687,0.7906193,0.21611817,0.38118684,0.77844
0.0,0.0,1.0,0.0,0.0,0.0,0.0,0.0,0.19072299,0.29023063,0.7916559,0.18502203,0.26561284,0.7945064,0.19746049,0.30033687,0.7906193,0.21611817,0.38118684,0.77844
0.0,0.0,1.0,0.0,0.0,0.0,0.0,0.0,0.18061674,0.29593158,0.64965016,0.18113501,0.2990412,0.6576833,0.19046386,0.36771184,0.6843742,0.18424462,0.45037574,0.68385595
0.0,0.0,1.0,0.0,0.0,0.0,0.0,0.0,0.18061674,0.29593158,0.64965016,0.18113501,0.2990412,0.6576833,0.19046386,0.36771184,0.6843742,0.18424462,0.45037574,0.68385595
0.0,0.0,1.0,0.0,0.0,0.0,0.0,0.0,0.18061674,0.29593158,0.64965016,0.18113501,0.2990412,0.6576833,0.19046386,0.36771184,0.6843742,0.18424462,0.45037574,0.68385595
0.0,0.0,1.0,0.0,0.0,0.0,0.0,0.0,0.18061674,0.29593158,0.64965016,0.18113501,0.2990412,0.6576833,0.19046386,0.36771184,0.6843742,0.18424462,0.45037574,0.68385595
0.0,0.0,1.0,0.0,0.0,0.0,0.0,0.0,0.18061674,0.29593158,0.64965016,0.18113501,0.2990412,0.6576833,0.19046386,0.36771184,0.6843742,0.18424462,0.45037574,0.68385595
0.0,0.0,1.0,0.0,0.0,0.0,0.0,0.0,0.18061674,0.29593158,0.64965016,0.18113501,0.2990412,0.6576833,0.19046386,0.36771184,0.6843742,0.18424462,0.45037574,0.68385595
0.0,0.0,0.0,0.0,0.0,0.0,1.0,0.0,0.11298264,0.23607153,0.7058824,0.11583312,0.252397,0.7056232,0.11298264,0.2373672,0.71106505,0.11246437,0.25265613,0.7048458
0.0,0.0,0.0,0.0,0.0,0.0,1.0,0.0,0.11298264,0.23607153,0.7058824,0.11583312,0.252397,0.7056232,0.11298264,0.2373672,0.71106505,0.11246437,0.25265613,0.7048458
0.0,0.0,0.0,0.0,0.0,0.0,1.0,0.0,0.11298264,0.23607153,0.7058824,0.11583312,0.252397,0.7056232,0.11298264,0.2373672,0.71106505,0.11246437,0.25265613,0.7048458
0.0,0.0,0.0,0.0,0.0,0.0,1.0,0.0,0.11298264,0.23607153,0.7058824,0.11583312,0.252397,0.7056232,0.11298264,0.2373672,0.71106505,0.11246437,0.25265613,0.7048458
0.0,0.0,0.0,0.0,0.0,0.0,1.0,0.0,0.11298264,0.23607153,0.7058824,0.11583312,0.252397,0.7056232,0.11298264,0.2373672,0.71106505,0.11246437,0.25265613,0.7048458
0.0,0.0,0.0,0.0,0.0,0.0,1.0,0.0,0.11298264,0.23607153,0.7058824,0.11583312,0.252397,0.7056232,0.11298264,0.2373672,0.71106505,0.11246437,0.25265613,0.7048458
0.0,0.0,0.0,0.0,0.0,0.0,1.0,0.0,0.1360456,0.27597824,0.7623737,0.14148743,0.2855662,0.7722208,0.13941436,0.28038353,0.76444674,0.13734128,0.2809018,0.75796837
0.0,0.0,0.0,0.0,0.0,0.0,1.0,0.0,0.1360456,0.27597824,0.7623737,0.14148743,0.2855662,0.7722208,0.13941436,0.28038353,0.76444674,0.13734128,0.2809018,0.75796837
0.0,0.0,0.0,0.0,0.0,0.0,1.0,0.0,0.1360456,0.27597824,0.7623737,0.14148743,0.2855662,0.7722208,0.13941436,0.28038353,0.76444674,0.13734128,0.2809018,0.75796837
0.0,0.0,0.0,0.0,0.0,0.0,1.0,0.0,0.1360456,0.27597824,0.7623737,0.14148743,0.2855662,0.7722208,0.13941436,0.28038353,0.76444674,0.13734128,0.2809018,0.75796837
0.0,0.0,0.0,0.0,0.0,0.0,1.0,0.0,0.1360456,0.27597824,0.7623737,0.14148743,0.2855662,0.7722208,0.13941436,0.28038353,0.76444674,0.13734128,0.2809018,0.75796837
0.0,0.0,0.0,0.0,0.0,0.0,1.0,0.0,0.1360456,0.27597824,0.7623737,0.14148743,0.2855662,0.7722208,0.13941436,0.28038353,0.76444674,0.13734128,0.2809018,0.75796837
0.0,0.0,1.0,0.0,0.0,0.0,0.0,0.0,0.1847629,0.29334024,0.7639285,0.1788028,0.2689816,0.8473698,0.1847629,0.29334024,0.7639285,0.18864991,0.39025655,0.7501944
0.0,0.0,1.0,0.0,0.0,0.0,0.0,0.0,0.1847629,0.29334024,0.7639285,0.1788028,0.2689816,0.8473698,0.1847629,0.29334024,0.7639285,0.18864991,0.39025655,0.7501944
0.0,0.0,1.0,0.0,0.0,0.0,0.0,0.0,0.1847629,0.29334024,0.7639285,0.1788028,0.2689816,0.8473698,0.1847629,0.29334024,0.7639285,0.18864991,0.39025655,0.7501944
0.0,0.0,1.0,0.0,0.0,0.0,0.0,0.0,0.1847629,0.29334024,0.7639285,0.1788028,0.2689816,0.8473698,0.1847629,0.29334024,0.7639285,0.18864991,0.39025655,0.7501944
0.0,0.0,1.0,0.0,0.0,0.0,0.0,0.0,0.1847629,0.29334024,0.7639285,0.1788028,0.2689816,0.8473698,0.1847629,0.29334024,0.7639285,0.18864991,0.39025655,0.7501944
0.0,0.0,1.0,0.0,0.0,0.0,0.0,0.0,0.1847629,0.29334024,0.7639285,0.1788028,0.2689816,0.8473698,0.1847629,0.29334024,0.7639285,0.18864991,0.39025655,0.7501944
1.0,0.0,0.0,0.0,0.0,0.0,0.0,0.0,0.16092251,0.5827935,0.74449337,0.15781291,0.5859031,0.7558953,0.16817829,0.5566209,0.7603006,0.19020471,0.47317958,0.74060637
1.0,0.0,0.0,0.0,0.0,0.0,0.0,0.0,0.16092251,0.5827935,0.74449337,0.15781291,0.5859031,0.7558953,0.16817829,0.5566209,0.7603006,0.19020471,0.47317958,0.74060637
1.0,0.0,0.0,0.0,0.0,0.0,0.0,0.0,0.16092251,0.5827935,0.74449337,0.15781291,0.5859031,0.7558953,0.16817829,0.5566209,0.7603006,0.19020471,0.47317958,0.74060637
1.0,0.0,0.0,0.0,0.0,0.0,0.0,0.0,0.16092251,0.5827935,0.74449337,0.15781291,0.5859031,0.7558953,0.16817829,0.5566209,0.7603006,0.19020471,0.47317958,0.74060637
1.0,0.0,0.0,0.0,0.0,0.0,0.0,0.0,0.16092251,0.5827935,0.74449337,0.15781291,0.5859031,0.7558953,0.16817829,0.5566209,0.7603006,0.19020471,0.47317958,0.74060637
1.0,0.0,0.0,0.0,0.0,0.0,0.0,0.0,0.16092251,0.5827935,0.74449337,0.15781291,0.5859031,0.7558953,0.16817829,0.5566209,0.7603006,0.19020471,0.47317958,0.74060637
1.0,0.0,0.0,0.0,0.0,0.0,0.0,0.0,0.16429126,0.67271316,0.8434828,0.16869655,0.65949726,0.8211972,0.20160663,0.5897901,0.76548326,0.21819124,0.4957243,0.7939881
1.0,0.0,0.0,0.0,0.0,0.0,0.0,0.0,0.16429126,0.67271316,0.8434828,0.16869655,0.65949726,0.8211972,0.20160663,0.5897901,0.76548326,0.21819124,0.4957243,0.7939881
1.0,0.0,0.0,0.0,0.0,0.0,0.0,0.0,0.16429126,0.67271316,0.8434828,0.16869655,0.65949726,0.8211972,0.20160663,0.5897901,0.76548326,0.21819124,0.4957243,0.7939881
1.0,0.0,0.0,0.0,0.0,0.0,0.0,0.0,0.16429126,0.67271316,0.8434828,0.16869655,0.65949726,0.8211972,0.20160663,0.5897901,0.76548326,0.21819124,0.4957243,0.7939881
1.0,0.0,0.0,0.0,0.0,0.0,0.0,0.0,0.16429126,0.67271316,0.8434828,0.16869655,0.65949726,0.8211972,0.20160663,0.5897901,0.76548326,0.21819124,0.4957243,0.7939881
1.0,0.0,0.0,0.0,0.0,0.0,0.0,0.0,0.16429126,0.67271316,0.8434828,0.16869655,0.65949726,0.8211972,0.20160663,0.5897901,0.76548326,0.21819124,0.4957243,0.7939881
0.0,1.0,0.0,0.0,0.0,0.0,0.0,0.0,0.21430422,0.39984453,0.7722208,0.22752008,0.41228297,0.7986525,0.21326768,0.4058046,0.76651984,0.21300855,0.43638247,0.7486395
0.0,1.0,0.0,0.0,0.0,0.0,0.0,0.0,0.21430422,0.39984453,0.7722208,0.22752008,0.41228297,0.7986525,0.21326768,0.4058046,0.76651984,0.21300855,0.43638247,0.7486395
0.0,1.0,0.0,0.0,0.0,0.0,0.0,0.0,0.21430422,0.39984453,0.7722208,0.22752008,0.41228297,0.7986525,0.21326768,0.4058046,0.76651984,0.21300855,0.43638247,0.7486395
0.0,1.0,0.0,0.0,0.0,0.0,0.0,0.0,0.21430422,0.39984453,0.7722208,0.22752008,0.41228297,0.7986525,0.21326768,0.4058046,0.76651984,0.21300855,0.43638247,0.7486395
0.0,1.0,0.0,0.0,0.0,0.0,0.0,0.0,0.21430422,0.39984453,0.7722208,0.22752008,0.41228297,0.7986525,0.21326768,0.4058046,0.76651984,0.21300855,0.43638247,0.7486395
0.0,1.0,0.0,0.0,0.0,0.0,0.0,0.0,0.21430422,0.39984453,0.7722208,0.22752008,0.41228297,0.7986525,0.21326768,0.4058046,0.76651984,0.21300855,0.43638247,0.7486395
0.0,0.0,0.0,0.0,0.0,0.0,1.0,0.0,0.099507645,0.2809018,0.75900495,0.11065043,0.2674268,0.75330395,0.099507645,0.29463592,0.76159626,0.1119461,0.33635658,0.76755637
0.0,0.0,0.0,0.0,0.0,0.0,1.0,0.0,0.099507645,0.2809018,0.75900495,0.11065043,0.2674268,0.75330395,0.099507645,0.29463592,0.76159626,0.1119461,0.33635658,0.76755637
0.0,0.0,0.0,0.0,0.0,0.0,1.0,0.0,0.099507645,0.2809018,0.75900495,0.11065043,0.2674268,0.75330395,0.099507645,0.29463592,0.76159626,0.1119461,0.33635658,0.76755637
0.0,0.0,0.0,0.0,0.0,0.0,1.0,0.0,0.099507645,0.2809018,0.75900495,0.11065043,0.2674268,0.75330395,0.099507645,0.29463592,0.76159626,0.1119461,0.33635658,0.76755637
0.0,0.0,0.0,0.0,0.0,0.0,1.0,0.0,0.099507645,0.2809018,0.75900495,0.11065043,0.2674268,0.75330395,0.099507645,0.29463592,0.76159626,0.1119461,0.33635658,0.76755637
0.0,0.0,0.0,0.0,0.0,0.0,1.0,0.0,0.099507645,0.2809018,0.75900495,0.11065043,0.2674268,0.75330395,0.099507645,0.29463592,0.76159626,0.1119461,0.33635658,0.76755637
0.0,0.0,0.0,1.0,0.0,0.0,0.0,0.0,0.13138118,0.45322624,0.52552474,0.13319513,0.45400363,0.5309666,0.13164032,0.4581498,0.5159368,0.1388961,0.47836226,0.5483286
0.0,0.0,0.0,1.0,0.0,0.0,0.0,0.0,0.13138118,0.45322624,0.52552474,0.13319513,0.45400363,0.5309666,0.13164032,0.4581498,0.5159368,0.1388961,0.47836226,0.5483286
0.0,0.0,0.0,1.0,0.0,0.0,0.0,0.0,0.13138118,0.45322624,0.52552474,0.13319513,0.45400363,0.5309666,0.13164032,0.4581498,0.5159368,0.1388961,0.47836226,0.5483286
0.0,0.0,0.0,1.0,0.0,0.0,0.0,0.0,0.13138118,0.45322624,0.52552474,0.13319513,0.45400363,0.5309666,0.13164032,0.4581498,0.5159368,0.1388961,0.47836226,0.5483286
0.0,0.0,0.0,1.0,0.0,0.0,0.0,0.0,0.13138118,0.45322624,0.52552474,0.13319513,0.45400363,0.5309666,0.13164032,0.4581498,0.5159368,0.1388961,0.47836226,0.5483286
0.0,0.0,0.0,1.0,0.0,0.0,0.0,0.0,0.13138118,0.45322624,0.52552474,0.13319513,0.45400363,0.5309666,0.13164032,0.4581498,0.5159368,0.1388961,0.47836226,0.5483286
1.0,0.0,0.0,0.0,0.0,0.0,0.0,0.0,0.15962684,0.55869395,0.7424203,0.15962684,0.5573983,0.7424203,0.17517492,0.5174916,0.7310184,0.19331433,0.48561803,0.7429386
1.0,0.0,0.0,0.0,0.0,0.0,0.0,0.0,0.15962684,0.55869395,0.7424203,0.15962684,0.5573983,0.7424203,0.17517492,0.5174916,0.7310184,0.19331433,0.48561803,0.7429386
1.0,0.0,0.0,0.0,0.0,0.0,0.0,0.0,0.15962684,0.55869395,0.7424203,0.15962684,0.5573983,0.7424203,0.17517492,0.5174916,0.7310184,0.19331433,0.48561803,0.7429386
1.0,0.0,0.0,0.0,0.0,0.0,0.0,0.0,0.15962684,0.55869395,0.7424203,0.15962684,0.5573983,0.7424203,0.17517492,0.5174916,0.7310184,0.19331433,0.48561803,0.7429386
1.0,0.0,0.0,0.0,0.0,0.0,0.0,0.0,0.15962684,0.55869395,0.7424203,0.15962684,0.5573983,0.7424203,0.17517492,0.5174916,0.7310184,0.19331433,0.48561803,0.7429386
1.0,0.0,0.0,0.0,0.0,0.0,0.0,0.0,0.15962684,0.55869395,0.7424203,0.15962684,0.5573983,0.7424203,0.17517492,0.5174916,0.7310184,0.19331433,0.48561803,0.7429386
0.0,0.0,0.0,0.0,1.0,0.0,0.0,0.0,0.1337134,0.66519827,0.9030837,0.13708214,0.67582273,0.88623995,0.13500907,0.655092,0.9015289,0.1427831,0.6221819,0.90567505
0.0,0.0,0.0,0.0,1.0,0.0,0.0,0.0,0.1337134,0.66519827,0.9030837,0.13708214,0.67582273,0.88623995,0.13500907,0.655092,0.9015289,0.1427831,0.6221819,0.90567505
0.0,0.0,0.0,0.0,1.0,0.0,0.0,0.0,0.1337134,0.66519827,0.9030837,0.13708214,0.67582273,0.88623995,0.13500907,0.655092,0.9015289,0.1427831,0.6221819,0.90567505
0.0,0.0,0.0,0.0,1.0,0.0,0.0,0.0,0.1337134,0.66519827,0.9030837,0.13708214,0.67582273,0.88623995,0.13500907,0.655092,0.9015289,0.1427831,0.6221819,0.90567505
0.0,0.0,0.0,0.0,1.0,0.0,0.0,0.0,0.1337134,0.66519827,0.9030837,0.13708214,0.67582273,0.88623995,0.13500907,0.655092,0.9015289,0.1427831,0.6221819,0.90567505
0.0,0.0,0.0,0.0,1.0,0.0,0.0,0.0,0.1337134,0.66519827,0.9030837,0.13708214,0.67582273,0.88623995,0.13500907,0.655092,0.9015289,0.1427831,0.6221819,0.90567505
0.0,1.0,0.0,0.0,0.0,0.0,0.0,0.0,0.25265613,0.39751232,0.6887795,0.24954651,0.3817051,0.67556363,0.25265613,0.39751232,0.6887795,0.21896864,0.4236849,0.6921482
0.0,1.0,0.0,0.0,0.0,0.0,0.0,0.0,0.25265613,0.39751232,0.6887795,0.24954651,0.3817051,0.67556363,0.25265613,0.39751232,0.6887795,0.21896864,0.4236849,0.6921482
0.0,1.0,0.0,0.0,0.0,0.0,0.0,0.0,0.25265613,0.39751232,0.6887795,0.24954651,0.3817051,0.67556363,0.25265613,0.39751232,0.6887795,0.21896864,0.4236849,0.6921482
0.0,1.0,0.0,0.0,0.0,0.0,0.0,0.0,0.25265613,0.39751232,0.6887795,0.24954651,0.3817051,0.67556363,0.25265613,0.39751232,0.6887795,0.21896864,0.4236849,0.6921482
0.0,1.0,0.0,0.0,0.0,0.0,0.0,0.0,0.25265613,0.39751232,0.6887795,0.24954651,0.3817051,0.67556363,0.25265613,0.39751232,0.6887795,0.21896864,0.4236849,0.6921482
0.0,1.0,0.0,0.0,0.0,0.0,0.0,0.0,0.25265613,0.39751232,0.6887795,0.24954651,0.3817051,0.67556363,0.25265613,0.39751232,0.6887795,0.21896864,0.4236849,0.6921482
0.0,0.0,0.0,0.0,0.0,0.0,1.0,0.0,0.12516196,0.28945324,0.70147705,0.12645763,0.29023063,0.70121795,0.11712879,0.29023063,0.71028763,0.1103913,0.2764965,0.69759005
0.0,0.0,0.0,0.0,0.0,0.0,1.0,0.0,0.12516196,0.28945324,0.70147705,0.12645763,0.29023063,0.70121795,0.11712879,0.29023063,0.71028763,0.1103913,0.2764965,0.69759005
0.0,0.0,0.0,0.0,0.0,0.0,1.0,0.0,0.12516196,0.28945324,0.70147705,0.12645763,0.29023063,0.70121795,0.11712879,0.29023063,0.71028763,0.1103913,0.2764965,0.69759005
0.0,0.0,0.0,0.0,0.0,0.0,1.0,0.0,0.12516196,0.28945324,0.70147705,0.12645763,0.29023063,0.70121795,0.11712879,0.29023063,0.71028763,0.1103913,0.2764965,0.69759005
0.0,0.0,0.0,0.0,0.0,0.0,1.0,0.0,0.12516196,0.28945324,0.70147705,0.12645763,0.29023063,0.70121795,0.11712879,0.29023063,0.71028763,0.1103913,0.2764965,0.69759005
0.0,0.0,0.0,0.0,0.0,0.0,1.0,0.0,0.12516196,0.28945324,0.70147705,0.12645763,0.29023063,0.70121795,0.11712879,0.29023063,0.71028763,0.1103913,0.2764965,0.69759005
